year,selling_price,present_price,km_driven,mileage,engine,max_power,seats
0.9459459459459438,0.2992992992992993,0.0,0.0148272198253218,0.339047619047619,0.7644284128745839,0.43625,0.5
0.6756756756756772,0.011011011011011,0.0,0.0381278024246162,0.0,0.0,0.0,0.0
0.8648648648648631,0.069069069069069,0.0,0.0127089850435678,0.4142857142857142,0.4153718091009989,0.29325,0.3571428571428571
0.621621621621621,0.0220219219219219,0.0,0.1270936632582856,0.0,0.0,0.0,0.0
0.9729729729729756,0.5395395395395396,0.0,0.0031769285256746,0.3995238095238095,0.5535516093229745,0.475,0.3571428571428571
0.9459459459459438,0.3393393393393393,0.0,0.0093198093927613,0.4285714285714285,0.5463374028856826,0.475,0.3571428571428571
0.8108108108108141,0.1291291291291291,0.0,0.0247829232995657,0.0,0.0,0.0,0.0
0.7837837837837824,0.029029029029029,0.0,0.0466007415516323,0.0,0.0,0.0,0.0
0.7027027027027017,0.011011011011011,0.0,0.0321967450357049,0.0,0.0,0.0,0.0
0.6486486486486527,0.0065065065065065,0.0,0.0254183937340919,0.3833333333333333,0.220865704772475,0.0925,0.2857142857142857
0.567567567567572,0.039039039039039,0.0,0.0395745567805542,0.3119047619047618,0.6933962264150944,0.3525,0.5
0.7297297297297334,0.064064064064064,0.0,0.0677830893691726,0.3047619047619048,0.6920088790233074,0.255,0.5
0.8648648648648631,0.0889889889889889,0.0,0.0338913328611081,0.4683333333333333,0.4389567147613762,0.3155,0.3571428571428571
0.8918918918918948,0.0400399399399399,0.0,0.0508372111151403,0.5523809523809523,0.3462819089900111,0.1848499999999999,0.3571428571428571
0.8108108108108141,0.1641641641641641,0.0,0.0274468153610996,0.0,0.6046059933407325,0.2875,0.3571428571428571
0.9189189189189192,0.0415415415415415,0.0,0.0050833398292532,0.55,0.2769145394006659,0.1676,0.3571428571428571
0.7837837837837824,0.0385385385385385,0.0,0.0207582772142331,0.0,0.0,0.0,0.0
0.8918918918918948,0.029029029029029,0.0,0.0160981606943742,0.588095238095238,0.220865704772475,0.1182499999999999,0.3571428571428571
0.7567567567567579,0.037037037037037,0.0,0.0338913328611081,0.3238095238095237,0.7000554938956715,0.1574999999999999,0.5
0.8648648648648631,0.037037037037037,0.0,0.0211819241705839,0.4023809523809523,0.3321309655937847,0.205,0.3571428571428571
0.8648648648648631,0.054054054054054,0.0,0.0295625082611156,0.0,0.0,0.0,0.0
0.8108108108108141,0.0515515515515515,0.0,0.0239055504529632,0.4526190476190476,0.4053829078801332,0.271125,0.3571428571428571
0.7837837837837824,0.044044044044044,0.0,0.0423642719881242,0.4526190476190476,0.4053829078801332,0.271125,0.3571428571428571
0.8918918918918948,0.002002002002002,0.0132486925886537,0.0211819241705839,0.0,0.0,0.0,0.0
0.9459459459459438,0.0645645645645646,0.0,0.0066643902703544,0.5238095238095237,0.3321309655937847,0.2045,0.3571428571428571
0.8918918918918948,0.0635635635635635,0.0,0.0046596928729024,0.3404761904761905,0.4433962264150943,0.25875,0.3571428571428571
0.7567567567567579,0.019019019019019,0.0,0.0338913328611081,0.4761904761904761,0.3881798002219755,0.17,0.3571428571428571
0.7837837837837824,0.021021021021021,0.0,0.0423642719881242,0.5414285714285714,0.220865704772475,0.1182499999999999,0.3571428571428571
0.9459459459459438,0.2056056056056056,0.0,0.0101671033054629,0.3257142857142857,0.663984461709212,0.3695,0.5714285714285714
0.8378378378378386,0.034034034034034,0.0,0.0211819241705839,0.4333333333333333,0.3462819089900111,0.1845,0.5714285714285714
0.8918918918918948,0.034034034034034,0.0,0.0105907502618137,0.0,0.0,0.0,0.0
0.9459459459459438,0.069069069069069,0.0,0.0149449936791873,0.5666666666666667,0.4159267480577137,0.247425,0.3571428571428571
0.8378378378378386,0.034034034034034,0.0,0.0271129815594952,0.4847619047619047,0.3321309655937847,0.19725,0.3571428571428571
0.8918918918918948,0.0765765765765765,0.0,0.0220292180832855,0.563095238095238,0.3462819089900111,0.22125,0.3571428571428571
0.9729729729729756,0.1091091091091091,0.0,0.0021881365295518,0.0,0.0,0.0,0.0
0.8648648648648631,0.0565565565565565,0.0,0.0097434563491121,0.569047619047619,0.4389567147613762,0.3155,0.3571428571428571
0.8648648648648631,0.099099099099099,0.0,0.0563446215477009,0.3666666666666666,0.6046059933407325,0.3,0.5
0.9459459459459438,0.0575575575575575,0.0,0.0063542806983056,0.4238095238095238,0.332408435072142,0.21675,0.3571428571428571
0.8378378378378386,0.023023023023023,0.0,0.0711722650199791,0.530952380952381,0.3462819089900111,0.185,0.3571428571428571
0.6486486486486527,0.0205205205205205,0.0,0.0236390765174185,0.0,0.0,0.0,0.0
0.8648648648648631,0.074074074074074,0.2760144289302867,0.0116922323483258,0.0,0.0,0.0,0.0
0.8648648648648631,0.039039039039039,0.0,0.0254183937340919,0.5809523809523809,0.3107658157602663,0.1775,0.3571428571428571
0.9729729729729756,0.054054054054054,0.0,0.0105907502618137,0.0,0.0,0.0,0.0
0.9459459459459438,0.2892892892892893,0.0,0.0063542806983056,0.4345238095238095,0.5460599334073252,0.46935,0.3571428571428571
0.7837837837837824,0.054054054054054,0.0,0.0508372111151403,0.0,0.0,0.0,0.0
0.9189189189189192,0.0715715715715715,0.0,0.0169454546070758,0.4402380952380951,0.4142619311875694,0.25,0.5
0.8918918918918948,0.054054054054054,0.0,0.023933087505126,0.4333333333333333,0.3326859045504994,0.22175,0.3571428571428571
0.8918918918918948,0.0655655655655655,0.0,0.2372418719094954,0.0,0.0,0.0,0.0
0.9189189189189192,0.039039039039039,0.0,0.0211819241705839,0.4404761904761904,0.332408435072142,0.2169999999999999,0.3571428571428571
0.9729729729729756,0.0665665665665665,0.0,0.0069897511328319,0.5002380952380953,0.3321309655937847,0.2045,0.3571428571428571
0.621621621621621,0.01001001001001,0.0,0.0508372111151403,0.4119047619047619,0.2943951165371809,0.14375,0.3571428571428571
0.9729729729729756,0.054054054054054,0.0,0.0169454546070758,0.505,0.3321309655937847,0.2045,0.3571428571428571
0.9459459459459438,0.1391391391391391,0.0,0.0057332142602954,0.3399999999999999,0.4988901220865704,0.345075,0.3571428571428571
0.7567567567567579,0.049049049049049,0.0,0.0635466198056646,0.2807142857142857,0.6046059933407325,0.3,0.5714285714285714
0.9729729729729756,0.1916916916916917,0.0,0.0182163954761283,0.2704761904761904,0.7644284128745839,0.42875,0.5714285714285714
0.8648648648648631,0.0305305305305305,0.0,0.0190636893888299,0.0,0.0,0.0,0.0
0.8648648648648631,0.034034034034034,0.0,0.0211819241705839,0.0,0.0,0.0,0.0
0.9189189189189192,0.0659659659659659,0.0,0.0254183937340919,0.6761904761904761,0.3462819089900111,0.18505,0.3571428571428571
0.9189189189189192,0.044044044044044,0.0,0.0238466635260304,0.5714285714285714,0.3290788013318535,0.184925,0.3571428571428571
0.6486486486486527,0.0062062062062062,0.0,0.0169454546070758,0.4285714285714285,0.2760821309655938,0.155,0.3571428571428571
0.8378378378378386,0.051051051051051,0.0,0.0347386267738097,0.0,0.0,0.0,0.0
0.9189189189189192,0.3193193193193193,0.0,0.0190636893888299,0.4602380952380951,0.554661487236404,0.4425,0.3571428571428571
0.9459459459459438,0.031031031031031,0.0,0.0164794429550899,0.0,0.0,0.0,0.0
0.7837837837837824,0.025025025025025,0.0,0.0194873363451806,0.4619047619047618,0.3898446170921198,0.175,0.3571428571428571
0.8918918918918948,0.0565565565565565,0.0,0.0211819241705839,0.0,0.0,0.0,0.0
0.6486486486486527,0.0065065065065065,0.0,0.0228765119959871,0.0,0.0,0.0,0.0
0.9459459459459438,0.026026026026026,0.0,0.0084725154800597,0.0,0.0,0.0,0.0
0.8378378378378386,0.037037037037037,0.0,0.0211819241705839,0.4499999999999999,0.3321309655937847,0.205,0.3571428571428571
0.3783783783783789,0.004004004004004,0.0,0.0508372111151403,0.3833333333333333,0.220865704772475,0.0925,0.2857142857142857
0.9459459459459438,0.029029029029029,0.0,0.004447869394727,0.0,0.0,0.0,0.0
0.8648648648648631,0.0555555555555555,0.0,0.0482953293770355,0.6,0.3462819089900111,0.1848499999999999,0.3571428571428571
0.8108108108108141,0.002002002002002,0.0160085608635277,0.0127089850435678,0.0,0.0,0.0,0.0
0.7297297297297334,0.018018018018018,0.0,0.0381278024246162,0.4,0.4142619311875694,0.275,0.3571428571428571
1.0,0.0736736736736737,0.0,0.0004702481215493,0.0,0.0,0.0,0.0
0.7837837837837824,0.03003003003003,0.0,0.036433214599213,0.5028571428571429,0.3462819089900111,0.2219999999999999,0.3571428571428571
0.9459459459459438,0.094094094094094,0.0,0.0058827616358872,0.4047619047619047,0.4414539400665926,0.30325,0.3571428571428571
0.7837837837837824,0.0470470470470471,0.0,0.0236115394652557,0.4526190476190476,0.4053829078801332,0.271125,0.3571428571428571
0.9189189189189192,0.0750750750750751,0.0,0.0381278024246162,0.38,0.7000554938956715,0.15525,0.5
0.8918918918918948,0.064064064064064,0.0,0.0110143972181645,0.0,0.0,0.0,0.0
0.7837837837837824,0.059059059059059,0.0,0.0254183937340919,0.0,0.0,0.0,0.0
0.7567567567567579,0.029029029029029,0.0,0.0305021572103016,0.489047619047619,0.4433962264150943,0.259,0.3571428571428571
0.7567567567567579,0.018018018018018,0.0,0.0338913328611081,0.0,0.0,0.0,0.0
0.8648648648648631,0.06006006006006,0.0,0.0381278024246162,0.5421428571428571,0.4156492785793563,0.246475,0.3571428571428571
0.9459459459459438,0.0715715715715715,0.0,0.0110143972181645,0.0,0.0,0.0,0.0
0.9729729729729756,0.1566566566566566,0.0,0.0076252215673581,0.3595238095238094,0.6046059933407325,0.382175,0.5
0.7567567567567579,0.013013013013013,0.0,0.0296548632976,0.6057142857142858,0.2597114317425083,0.144,0.3571428571428571
0.8378378378378386,0.055055055055055,0.0,0.0105907502618137,0.3814285714285714,0.3809655937846837,0.23425,0.5
0.8108108108108141,0.037037037037037,0.0,0.0351622737301605,0.0,0.0,0.0,0.0
0.9459459459459438,0.1666666666666666,0.0,0.0338913328611081,0.4071428571428571,0.5427302996670367,0.425,0.3571428571428571
0.567567567567572,0.006006006006006,0.0,0.0932019067502211,0.3833333333333333,0.220865704772475,0.0925,0.2857142857142857
0.8108108108108141,0.1141141141141141,0.0,0.0224528650396363,0.0,0.0,0.0,0.0
0.8918918918918948,0.0670670670670671,0.0,0.0211819241705839,0.0,0.0,0.0,0.0
0.8918918918918948,0.0880880880880881,0.0,0.0169454546070758,0.3809523809523809,0.5541065482796892,0.35,0.5
0.8918918918918948,0.0305305305305305,0.0,0.0135562789562694,0.588095238095238,0.220865704772475,0.1182499999999999,0.3571428571428571
0.7567567567567579,0.0055055055055055,0.0,0.0254183937340919,0.0,0.0,0.0,0.0
0.9189189189189192,0.0585585585585585,0.0,0.0169454546070758,0.4964285714285714,0.3321309655937847,0.2078499999999999,0.3571428571428571
0.9459459459459438,0.073073073073073,0.0,0.0164442802577128,0.6521428571428571,0.3462819089900111,0.185,0.3571428571428571
0.621621621621621,0.024024024024024,0.0,0.0508372111151403,0.25,0.6046059933407325,0.3,0.5714285714285714
0.8648648648648631,0.044044044044044,0.0,0.0190636893888299,0.369047619047619,0.332408435072142,0.21675,0.3571428571428571
1.0,0.059059059059059,0.0,0.0021178111347976,0.505,0.3321309655937847,0.2045,0.3571428571428571
0.8918918918918948,0.1516516516516516,0.0,0.0178618029736626,0.2704761904761904,0.7644284128745839,0.42875,0.5
0.6756756756756772,0.009009009009009,0.0,0.0508372111151403,0.469047619047619,0.220865704772475,0.0875,0.5714285714285714
0.7567567567567579,0.016016016016016,0.0,0.0296548632976,0.469047619047619,0.220865704772475,0.11575,0.3571428571428571
0.7837837837837824,0.017017017017017,0.0,0.0423642719881242,0.0,0.0,0.0,0.0
0.8108108108108141,0.0450449449449449,0.0,0.0338913328611081,0.5314285714285714,0.4389567147613762,0.3157999999999999,0.3571428571428571
0.9189189189189192,0.2703703703703703,0.0,0.0038123989602008,0.3238095238095237,0.554661487236404,0.4425,0.3571428571428571
0.9459459459459438,0.069069069069069,0.0,0.0182163954761283,0.6523809523809523,0.4156492785793563,0.246575,0.3571428571428571
0.8918918918918948,0.0243242242242242,0.0,0.0193920157800017,0.5676190476190476,0.3326859045504994,0.2099999999999999,0.3571428571428571
0.9189189189189192,0.049049049049049,0.0,0.0112262206963399,0.0,0.0,0.0,0.0
0.8648648648648631,0.069069069069069,0.0,0.0466007415516323,0.4945238095238095,0.3462819089900111,0.2219,0.5
0.7837837837837824,0.034034034034034,0.0,0.0508372111151403,0.5119047619047619,0.3462819089900111,0.2219999999999999,0.3571428571428571
0.621621621621621,0.014014014014014,0.0,0.0423642719881242,0.469047619047619,0.220865704772475,0.11575,0.3571428571428571
0.9729729729729756,0.0880880880880881,0.0,0.0084725154800597,0.0,0.0,0.0,0.0
0.9729729729729756,0.1341341341341341,0.0,0.0022872699173379,0.0,0.0,0.0,0.0
0.621621621621621,0.042042042042042,0.0,0.1118423728296565,0.3047619047619048,0.6920088790233074,0.255,0.5714285714285714
0.9189189189189192,0.0405405405405405,0.0,0.0084725154800597,0.0,0.0,0.0,0.0
0.9729729729729756,0.1191191191191191,0.0,0.0105907502618137,0.0,0.0,0.0,0.0
0.8108108108108141,0.0365365365365365,0.0,0.0169454546070758,0.4847619047619047,0.3321309655937847,0.19725,0.3571428571428571
0.8648648648648631,0.0409409409409409,0.0,0.0720195589326807,0.0,0.0,0.0,0.0
0.8108108108108141,0.049049049049049,0.0,0.0508372111151403,0.0,0.0,0.0,0.0
0.6486486486486527,0.006006006006006,0.0,0.0686303832818743,0.0,0.0,0.0,0.0
0.8378378378378386,0.1991991991991992,0.0,0.0550736806786484,0.0,0.0,0.0,0.0
0.9189189189189192,0.2703703703703703,0.0,0.0038123989602008,0.3238095238095237,0.554661487236404,0.4425,0.3571428571428571
0.7837837837837824,0.055055055055055,0.0,0.0431704721460598,0.2869047619047619,0.6046059933407325,0.3,0.5714285714285714
0.5945945945945965,0.0220219219219219,0.0,0.0936255537065718,0.0,0.0,0.0,0.0
0.6486486486486527,0.0075075075075075,0.0,0.0338913328611081,0.4333333333333333,0.2769145394006659,0.1677499999999999,0.3571428571428571
0.9459459459459438,0.055055055055055,0.0,0.0084725154800597,0.5095238095238095,0.3321309655937847,0.20775,0.3571428571428571
0.7567567567567579,0.017017017017017,0.0,0.0368568615555637,0.4285714285714285,0.3462819089900111,0.1875,0.3571428571428571
0.7837837837837824,0.021021021021021,0.0,0.0381278024246162,0.5483333333333333,0.3873473917869034,0.1725,0.3571428571428571
0.9189189189189192,0.079079079079079,0.0,0.0220292180832855,0.5785714285714285,0.3462819089900111,0.22125,0.3571428571428571
0.9459459459459438,0.039039039039039,0.0,0.0063542806983056,0.4321428571428571,0.332408435072142,0.205,0.4285714285714285
0.7837837837837824,0.039039039039039,0.0,0.0455416241607553,0.0,0.0,0.0,0.0
0.7567567567567579,0.025025025025025,0.0,0.0120654653168709,0.0,0.0,0.0,0.0
0.7837837837837824,0.079079079079079,0.0,0.0460631335640231,0.0,0.0,0.0,0.0
0.8378378378378386,0.1091091091091091,0.0,0.0338913328611081,0.3509523809523809,0.6101553829078802,0.48575,0.5
0.8378378378378386,0.0450449449449449,0.0,0.0614283850239105,0.6240476190476191,0.3462819089900111,0.22125,0.3571428571428571
0.9459459459459438,0.0801801801801802,0.0,0.0423642719881242,0.6761904761904761,0.3462819089900111,0.18505,0.3571428571428571
0.8648648648648631,0.02002002002002,0.0,0.088965437186713,0.5992857142857143,0.2216981132075471,0.1332499999999999,0.3571428571428571
0.9459459459459438,0.0385385385385385,0.0,0.0045749634816323,0.5992857142857143,0.2216981132075471,0.1332499999999999,0.3571428571428571
0.9459459459459438,0.064064064064064,0.0,0.0482953293770355,0.3559523809523809,0.6906215316315205,0.23425,0.5
0.7567567567567579,0.0155155155155155,0.0,0.0296548632976,0.6057142857142858,0.2597114317425083,0.144,0.3571428571428571
0.9189189189189192,0.034034034034034,0.0,0.0084725154800597,0.5023809523809524,0.2258601553829078,0.138,0.3571428571428571
0.8648648648648631,0.0520520520520521,0.0,0.0060458657140823,0.0,0.0,0.0,0.0
0.9189189189189192,0.1761761761761762,0.0,0.0105907502618137,0.0,0.0,0.0,0.0
0.8378378378378386,0.064064064064064,0.0,0.0338913328611081,0.4526190476190476,0.4053829078801332,0.271125,0.3571428571428571
0.7837837837837824,0.029029029029029,0.0,0.0360095676428621,0.3714285714285714,0.3318534961154273,0.175,0.3571428571428571
0.7567567567567579,0.014014014014014,0.0,0.0338913328611081,0.4285714285714285,0.2760821309655938,0.155,0.3571428571428571
0.9189189189189192,0.039039039039039,0.0,0.0063542806983056,0.0,0.0,0.0,0.0
0.8648648648648631,0.069069069069069,0.0,0.0169454546070758,0.4402380952380951,0.4142619311875694,0.25,0.5
0.7837837837837824,0.0212212212212212,0.0,0.0508372111151403,0.5023809523809524,0.2258601553829078,0.138,0.3571428571428571
0.8648648648648631,0.01001001001001,0.0405741210527521,0.0110143972181645,0.0,0.0,0.0,0.0
0.7297297297297334,0.034034034034034,0.0,0.0338913328611081,0.2847619047619047,0.3601553829078801,0.2,0.5714285714285714
0.7837837837837824,0.0315315315315315,0.0,0.0381278024246162,0.5452380952380952,0.3462819089900111,0.185,0.3571428571428571
0.8918918918918948,0.03003003003003,0.0,0.0127089850435678,0.4428571428571429,0.3326859045504994,0.192,0.3571428571428571
0.4594594594594596,0.009009009009009,0.0,0.0254183937340919,0.4404761904761904,0.220865704772475,0.1325,0.3571428571428571
0.7837837837837824,0.0395395395395395,0.0,0.0635466198056646,0.0,0.0,0.0,0.0
0.8918918918918948,0.1241241241241241,0.0,0.0127089850435678,0.3666666666666666,0.6046059933407325,0.3,0.5
0.621621621621621,0.021021021021021,0.0,0.0932019067502211,0.0,0.0,0.0,0.0
0.8378378378378386,0.0475474474474474,0.0,0.0122006086959468,0.4428571428571429,0.3321309655937847,0.204575,0.3571428571428571
0.9189189189189192,0.051051051051051,0.0,0.0044521058642905,0.0,0.0,0.0,0.0
0.8648648648648631,0.059059059059059,0.0,0.0254183937340919,0.3316666666666666,0.6046059933407325,0.345075,0.5
0.7837837837837824,0.028028028028028,0.0,0.0338913328611081,0.0,0.0,0.0,0.0
0.6756756756756772,0.021021021021021,0.0,0.0508372111151403,0.4571428571428571,0.3321309655937847,0.2,0.3571428571428571
0.7837837837837824,0.0325325325325325,0.0,0.0423642719881242,0.489047619047619,0.4433962264150943,0.259,0.3571428571428571
0.7027027027027017,0.036036036036036,0.0,0.0508372111151403,0.0,0.0,0.0,0.0
0.9189189189189192,0.0670670670670671,0.0,0.018640042432479,0.0,0.0,0.0,0.0
0.6486486486486527,0.0202202202202202,0.0,0.0245710998213903,0.0,0.0,0.0,0.0
0.7567567567567579,0.026026026026026,0.0,0.0127089850435678,0.4523809523809523,0.2769145394006659,0.1677499999999999,0.3571428571428571
0.8378378378378386,0.0336336336336336,0.0,0.0158931155675004,0.0,0.0,0.0,0.0
0.9729729729729756,0.089089089089089,0.0,0.0063542806983056,0.0,0.0,0.0,0.0
0.8108108108108141,0.025025025025025,0.0,0.0508372111151403,0.3595238095238094,0.3318534961154273,0.1825,0.3571428571428571
0.8918918918918948,0.1791791791791792,0.0,0.0127089850435678,0.2704761904761904,0.7644284128745839,0.42875,0.5
0.9729729729729756,0.0633633633633634,0.0,0.0042360459165516,0.4952380952380952,0.4142619311875694,0.2835,0.3571428571428571
0.8378378378378386,0.069069069069069,0.0,0.0615304839403911,0.2869047619047619,0.6046059933407325,0.3,0.5
0.8648648648648631,0.0489489489489489,0.0,0.0258420406904428,0.5407142857142857,0.4053829078801332,0.2119999999999999,0.3571428571428571
0.9189189189189192,0.042042042042042,0.0,0.0478716824206847,0.6149999999999999,0.4156492785793563,0.2475,0.3571428571428571
0.8648648648648631,0.0615615615615615,0.0,0.0381278024246162,0.5045238095238095,0.3873473917869034,0.221825,0.3571428571428571
0.8378378378378386,0.0345345345345345,0.0,0.0512608580714912,0.4547619047619047,0.3321309655937847,0.205,0.3571428571428571
0.7567567567567579,0.043043043043043,0.0,0.0338913328611081,0.5314285714285714,0.4389567147613762,0.31575,0.3571428571428571
0.4594594594594596,0.009009009009009,0.0,0.1059113154407452,0.0,0.0,0.0,0.0
0.7567567567567579,0.0215215215215215,0.0,0.0381278024246162,0.4761904761904761,0.3881798002219755,0.17,0.3571428571428571
0.9189189189189192,0.074074074074074,0.0,0.0063542806983056,0.0,0.0,0.0,0.0
0.9729729729729756,0.059059059059059,0.0,0.0021178111347976,0.0,0.0,0.0,0.0
0.8378378378378386,0.028028028028028,0.0,0.0254183937340919,0.4619047619047618,0.332408435072142,0.2169999999999999,0.3571428571428571
0.9189189189189192,0.079079079079079,0.0,0.0129631732173782,0.0,0.0,0.0,0.0
0.7027027027027017,0.02002002002002,0.0,0.0508372111151403,0.0,0.0,0.0,0.0
0.9729729729729756,0.0575575575575575,0.0,0.0042360459165516,0.505,0.3321309655937847,0.2045,0.3571428571428571
0.8648648648648631,0.0470470470470471,0.0,0.0296548632976,0.5809523809523809,0.3107658157602663,0.1775,0.3571428571428571
0.8918918918918948,0.054054054054054,0.0,0.018640042432479,0.4323809523809523,0.3318534961154273,0.2169999999999999,0.3571428571428571
0.8918918918918948,0.031031031031031,0.0,0.0381278024246162,0.4404761904761904,0.3321309655937847,0.2145,0.3571428571428571
0.9729729729729756,0.069069069069069,0.0,0.0053315969456748,0.0,0.0,0.0,0.0
1.0,0.0625625625625626,0.0,4.2364695635011e-05,0.0,0.0,0.0,0.0
0.9729729729729756,0.069069069069069,0.0,0.0042360459165516,0.5714285714285714,0.3290788013318535,0.184925,0.3571428571428571
0.7837837837837824,0.0245244244244244,0.0,0.0296548632976,0.4952380952380952,0.4053829078801332,0.1624999999999999,0.3571428571428571
0.7837837837837824,0.03003003003003,0.0,0.0169454546070758,0.392142857142857,0.332408435072142,0.18475,0.3571428571428571
0.6486486486486527,0.0065065065065065,0.0,0.0228765119959871,0.0,0.0,0.0,0.0
0.8378378378378386,0.2492492492492493,0.0,0.0336795093829327,0.0,0.0,0.0,0.0
0.621621621621621,0.004004004004004,0.0,0.0169454546070758,0.3833333333333333,0.220865704772475,0.0925,0.2857142857142857
0.7567567567567579,0.0215215215215215,0.0,0.0466007415516323,0.3316666666666666,0.6046059933407325,0.345075,0.5
0.9459459459459438,0.0671671671671672,0.0,0.0114380441745153,0.4795238095238095,0.4156492785793563,0.2199999999999999,0.3571428571428571
0.7837837837837824,0.089089089089089,0.0,0.0423642719881242,0.3595238095238094,0.6046059933407325,0.35,0.5
0.621621621621621,0.014014014014014,0.0,0.0423642719881242,0.0,0.0,0.0,0.0
1.0,0.0435435435435435,0.0,0.0004232233093944,0.505,0.3321309655937847,0.2045,0.3571428571428571
0.9189189189189192,0.044044044044044,0.0,0.0211819241705839,0.5464285714285714,0.3462819089900111,0.185,0.3571428571428571
0.9729729729729756,0.0970970970970971,0.0,0.0211819241705839,0.5785714285714285,0.3462819089900111,0.22125,0.3571428571428571
0.7837837837837824,0.019019019019019,0.0,0.0442706832917029,0.4761904761904761,0.3881798002219755,0.17,0.3571428571428571
0.7027027027027017,0.029029029029029,0.0,0.0720195589326807,0.3238095238095237,0.7000554938956715,0.1574999999999999,0.5
0.8108108108108141,0.1416416416416416,0.0,0.0249947467777412,0.3533333333333333,0.5946170921198668,0.425,0.3571428571428571
0.8108108108108141,0.0515515515515515,0.0,0.0260538641686182,0.4404761904761904,0.3321309655937847,0.207125,0.3571428571428571
0.7567567567567579,0.0195194194194194,0.0,0.0254183937340919,0.4523809523809523,0.2769145394006659,0.16525,0.3571428571428571
0.8108108108108141,0.039039039039039,0.0,0.0148272198253218,0.0,0.0,0.0,0.0
0.8378378378378386,0.038038038038038,0.0,0.0127089850435678,0.4688095238095238,0.332408435072142,0.1676,0.3571428571428571
0.9189189189189192,0.069069069069069,0.0,0.0254183937340919,0.0,0.0,0.0,0.0
0.7297297297297334,0.021021021021021,0.0,0.0508372111151403,0.0,0.0,0.0,0.0
0.7567567567567579,0.02002002002002,0.0,0.0355859206865113,0.4761904761904761,0.3881798002219755,0.17,0.3571428571428571
0.9189189189189192,0.044044044044044,0.0,0.0238466635260304,0.5714285714285714,0.3290788013318535,0.184925,0.3571428571428571
0.9459459459459438,0.054054054054054,0.0,0.0084725154800597,0.0,0.0,0.0,0.0
0.8918918918918948,0.1841841841841842,0.0,0.0169454546070758,0.4261904761904761,0.5946170921198668,0.34,0.3571428571428571
0.8918918918918948,0.038038038038038,0.0,0.0177927485197774,0.4545238095238095,0.3898446170921198,0.172525,0.3571428571428571
0.7837837837837824,0.0124124124124124,0.0,0.0381278024246162,0.0,0.0,0.0,0.0
0.9189189189189192,0.049049049049049,0.0,0.0148272198253218,0.6028571428571429,0.332408435072142,0.1925,0.4285714285714285
0.5945945945945965,0.024024024024024,0.0,0.0296548632976,0.0,0.0,0.0,0.0
0.6756756756756772,0.015015015015015,0.0,0.0423642719881242,0.3523809523809524,0.5543840177580466,0.17,0.3571428571428571
0.9459459459459438,0.1581581581581581,0.0,0.0105907502618137,0.3399999999999999,0.4988901220865704,0.345075,0.3571428571428571
0.6486486486486527,0.014014014014014,0.0,0.0317730980793541,0.469047619047619,0.220865704772475,0.11575,0.3571428571428571
0.8918918918918948,0.054054054054054,0.0,0.023933087505126,0.4333333333333333,0.3326859045504994,0.22175,0.3571428571428571
0.7567567567567579,0.0085085085085085,0.0,0.018640042432479,0.3809523809523809,0.2760821309655938,0.1574999999999999,0.3571428571428571
0.9189189189189192,0.044044044044044,0.0,0.0296548632976,0.4428571428571429,0.3321309655937847,0.204575,0.3571428571428571
0.5945945945945965,0.0115115115115115,0.0,0.014403572868971,0.0,0.0,0.0,0.0
0.9459459459459438,0.073073073073073,0.0,0.0211819241705839,0.6761904761904761,0.3462819089900111,0.18505,0.3571428571428571
0.8648648648648631,0.1041041041041041,0.0,0.0381278024246162,0.3666666666666666,0.6046059933407325,0.3,0.5
0.5945945945945965,0.0083083083083083,0.0,0.0338913328611081,0.3785714285714285,0.3601553829078801,0.2125,0.3571428571428571
0.8378378378378386,0.0446445445445445,0.0,0.0135562789562694,0.4499999999999999,0.3321309655937847,0.205,0.3571428571428571
0.9189189189189192,0.026026026026026,0.0,0.0211819241705839,0.5992857142857143,0.2216981132075471,0.1332499999999999,0.3571428571428571
0.7567567567567579,0.011011011011011,0.0,0.0084725154800597,0.0,0.0,0.0,0.0
0.9189189189189192,0.0865865865865865,0.0,0.0169454546070758,0.0,0.0,0.0,0.0
0.621621621621621,0.026026026026026,0.0,0.0296548632976,0.4214285714285714,0.4153718091009989,0.195,0.3571428571428571
0.7837837837837824,0.0225225225225225,0.0,0.0508372111151403,0.0,0.0,0.0,0.0
0.9729729729729756,0.5495495495495496,0.0,0.0036005754820254,0.3995238095238095,0.5535516093229745,0.475,0.3571428571428571
0.8648648648648631,0.074074074074074,0.0,0.0194763215243156,0.0,0.0,0.0,0.0
0.6486486486486527,0.0235235235235235,0.0,0.0508372111151403,0.430952380952381,0.4142619311875694,0.275,0.3571428571428571
0.6756756756756772,0.014014014014014,0.0,0.0254183937340919,0.319047619047619,0.497780244173141,0.3125,0.3571428571428571
0.9729729729729756,0.064064064064064,0.0,0.0016941641784468,0.0,0.0,0.0,0.0
0.5405405405405403,0.0065065065065065,0.0,0.0466007415516323,0.0,0.0,0.0,0.0
0.7837837837837824,0.0165165165165165,0.0,0.0762560284961888,0.0,0.0,0.0,0.0
0.9189189189189192,0.0285285285285285,0.0,0.0063542806983056,0.588095238095238,0.220865704772475,0.1182499999999999,0.3571428571428571
0.9459459459459438,0.099099099099099,0.0,0.0148272198253218,0.3666666666666666,0.7000554938956715,0.1875,0.5
0.7567567567567579,0.014014014014014,0.0,0.0635466198056646,0.3047619047619048,0.3873473917869034,0.2125,0.3571428571428571
0.7837837837837824,0.094094094094094,0.0,0.0332558624265819,0.3595238095238094,0.6046059933407325,0.35,0.5
0.6486486486486527,0.018018018018018,0.0,0.0487189763333864,0.0,0.0,0.0,0.0
0.7297297297297334,0.024024024024024,0.0,0.0169454546070758,0.0,0.0,0.0,0.0
0.7567567567567579,0.0165165165165165,0.0,0.0363061205123077,0.4047619047619047,0.3898446170921198,0.175,0.3571428571428571
0.7027027027027017,0.0135135135135135,0.0,0.0211819241705839,0.0,0.0,0.0,0.0
0.8918918918918948,0.038038038038038,0.0,0.0338913328611081,0.4883333333333333,0.2769145394006659,0.1676,0.3571428571428571
0.8378378378378386,0.0315315315315315,0.0,0.0222164700379925,0.4404761904761904,0.332408435072142,0.2169999999999999,0.3571428571428571
0.7027027027027017,0.013013013013013,0.0,0.0381278024246162,0.0,0.0,0.0,0.0
0.7567567567567579,0.0515515515515515,0.0,0.0296548632976,0.0,0.0,0.0,0.0
0.8108108108108141,0.049049049049049,0.0,0.0296548632976,0.5314285714285714,0.4389567147613762,0.3157999999999999,0.3571428571428571
0.8378378378378386,0.029029029029029,0.0,0.0296548632976,0.5702380952380952,0.2769145394006659,0.167625,0.3571428571428571
0.9189189189189192,0.0803803803803804,0.0,0.0466007415516323,0.5785714285714285,0.3462819089900111,0.22125,0.3571428571428571
0.8918918918918948,0.064064064064064,0.0,0.0106165927261511,0.0,0.0,0.0,0.0
0.9189189189189192,0.059059059059059,0.0,0.0148789047539966,0.0,0.0,0.0,0.0
0.4864864864864842,0.0042042042042042,0.0,0.0296548632976,0.0,0.0,0.0,0.0
0.9459459459459438,0.059059059059059,0.0,0.0084725154800597,0.0,0.0,0.0,0.0
0.7297297297297334,0.0315315315315315,0.0,0.0508372111151403,0.0,0.0,0.0,0.0
0.7027027027027017,0.007007007007007,0.0,0.0338913328611081,0.4285714285714285,0.2760821309655938,0.155,0.3571428571428571
0.9459459459459438,0.3993993993993994,0.0,0.0288075693848984,0.0,0.0,0.0,0.0
0.8378378378378386,0.0485485485485485,0.2067348072687848,0.016521807650725,0.0,0.0,0.0,0.0
0.8108108108108141,0.0315315315315315,0.0,0.0330440389484065,0.0,0.0,0.0,0.0
0.8918918918918948,0.2092092092092092,0.0,0.0338913328611081,0.2597619047619047,0.8873473917869035,0.4925,0.5
0.7837837837837824,0.0215215215215215,0.0,0.0466007415516323,0.0,0.0,0.0,0.0
0.8648648648648631,0.0235235235235235,0.0,0.0135562789562694,0.0,0.0,0.0,0.0
0.8918918918918948,0.0415415415415415,0.0,0.0288075693848984,0.65,0.4156492785793563,0.2465,0.3571428571428571
0.8378378378378386,0.4394394394394394,0.0,0.0423642719881242,0.0,0.0,0.0,0.0
0.7567567567567579,0.044044044044044,0.0,0.0572766448516726,0.0,0.0,0.0,0.0
0.7567567567567579,0.025025025025025,0.0,0.0381278024246162,0.3857142857142857,0.4142619311875694,0.275,0.3571428571428571
0.621621621621621,0.007007007007007,0.0,0.0296548632976,0.0,0.0,0.0,0.0
0.9729729729729756,0.076976976976977,0.0,0.0029786617501024,0.4523809523809523,0.3326859045504994,0.2219,0.3571428571428571
0.7837837837837824,0.0375375375375375,0.0,0.0220292180832855,0.0,0.0,0.0,0.0
0.8648648648648631,0.0520520520520521,0.0,0.0466007415516323,0.5152380952380953,0.4053829078801332,0.2119999999999999,0.3571428571428571
0.8648648648648631,0.0406406406406406,0.0,0.0169454546070758,0.405,0.4159267480577137,0.276,0.3571428571428571
0.7297297297297334,0.0105104104104104,0.0,0.0296548632976,0.0,0.0,0.0,0.0
0.7567567567567579,0.025025025025025,0.0,0.0529554458968944,0.0,0.0,0.0,0.0
0.7297297297297334,0.028028028028028,0.0,0.0371195226685012,0.0,0.0,0.0,0.0
0.8648648648648631,0.0750750750750751,0.0,0.0234441989174972,0.0,0.0,0.0,0.0
0.8918918918918948,0.029029029029029,0.0,0.0381278024246162,0.0,0.0,0.0,0.0
0.8108108108108141,0.044044044044044,0.0,0.0004232233093944,0.0,0.0,0.0,0.0
0.7837837837837824,0.0405405405405405,0.0,0.0347733658242305,0.5366666666666666,0.3873473917869034,0.221825,0.3571428571428571
0.8648648648648631,0.0750750750750751,0.0,0.0234441989174972,0.0,0.0,0.0,0.0
0.9729729729729756,0.5195195195195196,0.0,0.0042360459165516,0.4314285714285714,0.5535516093229745,0.475,0.3571428571428571
0.7837837837837824,0.041041041041041,0.0,0.0466007415516323,0.4602380952380951,0.5460599334073252,0.34525,0.3571428571428571
0.7027027027027017,0.011011011011011,0.0,0.0593101502421565,0.0,0.0,0.0,0.0
0.8648648648648631,0.048048048048048,0.0,0.0251578508559362,0.0,0.0,0.0,0.0
0.8108108108108141,0.0315315315315315,0.0,0.027536628515846,0.0,0.0,0.0,0.0
0.6486486486486527,0.007007007007007,0.0,0.0338913328611081,0.3642857142857142,0.3310210876803551,0.16325,0.3571428571428571
0.8378378378378386,0.059059059059059,0.0,0.0056213714638188,0.0,0.0,0.0,0.0
0.6486486486486527,0.023023023023023,0.0,0.0338913328611081,0.3238095238095237,0.7000554938956715,0.1574999999999999,0.5
0.7837837837837824,0.024024024024024,0.0,0.0105907502618137,0.5023809523809524,0.2258601553829078,0.138,0.3571428571428571
0.8378378378378386,0.054054054054054,0.0,0.0211819241705839,0.0,0.0,0.0,0.0
0.8108108108108141,0.034034034034034,0.0,0.0296548632976,0.3302380952380952,0.4433962264150943,0.2149999999999999,0.3571428571428571
0.9729729729729756,0.3793793793793794,0.0,0.0084725154800597,0.4285714285714285,0.5463374028856826,0.475,0.3571428571428571
0.9729729729729756,0.028028028028028,0.0,0.0088961624364105,0.5992857142857143,0.2216981132075471,0.1332499999999999,0.3571428571428571
0.7027027027027017,0.008008008008008,0.0,0.0211819241705839,0.3809523809523809,0.2760821309655938,0.1574999999999999,0.3571428571428571
0.7027027027027017,0.017017017017017,0.0,0.0211819241705839,0.0,0.0,0.0,0.0
0.7027027027027017,0.009009009009009,0.0,0.0423642719881242,0.3738095238095237,0.3251942286348501,0.1674999999999999,0.3571428571428571
0.7837837837837824,0.0205205205205205,0.0,0.0410933311190718,0.0,0.0,0.0,0.0
1.0,0.0792792792792793,0.0,0.0021178111347976,0.0,0.0,0.0,0.0
0.9459459459459438,0.099099099099099,0.0,0.0169454546070758,0.6688095238095237,0.3462819089900111,0.22125,0.3571428571428571
0.9459459459459438,0.0625625625625626,0.0,0.0169454546070758,0.4238095238095238,0.332408435072142,0.21675,0.3571428571428571
0.8378378378378386,0.0465465465465465,0.0,0.0169454546070758,0.4547619047619047,0.3321309655937847,0.2145,0.3571428571428571
0.8918918918918948,0.054054054054054,0.0,0.0156745137380234,0.4964285714285714,0.3321309655937847,0.2078499999999999,0.3571428571428571
0.8378378378378386,0.0307307307307307,0.0,0.0063542806983056,0.3671428571428571,0.3898446170921198,0.175,0.5
0.9459459459459438,0.074074074074074,0.0,0.0063542806983056,0.4047619047619047,0.332408435072142,0.27125,0.3571428571428571
0.8378378378378386,0.0275275275275275,0.0,0.0377575349847655,0.0,0.0,0.0,0.0
0.8918918918918948,0.1941941941941942,0.0,0.0508372111151403,0.3214285714285714,0.687291897891232,0.4389,0.5
0.567567567567572,0.007007007007007,0.0,0.1051487509193138,0.3833333333333333,0.3898446170921198,0.175,0.3571428571428571
0.8918918918918948,0.1641641641641641,0.0,0.0381278024246162,0.3257142857142857,0.663984461709212,0.3687749999999999,0.5
0.621621621621621,0.0115115115115115,0.0,0.0296548632976,0.0,0.0,0.0,0.0
0.7567567567567579,0.0165165165165165,0.0,0.0296548632976,0.0,0.0,0.0,0.0
0.8918918918918948,0.054054054054054,0.0,0.023933087505126,0.4333333333333333,0.3326859045504994,0.22175,0.3571428571428571
0.7297297297297334,0.014014014014014,0.0,0.0423642719881242,0.3809523809523809,0.3795782463928968,0.2249999999999999,0.3571428571428571
0.9189189189189192,0.039039039039039,0.0,0.0220292180832855,0.5149999999999999,0.2769145394006659,0.1674999999999999,0.3571428571428571
0.8648648648648631,0.036036036036036,0.0,0.0508372111151403,0.4333333333333333,0.3462819089900111,0.1845,0.5714285714285714
0.8108108108108141,0.059059059059059,0.0,0.0190636893888299,0.38,0.7000554938956715,0.15525,0.5
0.8108108108108141,0.0175175175175175,0.0,0.027536628515846,0.0,0.0,0.0,0.0
0.9189189189189192,0.0475474474474474,0.0,0.0110143972181645,0.505,0.3321309655937847,0.2045,0.3571428571428571
0.8108108108108141,0.024024024024024,0.0,0.0847289676232049,0.0,0.0,0.0,0.0
0.8108108108108141,0.0095095095095095,0.0524427414967544,0.0022872699173379,0.0,0.0,0.0,0.0
1.0,0.0405405405405405,0.0,0.0063542806983056,0.3659523809523809,0.3318534961154273,0.1825,0.3571428571428571
1.0,0.0644644644644644,0.0,0.0004232233093944,0.505,0.3321309655937847,0.2045,0.3571428571428571
0.621621621621621,0.007007007007007,0.0,0.0466007415516323,0.0,0.0,0.0,0.0
0.8918918918918948,0.042042042042042,0.0,0.0084725154800597,0.0,0.0,0.0,0.0
0.6756756756756772,0.014014014014014,0.0,0.0254183937340919,0.4047619047619047,0.3898446170921198,0.175,0.3571428571428571
0.621621621621621,0.006006006006006,0.0,0.0338913328611081,0.0,0.0,0.0,0.0
0.3513513513513544,0.003003003003003,0.0,0.0135562789562694,0.3833333333333333,0.220865704772475,0.0925,0.2857142857142857
0.7837837837837824,0.0125125125125125,0.0,0.0618520319802614,0.4669047619047619,0.3898446170921198,0.175,0.3571428571428571
0.7027027027027017,0.021021021021021,0.0,0.0286296376632311,0.0,0.0,0.0,0.0
0.8648648648648631,0.089089089089089,0.0,0.0423642719881242,0.3809523809523809,0.6046059933407325,0.35,0.5
0.9189189189189192,0.064064064064064,0.0,0.0254183937340919,0.4154761904761904,0.4142619311875694,0.25,0.5
0.9189189189189192,0.059059059059059,0.0,0.0169454546070758,0.4833333333333333,0.3326859045504994,0.2099999999999999,0.3571428571428571
0.8918918918918948,0.0265265265265265,0.0,0.0160981606943742,0.588095238095238,0.220865704772475,0.1182499999999999,0.3571428571428571
0.621621621621621,0.008008008008008,0.0,0.0711722650199791,0.4499999999999999,0.2769145394006659,0.1677499999999999,0.3571428571428571
0.9189189189189192,0.059059059059059,0.0,0.0103789267836383,0.6142857142857143,0.4156492785793563,0.2465,0.3571428571428571
0.7297297297297334,0.1191191191191191,0.0,0.0423642719881242,0.2738095238095238,0.8274139844617092,0.4275,0.5
0.7837837837837824,0.0255255255255255,0.0,0.0084725154800597,0.4716666666666666,0.3013318534961154,0.1701249999999999,0.3571428571428571
0.9189189189189192,0.069069069069069,0.0,0.0182163954761283,0.3666666666666666,0.4153718091009989,0.29325,0.5
0.7567567567567579,0.014014014014014,0.0,0.0508372111151403,0.4619047619047618,0.3898446170921198,0.175,0.3571428571428571
0.8918918918918948,0.0715715715715715,0.0,0.0228765119959871,0.5838095238095238,0.3462819089900111,0.22125,0.5
0.8108108108108141,0.03003003003003,0.0,0.0423642719881242,0.6142857142857143,0.4156492785793563,0.2465,0.3571428571428571
0.7837837837837824,0.0221221221221221,0.0,0.0296548632976,0.6238095238095237,0.2769145394006659,0.1455,0.3571428571428571
0.7027027027027017,0.026026026026026,0.0,0.0338913328611081,0.3952380952380953,0.3321309655937847,0.2125,0.3571428571428571
0.8378378378378386,0.028028028028028,0.0,0.0105907502618137,0.0,0.0,0.0,0.0
0.7567567567567579,0.0415415415415415,0.0,0.0254183937340919,0.3316666666666666,0.6046059933407325,0.345075,0.5
0.8108108108108141,0.0355355355355355,0.0,0.0508372111151403,0.0,0.0,0.0,0.0
0.7297297297297334,0.026026026026026,0.0,0.0508372111151403,0.4357142857142857,0.552441731409545,0.36975,0.3571428571428571
0.9729729729729756,0.079079079079079,0.0,0.0148272198253218,0.4428571428571429,0.3321309655937847,0.20465,0.3571428571428571
0.8378378378378386,0.0770770770770771,0.0,0.0245710998213903,0.0,0.0,0.0,0.0
0.8648648648648631,0.044044044044044,0.0,0.0508372111151403,0.4880952380952381,0.3462819089900111,0.2293,0.3571428571428571
0.8378378378378386,0.025025025025025,0.0,0.0160981606943742,0.5261904761904762,0.3462819089900111,0.185,0.3571428571428571
0.8648648648648631,0.0820820820820821,0.0,0.0296548632976,0.0,0.0,0.0,0.0
0.8378378378378386,0.1241241241241241,0.0,0.0177927485197774,0.2833333333333333,0.4425638179800222,0.30175,0.3571428571428571
0.9459459459459438,0.084084084084084,0.0,0.0211819241705839,0.4047619047619047,0.332408435072142,0.27125,0.3571428571428571
0.8918918918918948,0.0525525525525525,0.0,0.022283406257096,0.0,0.0,0.0,0.0
0.7297297297297334,0.013013013013013,0.0,0.0338913328611081,0.469047619047619,0.220865704772475,0.11575,0.3571428571428571
0.7027027027027017,0.0125125125125125,0.0,0.0211819241705839,0.4499999999999999,0.2943951165371809,0.1674999999999999,0.3571428571428571
0.8108108108108141,0.034034034034034,0.0,0.0338913328611081,0.5254761904761904,0.3326859045504994,0.18475,0.3571428571428571
0.8648648648648631,0.049049049049049,0.0,0.0105907502618137,0.0,0.0,0.0,0.0
0.7567567567567579,0.049049049049049,0.0,0.0421524485099488,0.2738095238095238,0.552441731409545,0.36975,0.5
0.5945945945945965,0.009009009009009,0.0,0.0525317989405436,0.0,0.0,0.0,0.0
0.9729729729729756,0.1091091091091091,0.0,0.0169454546070758,0.0,0.0,0.0,0.0
0.8108108108108141,0.1541541541541541,0.0,0.0321120156444347,0.0,0.0,0.0,0.0
0.8378378378378386,0.0715715715715715,0.0,0.0466007415516323,0.0,0.0,0.0,0.0
0.8648648648648631,0.039039039039039,0.0,0.0381278024246162,0.0,0.0,0.0,0.0
0.7837837837837824,0.034034034034034,0.0,0.0169454546070758,0.489047619047619,0.4433962264150943,0.259,0.3571428571428571
0.8918918918918948,0.029029029029029,0.0,0.0084725154800597,0.0,0.0,0.0,0.0
0.8648648648648631,0.0705705705705705,0.0,0.0148272198253218,0.0,0.0,0.0,0.0
0.9459459459459438,0.042042042042042,0.0,0.0021178111347976,0.4911904761904761,0.332408435072142,0.1674999999999999,0.3571428571428571
0.9459459459459438,0.03003003003003,0.0,0.005506986785604,0.588095238095238,0.220865704772475,0.1182499999999999,0.3571428571428571
0.9459459459459438,0.063063063063063,0.0,0.0105907502618137,0.5238095238095237,0.3321309655937847,0.2045,0.3571428571428571
0.9189189189189192,0.064064064064064,0.0,0.0021178111347976,0.4323809523809523,0.3318534961154273,0.2169999999999999,0.3571428571428571
0.8918918918918948,0.033033033033033,0.0,0.0237238059086887,0.0,0.0,0.0,0.0
0.8108108108108141,0.0470470470470471,0.0,0.0370483499798343,0.5421428571428571,0.4156492785793563,0.246475,0.3571428571428571
0.8918918918918948,0.074074074074074,0.0,0.0148272198253218,0.4402380952380951,0.4142619311875694,0.25,0.5
0.8648648648648631,0.024024024024024,0.0,0.0338913328611081,0.5023809523809524,0.2258601553829078,0.138,0.3571428571428571
0.7027027027027017,0.027027027027027,0.0,0.0508372111151403,0.430952380952381,0.4142619311875694,0.275,0.3571428571428571
0.9189189189189192,0.064064064064064,0.0,0.0136965060988215,0.5366666666666666,0.3873473917869034,0.221825,0.3571428571428571
0.6756756756756772,0.015015015015015,0.0,0.0423642719881242,0.3309523809523809,0.4436736958934517,0.258,0.3571428571428571
0.6486486486486527,0.006006006006006,0.0,0.0233001589523379,0.0,0.0,0.0,0.0
0.7567567567567579,0.027027027027027,0.0,0.0139799259126202,0.0,0.0,0.0,0.0
0.8918918918918948,0.0393393393393393,0.0,0.0127089850435678,0.4097619047619047,0.4142619311875694,0.25,0.5
0.7567567567567579,0.009009009009009,0.0,0.0338913328611081,0.4095238095238094,0.3873473917869034,0.13375,0.3571428571428571
0.7567567567567579,0.029029029029029,0.0,0.0338913328611081,0.3316666666666666,0.6046059933407325,0.345075,0.5
0.7837837837837824,0.025025025025025,0.0,0.0466007415516323,0.5007142857142857,0.4053829078801332,0.1624999999999999,0.3571428571428571
0.8108108108108141,0.0305305305305305,0.0,0.0360095676428621,0.5495238095238094,0.4053829078801332,0.1578,0.3571428571428571
0.8108108108108141,0.1571571571571571,0.0,0.036433214599213,0.0,0.0,0.0,0.0
0.8648648648648631,0.079079079079079,0.0,0.0042360459165516,0.0,0.0,0.0,0.0
0.9189189189189192,0.039039039039039,0.0,0.0127089850435678,0.55,0.2769145394006659,0.1676,0.3571428571428571
0.8378378378378386,0.059059059059059,0.0,0.0423642719881242,0.0,0.0,0.0,0.0
0.5945945945945965,0.006006006006006,0.0,0.0796452041469952,0.4499999999999999,0.2769145394006659,0.1677499999999999,0.3571428571428571
0.7837837837837824,0.029029029029029,0.0,0.0423642719881242,0.5119047619047619,0.3462819089900111,0.2219999999999999,0.3571428571428571
0.5135135135135158,0.0135135135135135,0.0,0.0423642719881242,0.0,0.0,0.0,0.0
0.7297297297297334,0.026026026026026,0.0,0.0254183937340919,0.0,0.0,0.0,0.0
0.9459459459459438,0.0780780780780781,0.0,0.0082907709357852,0.0,0.0,0.0,0.0
0.8918918918918948,0.046046046046046,0.0,0.0100400092185577,0.4857142857142856,0.3321309655937847,0.2045,0.3571428571428571
0.7837837837837824,0.049049049049049,0.0,0.0321967450357049,0.38,0.7000554938956715,0.15525,0.5
0.9729729729729756,0.0980980980980981,0.0,0.0063542806983056,0.4047619047619047,0.4414539400665926,0.30325,0.3571428571428571
0.9729729729729756,0.5195195195195196,0.0,0.0072015746110072,0.3571428571428571,0.552441731409545,0.486,0.3571428571428571
0.8378378378378386,0.038038038038038,0.0,0.0254183937340919,0.0,0.0,0.0,0.0
0.7297297297297334,0.029029029029029,0.0,0.0211819241705839,0.3571428571428571,0.4400665926748058,0.2617,0.3571428571428571
0.8378378378378386,0.039039039039039,0.0,0.0212132740453538,0.5714285714285714,0.3107658157602663,0.175,0.3571428571428571
0.8108108108108141,0.0175175175175175,0.0,0.027536628515846,0.0,0.0,0.0,0.0
0.8378378378378386,0.024024024024024,0.0,0.0211819241705839,0.0,0.0,0.0,0.0
0.7837837837837824,0.039039039039039,0.0,0.0439127016135864,0.5314285714285714,0.4389567147613762,0.31575,0.3571428571428571
0.8378378378378386,0.0520520520520521,0.0,0.0381278024246162,0.5452380952380952,0.3462819089900111,0.185,0.3571428571428571
0.9729729729729756,0.0685685685685685,0.0,0.0084725154800597,0.4142857142857142,0.3321309655937847,0.20465,0.3571428571428571
0.567567567567572,0.0111111111111111,0.0,0.0466007415516323,0.0,0.0,0.0,0.0
0.8108108108108141,0.017017017017017,0.0,0.0847289676232049,0.0,0.0,0.0,0.0
0.8108108108108141,0.019019019019019,0.0,0.0254183937340919,0.5023809523809524,0.2258601553829078,0.138,0.3571428571428571
0.5945945945945965,0.007007007007007,0.0,0.0508372111151403,0.0,0.0,0.0,0.0
0.7837837837837824,0.1791791791791792,0.0,0.0211819241705839,0.383095238095238,0.5535516093229745,0.46,0.3571428571428571
0.7567567567567579,0.024024024024024,0.0,0.0466007415516323,0.3571428571428571,0.3795782463928968,0.2249999999999999,0.3571428571428571
0.8918918918918948,0.066066066066066,0.0,0.0030091643309597,0.0,0.0,0.0,0.0
0.7027027027027017,0.015015015015015,0.0,0.0381278024246162,0.0,0.0,0.0,0.0
0.7297297297297334,0.021021021021021,0.0,0.0197131401729157,0.4499999999999999,0.2769145394006659,0.1677499999999999,0.3571428571428571
0.6486486486486527,0.011011011011011,0.0,0.0338913328611081,0.3952380952380953,0.3851276359600444,0.17,0.3571428571428571
0.6756756756756772,0.0145145145145145,0.0,0.0254183937340919,0.0,0.0,0.0,0.0
0.9189189189189192,0.024024024024024,0.0,0.0084725154800597,0.5702380952380952,0.2769145394006659,0.167625,0.3571428571428571
0.5945945945945965,0.005005005005005,0.0,0.0254183937340919,0.0,0.0,0.0,0.0
0.8918918918918948,0.0402402402402402,0.0,0.0105907502618137,0.4499999999999999,0.3321309655937847,0.205,0.3571428571428571
0.8108108108108141,0.043043043043043,0.0,0.0317730980793541,0.5254761904761904,0.3326859045504994,0.18475,0.3571428571428571
0.9459459459459438,0.069069069069069,0.0,0.0042360459165516,0.0,0.0,0.0,0.0
0.8648648648648631,0.079079079079079,0.0,0.0211819241705839,0.4142857142857142,0.4153718091009989,0.29325,0.3571428571428571
0.5945945945945965,0.0275275275275275,0.0,0.0338913328611081,0.2142857142857143,0.83157602663707,0.545,0.3571428571428571
0.7027027027027017,0.0188188188188188,0.0,0.0385514493809669,0.0,0.0,0.0,0.0
0.621621621621621,0.0115115115115115,0.0,0.0249947467777412,0.4499999999999999,0.2769145394006659,0.1677499999999999,0.3571428571428571
0.8378378378378386,0.029029029029029,0.0,0.0148272198253218,0.55,0.2769145394006659,0.1676,0.3571428571428571
0.8378378378378386,0.041041041041041,0.0,0.0381278024246162,0.557142857142857,0.3462819089900111,0.185,0.3571428571428571
0.9729729729729756,0.1218218218218218,0.0,0.0021178111347976,0.4285714285714285,0.4153718091009989,0.294,0.3571428571428571
0.8648648648648631,0.084084084084084,0.0,0.0732904998017331,0.3809523809523809,0.6046059933407325,0.35,0.5
0.8378378378378386,0.049049049049049,0.0,0.0190636893888299,0.4547619047619047,0.3321309655937847,0.2145,0.3571428571428571
0.9189189189189192,0.0625625625625626,0.0,0.0508372111151403,0.505,0.3321309655937847,0.2045,0.3571428571428571
0.8648648648648631,0.064064064064064,0.0,0.0423642719881242,0.0,0.0,0.0,0.0
0.7567567567567579,0.024024024024024,0.0,0.0593101502421565,0.3428571428571428,0.4433962264150943,0.259,0.3571428571428571
0.7567567567567579,0.0125125125125125,0.0,0.0381278024246162,0.0,0.0,0.0,0.0
0.6756756756756772,0.0165165165165165,0.0,0.0169454546070758,0.0,0.3013318534961154,0.155,0.3571428571428571
0.9189189189189192,0.0563563563563563,0.0,0.0127089850435678,0.4857142857142856,0.3321309655937847,0.2045,0.3571428571428571
0.9729729729729756,0.5495495495495496,0.0,0.0036005754820254,0.3995238095238095,0.5535516093229745,0.475,0.3571428571428571
0.6756756756756772,0.009009009009009,0.0,0.0826107328414509,0.469047619047619,0.220865704772475,0.11575,0.3571428571428571
0.8918918918918948,0.054054054054054,0.0,0.023933087505126,0.4333333333333333,0.3326859045504994,0.22175,0.3571428571428571
0.9189189189189192,0.049049049049049,0.0,0.0084725154800597,0.4499999999999999,0.3321309655937847,0.20465,0.3571428571428571
0.5945945945945965,0.0141141141141141,0.0,0.0847289676232049,0.25,0.6046059933407325,0.3,0.5714285714285714
0.9729729729729756,0.094094094094094,0.0,0.0072015746110072,0.0,0.0,0.0,0.0
0.7567567567567579,0.079079079079079,0.0,0.0254183937340919,0.3047619047619048,0.6920088790233074,0.255,0.5
0.9189189189189192,0.089089089089089,0.0,0.0211819241705839,0.0,0.0,0.0,0.0
0.9459459459459438,0.059059059059059,0.0,0.0084725154800597,0.4642857142857142,0.3326859045504994,0.2219,0.3571428571428571
0.8108108108108141,0.1291291291291291,0.0,0.0593101502421565,0.4495238095238095,0.5535516093229745,0.46,0.3571428571428571
0.9189189189189192,0.069069069069069,0.0,0.0254183937340919,0.4402380952380951,0.4142619311875694,0.25,0.5
0.8918918918918948,0.064064064064064,0.0,0.0343149798174589,0.6688095238095237,0.3462819089900111,0.22125,0.3571428571428571
0.8378378378378386,0.056056056056056,0.0,0.0296548632976,0.6,0.3462819089900111,0.185,0.3571428571428571
0.8378378378378386,0.039039039039039,0.0,0.0296548632976,0.4869047619047618,0.4053829078801332,0.2095,0.3571428571428571
0.9459459459459438,0.1391391391391391,0.0,0.0127089850435678,0.3809523809523809,0.5541065482796892,0.35,0.5
0.7567567567567579,0.029029029029029,0.0,0.0504135641587896,0.3933333333333333,0.552441731409545,0.30925,0.3571428571428571
0.6486486486486527,0.014014014014014,0.0,0.0296548632976,0.4499999999999999,0.2943951165371809,0.1674999999999999,0.3571428571428571
0.8918918918918948,0.044044044044044,0.0,0.0024567286998782,0.4883333333333333,0.2769145394006659,0.1676,0.3571428571428571
0.8108108108108141,0.094094094094094,0.0,0.0338913328611081,0.0,0.0,0.0,0.0
0.7297297297297334,0.011011011011011,0.0,0.0423642719881242,0.4047619047619047,0.3898446170921198,0.175,0.3571428571428571
0.9189189189189192,0.0785785785785785,0.0,0.0508372111151403,0.5838095238095238,0.3462819089900111,0.22125,0.5
0.9459459459459438,0.2467467467467468,0.0,0.0008468702657452,0.4,0.5504994450610433,0.375,0.3571428571428571
0.9189189189189192,0.054054054054054,0.0,0.0194873363451806,0.5095238095238095,0.3321309655937847,0.20775,0.3571428571428571
0.7027027027027017,0.01001001001001,0.0,0.0478716824206847,0.3642857142857142,0.3310210876803551,0.16325,0.3571428571428571
0.7837837837837824,0.029029029029029,0.0,0.0381278024246162,0.0,0.0,0.0,0.0
0.7027027027027017,0.033033033033033,0.0,0.0347386267738097,0.3459523809523809,0.4988901220865704,0.345,0.3571428571428571
0.8108108108108141,0.029029029029029,0.0,0.0847289676232049,0.4778571428571428,0.4053829078801332,0.1875,0.5714285714285714
0.8108108108108141,0.044044044044044,0.0,0.0004232233093944,0.0,0.0,0.0,0.0
0.5945945945945965,0.012012012012012,0.0,0.0381278024246162,0.0,0.0,0.0,0.0
0.7567567567567579,0.019019019019019,0.0,0.0508372111151403,0.3333333333333333,0.6906215316315205,0.2375,0.5714285714285714
0.8648648648648631,0.0493493493493493,0.0,0.0466007415516323,0.3357142857142857,0.6046059933407325,0.36985,0.5
0.8108108108108141,0.027027027027027,0.0,0.0220292180832855,0.0,0.0,0.0,0.0
0.7567567567567579,0.026026026026026,0.0,0.0529554458968944,0.5476190476190476,0.3873473917869034,0.2249999999999999,0.3571428571428571
0.7027027027027017,0.024024024024024,0.0,0.341712787698648,0.0,0.0,0.0,0.0
0.8918918918918948,0.0415415415415415,0.0,0.0127089850435678,0.4499999999999999,0.3321309655937847,0.205,0.3571428571428571
0.7567567567567579,0.031031031031031,0.0,0.0466007415516323,0.4595238095238095,0.3462819089900111,0.18475,0.3571428571428571
0.9189189189189192,0.051051051051051,0.0,0.0044521058642905,0.0,0.0,0.0,0.0
0.8648648648648631,0.1216216216216216,0.0,0.016521807650725,0.3809523809523809,0.6046059933407325,0.35,0.5
0.7567567567567579,0.029029029029029,0.0,0.0296548632976,0.0,0.0,0.0,0.0
0.6756756756756772,0.013013013013013,0.0,0.0635466198056646,0.4619047619047618,0.3945615982241953,0.175,0.3571428571428571
0.8108108108108141,0.049049049049049,0.0,0.0254183937340919,0.3814285714285714,0.3809655937846837,0.23425,0.5
0.9189189189189192,0.056056056056056,0.0,0.0186726632481181,0.0,0.0,0.0,0.0
0.6756756756756772,0.0059059059059059,0.0,0.0423642719881242,0.0,0.0,0.0,0.0
0.8648648648648631,0.0465465465465465,0.0,0.0254183937340919,0.0,0.0,0.0,0.0
0.9189189189189192,0.0615615615615615,0.0,0.0108186723243304,0.3995238095238095,0.4150943396226415,0.221825,0.3571428571428571
0.8108108108108141,0.0900900900900901,0.0,0.0466007415516323,0.3092857142857143,0.6920088790233074,0.25,0.5
0.9189189189189192,0.0445445445445445,0.0,0.0144679672063363,0.4499999999999999,0.3321309655937847,0.20465,0.3571428571428571
0.7027027027027017,0.0132132132132132,0.0,0.0296548632976,0.4499999999999999,0.2943951165371809,0.1674999999999999,0.3571428571428571
0.9189189189189192,0.0685685685685685,0.0,0.0211819241705839,0.633095238095238,0.3462819089900111,0.185,0.3571428571428571
0.8918918918918948,0.084084084084084,0.0,0.0305500293163692,0.5214285714285714,0.4156492785793563,0.2465,0.5
0.7837837837837824,0.0315315315315315,0.0,0.0338913328611081,0.5452380952380952,0.3462819089900111,0.185,0.3571428571428571
0.8378378378378386,0.031031031031031,0.0,0.0338913328611081,0.0,0.0,0.0,0.0
0.9459459459459438,0.0831831831831831,0.0,0.0004232233093944,0.0,0.0,0.0,0.0
0.7837837837837824,0.023023023023023,0.0,0.0169454546070758,0.0,0.0,0.0,0.0
0.7027027027027017,0.02002002002002,0.0,0.0381278024246162,0.430952380952381,0.4142619311875694,0.275,0.3571428571428571
0.6756756756756772,0.011011011011011,0.0,0.0508372111151403,0.4,0.4142619311875694,0.275,0.3571428571428571
0.8918918918918948,0.035035035035035,0.0,0.0466007415516323,0.5476190476190476,0.3462819089900111,0.22175,0.3571428571428571
0.9459459459459438,0.073073073073073,0.0,0.0164442802577128,0.6521428571428571,0.3462819089900111,0.185,0.3571428571428571
0.8918918918918948,0.1661661661661662,0.0,0.0105907502618137,0.3257142857142857,0.663984461709212,0.3695,0.5
0.9189189189189192,0.1816816816816817,0.0,0.0245710998213903,0.2857142857142857,0.6531631520532741,0.4685,0.3571428571428571
0.7297297297297334,0.031031031031031,0.0,0.1270936632582856,0.3238095238095237,0.7000554938956715,0.1574999999999999,0.5
0.8648648648648631,0.016016016016016,0.0,0.0084725154800597,0.5414285714285714,0.220865704772475,0.1182499999999999,0.3571428571428571
0.8108108108108141,0.042042042042042,0.0,0.0266893346031444,0.557142857142857,0.3462819089900111,0.185,0.3571428571428571
0.9459459459459438,0.0435435435435435,0.0,0.0021178111347976,0.4883333333333333,0.2769145394006659,0.1674999999999999,0.3571428571428571
0.7297297297297334,0.015015015015015,0.0,0.0381278024246162,0.3714285714285714,0.3318534961154273,0.175,0.3571428571428571
0.9729729729729756,0.0747747747747747,0.0,0.0105907502618137,0.6761904761904761,0.3462819089900111,0.18505,0.3571428571428571
0.8378378378378386,0.049049049049049,0.0,0.0550736806786484,0.5421428571428571,0.4156492785793563,0.246475,0.3571428571428571
0.9459459459459438,0.0780780780780781,0.0,0.0063542806983056,0.4047619047619047,0.332408435072142,0.27125,0.3571428571428571
0.8378378378378386,0.044044044044044,0.0,0.0419901917256665,0.0,0.0,0.0,0.0
0.9459459459459438,0.069069069069069,0.0,0.0042360459165516,0.5095238095238095,0.3321309655937847,0.20775,0.3571428571428571
0.5135135135135158,0.005005005005005,0.0,0.0508372111151403,0.0,0.0,0.0,0.0
0.8378378378378386,0.028028028028028,0.0,0.0338913328611081,0.0,0.0,0.0,0.0
0.8918918918918948,0.0665665665665665,0.0,0.0254183937340919,0.0,0.0,0.0,0.0
0.8108108108108141,0.0215215215215215,0.0,0.0247164107274187,0.5188095238095237,0.2769145394006659,0.167625,0.3571428571428571
0.7027027027027017,0.029029029029029,0.0,0.0254183937340919,0.4523809523809523,0.2769145394006659,0.16525,0.3571428571428571
0.9459459459459438,0.0385385385385385,0.0,0.0084725154800597,0.0,0.0,0.0,0.0
0.621621621621621,0.009009009009009,0.0,0.0169454546070758,0.0,0.0,0.0,0.0
0.7297297297297334,0.0134134134134134,0.0,0.0211819241705839,0.4761904761904761,0.3881798002219755,0.17,0.3571428571428571
0.6486486486486527,0.012012012012012,0.0,0.0423642719881242,0.3833333333333333,0.3898446170921198,0.175,0.3571428571428571
0.7027027027027017,0.013013013013013,0.0,0.0508372111151403,0.4545238095238095,0.3873473917869034,0.1725,0.3571428571428571
0.8918918918918948,0.068068068068068,0.0,0.0317730980793541,0.0,0.0,0.0,0.0
0.6486486486486527,0.0220219219219219,0.0,0.0508372111151403,0.25,0.7239178690344062,0.3,0.5
0.8378378378378386,0.0501501501501501,0.0,0.0423642719881242,0.557142857142857,0.3462819089900111,0.185,0.3571428571428571
0.9459459459459438,0.073073073073073,0.0,0.0164442802577128,0.6521428571428571,0.3462819089900111,0.185,0.3571428571428571
0.8648648648648631,0.0500499499499499,0.0,0.0182163954761283,0.0,0.0,0.0,0.0
0.8648648648648631,0.0271271271271271,0.0,0.0169454546070758,0.0,0.0,0.0,0.0
0.8378378378378386,0.023023023023023,0.0,0.0381278024246162,0.0,0.0,0.0,0.0
0.9459459459459438,0.094094094094094,0.0,0.0063542806983056,0.0,0.0,0.0,0.0
0.9459459459459438,0.059059059059059,0.0,0.0295612373202465,0.5238095238095237,0.3321309655937847,0.2045,0.3571428571428571
0.8378378378378386,0.0500499499499499,0.0,0.0466007415516323,0.557142857142857,0.3462819089900111,0.185,0.3571428571428571
0.7837837837837824,0.1391391391391391,0.0,0.0211819241705839,0.3533333333333333,0.5946170921198668,0.425,0.3571428571428571
0.9729729729729756,0.0589589589589589,0.0,0.0063542806983056,0.0,0.0,0.0,0.0
0.9729729729729756,0.5495495495495496,0.0,0.0036005754820254,0.3995238095238095,0.5535516093229745,0.475,0.3571428571428571
0.8108108108108141,0.051051051051051,0.0,0.0466007415516323,0.2869047619047619,0.6046059933407325,0.3,0.6428571428571428
0.9189189189189192,0.1966966966966967,0.6389734029736139,0.0046596928729024,0.0,0.0,0.0,0.0
0.6756756756756772,0.019019019019019,0.0,0.0381278024246162,0.0,0.0,0.0,0.0
1.0,0.1491491491491491,0.0,0.0211819241705839,0.3895238095238095,0.6046059933407325,0.35,0.5
1.0,0.056056056056056,0.0,0.0021178111347976,0.505,0.3321309655937847,0.2045,0.3571428571428571
0.8648648648648631,0.1241241241241241,0.371515421340166,0.0160981606943742,0.0,0.0,0.0,0.0
0.6486486486486527,0.0115115115115115,0.0,0.0211819241705839,0.0,0.0,0.0,0.0
0.9729729729729756,0.099099099099099,0.0,0.0042360459165516,0.0,0.0,0.0,0.0
0.8918918918918948,0.039039039039039,0.0,0.0148272198253218,0.55,0.2769145394006659,0.1676,0.3571428571428571
0.9189189189189192,0.044044044044044,0.0,0.0238466635260304,0.5714285714285714,0.3290788013318535,0.184925,0.3571428571428571
0.8918918918918948,0.0570570570570571,0.0,0.0241474528650396,0.0,0.0,0.0,0.0
0.8918918918918948,0.0739739739739739,0.0,0.0105907502618137,0.405,0.4414539400665926,0.30325,0.3571428571428571
0.9459459459459438,0.064064064064064,0.0,0.0063542806983056,0.0,0.0,0.0,0.0
0.5945945945945965,0.015015015015015,0.0,0.0283839224285476,0.0,0.0,0.0,0.0
0.7297297297297334,0.034034034034034,0.0,0.0466007415516323,0.4047619047619047,0.4153718091009989,0.295,0.3571428571428571
0.7297297297297334,0.013013013013013,0.0,0.0296548632976,0.4847619047619047,0.3321309655937847,0.19725,0.3571428571428571
0.9459459459459438,0.073073073073073,0.0,0.0164442802577128,0.6521428571428571,0.3462819089900111,0.185,0.3571428571428571
0.9189189189189192,0.084084084084084,0.0,0.0423642719881242,0.3357142857142857,0.6046059933407325,0.36985,0.5
0.8108108108108141,0.069069069069069,0.0,0.0262656876467936,0.3119047619047618,0.6933962264150944,0.3525,0.5
0.9189189189189192,0.099099099099099,0.0,0.0063542806983056,0.405,0.4414539400665926,0.30325,0.3571428571428571
0.8378378378378386,0.049049049049049,0.0,0.0508372111151403,0.557142857142857,0.3462819089900111,0.185,0.3571428571428571
0.9189189189189192,0.0700700700700701,0.0,0.0508372111151403,0.4402380952380951,0.4142619311875694,0.25,0.5
1.0,0.4694694694694695,0.0,0.0006350467875698,0.0,0.0,0.0,0.0
0.9189189189189192,0.0275275275275275,0.0,0.0105907502618137,0.588095238095238,0.220865704772475,0.1182499999999999,0.3571428571428571
0.7027027027027017,0.017017017017017,0.0,0.0296548632976,0.0,0.0,0.0,0.0
0.8648648648648631,0.019019019019019,0.0,0.0211819241705839,0.4428571428571429,0.3326859045504994,0.192,0.3571428571428571
0.5945945945945965,0.01001001001001,0.0,0.0338913328611081,0.0,0.0,0.0,0.0
0.9189189189189192,0.084084084084084,0.0,0.0686303832818743,0.3357142857142857,0.6046059933407325,0.36985,0.5
0.8648648648648631,0.029029029029029,0.0,0.0093198093927613,0.0,0.0,0.0,0.0
0.9189189189189192,0.1041041041041041,0.0,0.0131326319999185,0.0,0.0,0.0,0.0
0.7567567567567579,0.033033033033033,0.0,0.0677830893691726,0.0,0.0,0.0,0.0
0.7837837837837824,0.019019019019019,0.0,0.0211819241705839,0.469047619047619,0.220865704772475,0.11575,0.3571428571428571
0.9189189189189192,0.0615615615615615,0.0,0.0108186723243304,0.3995238095238095,0.4150943396226415,0.221825,0.3571428571428571
0.7837837837837824,0.032032032032032,0.0,0.036433214599213,0.0,0.0,0.0,0.0
0.8378378378378386,0.0295295295295295,0.0,0.0279602754721968,0.0,0.0,0.0,0.0
0.7837837837837824,0.1341341341341341,0.0,0.0381278024246162,0.0,0.0,0.0,0.0
0.567567567567572,0.0023374374374374,0.0,0.0381278024246162,0.4499999999999999,0.2769145394006659,0.1677499999999999,0.3571428571428571
0.8378378378378386,0.039039039039039,0.0,0.0423642719881242,0.4547619047619047,0.3321309655937847,0.2145,0.3571428571428571
0.9729729729729756,0.1191191191191191,0.0,0.0063542806983056,0.4761904761904761,0.4153718091009989,0.2875,0.3571428571428571
0.8918918918918948,0.099099099099099,0.0,0.0296548632976,0.5838095238095238,0.3462819089900111,0.22125,0.5
0.9459459459459438,0.059059059059059,0.0,0.0295612373202465,0.5238095238095237,0.3321309655937847,0.2045,0.3571428571428571
0.9189189189189192,0.059059059059059,0.0,0.0197021253520505,0.0,0.0,0.0,0.0
0.6756756756756772,0.025025025025025,0.0,0.0508372111151403,0.4238095238095238,0.3462819089900111,0.1875,0.3571428571428571
0.8918918918918948,0.059059059059059,0.0,0.0635466198056646,0.633095238095238,0.3462819089900111,0.185,0.3571428571428571
0.8378378378378386,0.059059059059059,0.0,0.1008275519645356,0.0,0.0,0.0,0.0
0.9729729729729756,0.0615615615615615,0.0,0.001836933202737,0.4499999999999999,0.3321309655937847,0.205,0.3571428571428571
0.7837837837837824,0.0165165165165165,0.0,0.0381278024246162,0.3671428571428571,0.3898446170921198,0.175,0.5
0.9189189189189192,0.2742742742742743,0.0,0.005506986785604,0.0,0.0,0.0,0.0
0.8918918918918948,0.0229229229229229,0.0,0.0173691015634266,0.0,0.0,0.0,0.0
0.8648648648648631,0.0435435435435435,0.0,0.017030183998346,0.5,0.4156492785793563,0.1874,0.5
0.8108108108108141,0.0215215215215215,0.0,0.0247164107274187,0.5188095238095237,0.2769145394006659,0.167625,0.3571428571428571
0.9189189189189192,0.0650650650650651,0.0,0.0491426232897371,0.0,0.0,0.0,0.0
0.8108108108108141,0.084084084084084,0.0,0.0363103569818712,0.0,0.0,0.0,0.0
0.6486486486486527,0.006006006006006,0.0,0.0466007415516323,0.4095238095238094,0.3873473917869034,0.13375,0.3571428571428571
0.9189189189189192,0.118018018018018,0.0,0.0169454546070758,0.0,0.0,0.0,0.0
0.9729729729729756,0.089089089089089,0.0,0.0254183937340919,0.0,0.0,0.0,0.0
0.8648648648648631,0.069069069069069,0.0,0.0084725154800597,0.4857142857142856,0.3462819089900111,0.22925,0.3571428571428571
0.8918918918918948,0.0635635635635635,0.0,0.0046596928729024,0.3404761904761905,0.4433962264150943,0.25875,0.3571428571428571
0.9729729729729756,0.064064064064064,0.0,0.0023808958946914,0.5238095238095237,0.3321309655937847,0.2045,0.3571428571428571
0.7837837837837824,0.029029029029029,0.0,0.0466007415516323,0.0,0.0,0.0,0.0
0.7837837837837824,0.0541541541541542,0.0,0.0720195589326807,0.3119047619047618,0.6933962264150944,0.3525,0.5
0.9729729729729756,0.1541541541541541,0.0,0.0118616911308661,0.3595238095238094,0.6046059933407325,0.382175,0.5
0.5405405405405403,0.0115115115115115,0.0,0.0508372111151403,0.3023809523809523,0.7239178690344062,0.2915,0.5714285714285714
0.8918918918918948,0.061061061061061,0.0,0.0119379475830093,0.563095238095238,0.3462819089900111,0.22125,0.3571428571428571
0.6756756756756772,0.0095095095095095,0.0,0.0381278024246162,0.0,0.0,0.0,0.0
0.8108108108108141,0.0820820820820821,0.0,0.091083671968467,0.3092857142857143,0.6920088790233074,0.25,0.5
0.7297297297297334,0.0955955955955956,0.5644495071624365,0.0211920916975363,0.0,0.0,0.0,0.0
0.6756756756756772,0.011011011011011,0.0,0.0741377937144348,0.0,0.0,0.0,0.0
0.8648648648648631,0.024024024024024,0.0,0.0105907502618137,0.0,0.0,0.0,0.0
0.8108108108108141,0.0365365365365365,0.0,0.0423642719881242,0.3571428571428571,0.4433962264150943,0.2625,0.3571428571428571
0.621621621621621,0.01001001001001,0.0,0.0428302836401101,0.0,0.0,0.0,0.0
0.9189189189189192,0.1891891891891892,0.0,0.0085225058209091,0.0,0.0,0.0,0.0
0.8108108108108141,0.0205205205205205,0.0,0.0105907502618137,0.4980952380952381,0.2769145394006659,0.1677499999999999,0.3571428571428571
0.7027027027027017,0.033033033033033,0.0,0.0906600250121162,0.4,0.4142619311875694,0.275,0.3571428571428571
0.7837837837837824,0.027027027027027,0.0,0.0446341723802519,0.4238095238095238,0.3881798002219755,0.1674999999999999,0.3571428571428571
0.9189189189189192,0.071071071071071,0.0,0.0254183937340919,0.6688095238095237,0.3462819089900111,0.22125,0.3571428571428571
0.9189189189189192,0.044044044044044,0.0,0.0238466635260304,0.5714285714285714,0.3290788013318535,0.184925,0.3571428571428571
0.567567567567572,0.011011011011011,0.0,0.0338913328611081,0.4119047619047619,0.275527192008879,0.15,0.3571428571428571
0.7297297297297334,0.01001001001001,0.0,0.0372805085119146,0.4476190476190476,0.3462819089900111,0.2249999999999999,0.3571428571428571
0.8108108108108141,0.03003003003003,0.0,0.0614283850239105,0.3642857142857142,0.8201997780244173,0.209575,0.5
0.9189189189189192,0.0820820820820821,0.0,0.0148272198253218,0.5785714285714285,0.3462819089900111,0.22125,0.3571428571428571
0.7837837837837824,0.0195194194194194,0.0,0.0508372111151403,0.4545238095238095,0.3873473917869034,0.1725,0.3571428571428571
0.7837837837837824,0.0215215215215215,0.0,0.0369572658842189,0.4761904761904761,0.3881798002219755,0.1701249999999999,0.3571428571428571
0.567567567567572,0.006006006006006,0.0,0.0296548632976,0.469047619047619,0.220865704772475,0.11575,0.3571428571428571
0.9189189189189192,0.043043043043043,0.0,0.0127089850435678,0.4883333333333333,0.2769145394006659,0.1676,0.3571428571428571
0.9459459459459438,0.0900900900900901,0.0,0.0084725154800597,0.4047619047619047,0.7203107658157603,0.2019999999999999,0.3571428571428571
0.9189189189189192,0.2617617617617618,0.0,0.0038123989602008,0.3238095238095237,0.554661487236404,0.4425,0.3571428571428571
0.9189189189189192,0.0920920920920921,0.0,0.0050833398292532,0.0,0.0,0.0,0.0
0.8648648648648631,0.0255255255255255,0.0,0.0228765119959871,0.5702380952380952,0.2769145394006659,0.167625,0.3571428571428571
0.8378378378378386,0.044044044044044,0.0,0.0127089850435678,0.4547619047619047,0.3321309655937847,0.2145,0.3571428571428571
0.8648648648648631,0.034034034034034,0.0,0.0381278024246162,0.0,0.0,0.0,0.0
0.9729729729729756,0.064064064064064,0.0,0.0023808958946914,0.5238095238095237,0.3321309655937847,0.2045,0.3571428571428571
0.8648648648648631,0.038038038038038,0.0,0.0136664271649206,0.0,0.0,0.0,0.0
1.0,0.0620620620620621,0.0,0.0021178111347976,0.5002380952380953,0.3321309655937847,0.2045,0.3571428571428571
0.9189189189189192,0.1441441441441441,0.0,0.0343149798174589,0.3257142857142857,0.663984461709212,0.3695,0.5
0.7567567567567579,0.027027027027027,0.0,0.040669684162721,0.4035714285714285,0.4156492785793563,0.24425,0.3571428571428571
0.8108108108108141,0.034034034034034,0.0,0.0466007415516323,0.5452380952380952,0.3462819089900111,0.185,0.3571428571428571
0.8918918918918948,0.069069069069069,0.0,0.0169454546070758,0.5366666666666666,0.3873473917869034,0.221825,0.3571428571428571
0.9459459459459438,0.089089089089089,0.0,0.0148272198253218,0.394047619047619,0.693118756936737,0.2625,0.4285714285714285
0.8918918918918948,0.054054054054054,0.0,0.0063542806983056,0.4333333333333333,0.3326859045504994,0.206,0.3571428571428571
0.8378378378378386,0.021021021021021,0.0,0.0393987432936686,0.5023809523809524,0.2258601553829078,0.138,0.3571428571428571
0.9729729729729756,0.034034034034034,0.0,0.0063542806983056,0.5702380952380952,0.2769145394006659,0.167625,0.3571428571428571
0.6756756756756772,0.021021021021021,0.0,0.0360095676428621,0.4,0.4142619311875694,0.275,0.3571428571428571
0.8108108108108141,0.0615615615615615,0.0,0.0677830893691726,0.4945238095238095,0.3462819089900111,0.2219,0.5
0.8108108108108141,0.059059059059059,0.0,0.0381278024246162,0.4095238095238094,0.5460599334073252,0.34525,0.3571428571428571
0.6486486486486527,0.009009009009009,0.0,0.0381278024246162,0.469047619047619,0.220865704772475,0.11575,0.3571428571428571
0.9459459459459438,0.079079079079079,0.0,0.0148272198253218,0.0,0.0,0.0,0.0
0.8648648648648631,0.0365365365365365,0.0,0.0283839224285476,0.4857142857142856,0.3462819089900111,0.22925,0.3571428571428571
0.7837837837837824,0.029029029029029,0.0,0.0338913328611081,0.0,0.0,0.0,0.0
0.9189189189189192,0.0650650650650651,0.0,0.0347386267738097,0.4402380952380951,0.4142619311875694,0.25,0.5
0.9189189189189192,0.0670670670670671,0.0,0.0194873363451806,0.0,0.0,0.0,0.0
0.6756756756756772,0.024024024024024,0.0,0.0347386267738097,0.0,0.0,0.0,0.0
0.9459459459459438,0.0815815815815815,0.0,0.0148272198253218,0.5785714285714285,0.3462819089900111,0.22125,0.3571428571428571
0.8918918918918948,0.034034034034034,0.0,0.0508372111151403,0.5809523809523809,0.3107658157602663,0.1775,0.3571428571428571
0.9189189189189192,0.064064064064064,0.0,0.0169454546070758,0.0,0.0,0.0,0.0
0.9189189189189192,0.044044044044044,0.0,0.0238466635260304,0.5714285714285714,0.3290788013318535,0.184925,0.3571428571428571
0.9189189189189192,0.0947947947947948,0.0,0.0254183937340919,0.509047619047619,0.3873473917869034,0.22175,0.3571428571428571
0.7027027027027017,0.017017017017017,0.0,0.0360095676428621,0.5023809523809524,0.3462819089900111,0.18475,0.3571428571428571
0.7567567567567579,0.059059059059059,0.0,0.0974383763137291,0.3333333333333333,0.693118756936737,0.28,0.5
0.8918918918918948,0.0525525525525525,0.0,0.022283406257096,0.0,0.0,0.0,0.0
0.8648648648648631,0.064064064064064,0.0,0.0241474528650396,0.563095238095238,0.3462819089900111,0.22125,0.3571428571428571
0.9729729729729756,0.054054054054054,0.0,0.0254183937340919,0.0,0.0,0.0,0.0
0.6756756756756772,0.012012012012012,0.0,0.0127089850435678,0.4716666666666666,0.3013318534961154,0.1701249999999999,0.3571428571428571
0.8648648648648631,0.043043043043043,0.0,0.0466007415516323,0.633095238095238,0.3462819089900111,0.185,0.3571428571428571
0.8918918918918948,0.034034034034034,0.0,0.0084725154800597,0.0,0.0,0.0,0.0
0.8108108108108141,0.023023023023023,0.0,0.046141508250948,0.4883333333333333,0.2769145394006659,0.1676,0.3571428571428571
0.9729729729729756,0.054054054054054,0.0,0.0042360459165516,0.0,0.0,0.0,0.0
0.7567567567567579,0.016016016016016,0.0,0.0741377937144348,0.5023809523809524,0.3462819089900111,0.18475,0.3571428571428571
0.7297297297297334,0.014014014014014,0.0,0.0720195589326807,0.3659523809523809,0.3318534961154273,0.1825,0.3571428571428571
0.9189189189189192,0.0670670670670671,0.0,0.0300785102539508,0.6521428571428571,0.3462819089900111,0.185,0.3571428571428571
0.7297297297297334,0.0810809809809809,0.0,0.0508372111151403,0.0,0.0,0.0,0.0
0.8918918918918948,0.033033033033033,0.0,0.0127089850435678,0.0,0.0,0.0,0.0
0.7567567567567579,0.054054054054054,0.0,0.0228765119959871,0.0,0.0,0.0,0.0
0.9459459459459438,0.1856855855855855,0.0,0.0211819241705839,0.3492857142857142,0.4988901220865704,0.44365,0.3571428571428571
0.9189189189189192,0.0570570570570571,0.0,0.0402460372063702,0.38,0.7000554938956715,0.1574999999999999,0.6428571428571428
0.8918918918918948,0.039039039039039,0.0,0.0105907502618137,0.4183333333333333,0.3310210876803551,0.22175,0.3571428571428571
0.7837837837837824,0.028028028028028,0.0,0.0105907502618137,0.3714285714285714,0.3318534961154273,0.175,0.3571428571428571
0.8108108108108141,0.0415415415415415,0.0,0.0279602754721968,0.0,0.0,0.0,0.0
0.7297297297297334,0.017017017017017,0.0,0.0466007415516323,0.4761904761904761,0.3881798002219755,0.17,0.3571428571428571
0.8108108108108141,0.0385385385385385,0.0,0.0148272198253218,0.3404761904761905,0.4433962264150943,0.25875,0.3571428571428571
0.8918918918918948,0.1991991991991992,0.0,0.0288452739640137,0.4561904761904761,0.6920088790233074,0.39425,0.3571428571428571
0.9189189189189192,0.0405405405405405,0.0,0.0063542806983056,0.4183333333333333,0.3310210876803551,0.22175,0.3571428571428571
0.7567567567567579,0.014014014014014,0.0,0.0423642719881242,0.0,0.0,0.0,0.0
0.9189189189189192,0.0860859859859859,0.0,0.0254183937340919,0.5785714285714285,0.3462819089900111,0.22125,0.3571428571428571
0.7567567567567579,0.0201201201201201,0.0,0.0182706222865411,0.0,0.0,0.0,0.0
0.7837837837837824,0.029029029029029,0.0,0.0326203919920556,0.4857142857142856,0.3462819089900111,0.22925,0.3571428571428571
0.8108108108108141,0.029029029029029,0.0,0.0349504502519851,0.4833333333333333,0.3462819089900111,0.1875,0.3571428571428571
0.8108108108108141,0.064064064064064,0.0,0.0363103569818712,0.3595238095238094,0.6046059933407325,0.35,0.5
0.6756756756756772,0.0065592592592592,0.0,0.0338913328611081,0.3809523809523809,0.2760821309655938,0.1574999999999999,0.3571428571428571
0.7837837837837824,0.044044044044044,0.0,0.0381278024246162,0.489047619047619,0.4433962264150943,0.259,0.3571428571428571
0.8648648648648631,0.029029029029029,0.0,0.0381278024246162,0.0,0.0,0.0,0.0
0.9189189189189192,0.2617617617617618,0.0,0.0038123989602008,0.3238095238095237,0.554661487236404,0.4425,0.3571428571428571
0.7837837837837824,0.027027027027027,0.0,0.0466007415516323,0.0,0.0,0.0,0.0
0.6756756756756772,0.015015015015015,0.0,0.0338913328611081,0.0,0.0,0.0,0.0
0.8108108108108141,0.001001001001001,0.0179409378804686,0.0101671033054629,0.0,0.0,0.0,0.0
0.9189189189189192,0.0285285285285285,0.0,0.0148272198253218,0.588095238095238,0.220865704772475,0.1182499999999999,0.3571428571428571
0.7567567567567579,0.036036036036036,0.0,0.0389170567042977,0.38,0.7000554938956715,0.15525,0.5
0.6756756756756772,0.015015015015015,0.0,0.0423642719881242,0.3309523809523809,0.4436736958934517,0.258,0.3571428571428571
0.9459459459459438,0.0450449449449449,0.0,0.0169454546070758,0.0,0.0,0.0,0.0
0.9729729729729756,0.064064064064064,0.0,0.0023808958946914,0.5238095238095237,0.3321309655937847,0.2045,0.3571428571428571
0.8918918918918948,0.049049049049049,0.0,0.0160981606943742,0.0,0.0,0.0,0.0
0.7837837837837824,0.0575575575575575,0.5136628522392637,0.0305021572103016,0.0,0.0,0.0,0.0
0.621621621621621,0.0148148148148148,0.0,0.0593101502421565,0.4214285714285714,0.4153718091009989,0.195,0.3571428571428571
0.8648648648648631,0.049049049049049,0.0,0.0211819241705839,0.5809523809523809,0.3107658157602663,0.1775,0.3571428571428571
0.7297297297297334,0.0115115115115115,0.0,0.0254183937340919,0.0,0.0,0.0,0.0
0.8378378378378386,0.1841841841841842,0.0,0.0322522427869868,0.3147619047619047,0.8232519422863486,0.6035,0.3571428571428571
0.8648648648648631,0.049049049049049,0.0,0.0152508667816726,0.4092857142857143,0.3321309655937847,0.20465,0.3571428571428571
0.567567567567572,0.024024024024024,0.0,0.0508372111151403,0.319047619047619,0.6553829078801332,0.41175,0.3571428571428571
0.5945945945945965,0.007007007007007,0.0,0.0239695211433722,0.0,0.0,0.0,0.0
0.8648648648648631,0.1341341341341341,0.0,0.0399854943282145,0.3092857142857143,0.6920088790233074,0.2515,0.5714285714285714
0.7837837837837824,0.0175175175175175,0.0,0.0254183937340919,0.469047619047619,0.220865704772475,0.11575,0.3571428571428571
0.8648648648648631,0.0365365365365365,0.0,0.0296548632976,0.0,0.0,0.0,0.0
0.9729729729729756,0.5145145145145146,0.0,0.0084725154800597,0.5326190476190477,0.6900665926748057,0.5364,0.3571428571428571
0.8648648648648631,0.0520520520520521,0.0,0.0741377937144348,0.0,0.0,0.0,0.0
0.9729729729729756,0.0750750750750751,0.0,0.001270517222096,0.5002380952380953,0.3321309655937847,0.2045,0.3571428571428571
0.8378378378378386,0.0620620620620621,0.0,0.0237238059086887,0.5976190476190476,0.4156492785793563,0.2465,0.3571428571428571
0.9729729729729756,0.3793793793793794,0.0,0.0084725154800597,0.4285714285714285,0.5463374028856826,0.475,0.3571428571428571
0.8378378378378386,0.054054054054054,0.2224676297178111,0.0190636893888299,0.0,0.0,0.0,0.0
0.7567567567567579,0.0225225225225225,0.0,0.0338913328611081,0.4847619047619047,0.3321309655937847,0.19725,0.3571428571428571
0.9729729729729756,0.044044044044044,0.0,0.0254183937340919,0.5223809523809524,0.3318534961154273,0.15425,0.3571428571428571
0.9459459459459438,0.0442441441441441,0.0,0.0127089850435678,0.55,0.2769145394006659,0.1676,0.3571428571428571
0.9189189189189192,0.0483483483483483,0.0,0.0169454546070758,0.4833333333333333,0.3326859045504994,0.2099999999999999,0.3571428571428571
0.7837837837837824,0.012012012012012,0.0,0.0254183937340919,0.530952380952381,0.3462819089900111,0.185,0.3571428571428571
0.8918918918918948,0.3493493493493493,0.0,0.0224528650396363,0.0,0.0,0.0,0.0
0.9189189189189192,0.063063063063063,0.0,0.0237238059086887,0.0,0.0,0.0,0.0
0.567567567567572,0.0055055055055055,0.0,0.0239068213938323,0.3833333333333333,0.220865704772475,0.0925,0.2857142857142857
0.8918918918918948,0.1991991991991992,0.0,0.0288452739640137,0.4561904761904761,0.6920088790233074,0.39425,0.3571428571428571
0.9189189189189192,0.051051051051051,0.0,0.0044521058642905,0.0,0.0,0.0,0.0
0.9189189189189192,0.071071071071071,0.0,0.0148272198253218,0.0,0.0,0.0,0.0
0.8378378378378386,0.084084084084084,0.0,0.0220292180832855,0.0,0.0,0.0,0.0
0.7297297297297334,0.029029029029029,0.0,0.0508372111151403,0.4476190476190476,0.3462819089900111,0.2249999999999999,0.3571428571428571
0.8918918918918948,0.0465465465465465,0.0,0.0466007415516323,0.5523809523809523,0.3462819089900111,0.1848499999999999,0.3571428571428571
0.8648648648648631,0.0255255255255255,0.0,0.0139515415665447,0.0,0.0,0.0,0.0
0.8648648648648631,0.029029029029029,0.0,0.0148272198253218,0.3659523809523809,0.3318534961154273,0.1825,0.5
0.7567567567567579,0.031031031031031,0.0,0.0423642719881242,0.0,0.0,0.0,0.0
0.6486486486486527,0.009009009009009,0.0,0.016521807650725,0.0,0.0,0.0,0.0
0.8108108108108141,0.0188188188188188,0.0,0.0209701006924085,0.5023809523809524,0.2258601553829078,0.138,0.3571428571428571
0.9189189189189192,0.0520520520520521,0.0,0.0275010421715125,0.0,0.0,0.0,0.0
0.7027027027027017,0.013013013013013,0.0,0.0466007415516323,0.3738095238095237,0.3251942286348501,0.1674999999999999,0.3571428571428571
0.9729729729729756,0.0475474474474474,0.0,0.0020648552652537,0.5149999999999999,0.2769145394006659,0.1676,0.3571428571428571
0.8648648648648631,0.024024024024024,0.0,0.0656648545874186,0.530952380952381,0.3462819089900111,0.185,0.3571428571428571
0.8918918918918948,0.029029029029029,0.0,0.0211819241705839,0.5414285714285714,0.220865704772475,0.1182499999999999,0.3571428571428571
0.9729729729729756,0.5145145145145146,0.0,0.0084725154800597,0.5326190476190477,0.6900665926748057,0.5364,0.3571428571428571
0.8918918918918948,0.048048048048048,0.0,0.0423642719881242,0.6495238095238095,0.2905105438401776,0.1725,0.3571428571428571
0.621621621621621,0.0085085085085085,0.0,0.0466007415516323,0.0,0.0,0.0,0.0
0.8918918918918948,0.034034034034034,0.0,0.0105907502618137,0.4883333333333333,0.2769145394006659,0.1676,0.3571428571428571
0.8108108108108141,0.0475474474474474,0.0,0.0211819241705839,0.6142857142857143,0.4156492785793563,0.2465,0.3571428571428571
0.7027027027027017,0.017017017017017,0.0,0.0128678526521993,0.0,0.0,0.0,0.0
0.8108108108108141,0.0520520520520521,0.0,0.0508372111151403,0.557142857142857,0.3462819089900111,0.185,0.3571428571428571
0.7297297297297334,0.011011011011011,0.0,0.0720195589326807,0.2595238095238095,0.220865704772475,0.0819999999999999,0.3571428571428571
0.7567567567567579,0.016016016016016,0.0,0.0338913328611081,0.4238095238095238,0.3881798002219755,0.17,0.3571428571428571
0.7567567567567579,0.0425424424424424,0.0,0.0410933311190718,0.0,0.0,0.0,0.0
0.9189189189189192,0.1441441441441441,0.0,0.0029651050474992,0.3459523809523809,0.497780244173141,0.34525,0.3571428571428571
0.8648648648648631,0.1266266266266266,0.0,0.0271129815594952,0.2714285714285714,0.8193673695893452,0.38465,0.5
0.9459459459459438,0.1191191191191191,0.0,0.0211819241705839,0.4119047619047619,0.4153718091009989,0.3025,0.5
0.8378378378378386,0.0405405405405405,0.0,0.0344666454278325,0.0,0.0,0.0,0.0
0.7837837837837824,0.038038038038038,0.0,0.0381278024246162,0.0,0.0,0.0,0.0
0.9729729729729756,0.0885884884884884,0.0,0.0040894640696542,0.4657142857142856,0.3321309655937847,0.2045,0.3571428571428571
0.9189189189189192,0.0742742742742743,0.0,0.0118616911308661,0.6521428571428571,0.3462819089900111,0.185,0.3571428571428571
0.8918918918918948,0.044044044044044,0.0,0.0166976211376106,0.0,0.0,0.0,0.0
1.0,0.063063063063063,0.0,0.0016941641784468,0.0,0.0,0.0,0.0
0.8108108108108141,0.099099099099099,0.0,0.0169454546070758,0.2661904761904761,0.7480577136514983,0.46,0.5
0.6756756756756772,0.0115115115115115,0.0,0.0643939137183662,0.0,0.0,0.0,0.0
0.8378378378378386,0.054054054054054,0.0,0.0338066034698379,0.0,0.0,0.0,0.0
0.6756756756756772,0.009009009009009,0.0,0.0508372111151403,0.4545238095238095,0.3873473917869034,0.1725,0.3571428571428571
0.9459459459459438,0.0565565565565565,0.0,0.0042360459165516,0.4973809523809523,0.3321309655937847,0.2045,0.3571428571428571
0.9189189189189192,0.033033033033033,0.0,0.0105907502618137,0.5992857142857143,0.2216981132075471,0.1332499999999999,0.3571428571428571
0.9459459459459438,0.059059059059059,0.0,0.0295612373202465,0.5238095238095237,0.3321309655937847,0.2045,0.3571428571428571
0.7567567567567579,0.0005005005005005,0.0157325464345974,0.0148272198253218,0.0,0.0,0.0,0.0
0.8108108108108141,0.0339339339339339,0.0,0.0508372111151403,0.0,0.0,0.0,0.0
0.7297297297297334,0.03003003003003,0.0,0.0423642719881242,0.0,0.0,0.0,0.0
0.8378378378378386,0.049049049049049,0.0,0.0148272198253218,0.0,0.0,0.0,0.0
0.8648648648648631,0.044044044044044,0.2125311102763208,0.0171945590174101,0.0,0.0,0.0,0.0
0.7027027027027017,0.0115115115115115,0.0,0.0508372111151403,0.4499999999999999,0.2943951165371809,0.1674999999999999,0.3571428571428571
0.567567567567572,0.005005005005005,0.0,0.0478716824206847,0.469047619047619,0.220865704772475,0.11575,0.3571428571428571
0.6486486486486527,0.011011011011011,0.0,0.0226697722812879,0.469047619047619,0.220865704772475,0.11575,0.3571428571428571
0.5945945945945965,0.009009009009009,0.0,0.0423642719881242,0.3119047619047618,0.4142619311875694,0.205,0.3571428571428571
0.8378378378378386,0.023023023023023,0.0,0.0381278024246162,0.0,0.0,0.0,0.0
0.9459459459459438,0.094094094094094,0.0,0.0090630793372127,0.0,0.0,0.0,0.0
0.6756756756756772,0.014014014014014,0.0,0.0211819241705839,0.0,0.0,0.0,0.0
0.8648648648648631,0.0400399399399399,0.0,0.0254183937340919,0.6142857142857143,0.4156492785793563,0.2465,0.3571428571428571
0.9459459459459438,0.0755755755755756,0.0,0.0249947467777412,0.6761904761904761,0.3462819089900111,0.18505,0.3571428571428571
0.7837837837837824,0.016016016016016,0.0,0.0720195589326807,0.0,0.0,0.0,0.0
0.9189189189189192,0.049049049049049,0.0,0.0116498676526907,0.4499999999999999,0.3321309655937847,0.20465,0.3571428571428571
0.8108108108108141,0.1571571571571571,0.0,0.036433214599213,0.0,0.0,0.0,0.0
0.7837837837837824,0.024024024024024,0.0,0.0410933311190718,0.4619047619047618,0.332408435072142,0.2169999999999999,0.3571428571428571
0.8648648648648631,0.0400399399399399,0.0,0.0245710998213903,0.0,0.0,0.0,0.0
0.7567567567567579,0.0365365365365365,0.0,0.0305021572103016,0.0,0.0,0.0,0.0
0.9189189189189192,0.064064064064064,0.0,0.00338875200385,0.4428571428571429,0.3321309655937847,0.204575,0.3571428571428571
0.9459459459459438,0.079079079079079,0.0,0.0157427208979959,0.5404761904761904,0.4156492785793563,0.2246,0.3571428571428571
0.7837837837837824,0.038038038038038,0.0,0.0338913328611081,0.3316666666666666,0.6046059933407325,0.345075,0.5
0.8108108108108141,0.044044044044044,0.0,0.0309258041666524,0.0,0.0,0.0,0.0
0.3243243243243228,0.015015015015015,0.0,0.0381278024246162,0.0,0.0,0.0,0.0
0.5945945945945965,0.009009009009009,0.0,0.0127089850435678,0.0,0.0,0.0,0.0
0.8108108108108141,0.089089089089089,0.0,0.0296548632976,0.3054761904761904,0.7480577136514983,0.405,0.5
0.8648648648648631,0.0575575575575575,0.0,0.0211819241705839,0.394047619047619,0.693118756936737,0.2625,0.5
0.8918918918918948,0.0095095095095095,0.0347778180452161,0.0024143640042432,0.0,0.0,0.0,0.0
0.8108108108108141,0.0515515515515515,0.0,0.0302903337321263,0.0,0.0,0.0,0.0
0.7567567567567579,0.035035035035035,0.0,0.0423642719881242,0.3214285714285714,0.6046059933407325,0.2875,0.3571428571428571
0.9189189189189192,0.0670670670670671,0.0,0.018640042432479,0.0,0.0,0.0,0.0
0.8378378378378386,0.046046046046046,0.0,0.0377041554682653,0.5452380952380952,0.3462819089900111,0.185,0.3571428571428571
0.8108108108108141,0.021021021021021,0.0,0.0338913328611081,0.5483333333333333,0.3873473917869034,0.1725,0.3571428571428571
0.621621621621621,0.014014014014014,0.0,0.0449061537262291,0.4119047619047619,0.275527192008879,0.15,0.3571428571428571
0.8378378378378386,0.059059059059059,0.0,0.0381278024246162,0.3233333333333333,0.6933962264150944,0.181,0.6428571428571428
0.8918918918918948,0.074074074074074,0.0,0.0296548632976,0.3666666666666666,0.5541065482796892,0.3,0.5
0.8108108108108141,0.0570570570570571,0.0,0.0191755321853064,0.0,0.0,0.0,0.0
0.7837837837837824,0.029029029029029,0.0,0.0228765119959871,0.4761904761904761,0.3881798002219755,0.17,0.3571428571428571
0.9459459459459438,0.094094094094094,0.0,0.0241474528650396,0.5976190476190476,0.3462819089900111,0.22125,0.3571428571428571
0.9189189189189192,0.034034034034034,0.0,0.0101671033054629,0.6495238095238095,0.2905105438401776,0.1725,0.3571428571428571
0.5135135135135158,0.003003003003003,0.0,0.0338913328611081,0.3833333333333333,0.220865704772475,0.0925,0.2857142857142857
0.7297297297297334,0.031031031031031,0.0,0.0381278024246162,0.0,0.0,0.0,0.0
0.7567567567567579,0.021021021021021,0.0,0.0941762947498279,0.5254761904761904,0.3326859045504994,0.18475,0.3571428571428571
0.7567567567567579,0.054054054054054,0.0,0.0296548632976,0.2869047619047619,0.6046059933407325,0.3,0.6428571428571428
0.8648648648648631,0.1241241241241241,0.0,0.0677830893691726,0.3214285714285714,0.687291897891232,0.445,0.5
0.8918918918918948,0.054054054054054,0.0,0.023933087505126,0.4333333333333333,0.3326859045504994,0.22175,0.3571428571428571
0.7567567567567579,0.0146146146146146,0.0,0.0466007415516323,0.4266666666666667,0.3013318534961154,0.15525,0.3571428571428571
0.9459459459459438,0.059059059059059,0.0,0.0169454546070758,0.4523809523809523,0.3321309655937847,0.2145,0.3571428571428571
0.8648648648648631,0.0275275275275275,0.0,0.0296548632976,0.4547619047619047,0.3898446170921198,0.175,0.3571428571428571
0.9189189189189192,0.068068068068068,0.0,0.0084725154800597,0.4428571428571429,0.3321309655937847,0.204575,0.3571428571428571
0.4054054054054035,0.099099099099099,0.0,0.0148272198253218,0.0,0.0,0.0,0.0
0.6756756756756772,0.0315315315315315,0.0,0.0508372111151403,0.0,0.0,0.0,0.0
0.9729729729729756,0.076976976976977,0.0,0.0029786617501024,0.4523809523809523,0.3326859045504994,0.2219,0.3571428571428571
0.621621621621621,0.1041041041041041,0.0,0.0127089850435678,0.0,0.0,0.0,0.0
0.7027027027027017,0.011011011011011,0.0,0.0466007415516323,0.4333333333333333,0.2943951165371809,0.16,0.3571428571428571
0.9189189189189192,0.0615615615615615,0.0,0.0211819241705839,0.6047619047619047,0.3290788013318535,0.184925,0.3571428571428571
0.9189189189189192,0.049049049049049,0.0,0.0084725154800597,0.2847619047619047,0.3601553829078801,0.2,0.5714285714285714
0.7837837837837824,0.054054054054054,0.0,0.036433214599213,0.4526190476190476,0.4053829078801332,0.271125,0.3571428571428571
0.9729729729729756,0.084084084084084,0.0,0.0211819241705839,0.0,0.0,0.0,0.0
0.9189189189189192,0.0375375375375375,0.0,0.0127089850435678,0.4911904761904761,0.332408435072142,0.16765,0.3571428571428571
0.9729729729729756,0.074074074074074,0.0,0.0027532815693238,0.505,0.3321309655937847,0.2045,0.3571428571428571
0.8648648648648631,0.099099099099099,0.0,0.0466007415516323,0.4869047619047618,0.4053829078801332,0.2095,0.3571428571428571
0.7567567567567579,0.042042042042042,0.0,0.0508372111151403,0.2869047619047619,0.6046059933407325,0.3,0.5714285714285714
0.7297297297297334,0.069069069069069,0.0,0.0482953293770355,0.3404761904761905,0.4988901220865704,0.4,0.3571428571428571
0.8378378378378386,0.0545545545545546,0.0,0.062393876437434,0.4047619047619047,0.6104328523862376,0.347525,0.5
0.7837837837837824,0.0122122122122122,0.0,0.0349534157806796,0.3316666666666666,0.6046059933407325,0.345075,0.5
0.8378378378378386,0.0211211211211211,0.0,0.0556519587740673,0.0,0.0,0.0,0.0
0.621621621621621,0.007007007007007,0.0,0.028175488126023,0.0,0.0,0.0,0.0
0.5945945945945965,0.015015015015015,0.0,0.1270936632582856,0.3238095238095237,0.7000554938956715,0.1574999999999999,0.5
0.7837837837837824,0.014014014014014,0.0,0.0236246725209026,0.0,0.0,0.0,0.0
0.7837837837837824,0.044044044044044,0.0,0.0254183937340919,0.0,0.0,0.0,0.0
0.7567567567567579,0.029029029029029,0.0,0.0423642719881242,0.0,0.0,0.0,0.0
0.8648648648648631,0.0565565565565565,0.2070108216977151,0.018640042432479,0.0,0.0,0.0,0.0
0.7567567567567579,0.038038038038038,0.0,0.0508372111151403,0.3238095238095237,0.7000554938956715,0.1574999999999999,0.5
0.7297297297297334,0.014014014014014,0.0,0.0447138180080458,0.0,0.0,0.0,0.0
0.5945945945945965,0.007007007007007,0.0,0.0239695211433722,0.0,0.0,0.0,0.0
0.7297297297297334,0.024024024024024,0.0,0.0338913328611081,0.5254761904761904,0.3326859045504994,0.18475,0.3571428571428571
0.7567567567567579,0.054054054054054,0.0,0.1059113154407452,0.3047619047619048,0.6920088790233074,0.255,0.5
0.9729729729729756,0.044044044044044,0.0,0.0169454546070758,0.0,0.0,0.0,0.0
0.8378378378378386,0.0315315315315315,0.0,0.0340277471810531,0.4238095238095238,0.3881798002219755,0.1674999999999999,0.3571428571428571
0.7837837837837824,0.0789789789789789,0.0,0.0258844053860778,0.3404761904761905,0.5460599334073252,0.35,0.3571428571428571
0.9459459459459438,0.054054054054054,0.0,0.0508372111151403,0.6761904761904761,0.3462819089900111,0.18505,0.3571428571428571
0.7567567567567579,0.027027027027027,0.0,0.0084725154800597,0.4428571428571429,0.3321309655937847,0.2145,0.3571428571428571
0.7567567567567579,0.018018018018018,0.0,0.0199109833015315,0.4404761904761904,0.3321309655937847,0.2145,0.3571428571428571
0.8648648648648631,0.0570570570570571,0.0,0.0466007415516323,0.3233333333333333,0.6933962264150944,0.181,0.7142857142857142
0.9189189189189192,0.1091091091091091,0.0,0.0084725154800597,0.3357142857142857,0.6046059933407325,0.36985,0.5
0.8648648648648631,0.048048048048048,0.0,0.0131665237564266,0.0,0.0,0.0,0.0
0.7297297297297334,0.089089089089089,0.0,0.1016748458772372,0.2738095238095238,0.8274139844617092,0.4275,0.5
0.8918918918918948,0.039039039039039,0.0,0.0148272198253218,0.6495238095238095,0.2905105438401776,0.1725,0.3571428571428571
0.7297297297297334,0.0122122122122122,0.0,0.0444825067698783,0.469047619047619,0.220865704772475,0.11575,0.3571428571428571
0.7837837837837824,0.0349349349349349,0.0,0.0508372111151403,0.0,0.0,0.0,0.0
0.9459459459459438,0.069069069069069,0.0,0.0105907502618137,0.0,0.0,0.0,0.0
0.9189189189189192,0.059059059059059,0.0,0.0197021253520505,0.0,0.0,0.0,0.0
0.9729729729729756,0.044044044044044,0.0,0.0008256879179276,0.0,0.0,0.0,0.0
0.9459459459459438,0.059059059059059,0.0,0.0295612373202465,0.5238095238095237,0.3321309655937847,0.2045,0.3571428571428571
0.9189189189189192,0.0585585585585585,0.0,0.0114380441745153,0.0,0.0,0.0,0.0
0.6756756756756772,0.026026026026026,0.0,0.0466007415516323,0.3428571428571428,0.6046059933407325,0.3,0.5
0.8108108108108141,0.1191191191191191,0.0,0.0466007415516323,0.4073809523809523,0.5460599334073252,0.435825,0.3571428571428571
0.9189189189189192,0.0515515515515515,0.0,0.0042360459165516,0.4499999999999999,0.3321309655937847,0.20465,0.3571428571428571
0.8918918918918948,0.0750750750750751,0.0,0.0084725154800597,0.405,0.4414539400665926,0.3035,0.3571428571428571
0.7837837837837824,0.038038038038038,0.0,0.0508372111151403,0.5595238095238095,0.4156492785793563,0.22175,0.3571428571428571
0.9459459459459438,0.0275275275275275,0.0,0.0093198093927613,0.588095238095238,0.220865704772475,0.1182499999999999,0.3571428571428571
0.8108108108108141,0.041041041041041,0.0,0.0198326086146066,0.5261904761904762,0.3462819089900111,0.19225,0.3571428571428571
0.7837837837837824,0.064064064064064,0.0,0.0323196026530466,0.0,0.0,0.0,0.0
0.9459459459459438,0.071071071071071,0.0,0.0063542806983056,0.0,0.0,0.0,0.0
0.8648648648648631,0.046046046046046,0.0,0.038706080520035,0.0,0.0,0.0,0.0
0.9189189189189192,0.059059059059059,0.0,0.0148272198253218,0.4047619047619047,0.3321309655937847,0.2,0.3571428571428571
0.7837837837837824,0.0365365365365365,0.1874137972436647,0.0148272198253218,0.0,0.0,0.0,0.0
0.7837837837837824,0.044044044044044,0.0,0.0139799259126202,0.0,0.0,0.0,0.0
0.8108108108108141,0.0415415415415415,0.0,0.0305021572103016,0.0,0.0,0.0,0.0
0.7567567567567579,0.0295295295295295,0.0,0.0224528650396363,0.0,0.0,0.0,0.0
0.8648648648648631,0.064064064064064,0.0,0.0338913328611081,0.6190476190476191,0.4156492785793563,0.2465,0.3571428571428571
0.8918918918918948,0.039039039039039,0.0,0.0084725154800597,0.4883333333333333,0.2769145394006659,0.1676,0.3571428571428571
0.7837837837837824,0.019019019019019,0.0,0.0338913328611081,0.4952380952380952,0.4053829078801332,0.1624999999999999,0.3571428571428571
0.9189189189189192,0.0970970970970971,0.0,0.0224528650396363,0.419047619047619,0.6046059933407325,0.36985,0.5
0.7567567567567579,0.0155155155155155,0.0,0.0410933311190718,0.4716666666666666,0.3013318534961154,0.1701249999999999,0.3571428571428571
0.7027027027027017,0.035035035035035,0.0,0.0720195589326807,0.0,0.0,0.0,0.0
0.7027027027027017,0.008008008008008,0.0483025250628001,0.0169454546070758,0.0,0.0,0.0,0.0
0.9729729729729756,0.076976976976977,0.0,0.0029786617501024,0.4523809523809523,0.3326859045504994,0.2219,0.3571428571428571
0.8918918918918948,0.0635635635635635,0.0,0.0046596928729024,0.3404761904761905,0.4433962264150943,0.25875,0.3571428571428571
0.4324324324324351,0.005005005005005,0.0,0.0148272198253218,0.0,0.0,0.0,0.0
0.8918918918918948,0.064064064064064,0.0,0.0550736806786484,0.4154761904761904,0.4142619311875694,0.25,0.5
0.9459459459459438,0.1216216216216216,0.0,0.0093198093927613,0.0,0.0,0.0,0.0
0.6486486486486527,0.0115115115115115,0.0,0.0423642719881242,0.0,0.0,0.0,0.0
0.8648648648648631,0.023023023023023,0.0,0.0466007415516323,0.4547619047619047,0.3898446170921198,0.175,0.3571428571428571
0.9459459459459438,0.089089089089089,0.0,0.0105907502618137,0.5476190476190476,0.4156492785793563,0.2473999999999999,0.3571428571428571
0.9459459459459438,0.1256256256256256,0.0,0.0050833398292532,0.485,0.4053829078801332,0.271125,0.3571428571428571
0.8108108108108141,0.0335335335335335,0.1669887295028235,0.0199109833015315,0.0,0.0,0.0,0.0
0.9459459459459438,0.0770770770770771,0.0,0.0105907502618137,0.0,0.0,0.0,0.0
0.8648648648648631,0.019019019019019,0.0,0.0211819241705839,0.0,0.0,0.0,0.0
0.7297297297297334,0.018018018018018,0.0,0.0423642719881242,0.4476190476190476,0.3462819089900111,0.2249999999999999,0.3571428571428571
0.9459459459459438,0.089089089089089,0.0,0.0189670978827818,0.5476190476190476,0.4156492785793563,0.2473999999999999,0.3571428571428571
1.0,0.0400399399399399,0.0,0.0148272198253218,0.4971428571428571,0.3318534961154273,0.15425,0.3571428571428571
0.7837837837837824,0.028028028028028,0.0,0.0466007415516323,0.0,0.0,0.0,0.0
0.8378378378378386,0.025025025025025,0.0,0.0211819241705839,0.0,0.0,0.0,0.0
0.8648648648648631,0.0575575575575575,0.0,0.0101671033054629,0.0,0.0,0.0,0.0
0.9189189189189192,0.054054054054054,0.0,0.0084259143148611,0.0,0.0,0.0,0.0
0.7837837837837824,0.023023023023023,0.0,0.0847289676232049,0.5254761904761904,0.3326859045504994,0.18475,0.3571428571428571
0.8918918918918948,0.024024024024024,0.0,0.0084725154800597,0.5702380952380952,0.2769145394006659,0.167625,0.3571428571428571
0.4054054054054035,0.007007007007007,0.0,0.0296548632976,0.3333333333333333,0.220865704772475,0.0875,0.3571428571428571
0.9459459459459438,0.0915915915915915,0.0,0.0093198093927613,0.0,0.0,0.0,0.0
0.6756756756756772,0.0055055055055055,0.0,0.0423642719881242,0.4285714285714285,0.2760821309655938,0.155,0.3571428571428571
0.7837837837837824,0.059059059059059,0.0,0.0508372111151403,0.0,0.0,0.0,0.0
0.3783783783783789,0.004004004004004,0.0,0.0254183937340919,0.3833333333333333,0.220865704772475,0.0925,0.2857142857142857
0.621621621621621,0.009009009009009,0.0,0.0423642719881242,0.3809523809523809,0.2943951165371809,0.16,0.3571428571428571
0.9189189189189192,0.069069069069069,0.0,0.0148272198253218,0.6149999999999999,0.4156492785793563,0.2475,0.3571428571428571
0.6486486486486527,0.029029029029029,0.0,0.0423642719881242,0.0,0.0,0.0,0.0
0.9729729729729756,0.069069069069069,0.0,0.0027532815693238,0.4761904761904761,0.2771920088790233,0.18,0.5
0.7297297297297334,0.015015015015015,0.0,0.0433416255164255,0.0,0.0,0.0,0.0
0.5945945945945965,0.0105104104104104,0.0,0.0392483486241641,0.0,0.0,0.0,0.0
0.7837837837837824,0.049049049049049,0.0,0.0466007415516323,0.2714285714285714,0.8193673695893452,0.38465,0.5
0.8378378378378386,0.044044044044044,0.0,0.0423642719881242,0.4547619047619047,0.3321309655937847,0.2145,0.3571428571428571
0.8378378378378386,0.0970970970970971,0.0,0.0508372111151403,0.3595238095238094,0.6046059933407325,0.35,0.5
0.7027027027027017,0.007007007007007,0.0,0.0762560284961888,0.0,0.0,0.0,0.0
0.5945945945945965,0.005005005005005,0.0,0.0381278024246162,0.4119047619047619,0.275527192008879,0.15,0.3571428571428571
0.9729729729729756,0.068068068068068,0.0,0.0005515883371686,0.4238095238095238,0.332408435072142,0.21675,0.3571428571428571
0.9189189189189192,0.084084084084084,0.0,0.0227151025056174,0.5785714285714285,0.3462819089900111,0.22125,0.3571428571428571
0.9729729729729756,0.076976976976977,0.0,0.0029786617501024,0.4523809523809523,0.3326859045504994,0.2219,0.3571428571428571
0.9729729729729756,0.0515515515515515,0.0,0.0039818577427411,0.0,0.0,0.0,0.0
0.9189189189189192,0.034034034034034,0.0,0.0233001589523379,0.0,0.0,0.0,0.0
0.9189189189189192,0.044044044044044,0.0,0.0238466635260304,0.5714285714285714,0.3290788013318535,0.184925,0.3571428571428571
1.0,0.0535535535535535,0.0,0.0030921991344045,0.0,0.0,0.0,0.0
0.9729729729729756,0.029029029029029,0.0,0.0063542806983056,0.0,0.0,0.0,0.0
0.9189189189189192,0.3193193193193193,0.0,0.0190636893888299,0.4602380952380951,0.554661487236404,0.4425,0.3571428571428571
0.621621621621621,0.0055055055055055,0.0,0.0423642719881242,0.469047619047619,0.220865704772475,0.11575,0.3571428571428571
0.9729729729729756,0.0620620620620621,0.0,0.0063542806983056,0.6761904761904761,0.3462819089900111,0.185,0.3571428571428571
0.8648648648648631,0.0570570570570571,0.0,0.0313494511230033,0.5045238095238095,0.3873473917869034,0.221825,0.3571428571428571
0.8648648648648631,0.0235235235235235,0.0,0.0182163954761283,0.0,0.0,0.0,0.0
0.9459459459459438,0.094094094094094,0.0,0.0059306337419549,0.5119047619047619,0.4153718091009989,0.27125,0.3571428571428571
0.9729729729729756,0.076976976976977,0.0,0.0029786617501024,0.4523809523809523,0.3326859045504994,0.2219,0.3571428571428571
0.9189189189189192,0.044044044044044,0.0,0.0105907502618137,0.5676190476190476,0.3326859045504994,0.2099999999999999,0.3571428571428571
0.8918918918918948,0.064064064064064,0.0,0.0423642719881242,0.0,0.0,0.0,0.0
0.4054054054054035,0.0025025025025025,0.0,0.0169454546070758,0.3833333333333333,0.220865704772475,0.0925,0.2857142857142857
0.9729729729729756,0.1341341341341341,0.0,0.0022872699173379,0.5302380952380952,0.4156492785793563,0.2715,0.3571428571428571
0.8108108108108141,0.0315315315315315,0.0,0.0296548632976,0.4847619047619047,0.3321309655937847,0.19725,0.3571428571428571
0.7297297297297334,0.012012012012012,0.0,0.0508372111151403,0.4047619047619047,0.3898446170921198,0.175,0.3571428571428571
0.7837837837837824,0.024024024024024,0.0,0.0338913328611081,0.3642857142857142,0.8201997780244173,0.2095,0.5
0.8108108108108141,0.074074074074074,0.0,0.0336066421064403,0.3092857142857143,0.6920088790233074,0.2515,0.5
0.7567567567567579,0.069069069069069,0.0,0.1059113154407452,0.3047619047619048,0.6920088790233074,0.255,0.5
0.9459459459459438,0.0529529529529529,0.0,0.0254183937340919,0.5464285714285714,0.3462819089900111,0.185,0.3571428571428571
0.7567567567567579,0.034034034034034,0.0,0.0563446215477009,0.0,0.0,0.0,0.0
0.8648648648648631,0.0365365365365365,0.0,0.0338913328611081,0.38,0.7000554938956715,0.15525,0.5
0.8108108108108141,0.0315315315315315,0.0,0.0211819241705839,0.5152380952380953,0.4053829078801332,0.2119999999999999,0.3571428571428571
1.0,0.111011011011011,0.0,0.0004274597789579,0.0,0.0,0.0,0.0
0.4054054054054035,0.003003003003003,0.0,0.0296548632976,0.3833333333333333,0.220865704772475,0.0925,0.2857142857142857
0.8918918918918948,0.0325325325325325,0.0,0.0169454546070758,0.4911904761904761,0.332408435072142,0.1674999999999999,0.3571428571428571
0.9729729729729756,0.0665665665665665,0.0,0.0042360459165516,0.505,0.3321309655937847,0.2045,0.3571428571428571
0.9189189189189192,0.054054054054054,0.0,0.0042360459165516,0.4499999999999999,0.3321309655937847,0.20465,0.3571428571428571
0.8108108108108141,0.074074074074074,0.0,0.0336066421064403,0.3092857142857143,0.6920088790233074,0.2515,0.5
0.9459459459459438,0.073073073073073,0.0,0.0038123989602008,0.5095238095238095,0.3321309655937847,0.20775,0.3571428571428571
0.6486486486486527,0.024024024024024,0.0,0.0254183937340919,0.3952380952380953,0.3321309655937847,0.2125,0.3571428571428571
0.7567567567567579,0.0186186186186186,0.0,0.0466007415516323,0.4499999999999999,0.2769145394006659,0.1677499999999999,0.3571428571428571
0.567567567567572,0.016016016016016,0.0,0.0677830893691726,0.3119047619047618,0.4142619311875694,0.205,0.3571428571428571
0.9189189189189192,0.059059059059059,0.0,0.0148272198253218,0.4166666666666666,0.3809655937846837,0.22775,0.5
0.9459459459459438,0.079079079079079,0.0,0.0105907502618137,0.5095238095238095,0.3321309655937847,0.20775,0.3571428571428571
0.8108108108108141,0.0165165165165165,0.0,0.0288075693848984,0.6057142857142858,0.2597114317425083,0.144,0.3571428571428571
0.8648648648648631,0.089089089089089,0.0,0.0529554458968944,0.3092857142857143,0.6920088790233074,0.2515,0.5
0.6486486486486527,0.0165165165165165,0.0,0.0766796754525396,0.0,0.0,0.0,0.0
0.6756756756756772,0.0105104104104104,0.0,0.0282915673920631,0.0,0.0,0.0,0.0
0.7837837837837824,0.034034034034034,0.0,0.0296548632976,0.5119047619047619,0.3462819089900111,0.2219999999999999,0.3571428571428571
0.8648648648648631,0.1241241241241241,0.0,0.0677830893691726,0.3214285714285714,0.687291897891232,0.445,0.5
0.8918918918918948,0.019019019019019,0.0,0.0148272198253218,0.5404761904761904,0.2216981132075471,0.1341,0.3571428571428571
0.6486486486486527,0.021021021021021,0.0,0.0457534476389307,0.3309523809523809,0.4436736958934517,0.258,0.3571428571428571
0.8918918918918948,0.0346346346346346,0.0,0.0040903113635669,0.5992857142857143,0.2216981132075471,0.1332499999999999,0.3571428571428571
0.8648648648648631,0.0615615615615615,0.0,0.0050486007788325,0.0,0.0,0.0,0.0
0.9189189189189192,0.0715715715715715,0.0,0.0152508667816726,0.0,0.0,0.0,0.0
0.8378378378378386,0.017017017017017,0.0,0.0423642719881242,0.0,0.0,0.0,0.0
0.9729729729729756,0.089089089089089,0.0,0.0169454546070758,0.5785714285714285,0.3462819089900111,0.22125,0.3571428571428571
0.8378378378378386,0.058058058058058,0.0,0.0296548632976,0.4428571428571429,0.3321309655937847,0.204575,0.3571428571428571
0.621621621621621,0.0071071071071071,0.0,0.0353363926292207,0.0,0.0,0.0,0.0
0.9189189189189192,0.073073073073073,0.0,0.0103365620880032,0.6521428571428571,0.3462819089900111,0.185,0.3571428571428571
0.7837837837837824,0.0194194194194194,0.0,0.0466007415516323,0.4980952380952381,0.2769145394006659,0.1677499999999999,0.3571428571428571
0.7027027027027017,0.0115115115115115,0.0,0.0402460372063702,0.0,0.0,0.0,0.0
0.7837837837837824,0.044044044044044,0.0,0.0127089850435678,0.4166666666666666,0.3321309655937847,0.2145,0.3571428571428571
0.8378378378378386,0.054054054054054,0.0,0.0211819241705839,0.0,0.0,0.0,0.0
0.9189189189189192,0.054054054054054,0.0,0.0127089850435678,0.4833333333333333,0.3326859045504994,0.2099999999999999,0.3571428571428571
0.7027027027027017,0.029029029029029,0.0,0.0233001589523379,0.0,0.0,0.0,0.0
0.9189189189189192,0.021021021021021,0.0,0.0169454546070758,0.4,0.220865704772475,0.0855,0.5714285714285714
0.8108108108108141,0.035035035035035,0.0,0.0343149798174589,0.4526190476190476,0.4053829078801332,0.271125,0.3571428571428571
0.7567567567567579,0.017017017017017,0.0,0.0381278024246162,0.0,0.0,0.0,0.0
0.8378378378378386,0.036036036036036,0.0,0.0508372111151403,0.5033333333333333,0.4156492785793563,0.2588,0.3571428571428571
0.7837837837837824,0.0275275275275275,0.0,0.0338913328611081,0.0,0.0,0.0,0.0
0.8378378378378386,0.024024024024024,0.0,0.0254183937340919,0.5023809523809524,0.2258601553829078,0.138,0.3571428571428571
0.9189189189189192,0.049049049049049,0.0,0.0317730980793541,0.638095238095238,0.3462819089900111,0.185,0.3571428571428571
0.8648648648648631,0.029029029029029,0.0,0.0203346302578822,0.0,0.0,0.0,0.0
0.8918918918918948,0.0715715715715715,0.0,0.0208502086037612,0.0,0.0,0.0,0.0
0.7567567567567579,0.099099099099099,0.0,0.0381278024246162,0.0,0.0,0.0,0.0
0.9189189189189192,0.0315315315315315,0.0,0.0097434563491121,0.588095238095238,0.220865704772475,0.1182499999999999,0.3571428571428571
0.8108108108108141,0.013013013013013,0.0,0.0423642719881242,0.4545238095238095,0.3873473917869034,0.1725,0.3571428571428571
0.9189189189189192,0.044044044044044,0.0,0.0127089850435678,0.0,0.0,0.0,0.0
0.8108108108108141,0.0515515515515515,0.0,0.0300785102539508,0.0,0.0,0.0,0.0
0.9459459459459438,0.1241241241241241,0.0,0.0127089850435678,0.0,0.0,0.0,0.0
0.7567567567567579,0.024024024024024,0.0,0.0296548632976,0.4847619047619047,0.3321309655937847,0.19725,0.3571428571428571
0.9459459459459438,0.0770770770770771,0.0,0.0491426232897371,0.5616666666666666,0.3784683684794672,0.167625,0.3571428571428571
0.8648648648648631,0.0620620620620621,0.0,0.0622756789366121,0.633095238095238,0.3462819089900111,0.185,0.3571428571428571
0.9459459459459438,0.0455455455455455,0.0,0.0105907502618137,0.0,0.0,0.0,0.0
0.7297297297297334,0.016016016016016,0.0,0.0317730980793541,0.469047619047619,0.220865704772475,0.11575,0.3571428571428571
0.8648648648648631,0.0145145145145145,0.0,0.0169454546070758,0.0,0.0,0.0,0.0
0.621621621621621,0.029029029029029,0.0,0.0508372111151403,0.0,0.0,0.0,0.0
0.8108108108108141,0.036036036036036,0.0,0.0254183937340919,0.0,0.0,0.0,0.0
0.7567567567567579,0.0265265265265265,0.0,0.0211819241705839,0.4428571428571429,0.3321309655937847,0.2145,0.3571428571428571
0.7567567567567579,0.023023023023023,0.0,0.0381278024246162,0.4595238095238095,0.3462819089900111,0.18475,0.3571428571428571
0.8378378378378386,0.069069069069069,0.0,0.0550736806786484,0.0,0.0,0.0,0.0
0.8378378378378386,0.053053053053053,0.0,0.0635466198056646,0.4526190476190476,0.4053829078801332,0.27125,0.3571428571428571
0.9189189189189192,0.069069069069069,0.0,0.0211819241705839,0.0,0.0,0.0,0.0
0.8378378378378386,0.0635635635635635,0.0,0.0636991327099509,0.5314285714285714,0.4389567147613762,0.3157999999999999,0.3571428571428571
0.7837837837837824,0.0470470470470471,0.0,0.0338913328611081,0.0,0.0,0.0,0.0
0.7837837837837824,0.0359359359359359,0.0,0.023828023059951,0.4428571428571429,0.3321309655937847,0.2145,0.3571428571428571
0.8918918918918948,0.1791791791791792,0.0,0.0599202018593016,0.0,0.0,0.0,0.0
0.7567567567567579,0.0245244244244244,0.0,0.0423642719881242,0.4833333333333333,0.3462819089900111,0.1875,0.3571428571428571
0.8378378378378386,0.0365365365365365,0.0,0.0220292180832855,0.4547619047619047,0.3321309655937847,0.20465,0.3571428571428571
0.7027027027027017,0.0265265265265265,0.0,0.0423642719881242,0.0,0.0,0.0,0.0
0.7567567567567579,0.024024024024024,0.0,0.0152508667816726,0.3659523809523809,0.3318534961154273,0.1825,0.3571428571428571
0.7567567567567579,0.017017017017017,0.0,0.0466007415516323,0.3659523809523809,0.3318534961154273,0.1825,0.5
0.7297297297297334,0.013013013013013,0.0,0.0254183937340919,0.4428571428571429,0.3326859045504994,0.1985,0.3571428571428571
0.6486486486486527,0.0055055055055055,0.0,0.0508372111151403,0.4095238095238094,0.3873473917869034,0.13375,0.3571428571428571
0.9189189189189192,0.054054054054054,0.0,0.0211819241705839,0.4964285714285714,0.3321309655937847,0.2078499999999999,0.3571428571428571
0.8648648648648631,0.059059059059059,0.0,0.0254183937340919,0.633095238095238,0.3462819089900111,0.185,0.3571428571428571
0.9459459459459438,0.0315315315315315,0.0,0.0423642719881242,0.5676190476190476,0.3326859045504994,0.2099999999999999,0.3571428571428571
1.0,0.059059059059059,0.0,0.0021178111347976,0.4973809523809523,0.3321309655937847,0.2045,0.3571428571428571
0.9729729729729756,0.5145145145145146,0.0,0.0084725154800597,0.5326190476190477,0.6900665926748057,0.5364,0.3571428571428571
0.8108108108108141,0.0400399399399399,0.0,0.0423642719881242,0.5523809523809523,0.3462819089900111,0.1848499999999999,0.3571428571428571
0.8378378378378386,0.0477477477477477,0.0,0.0148272198253218,0.4547619047619047,0.3321309655937847,0.2145,0.3571428571428571
0.7567567567567579,0.014014014014014,0.0,0.0296548632976,0.3928571428571428,0.3251942286348501,0.1624999999999999,0.3571428571428571
0.8108108108108141,0.03003003003003,0.0,0.0250371114733762,0.0,0.0,0.0,0.0
0.7837837837837824,0.0035035035035035,0.0,0.0148272198253218,0.0,0.0,0.0,0.0
0.621621621621621,0.011011011011011,0.0,0.018640042432479,0.3833333333333333,0.3601553829078801,0.2205,0.3571428571428571
0.9729729729729756,0.5395395395395396,0.0,0.0031769285256746,0.3995238095238095,0.5535516093229745,0.475,0.3571428571428571
0.9459459459459438,0.029029029029029,0.0,0.0215428713773948,0.0,0.0,0.0,0.0
0.7297297297297334,0.014014014014014,0.0,0.0211819241705839,0.0,0.0,0.0,0.0
0.8918918918918948,0.076076076076076,0.0,0.0042360459165516,0.0,0.0,0.0,0.0
0.7837837837837824,0.025025025025025,0.0,0.0169454546070758,0.0,0.0,0.0,0.0
0.9189189189189192,0.037037037037037,0.0,0.0080488685237088,0.0,0.0,0.0,0.0
0.9459459459459438,0.5995995995995996,0.0,0.0119277800560569,0.4069047619047619,0.8304661487236404,0.6535,0.2857142857142857
0.7027027027027017,0.0145145145145145,0.0,0.0508372111151403,0.5023809523809524,0.3462819089900111,0.18475,0.3571428571428571
0.9189189189189192,0.0389389389389389,0.0,0.0127089850435678,0.0,0.0,0.0,0.0
0.9729729729729756,0.051051051051051,0.0,0.0010841125613016,0.5714285714285714,0.3326859045504994,0.209525,0.3571428571428571
0.8108108108108141,0.032032032032032,0.0,0.0160981606943742,0.0,0.0,0.0,0.0
0.8648648648648631,0.0615615615615615,0.0,0.0381278024246162,0.6240476190476191,0.3462819089900111,0.22125,0.3571428571428571
0.8108108108108141,0.029029029029029,0.0,0.0254183937340919,0.0,0.0,0.0,0.0
0.8918918918918948,0.0635635635635635,0.0,0.0046596928729024,0.3404761904761905,0.4433962264150943,0.25875,0.3571428571428571
0.7567567567567579,0.0965965965965965,0.0,0.0508372111151403,0.2738095238095238,0.8274139844617092,0.4275,0.5
0.9729729729729756,0.064064064064064,0.0,0.0084725154800597,0.4833333333333333,0.3326859045504994,0.209525,0.3571428571428571
0.8648648648648631,0.059059059059059,0.0,0.0381278024246162,0.65,0.4156492785793563,0.2465,0.3571428571428571
0.7567567567567579,0.026026026026026,0.0,0.0254183937340919,0.4595238095238095,0.3462819089900111,0.18475,0.3571428571428571
0.8108108108108141,0.029029029029029,0.0,0.0169454546070758,0.4847619047619047,0.3321309655937847,0.19725,0.3571428571428571
0.7567567567567579,0.043043043043043,0.2210875575731596,0.0211819241705839,0.0,0.0,0.0,0.0
0.8648648648648631,0.0315315315315315,0.0,0.0338913328611081,0.0,0.0,0.0,0.0
0.8648648648648631,0.074074074074074,0.274358342356705,0.0063542806983056,0.0,0.0,0.0,0.0
0.9189189189189192,0.037037037037037,0.0,0.0211819241705839,0.55,0.2769145394006659,0.1676,0.3571428571428571
0.8108108108108141,0.035035035035035,0.0,0.0127089850435678,0.4404761904761904,0.3321309655937847,0.207125,0.3571428571428571
0.7297297297297334,0.039039039039039,0.0,0.0338913328611081,0.0,0.0,0.0,0.0
0.7027027027027017,0.0205205205205205,0.0,0.0254183937340919,0.4847619047619047,0.3321309655937847,0.19725,0.3571428571428571
0.7567567567567579,0.028028028028028,0.1874137972436647,0.0133885147615545,0.0,0.0,0.0,0.0
0.8648648648648631,0.0545545545545546,0.0,0.0084725154800597,0.3761904761904762,0.4159267480577137,0.275,0.3571428571428571
0.6756756756756772,0.014014014014014,0.0,0.0211819241705839,0.0,0.0,0.0,0.0
0.9459459459459438,0.089089089089089,0.0,0.011113954252907,0.394047619047619,0.693118756936737,0.2625,0.4285714285714285
0.9189189189189192,0.0745745745745746,0.0,0.0084725154800597,0.6761904761904761,0.3462819089900111,0.18505,0.3571428571428571
0.9459459459459438,0.034034034034034,0.0,0.018640042432479,0.588095238095238,0.220865704772475,0.1182499999999999,0.3571428571428571
0.8108108108108141,0.0305305305305305,0.0,0.0207582772142331,0.4404761904761904,0.3321309655937847,0.207125,0.3571428571428571
0.8648648648648631,0.0689689689689689,0.0,0.0127089850435678,0.0,0.0,0.0,0.0
0.7837837837837824,0.024024024024024,0.0,0.0423642719881242,0.4595238095238095,0.3462819089900111,0.18475,0.3571428571428571
0.8378378378378386,0.048048048048048,0.0,0.0508372111151403,0.5761904761904761,0.4156492785793563,0.2465,0.5
0.7027027027027017,0.029029029029029,0.0,0.0063542806983056,0.0,0.0,0.0,0.0
0.9189189189189192,0.054054054054054,0.0,0.0169454546070758,0.4973809523809523,0.3321309655937847,0.2045,0.3571428571428571
0.5135135135135158,0.005005005005005,0.0,0.0211819241705839,0.0,0.0,0.0,0.0
0.8918918918918948,0.02002002002002,0.0,0.0211819241705839,0.4428571428571429,0.3326859045504994,0.192,0.3571428571428571
0.9189189189189192,0.044044044044044,0.0,0.0042360459165516,0.55,0.2769145394006659,0.1676,0.3571428571428571
0.6756756756756772,0.0211211211211211,0.0,0.0148306090009726,0.0,0.0,0.0,0.0
0.8648648648648631,0.049049049049049,0.0,0.0408815076408964,0.4880952380952381,0.3462819089900111,0.2293,0.3571428571428571
0.7027027027027017,0.0175175175175175,0.0,0.0211819241705839,0.4523809523809523,0.2769145394006659,0.16525,0.3571428571428571
0.7567567567567579,0.0292292292292292,0.0,0.0436352128571767,0.4761904761904761,0.3881798002219755,0.17,0.3571428571428571
0.6756756756756772,0.0055055055055055,0.0,0.0423642719881242,0.4285714285714285,0.2760821309655938,0.155,0.3571428571428571
0.8108108108108141,0.0168168168168168,0.0,0.0296548632976,0.7252380952380952,0.220865704772475,0.1182499999999999,0.3571428571428571
0.9189189189189192,0.0770770770770771,0.0,0.0148272198253218,0.394047619047619,0.693118756936737,0.2625,0.4285714285714285
0.9459459459459438,0.0720720720720721,0.0,0.0010112452848093,0.4428571428571429,0.3321309655937847,0.204575,0.3571428571428571
0.8648648648648631,0.1041041041041041,0.0,0.0338913328611081,0.3666666666666666,0.6046059933407325,0.3,0.5
0.8918918918918948,0.039039039039039,0.0,0.0254183937340919,0.5523809523809523,0.3462819089900111,0.1848499999999999,0.3571428571428571
0.4864864864864842,0.0075075075075075,0.0,0.036433214599213,0.0,0.0,0.0,0.0
0.7837837837837824,0.039039039039039,0.0,0.023439115154021,0.0,0.0,0.0,0.0
0.9459459459459438,0.1641641641641641,0.0,0.0084725154800597,0.3257142857142857,0.663984461709212,0.3695,0.5714285714285714
0.9189189189189192,0.039039039039039,0.0,0.0254183937340919,0.0,0.0,0.0,0.0
0.5945945945945965,0.0045045045045045,0.0,0.016521807650725,0.469047619047619,0.220865704772475,0.11575,0.3571428571428571
0.9729729729729756,0.059059059059059,0.0,0.0076252215673581,0.505,0.3321309655937847,0.2045,0.3571428571428571
0.8648648648648631,0.0501501501501501,0.0,0.0245710998213903,0.0,0.0,0.0,0.0
0.9459459459459438,0.0601601601601601,0.0,0.0038123989602008,0.4547619047619047,0.3321309655937847,0.2145,0.3571428571428571
0.8918918918918948,0.1991991991991992,0.0,0.0296548632976,0.3261904761904761,0.552441731409545,0.4575,0.3571428571428571
0.8918918918918948,0.049049049049049,0.0,0.0423642719881242,0.4857142857142856,0.3321309655937847,0.2045,0.3571428571428571
0.6756756756756772,0.0505505505505505,0.0,0.0508372111151403,0.3533333333333333,0.5946170921198668,0.425,0.3571428571428571
0.8648648648648631,0.049049049049049,0.0,0.0466007415516323,0.0,0.0,0.0,0.0
0.8378378378378386,0.059059059059059,0.0,0.0127089850435678,0.0,0.0,0.0,0.0
0.621621621621621,0.009009009009009,0.0,0.0338913328611081,0.0,0.0,0.0,0.0
0.8108108108108141,0.0415415415415415,0.0,0.0258772033878199,0.0,0.0,0.0,0.0
0.8108108108108141,0.0125125125125125,0.0,0.0508372111151403,0.3671428571428571,0.3898446170921198,0.175,0.5
0.8108108108108141,0.1291291291291291,0.0,0.0593101502421565,0.4495238095238095,0.5535516093229745,0.46,0.3571428571428571
0.9189189189189192,0.027027027027027,0.0,0.0338913328611081,0.5464285714285714,0.3462819089900111,0.185,0.3571428571428571
0.8108108108108141,0.079079079079079,0.0,0.049566270246088,0.2661904761904761,0.7480577136514983,0.46,0.5
1.0,0.3193193193193193,0.0,0.001270517222096,0.3580952380952381,0.7644284128745839,0.43625,0.5
0.8648648648648631,0.0425424424424424,0.0,0.0423642719881242,0.0,0.0,0.0,0.0
0.9189189189189192,0.037037037037037,0.0,0.0338913328611081,0.6028571428571429,0.332408435072142,0.1925,0.4285714285714285
0.8378378378378386,0.0415415415415415,0.0,0.0338913328611081,0.3597619047619047,0.4433962264150943,0.259,0.3571428571428571
0.8108108108108141,0.035035035035035,0.0,0.0254183937340919,0.0,0.0,0.0,0.0
0.7837837837837824,0.054054054054054,0.0,0.0338913328611081,0.0,0.0,0.0,0.0
0.7027027027027017,0.016016016016016,0.0,0.0249947467777412,0.469047619047619,0.220865704772475,0.11575,0.3571428571428571
0.8648648648648631,0.029029029029029,0.0,0.0466007415516323,0.4883333333333333,0.2769145394006659,0.1676,0.3571428571428571
0.7297297297297334,0.014014014014014,0.0,0.0296548632976,0.4499999999999999,0.2943951165371809,0.1674999999999999,0.3571428571428571
0.8648648648648631,0.0585585585585585,0.2594535631944695,0.0152508667816726,0.0,0.0,0.0,0.0
0.9459459459459438,0.1241241241241241,0.0,0.0105907502618137,0.419047619047619,0.6046059933407325,0.36985,0.5
0.9729729729729756,0.5145145145145146,0.0,0.0084725154800597,0.5326190476190477,0.6900665926748057,0.5364,0.3571428571428571
0.7297297297297334,0.019019019019019,0.0,0.0211819241705839,0.0,0.0,0.0,0.0
0.9729729729729756,0.076976976976977,0.0,0.0029786617501024,0.4523809523809523,0.3326859045504994,0.2219,0.3571428571428571
0.8378378378378386,0.03003003003003,0.0,0.0677830893691726,0.3559523809523809,0.6906215316315205,0.23425,0.5
0.8108108108108141,0.034034034034034,0.0,0.0466007415516323,0.4097619047619047,0.4142619311875694,0.25,0.5
0.567567567567572,0.012012012012012,0.0,0.0423642719881242,0.0,0.0,0.0,0.0
0.8378378378378386,0.0615615615615615,0.0,0.0381278024246162,0.6190476190476191,0.4156492785793563,0.2465,0.3571428571428571
0.7837837837837824,0.034034034034034,0.0,0.0220292180832855,0.4595238095238095,0.3462819089900111,0.18475,0.3571428571428571
0.9189189189189192,0.0875875875875876,0.0,0.016521807650725,0.6071428571428571,0.4156492785793563,0.2465,0.3571428571428571
0.9189189189189192,0.0258258258258258,0.0,0.0105907502618137,0.588095238095238,0.220865704772475,0.1182499999999999,0.3571428571428571
0.6486486486486527,0.009009009009009,0.0,0.0605810911112089,0.0,0.0,0.0,0.0
0.9459459459459438,0.0880880880880881,0.0,0.0338913328611081,0.3928571428571428,0.4142619311875694,0.175,0.5
0.9459459459459438,0.064064064064064,0.0,0.0084725154800597,0.0,0.0,0.0,0.0
0.7567567567567579,0.02002002002002,0.0,0.0423642719881242,0.5023809523809524,0.3462819089900111,0.18475,0.3571428571428571
0.9459459459459438,0.032032032032032,0.0,0.0127089850435678,0.5478571428571428,0.2771920088790233,0.1674999999999999,0.3571428571428571
0.7567567567567579,0.0125125125125125,0.0,0.0508372111151403,0.4761904761904761,0.3881798002219755,0.17,0.3571428571428571
0.8648648648648631,0.0415415415415415,0.0,0.0254183937340919,0.5809523809523809,0.3107658157602663,0.1775,0.3571428571428571
0.7027027027027017,0.0105104104104104,0.0,0.0423642719881242,0.469047619047619,0.220865704772475,0.11575,0.3571428571428571
0.8648648648648631,0.0615615615615615,0.0,0.0211819241705839,0.633095238095238,0.3462819089900111,0.185,0.3571428571428571
0.7567567567567579,0.0365365365365365,0.0,0.0410933311190718,0.6,0.3462819089900111,0.185,0.3571428571428571
0.8648648648648631,0.074074074074074,0.0,0.0296548632976,0.0,0.0,0.0,0.0
0.9459459459459438,0.026026026026026,0.0,0.0084725154800597,0.0,0.0,0.0,0.0
0.8378378378378386,0.031031031031031,0.0,0.0166891481984836,0.5047619047619047,0.3462819089900111,0.1875,0.3571428571428571
0.9729729729729756,0.5395395395395396,0.0,0.0031769285256746,0.3995238095238095,0.5535516093229745,0.475,0.3571428571428571
0.9189189189189192,0.2142142142142142,0.0,0.0114380441745153,0.0,0.0,0.0,0.0
0.8648648648648631,0.01001001001001,0.0524427414967544,0.0059306337419549,0.0,0.0,0.0,0.0
0.9459459459459438,0.0915915915915915,0.2713221836384719,0.000876949199646,0.0,0.0,0.0,0.0
0.8918918918918948,0.0770770770770771,0.0,0.0254183937340919,0.5785714285714285,0.3462819089900111,0.22125,0.3571428571428571
0.8648648648648631,0.0455455455455455,0.0,0.0211819241705839,0.415,0.3873473917869034,0.26375,0.3571428571428571
0.7837837837837824,0.029029029029029,0.0,0.0255454878209972,0.5254761904761904,0.3326859045504994,0.18475,0.3571428571428571
0.9729729729729756,0.0500499499499499,0.0,0.0169454546070758,0.4795238095238095,0.3321309655937847,0.20465,0.3571428571428571
0.9189189189189192,0.056056056056056,0.0,0.0148272198253218,0.5095238095238095,0.3321309655937847,0.20775,0.3571428571428571
0.8378378378378386,0.049049049049049,0.0,0.0207582772142331,0.0,0.0,0.0,0.0
0.8108108108108141,0.0435435435435435,0.0,0.0296548632976,0.6761904761904761,0.3462819089900111,0.185,0.3571428571428571
0.8378378378378386,0.0045045045045045,0.0,0.0169454546070758,0.0,0.0,0.0,0.0
0.8918918918918948,0.0465465465465465,0.0,0.0211819241705839,0.5464285714285714,0.3462819089900111,0.185,0.3571428571428571
0.9189189189189192,0.2692692692692693,0.0,0.0067779276546565,0.3509523809523809,0.552441731409545,0.4526,0.3571428571428571
0.7297297297297334,0.0145145145145145,0.0,0.0381278024246162,0.0,0.0,0.0,0.0
0.8648648648648631,0.071071071071071,0.0,0.0381278024246162,0.3666666666666666,0.7000554938956715,0.1875,0.6428571428571428
0.8108108108108141,0.059059059059059,0.0,0.0508372111151403,0.4945238095238095,0.3462819089900111,0.2219999999999999,0.5
0.8378378378378386,0.024024024024024,0.0,0.0245710998213903,0.5702380952380952,0.2769145394006659,0.167625,0.3571428571428571
0.5405405405405403,0.0058058058058058,0.0,0.0296548632976,0.0,0.0,0.0,0.0
0.9189189189189192,0.0615615615615615,0.0,0.0108186723243304,0.3995238095238095,0.4150943396226415,0.221825,0.3571428571428571
0.5405405405405403,0.0048048048048048,0.0,0.0720195589326807,0.4119047619047619,0.275527192008879,0.15,0.3571428571428571
0.7027027027027017,0.0125125125125125,0.0,0.0381278024246162,0.0,0.0,0.0,0.0
0.7027027027027017,0.035035035035035,0.0,0.0423642719881242,0.4595238095238095,0.3462819089900111,0.18475,0.3571428571428571
0.9729729729729756,0.0950950950950951,0.0,0.0011010584395557,0.5476190476190476,0.4156492785793563,0.2473999999999999,0.3571428571428571
0.9189189189189192,0.2592592592592593,0.0,0.018640042432479,0.5402380952380952,0.5535516093229745,0.475,0.3571428571428571
0.7297297297297334,0.0215215215215215,0.0,0.053802739809596,0.5476190476190476,0.3873473917869034,0.2249999999999999,0.3571428571428571
0.7567567567567579,0.02002002002002,0.0,0.0423642719881242,0.4642857142857142,0.3326859045504994,0.1875,0.3571428571428571
0.9189189189189192,0.0565565565565565,0.0,0.0169454546070758,0.5157142857142857,0.4156492785793563,0.27155,0.3571428571428571
0.8108108108108141,0.1481481481481481,0.0,0.0169454546070758,0.0,0.0,0.0,0.0
0.9189189189189192,0.029029029029029,0.0,0.0133397953615741,0.0,0.0,0.0,0.0
0.8918918918918948,0.069069069069069,0.0,0.0386285531270228,0.38,0.7000554938956715,0.15525,0.5
0.8378378378378386,0.054054054054054,0.0,0.1270936632582856,0.2869047619047619,0.6046059933407325,0.3,0.5714285714285714
0.9459459459459438,0.2467467467467468,0.0,0.0008468702657452,0.4,0.5504994450610433,0.375,0.3571428571428571
0.8108108108108141,0.039039039039039,0.0,0.0254183937340919,0.38,0.7000554938956715,0.15525,0.5
0.8918918918918948,0.032032032032032,0.0,0.0254183937340919,0.3659523809523809,0.3318534961154273,0.1825,0.3571428571428571
0.7297297297297334,0.023023023023023,0.0,0.0338913328611081,0.4980952380952381,0.2769145394006659,0.1677499999999999,0.3571428571428571
0.7027027027027017,0.013013013013013,0.0,0.0508372111151403,0.0,0.0,0.0,0.0
