year,selling_price,km_driven,fuel,seller_type,transmission
0.8648648648648631,450000,0.0350330614084736,Diesel,Dealer,Manual
1.0,500000,0.0063542806983057,Petrol,Individual,Manual
0.9459459459459438,775000,0.0148272198253218,Petrol,Individual,Manual
0.9459459459459438,2475000,0.0008468702657452,Diesel,Dealer,Automatic
0.8648648648648631,550000,0.0410933311190719,Diesel,Dealer,Manual
0.7567567567567579,300000,0.0296548632976001,Diesel,Individual,Manual
0.8918918918918948,400000,0.0338913328611081,Diesel,Individual,Manual
0.9459459459459438,800000,0.0296548632976001,Diesel,Individual,Manual
0.9459459459459438,530000,0.0220292180832856,Petrol,Individual,Manual
0.8108108108108141,225000,0.0317730980793541,Petrol,Individual,Manual
0.5135135135135158,80000,0.0169454546070759,Petrol,Individual,Manual
0.9459459459459438,710000,0.0177927485197775,Petrol,Individual,Manual
0.7837837837837824,320000,0.0338913328611081,Diesel,Individual,Manual
0.8378378378378386,210000,0.0296548632976001,Petrol,Individual,Manual
0.8648648648648631,550000,0.0072439393066424,Petrol,Dealer,Manual
0.8648648648648631,138000,0.0508372111151404,Petrol,Individual,Manual
0.9189189189189192,750000,0.0076480985030011,Petrol,Dealer,Manual
0.8108108108108141,220000,0.0423642719881243,Diesel,Individual,Manual
0.9729729729729756,600000,0.0042360459165517,Petrol,Individual,Automatic
0.9189189189189192,570000,0.0084725154800597,Petrol,Individual,Manual
0.5405405405405403,40000,0.0381278024246162,Petrol,Individual,Manual
0.8378378378378386,210000,0.0296548632976001,Petrol,Individual,Manual
0.8918918918918948,280000,0.0466007415516323,Diesel,Individual,Manual
0.9189189189189192,2750000,0.0173691015634267,Diesel,Individual,Automatic
0.8918918918918948,645000,0.0046596928729025,Petrol,Dealer,Automatic
0.9459459459459438,850000,0.0271129815594952,Petrol,Dealer,Manual
0.9189189189189192,509999,0.0381278024246162,Petrol,Individual,Manual
0.8378378378378386,465000,0.0115367539153451,Diesel,Dealer,Manual
0.7567567567567579,337000,0.0601574441548582,Diesel,Individual,Manual
0.8918918918918948,525000,0.0148272198253218,Diesel,Dealer,Manual
0.8378378378378386,1750000,0.0127089850435678,Diesel,Individual,Manual
0.7567567567567579,191000,0.0296548632976001,LPG,Individual,Manual
0.7837837837837824,160000,0.0211819241705839,Diesel,Individual,Manual
0.8648648648648631,434000,0.0508372111151404,Diesel,Individual,Manual
0.8918918918918948,900000,0.0466007415516323,Diesel,Individual,Manual
0.9459459459459438,4600000,0.0025414580911484,Diesel,Dealer,Automatic
0.7567567567567579,229999,0.0444825067698783,Diesel,Individual,Manual
0.9189189189189192,800000,0.0148272198253218,Diesel,Individual,Manual
0.8378378378378386,240000,0.0338913328611081,Petrol,Individual,Manual
0.9459459459459438,2475000,0.0008468702657452,Diesel,Dealer,Automatic
0.9459459459459438,409999,0.0148272198253218,Petrol,Individual,Manual
0.7297297297297334,185000,0.0362501991140694,Diesel,Dealer,Manual
0.9729729729729756,550000,0.0063542806983057,Petrol,Individual,Manual
0.7837837837837824,730000,0.1059113154407453,Diesel,Individual,Manual
0.8108108108108141,229999,0.0211819241705839,Petrol,Individual,Manual
0.5945945945945965,175000,0.1059113154407453,Diesel,Individual,Manual
0.9189189189189192,620000,0.0156745137380234,Petrol,Dealer,Manual
0.9729729729729756,779000,0.0029786617501025,Petrol,Trustmark Dealer,Automatic
0.8648648648648631,325000,0.0423642719881243,Diesel,Individual,Manual
0.4594594594594596,45957,0.0381278024246162,Petrol,Individual,Manual
0.6756756756756772,330000,0.0820273709825559,Diesel,Individual,Manual
0.7837837837837824,100000,0.0211819241705839,Petrol,Individual,Manual
0.8648648648648631,400000,0.0368568615555638,Diesel,Individual,Manual
0.8918918918918948,640000,0.0338913328611081,Diesel,Individual,Manual
0.7837837837837824,210000,0.0321967450357049,Petrol,Individual,Manual
0.7567567567567579,330000,0.0423642719881243,Diesel,Individual,Manual
0.6756756756756772,111000,0.0466007415516323,Petrol,Individual,Manual
0.8648648648648631,465000,0.025418393734092,Diesel,Individual,Manual
0.8108108108108141,409999,0.0190636893888299,Diesel,Individual,Manual
0.7837837837837824,35000,0.0148272198253218,Petrol,Individual,Manual
0.8378378378378386,725000,0.0571919154604025,Diesel,Individual,Manual
0.8648648648648631,400000,0.0169454546070759,Petrol,Individual,Manual
0.8648648648648631,300000,0.0429997424226505,Diesel,Individual,Manual
0.9459459459459438,670000,0.0635466198056646,Diesel,Individual,Manual
1.0,700000,0.0005926820919347,Diesel,Individual,Manual
0.9729729729729756,800000,0.0047613681424267,Petrol,Individual,Manual
0.8918918918918948,500000,0.0063542806983057,Petrol,Individual,Manual
0.7027027027027017,365000,0.0466007415516323,Diesel,Individual,Automatic
0.8648648648648631,459999,0.0423642719881243,Diesel,Individual,Manual
0.8648648648648631,484999,0.0317730980793541,Diesel,Dealer,Manual
0.9729729729729756,800000,0.010167103305463,Diesel,Individual,Manual
0.6486486486486527,160000,0.0338913328611081,Petrol,Individual,Manual
0.9459459459459438,750000,0.0105907502618138,Diesel,Individual,Manual
0.7567567567567579,300000,0.0381278024246162,Diesel,Individual,Manual
0.7837837837837824,350000,0.0127089850435678,LPG,Individual,Manual
0.5945945945945965,130000,0.0593101502421566,Petrol,Individual,Manual
0.8108108108108141,290000,0.0635466198056646,Diesel,Individual,Manual
0.9189189189189192,525000,0.0122976238489512,Petrol,Dealer,Manual
0.9459459459459438,650000,0.0202181273448859,Diesel,Dealer,Manual
0.8108108108108141,450000,0.0296548632976001,Diesel,Individual,Manual
0.8918918918918948,1140000,0.0211819241705839,Diesel,Individual,Manual
0.8918918918918948,1925000,0.0114380441745154,Diesel,Dealer,Manual
0.6486486486486527,160000,0.0508372111151404,Petrol,Individual,Manual
0.7567567567567579,195000,0.0194873363451807,Petrol,Individual,Manual
0.8378378378378386,425000,0.0169454546070759,Petrol,Individual,Manual
0.9459459459459438,3800000,0.0042360459165517,Diesel,Dealer,Automatic
0.8648648648648631,375000,0.0677830893691727,Diesel,Individual,Manual
0.8108108108108141,330000,0.0266893346031444,Diesel,Individual,Manual
0.9729729729729756,750000,0.0084725154800597,Diesel,Individual,Manual
0.7027027027027017,150000,0.0635466198056646,Diesel,Individual,Manual
0.8378378378378386,550000,0.0347386267738098,Diesel,Individual,Manual
0.8648648648648631,260000,0.0148272198253218,Petrol,Individual,Manual
0.8648648648648631,600000,0.0542263867659469,Diesel,Dealer,Manual
0.7027027027027017,305000,0.0974383763137292,Diesel,Individual,Manual
0.9459459459459438,700000,0.012285338087217,Diesel,Individual,Manual
0.8108108108108141,210000,0.0338913328611081,Diesel,Individual,Manual
0.8918918918918948,550000,0.0239330875051261,Petrol,Trustmark Dealer,Manual
0.7837837837837824,310000,0.0105907502618138,Diesel,Individual,Manual
0.8918918918918948,675000,0.0457534476389307,Diesel,Dealer,Manual
0.9729729729729756,740000,0.0148272198253218,Diesel,Individual,Manual
0.8918918918918948,1100000,0.025418393734092,Diesel,Individual,Manual
0.7567567567567579,250000,0.0381278024246162,Diesel,Individual,Manual
0.7567567567567579,145000,0.0105907502618138,Petrol,Individual,Manual
0.8108108108108141,349000,0.0423642719881243,Diesel,Individual,Manual
0.8108108108108141,525000,0.0229790345594241,Petrol,Dealer,Manual
0.9459459459459438,650000,0.0296548632976001,Petrol,Individual,Manual
0.8648648648648631,350000,0.0169454546070759,Petrol,Individual,Manual
0.8108108108108141,375000,0.0326203919920557,Diesel,Individual,Manual
0.8918918918918948,515000,0.0211819241705839,Diesel,Individual,Manual
0.7027027027027017,150000,0.025418393734092,Petrol,Individual,Manual
0.7567567567567579,1500000,0.0359777941211359,Diesel,Individual,Automatic
0.8918918918918948,150000,0.0177927485197775,Petrol,Individual,Manual
0.9459459459459438,580000,0.0042360459165517,Petrol,Individual,Manual
0.8378378378378386,1019999,0.025418393734092,Diesel,Individual,Manual
0.7297297297297334,185000,0.0526656713787505,Diesel,Dealer,Manual
0.9729729729729756,779000,0.0029786617501025,Petrol,Trustmark Dealer,Automatic
0.7567567567567579,800000,0.0974383763137292,Diesel,Individual,Manual
0.8378378378378386,1450000,0.011776961739596,Diesel,Dealer,Automatic
0.9729729729729756,950000,0.0046596928729025,Petrol,Individual,Automatic
0.7027027027027017,409999,0.0466007415516323,Diesel,Individual,Manual
0.8648648648648631,400000,0.0423642719881243,Diesel,Individual,Manual
0.6486486486486527,80000,0.0508372111151404,Petrol,Individual,Manual
0.9459459459459438,800000,0.0211819241705839,Diesel,Individual,Manual
0.8378378378378386,425000,0.025418393734092,Diesel,Individual,Manual
0.8108108108108141,750000,0.0336066421064404,Diesel,Trustmark Dealer,Manual
0.9189189189189192,600000,0.0114380441745154,Diesel,Individual,Manual
0.8108108108108141,600000,0.025418393734092,Diesel,Individual,Manual
0.8648648648648631,1050000,0.027536628515846,Diesel,Individual,Manual
0.8648648648648631,525000,0.0338913328611081,Diesel,Individual,Manual
0.5945945945945965,80000,0.0169454546070759,Petrol,Individual,Manual
0.9189189189189192,310000,0.0148272198253218,Petrol,Individual,Manual
0.9729729729729756,540000,0.0021178111347976,Petrol,Individual,Automatic
0.6486486486486527,245000,0.0381278024246162,Petrol,Individual,Manual
0.7567567567567579,181000,0.0296548632976001,Petrol,Individual,Manual
0.9459459459459438,400000,0.0169454546070759,Petrol,Individual,Manual
0.7567567567567579,1075000,0.0180236361109887,Diesel,Dealer,Automatic
0.9189189189189192,660000,0.0190636893888299,Diesel,Individual,Manual
0.7567567567567579,130000,0.0338913328611081,Diesel,Individual,Manual
0.8918918918918948,350000,0.0050833398292533,Petrol,Individual,Manual
0.9189189189189192,400000,0.0127089850435678,Petrol,Individual,Manual
0.9729729729729756,700000,0.0190636893888299,Petrol,Individual,Automatic
0.6486486486486527,550000,1.0,Petrol,Individual,Manual
0.9729729729729756,825000,0.0032502194491233,Diesel,Individual,Automatic
0.9459459459459438,450000,0.0025414580911484,Petrol,Individual,Manual
0.9189189189189192,315000,0.0078239119898867,Petrol,Trustmark Dealer,Manual
0.567567567567572,80000,0.025418393734092,Petrol,Individual,Manual
0.7837837837837824,130000,0.0338913328611081,Petrol,Individual,Manual
0.8918918918918948,535000,0.0236551751017599,Petrol,Dealer,Manual
1.0,1331000,0.0004274597789579,Diesel,Dealer,Manual
0.8648648648648631,310000,0.0138469007683261,Petrol,Dealer,Manual
0.8648648648648631,585000,0.0211819241705839,Diesel,Individual,Manual
0.7837837837837824,400000,0.0381278024246162,Diesel,Individual,Manual
0.7567567567567579,195000,0.0565835584310828,Diesel,Dealer,Manual
0.9729729729729756,5150000,0.0084725154800597,Petrol,Dealer,Automatic
0.9459459459459438,6000000,0.0119277800560569,Diesel,Dealer,Automatic
0.8648648648648631,599000,0.0392508905059022,Diesel,Dealer,Manual
0.8918918918918948,450000,0.0741377937144348,Diesel,Individual,Manual
0.7297297297297334,240000,0.0347068532520834,Diesel,Individual,Manual
0.7567567567567579,130000,0.0296548632976001,Petrol,Individual,Manual
0.9459459459459438,900000,0.0148272198253218,Diesel,Individual,Manual
0.8378378378378386,250000,0.0338913328611081,Petrol,Individual,Manual
0.8108108108108141,190000,0.025418393734092,Petrol,Individual,Manual
0.9189189189189192,650000,0.0080547995810978,Petrol,Dealer,Manual
0.7567567567567579,404000,0.0518361706382156,Diesel,Individual,Manual
0.7027027027027017,70000,0.025418393734092,Petrol,Individual,Manual
0.7297297297297334,200000,0.027536628515846,Petrol,Individual,Manual
0.7297297297297334,250000,0.0423642719881243,Diesel,Dealer,Manual
0.6756756756756772,112999,0.0338913328611081,Petrol,Individual,Manual
0.9729729729729756,860000,0.0060649298271181,Petrol,Dealer,Manual
0.9189189189189192,750000,0.0423642719881243,Diesel,Individual,Manual
0.621621621621621,150000,0.0146577610427815,Petrol,Individual,Manual
0.7297297297297334,320000,0.0550736806786485,Diesel,Individual,Manual
0.8648648648648631,700000,0.023300158952338,Diesel,Dealer,Manual
0.8378378378378386,650000,0.0593101502421566,Diesel,Individual,Manual
0.621621621621621,67500,0.0466007415516323,Diesel,Individual,Manual
0.8918918918918948,470000,0.0132881104328994,Diesel,Dealer,Manual
0.7837837837837824,320000,0.0440563179317894,Diesel,Individual,Manual
0.8918918918918948,640000,0.0152508667816726,Diesel,Individual,Manual
0.9729729729729756,700000,0.0027532815693238,Petrol,Individual,Manual
0.7297297297297334,425000,0.0546500337222977,Diesel,Individual,Manual
0.8648648648648631,610000,0.025418393734092,Diesel,Individual,Manual
0.8378378378378386,225000,0.0182163954761283,Petrol,Dealer,Manual
0.7837837837837824,320000,0.0508372111151404,Diesel,Individual,Manual
0.7027027027027017,1025000,0.0508372111151404,Diesel,Individual,Automatic
0.9459459459459438,432000,0.0127089850435678,Petrol,Individual,Manual
0.8648648648648631,320000,0.038551449380967,Diesel,Individual,Manual
0.9459459459459438,4600000,0.0033785844768976,Diesel,Individual,Automatic
0.7027027027027017,382000,0.0508372111151404,Diesel,Individual,Manual
0.8378378378378386,500000,0.027536628515846,Petrol,Individual,Manual
0.9189189189189192,550000,0.025418393734092,Petrol,Individual,Manual
0.9189189189189192,2700000,0.0097434563491122,Diesel,Dealer,Automatic
0.8648648648648631,750000,0.0194763215243156,Diesel,Trustmark Dealer,Manual
0.7837837837837824,330000,0.0186400424324791,Petrol,Individual,Manual
0.8378378378378386,900000,0.0338913328611081,Diesel,Individual,Automatic
0.7837837837837824,300000,0.0296548632976001,Diesel,Individual,Manual
0.9459459459459438,700000,0.0033040226125799,Petrol,Individual,Automatic
0.9189189189189192,750000,0.0135888997719084,Diesel,Trustmark Dealer,Manual
0.8918918918918948,900000,0.0199109833015315,Diesel,Individual,Manual
1.0,426000,0.0004232233093944,Diesel,Individual,Manual
0.9459459459459438,675000,0.0098705504360174,Petrol,Dealer,Automatic
0.8108108108108141,525000,0.0156745137380234,Diesel,Dealer,Manual
0.9459459459459438,3400000,0.0093198093927613,Diesel,Dealer,Automatic
0.7837837837837824,315000,0.0423642719881243,Diesel,Individual,Manual
0.621621621621621,115999,0.0423642719881243,Diesel,Individual,Manual
0.8108108108108141,280000,0.0381278024246162,Diesel,Individual,Manual
0.7567567567567579,215000,0.0423642719881243,Petrol,Individual,Manual
0.7837837837837824,250000,0.0593101502421566,Diesel,Individual,Manual
0.9459459459459438,750000,0.0169454546070759,Petrol,Individual,Manual
0.8108108108108141,400000,0.0423642719881243,Petrol,Individual,Manual
0.7567567567567579,409999,0.0211819241705839,Diesel,Individual,Manual
0.8918918918918948,575000,0.0233683661123105,Petrol,Dealer,Manual
0.8648648648648631,650000,0.0338913328611081,Petrol,Individual,Manual
0.7567567567567579,254999,0.0241474528650396,Petrol,Dealer,Manual
0.7027027027027017,245000,0.0317730980793541,Diesel,Dealer,Automatic
0.8918918918918948,351000,0.025418393734092,Petrol,Individual,Manual
0.8108108108108141,1300000,0.0247829232995658,Diesel,Dealer,Automatic
0.6486486486486527,160000,0.0381278024246162,Petrol,Individual,Manual
0.8378378378378386,204999,0.0105907502618138,Petrol,Individual,Manual
0.8378378378378386,1600000,0.0186400424324791,Diesel,Individual,Automatic
0.6486486486486527,220000,0.0576155624167533,Petrol,Individual,Manual
0.7297297297297334,125000,0.0169454546070759,Petrol,Individual,Manual
0.6756756756756772,125000,0.025418393734092,Petrol,Individual,Manual
0.8378378378378386,550000,0.0381278024246162,Diesel,Individual,Manual
0.9189189189189192,3200000,0.0190636893888299,Diesel,Dealer,Automatic
0.9729729729729756,1925000,0.0182163954761283,Diesel,Dealer,Automatic
0.8378378378378386,509999,0.0508372111151404,Diesel,Individual,Manual
0.7567567567567579,220000,0.0269676706534669,Diesel,Dealer,Manual
0.8648648648648631,850000,0.0248642635151851,Diesel,Trustmark Dealer,Manual
0.7297297297297334,175000,0.0245710998213904,Petrol,Individual,Manual
0.8648648648648631,480000,0.0338913328611081,Diesel,Individual,Manual
0.8918918918918948,310000,0.0148272198253218,CNG,Individual,Manual
0.8108108108108141,250000,0.025418393734092,Petrol,Individual,Manual
0.8918918918918948,850000,0.0105907502618138,Petrol,Individual,Manual
0.7027027027027017,90000,0.0508372111151404,Diesel,Dealer,Manual
0.7297297297297334,200000,0.0466007415516323,Petrol,Individual,Manual
0.8918918918918948,430000,0.0338913328611081,Diesel,Individual,Manual
0.8108108108108141,522000,0.0635466198056646,Diesel,Individual,Manual
0.7297297297297334,451999,0.0508372111151404,Diesel,Individual,Manual
0.621621621621621,100000,0.0338913328611081,Petrol,Individual,Manual
0.9189189189189192,340000,0.0190636893888299,Petrol,Individual,Manual
0.9459459459459438,850000,0.025418393734092,Diesel,Individual,Manual
0.7837837837837824,300000,0.0271129815594952,Diesel,Individual,Manual
0.8108108108108141,450000,0.0220292180832856,Diesel,Individual,Manual
0.7297297297297334,150000,0.0381278024246162,Diesel,Individual,Manual
0.8378378378378386,700000,0.0296548632976001,Diesel,Individual,Manual
0.8108108108108141,175000,0.0213090182574892,Diesel,Individual,Manual
0.7567567567567579,210000,0.0305021572103017,Diesel,Dealer,Manual
0.6756756756756772,350000,0.0381278024246162,Diesel,Individual,Manual
0.5945945945945965,85000,0.0501593759849791,Petrol,Individual,Manual
0.7837837837837824,450000,0.0508372111151404,Diesel,Individual,Manual
0.9729729729729756,750000,0.0027532815693238,Petrol,Individual,Automatic
0.7297297297297334,265000,0.0175563535181337,Petrol,Dealer,Manual
0.8918918918918948,565000,0.0121027462490298,Petrol,Dealer,Manual
0.9459459459459438,750000,0.0368568615555638,Diesel,Individual,Manual
0.8378378378378386,440000,0.0296548632976001,Diesel,Individual,Manual
0.6486486486486527,400000,0.0720195589326808,Diesel,Individual,Manual
0.8648648648648631,300000,0.0211819241705839,Petrol,Individual,Manual
0.8648648648648631,330000,0.0105907502618138,Petrol,Individual,Manual
0.8108108108108141,550000,0.0941559596959231,Diesel,Individual,Manual
0.9729729729729756,4950000,0.0127089850435678,Diesel,Dealer,Automatic
0.7297297297297334,500000,0.0508372111151404,Diesel,Individual,Manual
0.8648648648648631,760000,0.0234441989174972,Petrol,Trustmark Dealer,Manual
0.621621621621621,81000,0.0423642719881243,Petrol,Individual,Manual
0.8108108108108141,450000,0.0004232233093944,Diesel,Dealer,Manual
0.9189189189189192,760000,0.0180020301162148,Diesel,Dealer,Manual
0.9729729729729756,399000,0.0042360459165517,Petrol,Individual,Manual
0.8108108108108141,200000,0.0338913328611081,Diesel,Individual,Manual
0.8378378378378386,425000,0.0338913328611081,Diesel,Individual,Manual
0.8918918918918948,645000,0.0046596928729025,Petrol,Dealer,Automatic
0.9189189189189192,850000,0.0049511619788718,Petrol,Trustmark Dealer,Manual
0.5405405405405403,65000,0.0482953293770356,Petrol,Individual,Manual
0.8108108108108141,250000,0.0508372111151404,Diesel,Individual,Manual
0.9189189189189192,1200000,0.0105907502618138,Diesel,Individual,Manual
0.8648648648648631,535000,0.0296548632976001,Diesel,Individual,Manual
0.8648648648648631,520000,0.0211819241705839,Diesel,Individual,Manual
0.7837837837837824,220000,0.0338913328611081,Petrol,Individual,Manual
0.8108108108108141,220000,0.0423642719881243,Diesel,Individual,Manual
0.8648648648648631,465000,0.0174212101390578,Diesel,Dealer,Manual
0.8918918918918948,350000,0.0041936812209166,Petrol,Individual,Manual
0.7837837837837824,204999,0.025418393734092,Petrol,Dealer,Manual
0.621621621621621,90000,0.0508372111151404,Petrol,Individual,Manual
0.7567567567567579,225000,0.0381278024246162,Diesel,Individual,Manual
0.9189189189189192,459999,0.0338913328611081,Diesel,Individual,Manual
0.9459459459459438,690000,0.0169454546070759,Petrol,Individual,Manual
0.9189189189189192,950000,0.0063542806983057,Petrol,Individual,Automatic
0.9729729729729756,360000,0.0105907502618138,Petrol,Individual,Manual
0.7027027027027017,221000,0.0423642719881243,Diesel,Individual,Manual
0.9189189189189192,3200000,0.0190636893888299,Diesel,Dealer,Automatic
0.8378378378378386,400000,0.0084725154800597,Petrol,Individual,Manual
0.621621621621621,105000,0.025418393734092,Petrol,Individual,Manual
0.9189189189189192,950000,0.0084725154800597,Petrol,Individual,Manual
0.8648648648648631,700000,0.0249714461951419,Diesel,Individual,Manual
0.9189189189189192,710000,0.0211819241705839,Diesel,Individual,Manual
0.7567567567567579,185000,0.0720195589326808,CNG,Individual,Manual
0.7297297297297334,325000,0.036440416597471,Diesel,Dealer,Manual
0.7567567567567579,225000,0.027536628515846,Petrol,Dealer,Manual
0.8648648648648631,135000,0.0091927153058561,Petrol,Individual,Manual
0.6756756756756772,290000,0.0533790928532453,Diesel,Individual,Manual
0.8918918918918948,526000,0.0063542806983057,Petrol,Dealer,Manual
0.567567567567572,325000,0.0508372111151404,Petrol,Individual,Automatic
0.7837837837837824,340000,0.0466007415516323,Diesel,Individual,Manual
0.7837837837837824,200000,0.0194873363451807,Petrol,Individual,Manual
0.8918918918918948,550000,0.023300158952338,Diesel,Individual,Manual
0.9189189189189192,850000,0.0211819241705839,Diesel,Individual,Manual
0.5945945945945965,90000,0.0423642719881243,Petrol,Individual,Manual
0.7567567567567579,225000,0.0321967450357049,Petrol,Individual,Manual
0.8918918918918948,380000,0.0381278024246162,Diesel,Individual,Manual
0.7297297297297334,175000,0.0271129815594952,Petrol,Dealer,Manual
0.8918918918918948,385000,0.0160981606943743,Diesel,Dealer,Manual
0.7297297297297334,111000,0.0423642719881243,Diesel,Individual,Manual
0.8378378378378386,190000,0.0588865032858057,Diesel,Individual,Manual
0.8108108108108141,125000,0.0063542806983057,Petrol,Individual,Manual
0.9189189189189192,300000,0.025418393734092,Petrol,Individual,Manual
0.7567567567567579,120000,0.025418393734092,Petrol,Individual,Manual
0.8918918918918948,470000,0.0100400092185577,Petrol,Individual,Manual
0.7837837837837824,125000,0.0118616911308662,Petrol,Individual,Manual
0.7567567567567579,550000,0.0711722650199791,Diesel,Individual,Manual
0.9729729729729756,840000,0.0006350467875698,Petrol,Individual,Automatic
0.7567567567567579,280000,0.088965437186713,Diesel,Individual,Manual
0.7027027027027017,125000,0.0402460372063702,Diesel,Individual,Manual
0.7567567567567579,90000,0.0338913328611081,Diesel,Individual,Manual
0.8108108108108141,420000,0.0211819241705839,Diesel,Individual,Manual
0.5945945945945965,110000,0.0381278024246162,Petrol,Individual,Manual
0.8918918918918948,280000,0.0097434563491122,Petrol,Individual,Manual
0.9189189189189192,900000,0.0062271866114005,Petrol,Individual,Manual
0.9189189189189192,450000,0.0238466635260305,Diesel,Dealer,Manual
0.7567567567567579,206000,0.0423642719881243,Petrol,Individual,Manual
0.9729729729729756,675000,0.0029651050474992,Petrol,Individual,Manual
0.9189189189189192,430999,0.0059306337419549,Petrol,Dealer,Manual
0.7297297297297334,200000,0.0508372111151404,Diesel,Individual,Manual
0.9189189189189192,1350000,0.0105907502618138,Diesel,Individual,Manual
0.8648648648648631,850000,0.0381278024246162,Diesel,Individual,Manual
0.7297297297297334,525000,0.0338913328611081,Petrol,Dealer,Automatic
0.7837837837837824,750000,0.0423642719881243,Diesel,Individual,Automatic
0.8108108108108141,525000,0.0466007415516323,Diesel,Individual,Manual
0.8648648648648631,549000,0.0381278024246162,Diesel,Individual,Manual
0.8108108108108141,400000,0.0321865775087525,Diesel,Dealer,Manual
0.7297297297297334,220000,0.0084725154800597,Petrol,Individual,Manual
0.6756756756756772,250000,0.0296548632976001,Petrol,Individual,Manual
0.9189189189189192,1450000,0.0029651050474992,Petrol,Dealer,Automatic
0.6486486486486527,123000,0.0211819241705839,Petrol,Individual,Manual
0.8918918918918948,530000,0.0245710998213904,Diesel,Individual,Manual
0.9189189189189192,400000,0.0135562789562694,Petrol,Individual,Manual
0.7027027027027017,250000,0.0211819241705839,Petrol,Individual,Manual
0.8918918918918948,300000,0.0169454546070759,Petrol,Individual,Manual
0.8378378378378386,600000,0.0116426656544328,Diesel,Dealer,Manual
0.9189189189189192,575000,0.0052862667213453,Petrol,Dealer,Manual
0.9189189189189192,628000,0.0508372111151404,Diesel,Individual,Manual
0.9189189189189192,250000,0.0169454546070759,Petrol,Individual,Manual
0.7567567567567579,350000,0.0381278024246162,Diesel,Individual,Manual
0.9189189189189192,300000,0.012836079130473,Petrol,Individual,Manual
0.7837837837837824,225000,0.0466007415516323,Petrol,Individual,Manual
0.7027027027027017,260000,0.0508372111151404,Diesel,Individual,Manual
0.7027027027027017,130000,0.0423642719881243,Diesel,Individual,Manual
0.9729729729729756,500000,0.0021178111347976,Petrol,Individual,Manual
0.8648648648648631,500000,0.0296548632976001,Petrol,Individual,Manual
0.8918918918918948,600000,0.0199109833015315,Diesel,Individual,Manual
0.7567567567567579,199000,0.0508372111151404,Diesel,Individual,Manual
0.9189189189189192,455000,0.0211819241705839,Diesel,Individual,Manual
0.9189189189189192,352000,0.0291676692977966,Petrol,Dealer,Manual
0.7567567567567579,400000,0.0508372111151404,Diesel,Individual,Manual
0.8918918918918948,300000,0.0211819241705839,CNG,Individual,Manual
0.567567567567572,180000,0.084728967623205,Petrol,Individual,Manual
0.7297297297297334,250000,0.0146153963471464,Petrol,Individual,Manual
0.7297297297297334,360000,0.0415169780754227,Petrol,Individual,Manual
0.8378378378378386,730000,0.025418393734092,Diesel,Individual,Manual
0.9189189189189192,570000,0.0107059822339412,Petrol,Trustmark Dealer,Manual
0.9189189189189192,1282000,0.0190636893888299,Diesel,Individual,Manual
0.8918918918918948,320000,0.0197995641520113,Petrol,Individual,Manual
0.8378378378378386,595000,0.0239779940824993,CNG,Dealer,Manual
0.7027027027027017,355000,0.0423642719881243,Diesel,Individual,Automatic
0.8648648648648631,545000,0.0762560284961888,Diesel,Individual,Manual
0.9459459459459438,700000,0.0105907502618138,Petrol,Individual,Manual
0.7297297297297334,270000,0.0423642719881243,Diesel,Individual,Manual
0.5945945945945965,250000,0.0508372111151404,Diesel,Individual,Manual
0.9189189189189192,585000,0.0184739728255896,Petrol,Trustmark Dealer,Manual
0.8108108108108141,470000,0.0508372111151404,Diesel,Individual,Manual
0.7567567567567579,275000,0.0296548632976001,Petrol,Individual,Manual
0.7027027027027017,225000,0.0508372111151404,Diesel,Individual,Manual
0.8918918918918948,459999,0.0114380441745154,Petrol,Individual,Manual
0.8378378378378386,350000,0.0127089850435678,Petrol,Individual,Manual
0.5945945945945965,99000,0.0379159789464408,Petrol,Individual,Manual
0.7027027027027017,85000,0.0211819241705839,LPG,Individual,Manual
0.9189189189189192,640000,0.0156745137380234,Petrol,Individual,Manual
0.9459459459459438,260000,0.0211819241705839,Petrol,Individual,Manual
0.7837837837837824,150000,0.0338913328611081,Diesel,Individual,Manual
0.8918918918918948,1160000,0.0512608580714912,Diesel,Dealer,Automatic
0.7027027027027017,150000,0.0296548632976001,Petrol,Individual,Manual
0.8108108108108141,450000,0.0004232233093944,Diesel,Dealer,Manual
0.9459459459459438,300000,0.0084725154800597,Petrol,Individual,Manual
0.7297297297297334,160000,0.0211819241705839,Petrol,Individual,Manual
0.9189189189189192,650000,0.0317730980793541,Diesel,Individual,Manual
0.6756756756756772,110000,0.0381278024246162,Petrol,Individual,Manual
0.9729729729729756,500000,0.0063542806983057,Petrol,Individual,Manual
0.8648648648648631,2000000,0.0508372111151404,Diesel,Individual,Manual
0.7027027027027017,150000,0.0423642719881243,Petrol,Individual,Manual
0.9189189189189192,850000,0.025418393734092,Diesel,Individual,Manual
0.9189189189189192,625000,0.0108186723243305,Petrol,Trustmark Dealer,Manual
0.9189189189189192,880000,0.0139799259126202,Diesel,Individual,Manual
0.7027027027027017,125000,0.0296548632976001,Petrol,Individual,Manual
0.8918918918918948,470000,0.0042360459165517,Petrol,Individual,Manual
0.7027027027027017,125000,0.0211819241705839,Petrol,Individual,Manual
0.8648648648648631,220000,0.0169454546070759,Petrol,Individual,Manual
0.621621621621621,100000,0.0508372111151404,Diesel,Individual,Manual
0.8378378378378386,210000,0.0084725154800597,Petrol,Individual,Manual
0.9459459459459438,1500000,0.0084725154800597,Diesel,Individual,Automatic
0.5945945945945965,225000,0.0796452041469953,Diesel,Individual,Manual
0.9459459459459438,1000000,0.0127089850435678,Diesel,Individual,Automatic
0.8918918918918948,425000,0.0180045719979529,Diesel,Dealer,Manual
0.8648648648648631,350000,0.0211819241705839,Petrol,Individual,Manual
0.6486486486486527,150000,0.0296548632976001,Petrol,Individual,Manual
0.7297297297297334,130000,0.0296548632976001,Petrol,Individual,Manual
0.8918918918918948,475000,0.0008968606065946,Petrol,Dealer,Manual
0.8108108108108141,550000,0.0317730980793541,Diesel,Individual,Manual
0.567567567567572,40000,0.0508372111151404,Petrol,Individual,Manual
0.9729729729729756,1100000,0.0042360459165517,Petrol,Individual,Manual
0.9189189189189192,400000,0.0211819241705839,Petrol,Individual,Manual
0.621621621621621,110000,0.0226744323978078,Petrol,Dealer,Manual
0.9189189189189192,340000,0.025418393734092,Diesel,Individual,Manual
0.9189189189189192,90000,0.0005503173962996,Petrol,Individual,Manual
0.8648648648648631,550000,0.0169454546070759,Diesel,Individual,Manual
0.8108108108108141,375000,0.0296548632976001,Petrol,Individual,Manual
0.8648648648648631,60000,0.007032115828467,Petrol,Individual,Manual
0.9189189189189192,350000,0.0338913328611081,Petrol,Individual,Manual
0.8108108108108141,445000,0.0423642719881243,Diesel,Individual,Manual
0.9729729729729756,550000,0.0042360459165517,Petrol,Individual,Manual
0.8648648648648631,1000000,0.0148272198253218,Diesel,Individual,Manual
0.8648648648648631,700000,0.0148272198253218,Diesel,Individual,Manual
0.8918918918918948,239000,0.0173691015634267,Petrol,Dealer,Manual
0.7837837837837824,200000,0.0285957459067231,Diesel,Individual,Manual
0.9729729729729756,860000,0.0148272198253218,Diesel,Individual,Manual
0.8918918918918948,330000,0.0084725154800597,Petrol,Individual,Manual
0.8108108108108141,120000,0.0508372111151404,Diesel,Individual,Manual
0.7027027027027017,180000,0.0296548632976001,Petrol,Individual,Manual
0.9729729729729756,3800000,0.0084725154800597,Diesel,Individual,Automatic
0.8918918918918948,325000,0.0338913328611081,CNG,Individual,Manual
0.9189189189189192,850000,0.0228765119959872,Diesel,Individual,Manual
0.8918918918918948,45000,0.0059306337419549,Petrol,Individual,Manual
0.9189189189189192,310000,0.0228765119959872,Petrol,Individual,Manual
0.8918918918918948,600000,0.0657500076256452,Diesel,Dealer,Manual
0.7837837837837824,229999,0.0211073623062662,Petrol,Dealer,Manual
0.8108108108108141,390000,0.0423642719881243,Diesel,Individual,Manual
0.9189189189189192,605000,0.0538027398095961,Diesel,Individual,Manual
0.8918918918918948,315000,0.0135562789562694,Petrol,Dealer,Manual
0.8918918918918948,270000,0.0423642719881243,Petrol,Individual,Manual
0.8648648648648631,750000,0.0194763215243156,Diesel,Trustmark Dealer,Manual
0.8918918918918948,250000,0.0296548632976001,Petrol,Individual,Manual
0.7567567567567579,900000,0.0466007415516323,Diesel,Individual,Manual
0.7297297297297334,140000,0.0317730980793541,Petrol,Individual,Manual
0.8648648648648631,475000,0.0169454546070759,Diesel,Dealer,Manual
0.8378378378378386,285000,0.0271129815594952,Petrol,Dealer,Manual
0.8918918918918948,270000,0.0211819241705839,Petrol,Individual,Manual
0.7837837837837824,350000,0.0160981606943743,Petrol,Individual,Manual
0.7297297297297334,350000,0.0804924980596969,Diesel,Individual,Manual
0.7567567567567579,151000,0.0169454546070759,Petrol,Individual,Manual
0.8648648648648631,370000,0.0211819241705839,Petrol,Individual,Manual
0.8918918918918948,835000,0.0082327313027652,Diesel,Dealer,Manual
0.6486486486486527,85000,0.0677830893691727,Petrol,Individual,Manual
0.9729729729729756,800000,0.0008468702657452,Diesel,Individual,Manual
0.8108108108108141,325000,0.0149538902652707,Petrol,Dealer,Manual
0.7837837837837824,265000,0.0686303832818743,Diesel,Individual,Manual
0.6756756756756772,100000,0.0169454546070759,Diesel,Individual,Manual
0.621621621621621,155000,0.0296548632976001,Petrol,Individual,Manual
0.8108108108108141,750000,0.0336066421064404,Diesel,Trustmark Dealer,Manual
0.9729729729729756,800000,0.0047613681424267,Petrol,Individual,Manual
0.7567567567567579,440000,0.0381278024246162,Diesel,Individual,Automatic
0.7567567567567579,225000,0.0296548632976001,Diesel,Individual,Manual
0.9189189189189192,2600000,0.0199796141084603,Diesel,Trustmark Dealer,Automatic
0.9189189189189192,450000,0.0238466635260305,Diesel,Dealer,Manual
0.9729729729729756,650000,0.0023808958946915,Petrol,Trustmark Dealer,Automatic
0.8108108108108141,200000,0.0296548632976001,Petrol,Individual,Manual
0.9459459459459438,531000,0.0084725154800597,Petrol,Individual,Automatic
0.8648648648648631,1050000,0.0508372111151404,Diesel,Individual,Manual
1.0,950000,0.0021178111347976,Petrol,Individual,Automatic
0.8378378378378386,351000,0.0377465201639005,Diesel,Individual,Manual
0.9189189189189192,350000,0.0127089850435678,Petrol,Individual,Manual
0.8108108108108141,750000,0.0336066421064404,Diesel,Trustmark Dealer,Manual
0.8378378378378386,320000,0.0338913328611081,Petrol,Individual,Manual
0.8108108108108141,72000,0.0105907502618138,Petrol,Individual,Manual
0.6486486486486527,229999,0.0296548632976001,Petrol,Individual,Manual
0.9729729729729756,800000,0.0127089850435678,Diesel,Individual,Manual
0.7027027027027017,500000,0.0508372111151404,Petrol,Individual,Automatic
0.9459459459459438,1000000,0.002214826287802,Petrol,Trustmark Dealer,Manual
0.8918918918918948,150000,0.025418393734092,Petrol,Individual,Manual
0.7297297297297334,110000,0.0466007415516323,Diesel,Individual,Manual
0.9189189189189192,650000,0.0079709174837404,Petrol,Dealer,Manual
0.5945945945945965,250000,0.0381278024246162,Petrol,Individual,Automatic
0.8378378378378386,200999,0.0169454546070759,Petrol,Individual,Manual
0.9189189189189192,615000,0.0169454546070759,Petrol,Individual,Automatic
0.8648648648648631,600000,0.027318026686369,Petrol,Dealer,Manual
0.7567567567567579,180000,0.0296548632976001,Diesel,Individual,Manual
0.9189189189189192,850000,0.0466007415516323,Diesel,Individual,Manual
0.9459459459459438,760000,0.0211819241705839,Diesel,Individual,Manual
0.7567567567567579,229999,0.0466007415516323,Diesel,Individual,Manual
0.621621621621621,250000,0.0296548632976001,Petrol,Individual,Manual
0.621621621621621,229999,0.0466007415516323,Petrol,Individual,Manual
0.6756756756756772,170000,0.047448035464334,LPG,Individual,Manual
0.7567567567567579,300000,0.0508372111151404,Petrol,Individual,Manual
0.9729729729729756,900000,0.025418393734092,Diesel,Individual,Manual
0.7297297297297334,285000,0.025418393734092,Petrol,Dealer,Manual
0.7837837837837824,200000,0.0211819241705839,Diesel,Individual,Manual
0.567567567567572,100000,0.025418393734092,Diesel,Individual,Manual
0.8108108108108141,700000,0.0296548632976001,Diesel,Individual,Manual
0.8918918918918948,645000,0.0046596928729025,Petrol,Dealer,Automatic
0.8108108108108141,750000,0.0336066421064404,Diesel,Trustmark Dealer,Manual
0.7027027027027017,165000,0.025418393734092,Petrol,Individual,Manual
0.9459459459459438,700000,0.0120527559081804,Petrol,Dealer,Manual
0.8648648648648631,750000,0.0194763215243156,Diesel,Trustmark Dealer,Manual
0.8918918918918948,540000,0.0338913328611081,Diesel,Individual,Manual
0.7837837837837824,260000,0.0169454546070759,Petrol,Individual,Manual
0.9189189189189192,320000,0.0118616911308662,Petrol,Individual,Manual
0.9189189189189192,575000,0.0406696841627211,Diesel,Individual,Manual
0.8108108108108141,500000,0.0804924980596969,Diesel,Individual,Manual
0.8108108108108141,650000,0.0436305527406568,Diesel,Dealer,Manual
0.8918918918918948,1025000,0.0095409531039765,Diesel,Dealer,Manual
0.8918918918918948,298000,0.0296548632976001,Petrol,Individual,Manual
0.7567567567567579,225000,0.0063542806983057,Petrol,Individual,Manual
0.9459459459459438,270000,0.0084725154800597,Petrol,Individual,Manual
0.9189189189189192,540000,0.025418393734092,Petrol,Individual,Manual
0.6756756756756772,60000,0.0338913328611081,Petrol,Individual,Manual
0.9729729729729756,675000,0.0105907502618138,Diesel,Individual,Manual
0.8108108108108141,225000,0.0247164107274187,Petrol,Trustmark Dealer,Manual
0.8918918918918948,470000,0.0132881104328994,Diesel,Dealer,Manual
0.6486486486486527,55000,0.0296548632976001,Petrol,Individual,Manual
0.8108108108108141,225000,0.0247164107274187,Petrol,Trustmark Dealer,Manual
0.7297297297297334,175000,0.0190636893888299,Petrol,Individual,Manual
0.8378378378378386,525000,0.0228765119959872,Petrol,Dealer,Manual
0.7837837837837824,75000,0.0050833398292533,Petrol,Individual,Manual
0.8918918918918948,675000,0.0292312163412493,Petrol,Dealer,Automatic
0.7027027027027017,500000,0.0444825067698783,Diesel,Individual,Manual
0.8648648648648631,1300000,0.0203346302578823,Diesel,Individual,Manual
0.9189189189189192,950000,0.0260026028868998,Diesel,Dealer,Manual
0.9459459459459438,950000,0.0110143972181646,Diesel,Individual,Manual
0.8648648648648631,503000,0.0466007415516323,Diesel,Individual,Manual
0.9189189189189192,750000,0.0182163954761283,Diesel,Dealer,Manual
0.7837837837837824,700000,0.1042167276153421,Diesel,Individual,Manual
0.9189189189189192,1750000,0.0309258041666525,Petrol,Dealer,Automatic
0.5945945945945965,125000,0.0211819241705839,Petrol,Individual,Manual
0.7837837837837824,450000,0.0305021572103017,Diesel,Individual,Manual
0.7837837837837824,370000,0.0253582358662902,Petrol,Dealer,Manual
0.7837837837837824,200000,0.0381278024246162,Diesel,Individual,Manual
0.5405405405405403,50000,0.0508372111151404,Diesel,Individual,Manual
0.8648648648648631,300000,0.0593101502421566,Diesel,Dealer,Manual
0.7837837837837824,675000,0.0508372111151404,Diesel,Individual,Manual
0.8108108108108141,350000,0.0317730980793541,Diesel,Dealer,Manual
0.7837837837837824,290000,0.025418393734092,Diesel,Individual,Manual
0.8918918918918948,650000,0.0338913328611081,Diesel,Individual,Manual
0.6756756756756772,125000,0.0338913328611081,Petrol,Individual,Manual
0.9189189189189192,570000,0.0148272198253218,Petrol,Individual,Manual
0.7837837837837824,160000,0.0381278024246162,Diesel,Individual,Manual
0.9189189189189192,620000,0.0211819241705839,Petrol,Individual,Manual
0.8648648648648631,515000,0.0190636893888299,Petrol,Individual,Manual
0.9459459459459438,875000,0.0211819241705839,Diesel,Dealer,Manual
0.8378378378378386,580000,0.0268401529196053,Diesel,Dealer,Manual
0.567567567567572,80000,0.0338913328611081,Petrol,Individual,Automatic
0.9729729729729756,2600000,0.0040242224383763,Diesel,Individual,Automatic
0.9189189189189192,780000,0.0279602754721968,Diesel,Individual,Manual
0.7837837837837824,550000,0.0255183744157908,Diesel,Dealer,Manual
0.7027027027027017,200000,0.0508372111151404,Petrol,Individual,Manual
0.7567567567567579,270000,0.0593101502421566,Diesel,Individual,Manual
0.8648648648648631,590000,0.0296548632976001,Petrol,Individual,Manual
0.8918918918918948,409999,0.025418393734092,Diesel,Individual,Manual
0.8378378378378386,370000,0.0338913328611081,Diesel,Individual,Manual
0.7027027027027017,150000,0.0169454546070759,Petrol,Individual,Manual
0.9459459459459438,525000,0.0063542806983057,Petrol,Individual,Manual
0.8918918918918948,380000,0.0063542806983057,Petrol,Individual,Manual
0.7837837837837824,220000,0.0338913328611081,Petrol,Individual,Manual
0.5405405405405403,100000,0.025418393734092,Petrol,Individual,Manual
0.8378378378378386,550000,0.0193941340147835,Diesel,Dealer,Manual
0.8918918918918948,350000,0.0423642719881243,Petrol,Individual,Manual
0.9459459459459438,1650000,0.0105907502618138,Petrol,Dealer,Automatic
0.8648648648648631,390000,0.0338913328611081,Diesel,Individual,Manual
0.6486486486486527,200000,0.0338913328611081,Petrol,Individual,Manual
0.8108108108108141,450000,0.0508372111151404,Diesel,Individual,Manual
0.8648648648648631,685000,0.0461770945952815,Diesel,Dealer,Manual
0.7567567567567579,295000,0.0211819241705839,Diesel,Individual,Manual
0.8918918918918948,600000,0.0105907502618138,Petrol,Individual,Manual
0.8648648648648631,671000,0.0204312217639303,Petrol,Dealer,Manual
0.8648648648648631,730000,0.0423642719881243,Diesel,Individual,Manual
0.7027027027027017,300000,0.0211819241705839,Petrol,Individual,Manual
0.6756756756756772,400000,0.0466007415516323,Diesel,Individual,Manual
0.9459459459459438,750000,0.025418393734092,Diesel,Individual,Manual
0.9189189189189192,700000,0.0381278024246162,Diesel,Individual,Manual
0.8648648648648631,455000,0.0381278024246162,Diesel,Individual,Manual
0.7297297297297334,31000,0.0902363780557655,Petrol,Individual,Manual
0.8648648648648631,600000,0.0381278024246162,Diesel,Individual,Manual
0.8108108108108141,475000,0.0203346302578823,Diesel,Dealer,Manual
0.9189189189189192,810000,0.0202274475779256,Diesel,Dealer,Manual
0.8918918918918948,220000,0.0169454546070759,Petrol,Individual,Manual
0.7837837837837824,750000,0.0338913328611081,Diesel,Individual,Automatic
0.8378378378378386,409999,0.0381278024246162,Diesel,Individual,Manual
0.9189189189189192,329000,0.0338913328611081,Petrol,Individual,Manual
0.8378378378378386,800000,0.0381278024246162,Diesel,Individual,Manual
0.8108108108108141,350000,0.0177927485197775,Diesel,Individual,Manual
0.9189189189189192,450000,0.0028591933084115,Petrol,Individual,Manual
0.7837837837837824,310000,0.0217915521407728,Diesel,Dealer,Manual
0.8108108108108141,290000,0.0593101502421566,Diesel,Individual,Manual
0.7567567567567579,120000,0.0084725154800597,Petrol,Individual,Manual
0.9459459459459438,450000,0.0190636893888299,Petrol,Individual,Manual
0.9459459459459438,300000,0.0070253374771654,Petrol,Dealer,Manual
0.8108108108108141,110000,0.0211819241705839,Petrol,Individual,Manual
0.9459459459459438,740000,0.0164442802577129,Diesel,Dealer,Manual
0.8648648648648631,780000,0.0169454546070759,Diesel,Individual,Manual
0.6756756756756772,365000,0.0508372111151404,Diesel,Individual,Manual
0.8918918918918948,357000,0.0508372111151404,Diesel,Individual,Manual
0.6756756756756772,235000,0.025506512301013,Diesel,Dealer,Manual
0.8108108108108141,325000,0.027536628515846,Diesel,Dealer,Manual
0.7297297297297334,150000,0.0508372111151404,Petrol,Individual,Manual
0.7567567567567579,370000,0.0233713316410049,Petrol,Individual,Manual
0.6756756756756772,210000,0.0423642719881243,Diesel,Individual,Manual
0.8648648648648631,450000,0.0084725154800597,Petrol,Individual,Manual
0.7567567567567579,152000,0.0338913328611081,Diesel,Individual,Manual
0.8378378378378386,575000,0.023300158952338,Diesel,Individual,Manual
0.8648648648648631,530000,0.0423642719881243,Diesel,Individual,Manual
0.5405405405405403,130000,0.0338913328611081,Petrol,Individual,Manual
0.9189189189189192,625000,0.0108186723243305,Petrol,Trustmark Dealer,Manual
0.8108108108108141,250000,0.0508372111151404,Diesel,Individual,Manual
0.8918918918918948,800000,0.0105907502618138,Petrol,Individual,Manual
0.9459459459459438,480000,0.0190636893888299,Petrol,Individual,Manual
0.8378378378378386,670000,0.016900971676659,Diesel,Dealer,Manual
0.567567567567572,150000,0.0572571570916805,Petrol,Dealer,Automatic
0.7297297297297334,250000,0.0203346302578823,Petrol,Individual,Manual
0.5945945945945965,61000,0.0019640272896423,Petrol,Individual,Manual
0.8648648648648631,250000,0.0099552798272876,Petrol,Individual,Manual
0.7837837837837824,250000,0.0169454546070759,Diesel,Individual,Manual
0.8378378378378386,560000,0.0305021572103017,Diesel,Dealer,Manual
0.7837837837837824,300000,0.0364171160148717,Petrol,Dealer,Manual
0.9459459459459438,630000,0.0063542806983057,Petrol,Individual,Manual
0.8918918918918948,550000,0.0239330875051261,Petrol,Trustmark Dealer,Manual
0.7567567567567579,375000,0.0148272198253218,Diesel,Individual,Manual
0.8918918918918948,370000,0.025418393734092,Petrol,Individual,Manual
0.5945945945945965,75000,0.0508372111151404,Petrol,Individual,Manual
0.9459459459459438,600000,0.0296548632976001,Diesel,Individual,Manual
0.7027027027027017,300000,0.0211819241705839,Diesel,Individual,Manual
0.9729729729729756,650000,0.0021178111347976,Diesel,Individual,Manual
0.7837837837837824,300000,0.0466007415516323,Diesel,Individual,Manual
0.7297297297297334,320000,0.0508372111151404,Diesel,Individual,Manual
0.8108108108108141,450000,0.0004232233093944,Diesel,Dealer,Manual
0.9459459459459438,465000,0.0105907502618138,Diesel,Individual,Manual
0.9459459459459438,690000,0.0047334074433075,Petrol,Dealer,Manual
0.9459459459459438,860000,0.0169454546070759,Petrol,Individual,Automatic
0.8648648648648631,620000,0.0139799259126202,Diesel,Individual,Manual
0.7027027027027017,280000,0.0593101502421566,Diesel,Individual,Manual
0.8108108108108141,400000,0.0423642719881243,Diesel,Individual,Manual
0.6756756756756772,320000,0.0423642719881243,Diesel,Individual,Manual
0.6756756756756772,70000,0.0423642719881243,Diesel,Individual,Manual
0.7837837837837824,409999,0.0237238059086888,Diesel,Individual,Manual
0.8378378378378386,350000,0.0148272198253218,Petrol,Individual,Manual
0.8918918918918948,595000,0.0555443524471542,Diesel,Individual,Manual
0.8108108108108141,480000,0.0444825067698783,Diesel,Individual,Manual
0.8648648648648631,2200000,0.010167103305463,Diesel,Individual,Automatic
0.8648648648648631,700000,0.0084725154800597,Diesel,Individual,Manual
0.6756756756756772,160000,0.0296548632976001,Petrol,Individual,Manual
0.6486486486486527,409999,0.1051144355158494,Diesel,Individual,Manual
0.7567567567567579,125000,0.025418393734092,Petrol,Individual,Manual
0.8108108108108141,290000,0.0207582772142331,Petrol,Individual,Manual
0.8378378378378386,2490000,0.0194873363451807,Diesel,Individual,Automatic
0.7837837837837824,370000,0.0741377937144348,Diesel,Individual,Manual
0.9459459459459438,640000,0.0347386267738098,Diesel,Individual,Manual
0.7567567567567579,650000,0.0296548632976001,Diesel,Individual,Automatic
0.9189189189189192,515000,0.0097434563491122,Petrol,Individual,Manual
0.8378378378378386,330000,0.084728967623205,Diesel,Individual,Manual
0.8648648648648631,490000,0.025418393734092,Diesel,Individual,Manual
0.7027027027027017,300000,0.0754087345834872,Diesel,Individual,Manual
0.9459459459459438,790000,0.0063542806983057,Petrol,Individual,Manual
0.8108108108108141,325000,0.0263504170380638,Diesel,Dealer,Manual
0.8918918918918948,535000,0.022283406257096,Diesel,Individual,Manual
1.0,614000,0.0004232233093944,Petrol,Individual,Manual
0.8108108108108141,600000,0.0338913328611081,Diesel,Individual,Manual
0.9729729729729756,3800000,0.0084725154800597,Diesel,Individual,Automatic
0.8648648648648631,484999,0.0309258041666525,Diesel,Dealer,Manual
0.8108108108108141,195000,0.0200181659814883,Diesel,Dealer,Manual
0.8918918918918948,500000,0.0148272198253218,Diesel,Individual,Manual
0.7567567567567579,260000,0.0381278024246162,Diesel,Individual,Manual
0.7297297297297334,160000,0.0155300501259078,Petrol,Individual,Manual
0.8108108108108141,220000,0.0466007415516323,Diesel,Individual,Manual
0.7837837837837824,350000,0.0338913328611081,Petrol,Individual,Manual
0.8918918918918948,599000,0.0165218076507251,Petrol,Dealer,Manual
0.9459459459459438,360000,0.0016941641784468,Petrol,Individual,Manual
0.9729729729729756,750000,0.0253641669236791,Diesel,Individual,Manual
0.7837837837837824,415000,0.025418393734092,Petrol,Dealer,Manual
0.9729729729729756,5500000,0.0036005754820255,Diesel,Dealer,Automatic
0.8918918918918948,570000,0.0578320460114486,Diesel,Individual,Manual
0.9189189189189192,483000,0.0063542806983057,Petrol,Individual,Manual
0.6756756756756772,110000,0.0296548632976001,Petrol,Individual,Manual
0.8378378378378386,240000,0.0296548632976001,Petrol,Individual,Manual
0.8378378378378386,250000,0.0084725154800597,Petrol,Individual,Manual
0.7297297297297334,110000,0.0309258041666525,Petrol,Individual,Manual
0.9189189189189192,580000,0.0127089850435678,Diesel,Individual,Manual
0.9729729729729756,650000,0.0057188102637795,Petrol,Individual,Manual
0.6486486486486527,160000,0.0338913328611081,Petrol,Individual,Manual
0.6756756756756772,220000,0.0230074189054996,Petrol,Individual,Manual
0.8108108108108141,325000,0.0423642719881243,Diesel,Individual,Manual
0.6486486486486527,195000,0.0478208447859227,Diesel,Dealer,Manual
0.9189189189189192,850000,0.0188518659106545,Petrol,Individual,Automatic
0.7837837837837824,250000,0.049566270246088,Diesel,Individual,Manual
0.5945945945945965,60000,0.0533790928532453,Petrol,Individual,Manual
0.567567567567572,90000,0.0381278024246162,Petrol,Individual,Manual
0.8648648648648631,615000,0.0135562789562694,Diesel,Individual,Manual
0.7837837837837824,575000,0.0379371612942584,Diesel,Individual,Manual
0.9189189189189192,3200000,0.0190636893888299,Diesel,Dealer,Automatic
0.8648648648648631,2300000,0.0169454546070759,Diesel,Dealer,Automatic
0.7837837837837824,440000,0.0338913328611081,Diesel,Individual,Manual
0.8108108108108141,360000,0.0338913328611081,Diesel,Individual,Manual
0.5945945945945965,61000,0.0019640272896423,Petrol,Individual,Manual
0.9729729729729756,595000,0.0061627922740351,Petrol,Dealer,Manual
0.9189189189189192,950000,0.0309258041666525,Diesel,Dealer,Automatic
0.8648648648648631,760000,0.0234441989174972,Petrol,Trustmark Dealer,Manual
0.9189189189189192,710000,0.0169454546070759,Diesel,Individual,Manual
0.8108108108108141,475000,0.0529554458968945,Diesel,Individual,Manual
0.8918918918918948,775000,0.0182163954761283,Diesel,Dealer,Manual
0.8648648648648631,550000,0.0550736806786485,Diesel,Individual,Manual
0.7297297297297334,120000,0.0296548632976001,Petrol,Individual,Manual
0.8108108108108141,600000,0.0381278024246162,Diesel,Individual,Manual
0.8108108108108141,200000,0.07159591197633,Diesel,Individual,Manual
0.8648648648648631,650000,0.0529554458968945,Diesel,Individual,Manual
0.7027027027027017,195000,0.0241474528650396,Diesel,Dealer,Manual
0.7567567567567579,1075000,0.0180236361109887,Diesel,Dealer,Automatic
0.7567567567567579,150000,0.1186207241312695,Diesel,Individual,Manual
0.8918918918918948,875000,0.0313494511230033,Diesel,Individual,Automatic
0.8648648648648631,615000,0.025418393734092,Diesel,Individual,Manual
0.8108108108108141,215000,0.0105907502618138,Petrol,Individual,Manual
0.7297297297297334,300000,0.0423642719881243,Diesel,Individual,Manual
0.8918918918918948,840000,0.0296548632976001,Diesel,Individual,Manual
0.621621621621621,105000,0.025418393734092,Petrol,Individual,Manual
0.9189189189189192,2600000,0.0199796141084603,Diesel,Trustmark Dealer,Automatic
0.9189189189189192,455000,0.0169454546070759,Petrol,Individual,Manual
0.8108108108108141,370000,0.0381278024246162,Petrol,Individual,Manual
0.7297297297297334,45000,0.0128784438261081,Petrol,Individual,Manual
0.7027027027027017,130000,0.0508372111151404,Petrol,Individual,Automatic
0.5945945945945965,800000,0.0508393293499222,Diesel,Individual,Automatic
0.6756756756756772,250000,0.0381278024246162,Diesel,Individual,Manual
0.6756756756756772,160000,0.0237238059086888,Petrol,Individual,Manual
0.8918918918918948,500000,0.0296548632976001,Diesel,Individual,Manual
0.9729729729729756,425000,0.0083030566975194,Petrol,Individual,Manual
0.9459459459459438,750000,0.012285338087217,Diesel,Dealer,Manual
0.8918918918918948,660000,0.0067787749485692,Petrol,Dealer,Manual
0.9189189189189192,600000,0.0381278024246162,Diesel,Individual,Manual
0.8918918918918948,1425000,0.0050833398292533,Petrol,Dealer,Manual
0.8918918918918948,675000,0.0220292180832856,Diesel,Individual,Manual
0.8108108108108141,700000,0.0419406250317735,Diesel,Dealer,Manual
0.9459459459459438,2475000,0.0008468702657452,Diesel,Dealer,Automatic
0.9189189189189192,420000,0.0466007415516323,Diesel,Individual,Manual
0.8108108108108141,200000,0.0381278024246162,Petrol,Individual,Manual
0.8108108108108141,180000,0.025418393734092,Petrol,Individual,Manual
0.7837837837837824,700000,0.0508372111151404,Diesel,Individual,Automatic
0.9729729729729756,550000,0.001270517222096,Petrol,Individual,Manual
0.7567567567567579,325000,0.0423642719881243,Diesel,Individual,Manual
0.621621621621621,200000,0.025418393734092,Petrol,Individual,Manual
0.6756756756756772,150000,0.0508372111151404,Diesel,Individual,Manual
0.7027027027027017,1100000,0.0466007415516323,Diesel,Individual,Manual
0.9459459459459438,550000,0.0084725154800597,Petrol,Individual,Manual
0.9459459459459438,375000,0.0048715163510779,Petrol,Individual,Manual
0.9459459459459438,700000,0.0127089850435678,Petrol,Individual,Manual
0.9729729729729756,700000,0.0084725154800597,Petrol,Individual,Automatic
0.7297297297297334,258000,0.0253057036437027,Petrol,Dealer,Automatic
0.5945945945945965,120000,0.0423642719881243,Petrol,Individual,Manual
0.7297297297297334,400000,0.0508372111151404,Diesel,Individual,Manual
0.9459459459459438,570000,0.0105907502618138,Petrol,Individual,Manual
0.7837837837837824,295000,0.0593101502421566,Diesel,Individual,Manual
0.9459459459459438,600000,0.0295612373202465,Petrol,Dealer,Automatic
0.7837837837837824,225000,0.0381278024246162,Diesel,Individual,Manual
0.8108108108108141,350000,0.0423642719881243,Petrol,Individual,Manual
0.5945945945945965,476999,0.0360095676428622,Petrol,Individual,Manual
0.9729729729729756,1150000,0.0009680332952615,Petrol,Trustmark Dealer,Automatic
0.6486486486486527,375000,0.0466007415516323,Diesel,Individual,Manual
0.9729729729729756,2150000,0.0105907502618138,Diesel,Dealer,Manual
0.7837837837837824,250000,0.0169454546070759,Diesel,Individual,Manual
0.7837837837837824,520000,0.0686303832818743,Diesel,Individual,Manual
0.7837837837837824,270000,0.0237238059086888,Petrol,Individual,Manual
0.6486486486486527,85000,0.0423642719881243,Petrol,Individual,Manual
0.9189189189189192,620000,0.0381278024246162,Petrol,Individual,Manual
0.7297297297297334,245000,0.0618520319802614,Diesel,Individual,Manual
0.8648648648648631,600000,0.0148272198253218,Petrol,Individual,Manual
0.8918918918918948,300000,0.0042695140261034,Petrol,Dealer,Manual
0.8378378378378386,325000,0.0300844413113398,Diesel,Dealer,Manual
0.9729729729729756,650000,0.0023808958946915,Petrol,Trustmark Dealer,Automatic
0.8378378378378386,1000000,0.0338913328611081,Diesel,Individual,Automatic
0.9729729729729756,330000,0.0042360459165517,CNG,Individual,Manual
0.9189189189189192,530000,0.0249947467777412,Petrol,Individual,Manual
0.9459459459459438,254999,0.0105907502618138,Petrol,Individual,Manual
0.8378378378378386,285000,0.0289316979431092,Diesel,Dealer,Manual
0.9729729729729756,4500000,0.0088961624364105,Diesel,Dealer,Automatic
0.8378378378378386,450000,0.0330440389484065,Diesel,Individual,Manual
0.9459459459459438,650000,0.0156745137380234,Diesel,Dealer,Manual
0.8648648648648631,190000,0.0296548632976001,Petrol,Individual,Manual
0.8918918918918948,120000,0.0508372111151404,Petrol,Individual,Manual
0.8648648648648631,310000,0.0076252215673581,Petrol,Individual,Manual
0.8648648648648631,375000,0.0127089850435678,Petrol,Individual,Manual
0.8378378378378386,280000,0.0423642719881243,Diesel,Individual,Manual
0.8918918918918948,600000,0.025418393734092,Diesel,Individual,Manual
0.7027027027027017,200000,0.0423642719881243,Petrol,Individual,Manual
0.7837837837837824,175000,0.0338913328611081,Petrol,Individual,Manual
0.9189189189189192,48000,0.0018212582653521,Petrol,Individual,Automatic
0.9189189189189192,3200000,0.0190636893888299,Diesel,Dealer,Automatic
0.9189189189189192,700000,0.0211819241705839,Diesel,Individual,Manual
0.9189189189189192,860000,0.0118616911308662,Petrol,Individual,Manual
0.9459459459459438,540000,0.0074133980891827,Petrol,Individual,Manual
0.8648648648648631,700000,0.0096163622622069,Petrol,Individual,Manual
0.7837837837837824,265000,0.0423642719881243,Petrol,Individual,Manual
0.8378378378378386,625000,0.0169988341235761,Petrol,Dealer,Manual
0.8918918918918948,495000,0.027536628515846,Diesel,Dealer,Manual
0.7837837837837824,525000,0.0593101502421566,Petrol,Individual,Automatic
0.8378378378378386,500000,0.0296548632976001,Petrol,Individual,Manual
0.9189189189189192,80000,0.001270517222096,Petrol,Individual,Manual
0.7837837837837824,120000,0.025418393734092,Petrol,Individual,Manual
0.621621621621621,170000,0.0720195589326808,Diesel,Individual,Manual
0.9459459459459438,740000,0.0038123989602009,Petrol,Individual,Automatic
0.8378378378378386,375000,0.0169454546070759,Diesel,Individual,Manual
0.8918918918918948,650000,0.0110143972181646,Petrol,Individual,Manual
0.9189189189189192,625000,0.0182163954761283,Diesel,Individual,Manual
0.5945945945945965,80000,0.0239695211433722,Petrol,Dealer,Manual
0.8108108108108141,450000,0.0720195589326808,Diesel,Individual,Manual
0.7567567567567579,250000,0.0466007415516323,Petrol,Individual,Manual
0.8108108108108141,500000,0.0305462164937622,Diesel,Dealer,Manual
0.6756756756756772,240000,0.025418393734092,Petrol,Individual,Manual
0.8918918918918948,500000,0.0169454546070759,Petrol,Individual,Manual
0.7837837837837824,1490000,0.0443583782116675,Diesel,Dealer,Automatic
0.8108108108108141,310000,0.0296548632976001,Petrol,Individual,Manual
0.8108108108108141,121000,0.0211819241705839,Petrol,Individual,Manual
0.8108108108108141,270000,0.0313494511230033,Petrol,Individual,Manual
0.9189189189189192,800000,0.0211819241705839,Diesel,Individual,Manual
0.9189189189189192,260000,0.0211819241705839,Diesel,Individual,Manual
0.8918918918918948,1151000,0.0294430398194247,Diesel,Individual,Manual
0.6486486486486527,175000,0.0338913328611081,Diesel,Individual,Manual
0.9189189189189192,550000,0.0084259143148611,Petrol,Dealer,Automatic
0.9459459459459438,990000,0.0063542806983057,Diesel,Individual,Manual
0.8108108108108141,525000,0.0292312163412493,Diesel,Individual,Manual
0.8108108108108141,330000,0.0423642719881243,Diesel,Individual,Manual
0.8918918918918948,650000,0.0419406250317735,Diesel,Dealer,Automatic
0.9459459459459438,925000,0.0122429733915819,Petrol,Dealer,Manual
0.8648648648648631,190000,0.025418393734092,Petrol,Individual,Manual
0.8108108108108141,509999,0.0374808935222685,Diesel,Dealer,Manual
0.9729729729729756,5150000,0.0084725154800597,Petrol,Dealer,Automatic
0.6756756756756772,145000,0.0283839224285477,Petrol,Individual,Manual
0.8648648648648631,250000,0.0338913328611081,Diesel,Individual,Manual
0.7837837837837824,215000,0.0381278024246162,Petrol,Individual,Manual
0.9729729729729756,6523000,0.0099976445229226,Petrol,Dealer,Automatic
0.7297297297297334,300000,0.0207582772142331,Petrol,Individual,Manual
0.7837837837837824,450000,0.0415169780754227,Diesel,Individual,Manual
0.8918918918918948,550000,0.0239330875051261,Petrol,Trustmark Dealer,Manual
0.9189189189189192,900000,0.0211819241705839,Diesel,Individual,Manual
0.7837837837837824,400000,0.0423642719881243,Diesel,Individual,Manual
0.9189189189189192,3200000,0.0190636893888299,Diesel,Dealer,Automatic
0.8648648648648631,1250000,0.025418393734092,Diesel,Dealer,Automatic
0.8918918918918948,595000,0.0327563826650443,Diesel,Dealer,Manual
0.8648648648648631,470000,0.0720195589326808,Diesel,Individual,Manual
1.0,310000,0.00071977617884,Petrol,Individual,Manual
0.8918918918918948,660000,0.0466007415516323,Diesel,Individual,Manual
0.8648648648648631,2000000,0.025418393734092,Diesel,Individual,Automatic
0.9189189189189192,650000,0.0381278024246162,Diesel,Individual,Manual
0.8378378378378386,430000,0.0381278024246162,Diesel,Individual,Manual
0.8378378378378386,450000,0.0169454546070759,Diesel,Dealer,Manual
0.8648648648648631,250000,0.0105907502618138,Petrol,Individual,Manual
0.6756756756756772,263000,0.0296548632976001,Diesel,Individual,Manual
0.8378378378378386,320000,0.038551449380967,Diesel,Individual,Manual
0.9459459459459438,1938000,0.0148272198253218,Diesel,Individual,Manual
0.7297297297297334,135000,0.0402460372063702,Petrol,Individual,Manual
0.9459459459459438,600000,0.0076252215673581,Petrol,Individual,Automatic
0.8378378378378386,680000,0.0271129815594952,Diesel,Individual,Manual
0.9459459459459438,2475000,0.0008468702657452,Diesel,Dealer,Automatic
0.8378378378378386,190000,0.0314854417959919,Diesel,Dealer,Manual
0.9459459459459438,600000,0.0295612373202465,Petrol,Dealer,Automatic
0.7027027027027017,250000,0.0262656876467936,Petrol,Dealer,Manual
0.9189189189189192,400000,0.025418393734092,CNG,Individual,Manual
0.7297297297297334,179000,0.029104122254344,Petrol,Individual,Manual
0.8648648648648631,600000,0.0338913328611081,Diesel,Individual,Manual
0.8378378378378386,1850000,0.025418393734092,Diesel,Individual,Automatic
0.9189189189189192,520000,0.0127089850435678,Petrol,Individual,Manual
0.9729729729729756,1110000,0.0044478693947271,Diesel,Individual,Manual
0.9459459459459438,800000,0.0360095676428622,Diesel,Individual,Manual
0.9189189189189192,580000,0.0381278024246162,Diesel,Individual,Manual
0.8378378378378386,420000,0.0423642719881243,Diesel,Individual,Manual
0.7567567567567579,135000,0.0330440389484065,Petrol,Individual,Manual
0.8648648648648631,1000000,0.0211819241705839,Diesel,Individual,Manual
0.7027027027027017,106000,0.0296548632976001,Petrol,Individual,Manual
0.8378378378378386,430999,0.0508372111151404,Diesel,Individual,Manual
0.8108108108108141,385000,0.0508372111151404,Petrol,Individual,Manual
0.9189189189189192,650000,0.0296548632976001,Diesel,Individual,Manual
0.9459459459459438,500000,0.0050833398292533,Petrol,Individual,Manual
0.8648648648648631,40000,0.0059306337419549,Petrol,Individual,Manual
0.7837837837837824,191000,0.0381278024246162,Petrol,Individual,Manual
0.8918918918918948,380000,0.0160981606943743,Diesel,Dealer,Manual
0.7027027027027017,380000,0.0262656876467936,Petrol,Dealer,Manual
0.7837837837837824,420000,0.0508372111151404,Petrol,Individual,Automatic
0.7837837837837824,350000,0.0677830893691727,Diesel,Individual,Manual
0.9729729729729756,650000,0.0023808958946915,Petrol,Trustmark Dealer,Automatic
0.3783783783783789,50000,0.0338913328611081,Petrol,Individual,Manual
0.5945945945945965,75000,0.0466007415516323,Diesel,Individual,Manual
0.9189189189189192,1900000,0.0423642719881243,Diesel,Individual,Manual
0.7567567567567579,520000,0.0508372111151404,Diesel,Individual,Manual
0.621621621621621,225000,0.0423642719881243,Diesel,Individual,Manual
0.8378378378378386,291000,0.0381278024246162,Diesel,Individual,Manual
0.9459459459459438,850000,0.0249947467777412,Diesel,Individual,Manual
0.8378378378378386,655000,0.0211819241705839,Diesel,Individual,Manual
0.8378378378378386,240000,0.0211819241705839,Petrol,Individual,Manual
0.8648648648648631,315000,0.0508372111151404,Petrol,Individual,Manual
0.9729729729729756,1050000,0.0114380441745154,Diesel,Individual,Manual
0.621621621621621,80000,0.0466007415516323,Diesel,Individual,Manual
0.9459459459459438,950000,0.0329593095571364,Diesel,Individual,Manual
0.9729729729729756,1450000,0.0093198093927613,Petrol,Dealer,Automatic
0.7297297297297334,120000,0.0381278024246162,Petrol,Individual,Manual
0.9189189189189192,650000,0.0105907502618138,Diesel,Individual,Manual
0.9729729729729756,610000,0.0042360459165517,Petrol,Individual,Automatic
0.8918918918918948,1800000,0.0466007415516323,Diesel,Individual,Manual
0.7837837837837824,290000,0.0529554458968945,Diesel,Individual,Manual
0.6486486486486527,70000,0.0338913328611081,Petrol,Individual,Manual
0.8108108108108141,380000,0.0321967450357049,Diesel,Individual,Manual
0.8648648648648631,425000,0.0338913328611081,Diesel,Individual,Manual
0.9189189189189192,625000,0.0099599399438074,Petrol,Individual,Manual
0.8108108108108141,380000,0.0423642719881243,Diesel,Individual,Manual
0.9459459459459438,1180000,0.002329634612973,Petrol,Individual,Manual
0.7297297297297334,130000,0.0118616911308662,Petrol,Individual,Manual
0.9459459459459438,775000,0.0072015746110073,Petrol,Dealer,Manual
0.7027027027027017,150000,0.0338913328611081,Petrol,Individual,Manual
0.9189189189189192,320000,0.0135562789562694,Petrol,Individual,Manual
0.8918918918918948,560000,0.0290291367430699,Petrol,Dealer,Manual
0.6756756756756772,285000,0.025418393734092,Petrol,Individual,Manual
0.9189189189189192,480000,0.0128784438261081,Petrol,Dealer,Manual
0.6486486486486527,55000,0.0321789518635382,Diesel,Individual,Manual
1.0,828999,0.0004274597789579,Petrol,Dealer,Manual
0.9459459459459438,550000,0.0127089850435678,Petrol,Individual,Manual
0.9189189189189192,640000,0.0466007415516323,Diesel,Individual,Manual
0.9729729729729756,655000,0.0105907502618138,Petrol,Individual,Manual
0.5135135135135158,100000,0.0508372111151404,Diesel,Individual,Manual
0.621621621621621,150000,0.0508372111151404,Petrol,Individual,Manual
0.8648648648648631,459999,0.025418393734092,Diesel,Individual,Manual
0.8378378378378386,200000,0.0183778049664979,Petrol,Dealer,Manual
0.9459459459459438,790000,0.0169454546070759,Diesel,Individual,Manual
0.8108108108108141,375000,0.0173864710886371,Petrol,Dealer,Manual
0.9189189189189192,280000,0.0122167072802882,Petrol,Individual,Manual
0.7567567567567579,180000,0.0508372111151404,Diesel,Individual,Manual
0.9189189189189192,1770000,0.0105907502618138,Diesel,Individual,Manual
0.6756756756756772,125000,0.0432115659008259,Petrol,Dealer,Manual
0.9459459459459438,565000,0.0042360459165517,Petrol,Individual,Automatic
0.8378378378378386,1200000,0.084728967623205,Diesel,Individual,Manual
0.9189189189189192,600000,0.0021178111347976,Petrol,Individual,Manual
0.9459459459459438,450000,0.0021178111347976,Petrol,Individual,Manual
0.7567567567567579,130000,0.0466007415516323,Petrol,Individual,Manual
0.8648648648648631,600000,0.0571919154604025,Diesel,Individual,Manual
0.7837837837837824,150000,0.0381278024246162,Petrol,Individual,Manual
0.8108108108108141,220000,0.0338913328611081,Petrol,Individual,Manual
0.7567567567567579,140000,0.0305021572103017,Petrol,Individual,Manual
0.9189189189189192,1100000,0.0110143972181646,Petrol,Individual,Automatic
0.9459459459459438,675000,0.0097434563491122,Diesel,Individual,Manual
0.7027027027027017,125000,0.0211819241705839,Petrol,Individual,Manual
0.9459459459459438,3800000,0.0042360459165517,Diesel,Dealer,Automatic
0.7837837837837824,550000,0.0423642719881243,Petrol,Individual,Automatic
0.6486486486486527,480000,0.0466007415516323,Diesel,Individual,Automatic
0.8918918918918948,210000,0.0127089850435678,Petrol,Individual,Manual
0.8648648648648631,575000,0.0267910098726686,Diesel,Trustmark Dealer,Manual
0.9189189189189192,650000,0.0347598091216273,Diesel,Individual,Manual
0.9729729729729756,5400000,0.0031769285256747,Diesel,Dealer,Automatic
0.5945945945945965,70000,0.0290193928630739,Petrol,Dealer,Manual
0.9459459459459438,610000,0.0042360459165517,Petrol,Individual,Manual
0.567567567567572,100000,0.0105907502618138,Petrol,Individual,Manual
0.8378378378378386,250000,0.0487189763333864,Diesel,Individual,Manual
0.8378378378378386,720000,0.0338913328611081,Diesel,Individual,Manual
0.7027027027027017,235000,0.0284123067746232,Petrol,Dealer,Manual
0.7567567567567579,256000,0.0296548632976001,Diesel,Individual,Manual
0.8918918918918948,250000,0.0105907502618138,Petrol,Individual,Manual
0.9459459459459438,3800000,0.0042360459165517,Diesel,Dealer,Automatic
0.7837837837837824,225000,0.0466007415516323,Petrol,Individual,Manual
0.9459459459459438,1085000,0.0063542806983057,Diesel,Individual,Manual
0.7837837837837824,120000,0.0677830893691727,Diesel,Individual,Manual
0.9459459459459438,833000,0.0148272198253218,Diesel,Individual,Automatic
0.8378378378378386,375000,0.0338913328611081,Petrol,Individual,Manual
0.7567567567567579,225000,0.0338913328611081,Petrol,Individual,Manual
0.7297297297297334,535000,0.0408573597643845,Diesel,Individual,Manual
0.7027027027027017,150000,0.1270936632582857,Diesel,Individual,Manual
0.9189189189189192,3200000,0.0190636893888299,Diesel,Dealer,Automatic
0.9729729729729756,5150000,0.0084725154800597,Petrol,Dealer,Automatic
0.5405405405405403,55599,0.0152881477138315,Petrol,Individual,Manual
0.9189189189189192,48000,0.0036429401776605,Petrol,Individual,Manual
0.6486486486486527,280000,0.025418393734092,Petrol,Individual,Automatic
0.8108108108108141,350000,0.0381278024246162,Petrol,Individual,Automatic
0.7567567567567579,347000,0.0341455210349186,Diesel,Individual,Manual
0.7567567567567579,265000,0.0508372111151404,Diesel,Individual,Manual
0.5405405405405403,70000,0.0084725154800597,Diesel,Individual,Manual
0.9459459459459438,1000000,0.0296548632976001,Diesel,Individual,Manual
0.8918918918918948,239000,0.0173691015634267,Petrol,Dealer,Manual
0.7837837837837824,350000,0.0444825067698783,Diesel,Individual,Manual
0.8108108108108141,400000,0.0466007415516323,Diesel,Individual,Manual
0.9459459459459438,650000,0.0211819241705839,Diesel,Individual,Manual
0.7567567567567579,254999,0.0466007415516323,Diesel,Individual,Manual
0.7837837837837824,450000,0.0423642719881243,Diesel,Individual,Manual
0.8108108108108141,229999,0.0165218076507251,Petrol,Dealer,Manual
0.7837837837837824,475000,0.0351622737301606,Petrol,Individual,Automatic
0.8648648648648631,503000,0.0466007415516323,Diesel,Individual,Manual
0.9459459459459438,200000,0.0042360459165517,Petrol,Individual,Manual
0.8648648648648631,313000,0.0288935697170377,Petrol,Dealer,Manual
0.7837837837837824,400000,0.025418393734092,Diesel,Individual,Manual
0.9189189189189192,254000,0.0169454546070759,Petrol,Individual,Manual
0.9459459459459438,1050000,0.0042360459165517,Diesel,Individual,Manual
0.6486486486486527,170000,0.0296548632976001,Petrol,Individual,Manual
0.9459459459459438,2475000,0.0008468702657452,Diesel,Dealer,Automatic
0.8648648648648631,240000,0.0211819241705839,Petrol,Individual,Manual
0.8648648648648631,590000,0.0169454546070759,Diesel,Individual,Manual
0.9459459459459438,800000,0.0148272198253218,Diesel,Individual,Manual
0.9729729729729756,470000,0.0033887520038501,Petrol,Individual,Manual
0.6756756756756772,180000,0.0423642719881243,Petrol,Individual,Manual
0.8648648648648631,503000,0.0466007415516323,Diesel,Individual,Manual
0.7837837837837824,360000,0.0381278024246162,Diesel,Individual,Manual
0.7837837837837824,350000,0.0326203919920557,Diesel,Individual,Manual
0.8108108108108141,363000,0.0121751898785658,Petrol,Individual,Manual
0.9729729729729756,5400000,0.0031769285256747,Diesel,Dealer,Automatic
0.7297297297297334,300000,0.0296548632976001,Petrol,Individual,Manual
0.8378378378378386,250000,0.0,Diesel,Individual,Manual
0.8648648648648631,1300000,0.0338913328611081,Diesel,Individual,Manual
0.8648648648648631,350000,0.0381278024246162,Diesel,Individual,Manual
0.8108108108108141,210000,0.0211819241705839,Petrol,Individual,Manual
0.8378378378378386,210000,0.0148272198253218,Petrol,Individual,Manual
0.4324324324324351,75000,0.0296548632976001,Petrol,Individual,Manual
0.8378378378378386,170000,0.0423642719881243,Petrol,Individual,Manual
0.9189189189189192,693000,0.0248079184699905,Diesel,Dealer,Manual
0.8918918918918948,400000,0.0338913328611081,Petrol,Individual,Manual
0.8378378378378386,605000,0.0338913328611081,Diesel,Individual,Manual
0.9729729729729756,590000,0.0042360459165517,Petrol,Individual,Manual
0.8108108108108141,182000,0.0423642719881243,Diesel,Individual,Manual
0.5945945945945965,110000,0.0423642719881243,Petrol,Individual,Automatic
0.8648648648648631,320000,0.0211819241705839,Diesel,Individual,Manual
0.6486486486486527,130000,0.0415169780754227,Diesel,Individual,Manual
0.9729729729729756,700000,0.0127089850435678,Diesel,Individual,Manual
0.8648648648648631,944999,0.0173691015634267,Diesel,Individual,Manual
0.8648648648648631,250000,0.0169454546070759,Petrol,Individual,Manual
0.5405405405405403,60000,0.0423642719881243,Petrol,Individual,Manual
0.621621621621621,80000,0.0466007415516323,Petrol,Individual,Manual
0.8918918918918948,650000,0.0211819241705839,Diesel,Individual,Manual
0.6486486486486527,190000,0.0677830893691727,Diesel,Individual,Manual
0.6756756756756772,165000,0.0508372111151404,Diesel,Individual,Manual
0.6486486486486527,250000,0.0199109833015315,Petrol,Dealer,Automatic
0.621621621621621,180000,0.0484313200500242,Diesel,Individual,Manual
0.8918918918918948,600000,0.0105907502618138,Petrol,Individual,Manual
0.5945945945945965,150000,0.0199109833015315,Petrol,Individual,Manual
0.9189189189189192,825000,0.0057188102637795,Diesel,Individual,Manual
0.5945945945945965,130000,0.0334676859047573,Diesel,Individual,Manual
0.7837837837837824,500000,0.084728967623205,Diesel,Individual,Manual
0.9189189189189192,715000,0.0105907502618138,Diesel,Individual,Automatic
0.8648648648648631,290000,0.0169454546070759,Diesel,Individual,Manual
1.0,600000,0.0021178111347976,Petrol,Individual,Manual
0.9459459459459438,515000,0.0067779276546565,Petrol,Dealer,Manual
0.8378378378378386,409999,0.0239529989120746,Diesel,Dealer,Manual
0.8378378378378386,545000,0.0423642719881243,Diesel,Individual,Manual
0.8918918918918948,320000,0.0104475575905672,Petrol,Dealer,Manual
0.7297297297297334,210000,0.084728967623205,Petrol,Individual,Manual
0.8378378378378386,1050000,0.0296548632976001,Diesel,Individual,Manual
0.7567567567567579,229999,0.0423642719881243,CNG,Individual,Manual
0.9189189189189192,894999,0.0148272198253218,Petrol,Individual,Manual
0.8648648648648631,475000,0.0105907502618138,Diesel,Individual,Manual
0.9459459459459438,940000,0.0084725154800597,Diesel,Individual,Manual
0.8108108108108141,385000,0.0338913328611081,Diesel,Individual,Manual
0.7837837837837824,625000,0.0169454546070759,Diesel,Individual,Manual
0.9189189189189192,2600000,0.0199796141084603,Diesel,Trustmark Dealer,Automatic
0.7297297297297334,350000,0.0338913328611081,Petrol,Individual,Manual
0.7027027027027017,240000,0.0296548632976001,Petrol,Individual,Manual
0.8378378378378386,400000,0.0105907502618138,Petrol,Individual,Manual
0.8648648648648631,600000,0.0296548632976001,Diesel,Individual,Manual
0.8108108108108141,950000,0.0338913328611081,Diesel,Individual,Manual
0.7567567567567579,300000,0.0508372111151404,Diesel,Individual,Manual
0.6756756756756772,125000,0.0296548632976001,Petrol,Individual,Manual
0.8648648648648631,900000,0.0093198093927613,Petrol,Individual,Manual
0.621621621621621,75000,0.0338913328611081,Petrol,Individual,Manual
0.8108108108108141,300000,0.0241474528650396,Petrol,Individual,Manual
0.567567567567572,229999,0.0711722650199791,Diesel,Individual,Manual
0.9189189189189192,280000,0.0152508667816726,Petrol,Individual,Manual
0.7837837837837824,420000,0.0211819241705839,Diesel,Individual,Manual
0.8378378378378386,300000,0.0207688683881419,Petrol,Individual,Manual
0.9459459459459438,245000,0.0023508169607906,Petrol,Individual,Manual
0.7567567567567579,450000,0.0381278024246162,Diesel,Individual,Manual
0.8108108108108141,250999,0.0338913328611081,Diesel,Individual,Manual
0.6486486486486527,135000,0.0296548632976001,Petrol,Individual,Manual
0.9189189189189192,969999,0.0127089850435678,Diesel,Individual,Manual
0.8918918918918948,550000,0.0097434563491122,Petrol,Dealer,Manual
0.8378378378378386,400000,0.0148272198253218,Diesel,Individual,Manual
0.8108108108108141,390000,0.0139799259126202,Diesel,Individual,Manual
0.8648648648648631,240000,0.0211819241705839,Petrol,Individual,Manual
0.7567567567567579,300000,0.0127089850435678,Petrol,Individual,Manual
0.8648648648648631,600000,0.0231730648654327,Diesel,Dealer,Manual
0.7837837837837824,300000,0.0211819241705839,Petrol,Individual,Manual
0.9189189189189192,525000,0.0085208112330837,Petrol,Dealer,Manual
0.8648648648648631,1000000,0.0508372111151404,Diesel,Individual,Manual
0.8108108108108141,700000,0.0508372111151404,Diesel,Individual,Manual
0.8918918918918948,950000,0.0211819241705839,Diesel,Individual,Manual
0.9729729729729756,500000,0.0042360459165517,Petrol,Individual,Manual
0.621621621621621,1050000,0.1059113154407453,Diesel,Individual,Manual
0.567567567567572,85000,0.0466007415516323,Petrol,Individual,Manual
0.9189189189189192,563000,0.0127089850435678,Petrol,Individual,Manual
0.5405405405405403,70000,0.0381278024246162,Petrol,Individual,Manual
0.8648648648648631,965000,0.025418393734092,Diesel,Individual,Manual
0.7297297297297334,490000,0.0466007415516323,Diesel,Individual,Automatic
0.8108108108108141,451000,0.0296548632976001,Diesel,Individual,Manual
0.9189189189189192,470000,0.0211819241705839,Petrol,Individual,Manual
0.7837837837837824,480000,0.0508372111151404,Diesel,Individual,Manual
0.7837837837837824,385000,0.0220292180832856,Diesel,Dealer,Manual
0.7297297297297334,250000,0.0199109833015315,Petrol,Individual,Manual
0.8108108108108141,250000,0.0338913328611081,Diesel,Individual,Manual
0.8108108108108141,750000,0.0336066421064404,Diesel,Trustmark Dealer,Manual
0.8378378378378386,450000,0.0466007415516323,Petrol,Individual,Manual
0.8108108108108141,370000,0.0406696841627211,Diesel,Individual,Manual
0.8378378378378386,400000,0.0508372111151404,Diesel,Individual,Manual
0.8648648648648631,475000,0.0104212914792734,Petrol,Dealer,Manual
0.8918918918918948,535000,0.022283406257096,Diesel,Individual,Manual
0.7837837837837824,368000,0.0381278024246162,Petrol,Individual,Manual
0.9189189189189192,620000,0.0423642719881243,Diesel,Individual,Manual
0.9729729729729756,3800000,0.0084725154800597,Diesel,Individual,Automatic
0.9189189189189192,550000,0.0084259143148611,Petrol,Dealer,Automatic
0.6756756756756772,285000,0.0381278024246162,Diesel,Individual,Automatic
0.7567567567567579,204999,0.0622756789366122,Diesel,Individual,Manual
0.8108108108108141,184000,0.0063542806983057,Petrol,Individual,Manual
0.8378378378378386,509999,0.0296548632976001,Diesel,Individual,Manual
0.8108108108108141,316000,0.0593101502421566,Diesel,Individual,Manual
0.8108108108108141,1451000,0.034314979817459,Diesel,Dealer,Automatic
0.9189189189189192,600000,0.0080488685237089,Petrol,Individual,Manual
0.9729729729729756,500000,0.0042360459165517,Petrol,Individual,Manual
0.8108108108108141,600000,0.0127089850435678,Diesel,Individual,Manual
0.9189189189189192,350000,0.0148272198253218,Petrol,Individual,Manual
0.8918918918918948,1516000,0.0508372111151404,Diesel,Individual,Automatic
0.8108108108108141,400000,0.0148272198253218,Diesel,Individual,Manual
0.7837837837837824,430000,0.0508372111151404,Diesel,Individual,Manual
0.8918918918918948,250000,0.0127089850435678,Petrol,Individual,Manual
0.7297297297297334,200000,0.0508372111151404,Petrol,Individual,Manual
0.9729729729729756,925000,0.0169454546070759,Diesel,Individual,Manual
0.8648648648648631,399000,0.023300158952338,Diesel,Dealer,Manual
0.7567567567567579,400000,0.0423642719881243,Diesel,Individual,Manual
0.7297297297297334,150000,0.0296548632976001,LPG,Individual,Manual
0.621621621621621,425000,0.1143842545677614,Diesel,Individual,Manual
0.8378378378378386,229999,0.0048507576502167,Petrol,Individual,Manual
0.6486486486486527,60000,0.0296548632976001,Petrol,Individual,Manual
0.7837837837837824,565000,0.0305021572103017,Diesel,Dealer,Manual
0.8648648648648631,350000,0.0550736806786485,Diesel,Individual,Manual
0.8648648648648631,600000,0.0190636893888299,Petrol,Individual,Manual
0.9189189189189192,850000,0.0148272198253218,Diesel,Individual,Manual
0.9459459459459438,300000,0.0084725154800597,Petrol,Individual,Manual
0.8648648648648631,430000,0.0309258041666525,Diesel,Individual,Manual
0.8918918918918948,735000,0.0105907502618138,Diesel,Individual,Manual
0.9189189189189192,670000,0.0338913328611081,Diesel,Individual,Manual
0.9459459459459438,949000,0.0043207753078218,Petrol,Individual,Manual
0.3783783783783789,70000,0.0423642719881243,Petrol,Individual,Manual
0.7297297297297334,300000,0.0296548632976001,Diesel,Individual,Manual
0.9729729729729756,630000,0.0169454546070759,Petrol,Individual,Manual
0.7837837837837824,560000,0.0169454546070759,Petrol,Individual,Manual
0.5405405405405403,65000,0.0296548632976001,Petrol,Individual,Manual
0.8378378378378386,1050000,0.0410933311190719,Diesel,Individual,Manual
0.9459459459459438,2475000,0.0008468702657452,Diesel,Dealer,Automatic
0.7837837837837824,168000,0.0804924980596969,Diesel,Individual,Manual
0.8918918918918948,1175000,0.0466007415516323,Diesel,Individual,Manual
0.7837837837837824,450000,0.084728967623205,Diesel,Individual,Manual
0.7567567567567579,300000,0.0072015746110073,Petrol,Individual,Manual
0.8648648648648631,860000,0.0381278024246162,Diesel,Individual,Manual
0.9189189189189192,300000,0.0338913328611081,Diesel,Individual,Manual
0.9459459459459438,450000,0.0042360459165517,Petrol,Individual,Manual
0.6486486486486527,80000,0.0266893346031444,Petrol,Individual,Automatic
0.8918918918918948,270000,0.0347386267738098,Petrol,Individual,Manual
0.7567567567567579,46000,0.0105907502618138,Petrol,Individual,Manual
0.8378378378378386,470000,0.025418393734092,Petrol,Individual,Manual
0.8378378378378386,348000,0.0097434563491122,Petrol,Individual,Manual
0.5945945945945965,80500,0.0211819241705839,Petrol,Individual,Manual
0.9729729729729756,700000,0.0025414580911484,Petrol,Individual,Manual
0.7297297297297334,150000,0.0169454546070759,Petrol,Individual,Manual
0.9189189189189192,2625000,0.0038123989602009,Diesel,Dealer,Automatic
0.9459459459459438,430000,0.0127089850435678,Petrol,Individual,Manual
0.8378378378378386,265000,0.023300158952338,Petrol,Dealer,Manual
0.9189189189189192,600000,0.0508372111151404,Diesel,Individual,Manual
0.9459459459459438,250000,0.0508372111151404,Petrol,Individual,Manual
0.9459459459459438,600000,0.0295612373202465,Petrol,Dealer,Automatic
0.8918918918918948,300000,0.0127089850435678,Petrol,Individual,Manual
0.7297297297297334,270000,0.0381278024246162,Diesel,Individual,Manual
0.8648648648648631,760000,0.0234441989174972,Petrol,Trustmark Dealer,Manual
0.9189189189189192,625000,0.0108186723243305,Petrol,Trustmark Dealer,Manual
0.8108108108108141,320000,0.025418393734092,Petrol,Individual,Manual
0.8108108108108141,150000,0.0381278024246162,Diesel,Individual,Manual
0.7837837837837824,200999,0.0381278024246162,Petrol,Individual,Manual
0.7567567567567579,350000,0.0508372111151404,Diesel,Individual,Manual
0.7837837837837824,550000,0.0351622737301606,Petrol,Individual,Manual
0.8648648648648631,550000,0.0173691015634267,Petrol,Individual,Manual
0.8108108108108141,130000,0.0508372111151404,Diesel,Individual,Manual
0.8918918918918948,635000,0.0220292180832856,Diesel,Dealer,Manual
0.9189189189189192,700000,0.0296548632976001,Diesel,Individual,Manual
0.8108108108108141,667000,0.027536628515846,Diesel,Individual,Manual
0.8648648648648631,500000,0.0246393069813629,Petrol,Dealer,Manual
0.7297297297297334,169000,0.0423642719881243,Petrol,Individual,Manual
0.9189189189189192,780000,0.0131593217581687,Petrol,Trustmark Dealer,Manual
0.7567567567567579,360000,0.0665121485001203,Diesel,Individual,Manual
0.9459459459459438,900000,0.0211819241705839,Diesel,Individual,Automatic
0.9189189189189192,400000,0.0466007415516323,CNG,Individual,Manual
0.8378378378378386,580000,0.0508372111151404,Diesel,Individual,Manual
0.7837837837837824,711000,0.0227070532134468,Diesel,Dealer,Manual
0.8918918918918948,500000,0.025418393734092,Diesel,Individual,Manual
0.7297297297297334,235000,0.0423642719881243,Diesel,Individual,Manual
0.8378378378378386,750000,0.0614283850239106,Diesel,Individual,Manual
0.9459459459459438,350000,0.0105907502618138,Petrol,Individual,Manual
0.8378378378378386,300000,0.0148272198253218,Petrol,Individual,Manual
0.7837837837837824,220000,0.0055069867856041,Petrol,Individual,Manual
0.8648648648648631,600000,0.0423642719881243,Diesel,Individual,Manual
0.8108108108108141,450000,0.0004232233093944,Diesel,Dealer,Manual
0.9729729729729756,1500000,0.0084725154800597,Petrol,Individual,Manual
0.9459459459459438,570000,0.0084725154800597,Petrol,Individual,Manual
0.4324324324324351,45000,0.0211819241705839,Petrol,Individual,Manual
0.9459459459459438,770000,0.0211819241705839,Diesel,Individual,Manual
0.7837837837837824,125000,0.0118616911308662,Petrol,Individual,Manual
0.8378378378378386,220000,0.025418393734092,Petrol,Individual,Manual
0.8378378378378386,459999,0.027536628515846,Diesel,Individual,Manual
0.7837837837837824,190000,0.0466007415516323,Petrol,Individual,Manual
0.8648648648648631,950000,0.0796452041469953,Diesel,Individual,Manual
0.9189189189189192,900000,0.0084725154800597,Petrol,Individual,Manual
0.7837837837837824,465000,0.0618520319802614,Diesel,Individual,Manual
0.7297297297297334,310000,0.0508372111151404,Diesel,Individual,Manual
0.6486486486486527,85000,0.0360095676428622,Petrol,Individual,Manual
0.9189189189189192,1300000,0.0127089850435678,Diesel,Individual,Manual
0.7297297297297334,260000,0.0211819241705839,Petrol,Individual,Manual
0.7567567567567579,114999,0.0042360459165517,Petrol,Individual,Manual
0.6486486486486527,35000,0.0042360459165517,Petrol,Individual,Manual
0.7567567567567579,450000,0.0406696841627211,Diesel,Individual,Manual
0.8918918918918948,675000,0.0220292180832856,Diesel,Individual,Manual
0.7837837837837824,190000,0.0550736806786485,Diesel,Individual,Manual
0.8648648648648631,650000,0.0245710998213904,Diesel,Individual,Manual
0.621621621621621,120000,0.0381278024246162,Petrol,Individual,Manual
0.9459459459459438,450000,0.0127089850435678,Petrol,Individual,Manual
0.9189189189189192,350000,0.0127089850435678,Petrol,Individual,Manual
0.6756756756756772,168000,0.0211819241705839,Petrol,Individual,Automatic
0.6756756756756772,148000,0.0338913328611081,LPG,Individual,Manual
0.8378378378378386,540000,0.0466007415516323,Diesel,Individual,Manual
0.8648648648648631,670000,0.0079760012472166,Petrol,Dealer,Manual
0.7837837837837824,415000,0.025418393734092,Petrol,Dealer,Manual
0.8918918918918948,350000,0.0050833398292533,Petrol,Individual,Manual
0.7027027027027017,250000,0.0296548632976001,Petrol,Individual,Manual
0.9189189189189192,300000,0.0148272198253218,Petrol,Individual,Manual
0.6756756756756772,155000,0.0508372111151404,Petrol,Individual,Manual
0.9189189189189192,400000,0.0224528650396364,Petrol,Individual,Manual
0.9459459459459438,560000,0.0211819241705839,Diesel,Individual,Manual
0.6756756756756772,110000,0.0381278024246162,Diesel,Individual,Manual
0.8918918918918948,482000,0.0211819241705839,Petrol,Individual,Manual
0.7837837837837824,450000,0.025418393734092,Diesel,Individual,Manual
0.8108108108108141,925000,0.0317730980793541,Diesel,Individual,Manual
0.8108108108108141,1300000,0.0247829232995658,Diesel,Dealer,Automatic
0.7027027027027017,70000,0.0063542806983057,Petrol,Individual,Manual
0.9459459459459438,745000,0.0203346302578823,Diesel,Dealer,Manual
0.7837837837837824,425000,0.0237238059086888,Diesel,Individual,Manual
0.8378378378378386,475000,0.0203346302578823,Petrol,Dealer,Automatic
0.4864864864864842,33983,0.0338913328611081,Petrol,Individual,Manual
0.9189189189189192,800000,0.025418393734092,Diesel,Individual,Manual
0.7297297297297334,150000,0.0338913328611081,Diesel,Individual,Manual
0.8648648648648631,520000,0.0508372111151404,Diesel,Individual,Manual
0.7837837837837824,275000,0.0296548632976001,Petrol,Individual,Manual
0.6486486486486527,280000,0.0677830893691727,Diesel,Individual,Manual
0.8648648648648631,310000,0.0138469007683261,Petrol,Dealer,Manual
0.7567567567567579,325000,0.0334676859047573,Diesel,Individual,Manual
0.6756756756756772,135000,0.0338913328611081,Petrol,Individual,Manual
0.7567567567567579,150000,0.0550736806786485,Diesel,Individual,Manual
0.8108108108108141,310000,0.0381278024246162,Diesel,Individual,Manual
0.9459459459459438,720000,0.0105907502618138,Petrol,Individual,Manual
0.7837837837837824,300000,0.0423642719881243,Petrol,Individual,Manual
0.8918918918918948,2150000,0.0182163954761283,Diesel,Dealer,Automatic
0.8918918918918948,700000,0.0169454546070759,Diesel,Individual,Manual
0.8648648648648631,430000,0.0410933311190719,Diesel,Individual,Manual
0.8648648648648631,450000,0.0241474528650396,Diesel,Individual,Manual
0.8648648648648631,550000,0.0019025984809714,Petrol,Dealer,Manual
0.9189189189189192,409999,0.0169454546070759,Diesel,Individual,Manual
0.8918918918918948,300000,0.0127089850435678,Petrol,Individual,Manual
0.7837837837837824,434999,0.0571919154604025,Diesel,Individual,Manual
0.8108108108108141,475000,0.1059113154407453,Diesel,Individual,Manual
0.9729729729729756,700000,0.0169454546070759,Diesel,Individual,Automatic
0.8378378378378386,565000,0.0237238059086888,Petrol,Individual,Manual
0.4054054054054035,42000,0.0296548632976001,Petrol,Individual,Manual
0.7567567567567579,135000,0.0211819241705839,Petrol,Individual,Manual
0.7027027027027017,150000,0.023300158952338,Petrol,Individual,Manual
0.9459459459459438,911999,0.0105907502618138,Diesel,Individual,Automatic
0.8648648648648631,300000,0.0381278024246162,Petrol,Individual,Manual
0.9189189189189192,800000,0.0296548632976001,Diesel,Individual,Manual
0.8918918918918948,350000,0.0381278024246162,Diesel,Individual,Manual
0.8648648648648631,1700000,0.0165218076507251,Diesel,Individual,Manual
0.7567567567567579,350000,0.0338913328611081,Diesel,Individual,Manual
0.7297297297297334,210000,0.0398223902500194,Petrol,Individual,Manual
0.7027027027027017,270000,0.0338913328611081,Diesel,Individual,Manual
0.9459459459459438,395000,0.0084725154800597,Petrol,Individual,Manual
0.8648648648648631,3500000,0.0148272198253218,Diesel,Individual,Automatic
0.7027027027027017,100000,0.0084725154800597,Diesel,Individual,Manual
0.9189189189189192,650000,0.0338913328611081,Diesel,Individual,Manual
0.9459459459459438,530000,0.0084725154800597,Diesel,Individual,Manual
0.9189189189189192,145000,0.0005079527006646,Petrol,Individual,Manual
0.6486486486486527,325000,0.0296548632976001,Petrol,Individual,Automatic
0.8108108108108141,660000,0.0292312163412493,Diesel,Individual,Manual
0.9459459459459438,500000,0.0148272198253218,Diesel,Individual,Manual
0.7027027027027017,130000,0.0211819241705839,Diesel,Individual,Manual
0.8378378378378386,260000,0.0211819241705839,Diesel,Individual,Manual
0.7027027027027017,135000,0.0466007415516323,Diesel,Individual,Manual
0.7567567567567579,170000,0.0296548632976001,Diesel,Individual,Manual
0.621621621621621,105000,0.0423642719881243,Petrol,Individual,Manual
0.9189189189189192,450000,0.0211819241705839,Petrol,Individual,Automatic
0.8918918918918948,1090000,0.0130279912017,Petrol,Dealer,Automatic
0.8648648648648631,2650000,0.0224528650396364,Diesel,Dealer,Automatic
0.7027027027027017,250000,0.0466007415516323,Diesel,Individual,Manual
0.8378378378378386,575000,0.0169454546070759,Diesel,Individual,Manual
0.5945945945945965,93000,0.0508372111151404,Petrol,Individual,Manual
0.7567567567567579,150000,0.0169454546070759,Diesel,Individual,Manual
0.8918918918918948,220000,0.0185129483455739,Petrol,Individual,Manual
0.9459459459459438,360000,0.0025414580911484,Petrol,Individual,Manual
0.7297297297297334,260000,0.0466007415516323,Diesel,Individual,Manual
0.9189189189189192,280000,0.0135562789562694,Petrol,Dealer,Manual
0.9189189189189192,310000,0.0063542806983057,Petrol,Individual,Manual
0.9729729729729756,590000,0.0381278024246162,Petrol,Individual,Manual
0.7027027027027017,110000,0.0351622737301606,Petrol,Individual,Manual
0.7567567567567579,350000,0.084728967623205,Diesel,Individual,Manual
0.7567567567567579,175000,0.0211819241705839,Petrol,Individual,Manual
0.7837837837837824,320000,0.0466007415516323,Diesel,Individual,Manual
0.9189189189189192,200000,0.0593101502421566,Petrol,Individual,Manual
0.8378378378378386,325000,0.0296548632976001,Diesel,Individual,Automatic
0.3783783783783789,160000,0.0423642719881243,Diesel,Individual,Manual
0.9189189189189192,475000,0.0084725154800597,Petrol,Individual,Automatic
0.9189189189189192,650000,0.0466007415516323,Diesel,Individual,Manual
1.0,784000,4.236469563508068e-05,Diesel,Dealer,Manual
0.7837837837837824,199000,0.0389750963373178,Diesel,Dealer,Manual
0.8108108108108141,800000,0.0466007415516323,Diesel,Individual,Manual
0.6756756756756772,67000,0.0338913328611081,Diesel,Individual,Manual
0.7027027027027017,140000,0.0593101502421566,Diesel,Individual,Manual
0.7837837837837824,275000,0.0199109833015315,Petrol,Dealer,Manual
0.7027027027027017,130000,0.0508372111151404,Petrol,Individual,Automatic
0.8378378378378386,455000,0.0169454546070759,Diesel,Individual,Manual
0.8918918918918948,220000,0.025418393734092,Petrol,Individual,Manual
0.9459459459459438,245000,0.0127089850435678,Petrol,Individual,Manual
0.8648648648648631,600000,0.0148272198253218,Petrol,Individual,Manual
0.7297297297297334,320000,0.0508372111151404,Petrol,Individual,Manual
0.9459459459459438,730000,0.0010112452848093,Petrol,Individual,Manual
0.8918918918918948,426000,0.0466007415516323,Petrol,Individual,Manual
0.9729729729729756,400000,0.0105907502618138,Petrol,Individual,Manual
0.8918918918918948,260000,0.0148272198253218,Petrol,Individual,Manual
0.8108108108108141,750000,0.0336066421064404,Diesel,Trustmark Dealer,Manual
0.7837837837837824,550000,0.0762560284961888,Diesel,Individual,Manual
0.7837837837837824,190000,0.047448035464334,Diesel,Individual,Manual
0.8918918918918948,300000,0.0063542806983057,Petrol,Individual,Manual
0.9459459459459438,550000,0.0042360459165517,Petrol,Individual,Manual
0.8378378378378386,450000,0.0063542806983057,Diesel,Individual,Manual
0.6756756756756772,229999,0.0211819241705839,Petrol,Individual,Manual
0.8108108108108141,1580000,0.036433214599213,Diesel,Dealer,Automatic
0.8108108108108141,550000,0.012285338087217,Diesel,Individual,Manual
0.8108108108108141,300000,0.0296548632976001,Diesel,Individual,Manual
0.8918918918918948,509999,0.025418393734092,Diesel,Individual,Manual
0.9189189189189192,420000,0.0084259143148611,Petrol,Dealer,Automatic
0.9729729729729756,900000,0.0084725154800597,Diesel,Individual,Manual
0.9459459459459438,550000,0.0127089850435678,Petrol,Individual,Manual
0.7567567567567579,250000,0.0148272198253218,Petrol,Individual,Manual
0.7027027027027017,140000,0.0406696841627211,Petrol,Individual,Manual
0.7837837837837824,735000,0.0234272530392432,Diesel,Dealer,Automatic
0.9189189189189192,625000,0.0108186723243305,Petrol,Trustmark Dealer,Manual
0.6756756756756772,105000,0.0381278024246162,Diesel,Individual,Manual
0.8378378378378386,459999,0.0179833896501353,Diesel,Dealer,Manual
0.9189189189189192,220000,0.025418393734092,Petrol,Individual,Manual
0.8918918918918948,645000,0.0046596928729025,Petrol,Dealer,Automatic
0.9729729729729756,1200000,0.0097434563491122,Diesel,Individual,Manual
0.9189189189189192,650000,0.0084725154800597,Petrol,Individual,Manual
0.621621621621621,300000,0.0593101502421566,Diesel,Individual,Manual
0.7027027027027017,250000,0.0338913328611081,Petrol,Individual,Manual
0.8918918918918948,670000,0.0030091643309597,Petrol,Trustmark Dealer,Manual
0.9729729729729756,5500000,0.0036005754820255,Diesel,Dealer,Automatic
0.6486486486486527,500000,0.084728967623205,Diesel,Individual,Manual
0.7567567567567579,235000,0.0381278024246162,Petrol,Individual,Manual
0.9459459459459438,545000,0.0042360459165517,Petrol,Dealer,Automatic
0.9189189189189192,800000,0.0296548632976001,Diesel,Individual,Manual
0.8648648648648631,3200000,0.0127089850435678,Diesel,Dealer,Automatic
0.5405405405405403,65000,0.025418393734092,Petrol,Individual,Manual
0.8648648648648631,445000,0.0262656876467936,Diesel,Dealer,Manual
0.9459459459459438,850000,0.0084725154800597,Diesel,Individual,Manual
0.7837837837837824,110000,0.0338913328611081,Petrol,Individual,Manual
0.9189189189189192,1500000,0.0283640110215992,Diesel,Individual,Manual
0.7567567567567579,300000,0.0508372111151404,Diesel,Individual,Manual
0.8918918918918948,550000,0.0239330875051261,Petrol,Trustmark Dealer,Manual
0.8378378378378386,500000,0.0211819241705839,Diesel,Individual,Manual
0.8108108108108141,600000,0.0508372111151404,Diesel,Individual,Manual
0.8378378378378386,650000,0.0119654846351721,Diesel,Dealer,Manual
0.8648648648648631,890000,0.0220292180832856,Diesel,Dealer,Manual
0.7297297297297334,150000,0.0266893346031444,Diesel,Individual,Manual
0.8918918918918948,675000,0.0372805085119146,Diesel,Dealer,Automatic
0.7837837837837824,325000,0.0466007415516323,Diesel,Individual,Manual
0.5945945945945965,65000,0.036433214599213,Petrol,Individual,Manual
0.8918918918918948,370000,0.0245710998213904,Petrol,Individual,Manual
0.8918918918918948,660000,0.0204278325882795,Petrol,Dealer,Manual
0.9189189189189192,825000,0.0148272198253218,Diesel,Individual,Manual
0.7837837837837824,450000,0.0677830893691727,Diesel,Individual,Manual
0.8918918918918948,800000,0.0105907502618138,Petrol,Individual,Manual
0.6486486486486527,142000,0.0410933311190719,Petrol,Individual,Manual
0.5405405405405403,75000,0.0423642719881243,Diesel,Individual,Manual
0.7837837837837824,200000,0.0347386267738098,Diesel,Individual,Manual
0.8648648648648631,540000,0.0393987432936686,Petrol,Individual,Manual
0.8378378378378386,240000,0.0310528982535577,Petrol,Dealer,Manual
0.7297297297297334,270000,0.0466007415516323,Petrol,Individual,Manual
0.8918918918918948,515000,0.0105907502618138,Diesel,Individual,Manual
0.9189189189189192,525000,0.0063542806983057,Petrol,Individual,Manual
0.8108108108108141,465000,0.0338913328611081,Petrol,Individual,Manual
0.8108108108108141,200000,0.025418393734092,Petrol,Individual,Manual
0.8378378378378386,700000,0.0169454546070759,Diesel,Individual,Manual
0.8108108108108141,290000,0.0240961915833211,Petrol,Dealer,Manual
0.9189189189189192,325000,0.0169454546070759,Petrol,Individual,Manual
0.9459459459459438,300000,0.0063542806983057,Petrol,Individual,Manual
0.8648648648648631,111000,0.0074133980891827,Petrol,Individual,Manual
0.9729729729729756,459999,0.0042360459165517,Petrol,Individual,Manual
0.9459459459459438,790000,0.0207582772142331,Diesel,Dealer,Manual
0.7567567567567579,350000,0.039610566771844,Petrol,Dealer,Manual
0.8378378378378386,520000,0.0347386267738098,Diesel,Individual,Manual
0.7567567567567579,200000,0.0338913328611081,Diesel,Individual,Manual
0.9189189189189192,310000,0.0063542806983057,Petrol,Individual,Manual
0.8918918918918948,550000,0.0084725154800597,Petrol,Individual,Manual
0.7837837837837824,450000,0.0139799259126202,Diesel,Individual,Manual
0.9189189189189192,600000,0.0063542806983057,Petrol,Individual,Manual
0.7837837837837824,800000,0.0460631335640232,Diesel,Individual,Manual
0.8648648648648631,630000,0.0211819241705839,Diesel,Individual,Manual
0.9189189189189192,380000,0.012285338087217,Petrol,Individual,Automatic
0.8378378378378386,390000,0.0152737437173156,Petrol,Dealer,Manual
0.7567567567567579,170000,0.0169454546070759,Petrol,Individual,Manual
0.8648648648648631,880000,0.0508372111151404,Diesel,Individual,Manual
0.621621621621621,120000,0.0326203919920557,Petrol,Individual,Manual
0.8648648648648631,503000,0.0466007415516323,Diesel,Individual,Manual
0.8108108108108141,400000,0.0250849835794439,Petrol,Individual,Manual
0.8108108108108141,200000,0.0169454546070759,Petrol,Individual,Manual
0.7027027027027017,150000,0.0381278024246162,Petrol,Individual,Manual
0.9459459459459438,325000,0.0148272198253218,Petrol,Individual,Manual
0.8108108108108141,157000,0.0199957126928017,Petrol,Individual,Manual
0.9729729729729756,5500000,0.0036005754820255,Diesel,Dealer,Automatic
0.8378378378378386,409999,0.084728967623205,Diesel,Individual,Manual
0.8378378378378386,300000,0.0148272198253218,Petrol,Individual,Manual
0.9189189189189192,285000,0.0009040626048526,Petrol,Dealer,Manual
0.4054054054054035,80000,0.0508372111151404,Petrol,Individual,Manual
0.8918918918918948,239000,0.0173691015634267,Petrol,Dealer,Manual
0.8648648648648631,480000,0.0593101502421566,Diesel,Individual,Manual
0.9189189189189192,1650000,0.023300158952338,Diesel,Dealer,Manual
0.9459459459459438,610000,0.0220292180832856,Petrol,Dealer,Manual
0.7567567567567579,290000,0.0372805085119146,Diesel,Individual,Manual
0.8918918918918948,670000,0.0030091643309597,Petrol,Trustmark Dealer,Manual
0.8378378378378386,640000,0.027536628515846,Diesel,Individual,Manual
0.7027027027027017,180000,0.0127089850435678,Petrol,Individual,Manual
0.8108108108108141,300000,0.0211819241705839,Diesel,Individual,Manual
0.9459459459459438,1800000,0.0084725154800597,Diesel,Dealer,Automatic
0.9459459459459438,500000,0.0135562789562694,Petrol,Individual,Manual
0.8108108108108141,320000,0.0338913328611081,Petrol,Individual,Manual
0.9459459459459438,434999,0.0042360459165517,Petrol,Individual,Manual
0.8648648648648631,503000,0.0466007415516323,Diesel,Individual,Manual
0.621621621621621,70000,0.0466007415516323,Petrol,Individual,Manual
0.8108108108108141,385000,0.0762560284961888,Diesel,Individual,Manual
0.4324324324324351,80000,0.0466007415516323,Petrol,Individual,Manual
0.6756756756756772,149000,0.0370856309119932,LPG,Individual,Manual
0.8918918918918948,450000,0.0169454546070759,Petrol,Individual,Manual
0.7027027027027017,135000,0.0580392093731041,Diesel,Individual,Manual
0.9729729729729756,1200000,0.0169454546070759,Diesel,Individual,Manual
0.7837837837837824,150000,0.0635466198056646,Diesel,Individual,Manual
0.7027027027027017,150000,0.0334676859047573,Petrol,Individual,Manual
0.8918918918918948,370000,0.0127089850435678,Petrol,Individual,Manual
0.9189189189189192,610000,0.0135562789562694,Diesel,Individual,Manual
0.7297297297297334,420000,0.0679949128473481,Diesel,Individual,Manual
0.621621621621621,170000,0.0326203919920557,Diesel,Individual,Manual
0.6486486486486527,75000,0.0169454546070759,Petrol,Individual,Manual
0.4054054054054035,45000,0.0338913328611081,Petrol,Individual,Manual
0.9729729729729756,650000,0.0148272198253218,Diesel,Individual,Manual
0.7567567567567579,325000,0.0601574441548582,Diesel,Individual,Manual
0.7567567567567579,262000,0.0238886045747092,Petrol,Dealer,Manual
0.8108108108108141,800000,0.0677830893691727,Diesel,Individual,Manual
1.0,450000,0.0042360459165517,Petrol,Individual,Manual
0.7837837837837824,120000,0.0529554458968945,Diesel,Individual,Manual
0.8648648648648631,600000,0.0508372111151404,Diesel,Individual,Manual
0.7837837837837824,200000,0.0381278024246162,Diesel,Individual,Manual
0.9459459459459438,470000,0.0127089850435678,Petrol,Individual,Automatic
0.7297297297297334,180000,0.0211819241705839,Petrol,Individual,Manual
0.9459459459459438,950000,0.0105907502618138,Diesel,Individual,Manual
0.9189189189189192,240000,0.0148272198253218,Petrol,Individual,Manual
0.7297297297297334,225000,0.0211819241705839,Petrol,Dealer,Manual
0.8108108108108141,290000,0.0169454546070759,Petrol,Individual,Manual
0.8378378378378386,400000,0.0296548632976001,Petrol,Individual,Manual
0.8648648648648631,750000,0.0059306337419549,Diesel,Individual,Manual
0.9729729729729756,5500000,0.0036005754820255,Diesel,Dealer,Automatic
0.8648648648648631,630000,0.0296548632976001,Diesel,Individual,Manual
0.7567567567567579,300000,0.0305021572103017,Petrol,Dealer,Manual
0.7297297297297334,170000,0.0423642719881243,Petrol,Individual,Manual
0.6756756756756772,350000,0.0042360459165517,Petrol,Individual,Manual
0.9189189189189192,925000,0.0063547043452621,Petrol,Dealer,Manual
0.7837837837837824,380000,0.0211819241705839,Diesel,Individual,Manual
0.8648648648648631,459999,0.0596194125202926,Diesel,Dealer,Manual
0.7297297297297334,1000000,0.0762560284961888,Diesel,Individual,Manual
1.0,524000,0.0135562789562694,Petrol,Individual,Manual
0.9459459459459438,450000,0.0237238059086888,Petrol,Individual,Manual
0.7567567567567579,375000,0.0292312163412493,Diesel,Individual,Manual
0.9189189189189192,700000,0.0165218076507251,Diesel,Individual,Manual
0.9189189189189192,2700000,0.0097434563491122,Diesel,Dealer,Automatic
0.8918918918918948,630000,0.0211819241705839,Diesel,Individual,Manual
0.7837837837837824,60000,0.0381278024246162,Petrol,Individual,Manual
0.8378378378378386,500000,0.0105907502618138,Petrol,Individual,Manual
0.8918918918918948,700000,0.0677830893691727,Diesel,Individual,Manual
0.6756756756756772,170000,0.0296548632976001,Petrol,Individual,Manual
0.7567567567567579,800000,0.025418393734092,Diesel,Individual,Manual
0.7027027027027017,450000,0.0300785102539509,Petrol,Dealer,Automatic
0.2162162162162175,55000,0.0508372111151404,LPG,Individual,Manual
0.8918918918918948,2000000,0.0288452739640137,Petrol,Trustmark Dealer,Automatic
0.7567567567567579,1300000,0.0508372111151404,Diesel,Individual,Automatic
0.8648648648648631,434999,0.0338913328611081,Diesel,Individual,Manual
0.6486486486486527,95000,0.0423642719881243,Petrol,Individual,Manual
0.7567567567567579,220000,0.0245710998213904,Petrol,Dealer,Manual
0.9459459459459438,1000000,0.0127089850435678,Diesel,Individual,Automatic
0.8918918918918948,260000,0.0338913328611081,Petrol,Individual,Manual
0.8648648648648631,600000,0.0381278024246162,Petrol,Individual,Manual
0.7837837837837824,200000,0.0296548632976001,Diesel,Individual,Manual
0.9189189189189192,450000,0.0296548632976001,Diesel,Individual,Manual
0.8918918918918948,400000,0.0211819241705839,Diesel,Individual,Manual
0.9729729729729756,475000,0.0508372111151404,Diesel,Individual,Manual
0.7297297297297334,160000,0.0550736806786485,Diesel,Individual,Manual
0.7567567567567579,200000,0.0508372111151404,Petrol,Individual,Manual
0.7567567567567579,130000,0.0423642719881243,Petrol,Individual,Manual
0.7837837837837824,350000,0.0338913328611081,Diesel,Individual,Manual
0.7837837837837824,229999,0.0211073623062662,Petrol,Dealer,Manual
0.8378378378378386,260000,0.0159308201466157,Petrol,Dealer,Manual
0.8918918918918948,295000,0.025418393734092,Petrol,Individual,Manual
0.9459459459459438,1200000,0.0169454546070759,Diesel,Individual,Manual
0.8378378378378386,190000,0.025418393734092,Petrol,Individual,Manual
0.9189189189189192,650000,0.0296548632976001,Petrol,Individual,Manual
0.7837837837837824,300000,0.0211819241705839,Petrol,Individual,Manual
0.9189189189189192,370000,0.0148272198253218,Petrol,Individual,Manual
0.9189189189189192,280000,0.0211819241705839,Petrol,Individual,Manual
0.9189189189189192,850000,0.0466007415516323,Diesel,Individual,Manual
0.8918918918918948,530000,0.025418393734092,Diesel,Individual,Manual
0.8648648648648631,450000,0.0211819241705839,Diesel,Individual,Manual
0.9189189189189192,900000,0.0169454546070759,Diesel,Individual,Manual
0.8918918918918948,1490000,0.0241050881694045,Diesel,Individual,Manual
0.9189189189189192,500000,0.0211819241705839,Petrol,Individual,Manual
0.8918918918918948,500000,0.0148272198253218,Diesel,Individual,Manual
0.7837837837837824,287000,0.0296548632976001,Diesel,Individual,Manual
0.7837837837837824,500000,0.0305021572103017,Diesel,Dealer,Automatic
0.9189189189189192,550000,0.0008468702657452,Diesel,Individual,Manual
0.6756756756756772,210000,0.0326203919920557,Petrol,Individual,Automatic
0.8378378378378386,450000,0.0563446215477009,Diesel,Individual,Manual
0.9189189189189192,400000,0.0423642719881243,Petrol,Individual,Manual
0.9189189189189192,400000,0.0169454546070759,Petrol,Individual,Manual
0.8648648648648631,275000,0.0060852648810229,Petrol,Dealer,Manual
1.0,250000,0.0004655880050295,Petrol,Individual,Manual
0.7837837837837824,650000,0.0300963034261176,Diesel,Dealer,Manual
0.8648648648648631,500000,0.0533790928532453,Diesel,Individual,Manual
0.5945945945945965,300000,0.0381278024246162,Diesel,Individual,Manual
0.8108108108108141,250999,0.0338913328611081,Diesel,Individual,Manual
0.8918918918918948,825000,0.0165218076507251,Diesel,Dealer,Manual
0.7837837837837824,550000,0.0338913328611081,Diesel,Individual,Manual
0.9459459459459438,750000,0.0084725154800597,Diesel,Individual,Manual
0.8648648648648631,550000,0.0368568615555638,Diesel,Individual,Manual
0.8918918918918948,790000,0.0093198093927613,Diesel,Dealer,Manual
0.8378378378378386,395000,0.0300785102539509,Diesel,Dealer,Manual
0.4594594594594596,110000,0.0296548632976001,Petrol,Individual,Manual
0.8648648648648631,530000,0.0423642719881243,Diesel,Individual,Manual
0.7837837837837824,204999,0.0508372111151404,Diesel,Individual,Manual
0.6756756756756772,190000,0.0508372111151404,Diesel,Individual,Manual
0.6756756756756772,170000,0.0508372111151404,Diesel,Individual,Manual
0.7027027027027017,225000,0.0508372111151404,Diesel,Individual,Manual
0.7567567567567579,295000,0.027536628515846,Diesel,Individual,Manual
0.8918918918918948,400000,0.0127089850435678,Petrol,Individual,Manual
0.8918918918918948,930000,0.0201448364214372,Diesel,Individual,Manual
0.7837837837837824,135000,0.0207582772142331,Diesel,Individual,Manual
0.7837837837837824,150000,0.025418393734092,Diesel,Individual,Manual
0.8378378378378386,550000,0.0444825067698783,Diesel,Dealer,Manual
0.8918918918918948,320000,0.0211819241705839,Petrol,Individual,Manual
0.8918918918918948,310000,0.0050193691388443,Petrol,Dealer,Manual
0.8648648648648631,650000,0.0466007415516323,Diesel,Individual,Manual
0.8648648648648631,530000,0.0060458657140823,Petrol,Dealer,Manual
0.8918918918918948,300000,0.0148272198253218,Petrol,Individual,Manual
0.9459459459459438,550000,0.0131326319999186,Petrol,Dealer,Manual
0.8648648648648631,430000,0.0148272198253218,Petrol,Individual,Manual
0.8648648648648631,750000,0.0313494511230033,Diesel,Individual,Manual
0.8378378378378386,225000,0.0508372111151404,Diesel,Individual,Manual
0.4324324324324351,70000,0.0423642719881243,LPG,Individual,Manual
0.7567567567567579,421000,0.0444825067698783,Petrol,Individual,Manual
0.5135135135135158,145000,0.0423642719881243,Petrol,Individual,Manual
0.7567567567567579,550000,0.0834580267541525,Petrol,Individual,Manual
0.9459459459459438,880000,0.027536628515846,Diesel,Individual,Manual
0.9729729729729756,600000,0.0021178111347976,Petrol,Individual,Manual
0.9189189189189192,325000,0.0160981606943743,Petrol,Individual,Manual
0.8378378378378386,3250000,0.0139799259126202,Diesel,Individual,Automatic
0.9189189189189192,285000,0.0021178111347976,Petrol,Individual,Manual
0.7837837837837824,415000,0.0338913328611081,Petrol,Individual,Manual
0.9459459459459438,925000,0.0214780533930732,Diesel,Dealer,Manual
0.7567567567567579,175000,0.0084725154800597,Diesel,Individual,Manual
0.9189189189189192,695000,0.027536628515846,Diesel,Individual,Manual
0.8918918918918948,650000,0.0419406250317735,Diesel,Dealer,Automatic
0.621621621621621,310000,0.0262656876467936,Electric,Dealer,Automatic
0.9459459459459438,1000000,0.0042360459165517,Petrol,Individual,Manual
0.7567567567567579,550000,0.0508372111151404,Diesel,Individual,Manual
0.9729729729729756,500000,0.0021178111347976,Petrol,Individual,Manual
0.8378378378378386,200000,0.0423642719881243,Diesel,Individual,Manual
0.8648648648648631,875000,0.0296548632976001,Diesel,Individual,Manual
0.9459459459459438,1237000,0.0194873363451807,Diesel,Individual,Manual
0.6486486486486527,95000,0.0508372111151404,Petrol,Individual,Manual
0.9189189189189192,520000,0.0169454546070759,Petrol,Individual,Manual
0.9189189189189192,350000,0.0163049004090734,Petrol,Dealer,Manual
0.8918918918918948,275000,0.0160981606943743,Petrol,Dealer,Manual
0.8108108108108141,250000,0.0635466198056646,Diesel,Individual,Manual
0.9459459459459438,900000,0.0050833398292533,Diesel,Dealer,Manual
0.7297297297297334,450000,0.0635466198056646,Diesel,Individual,Manual
0.8918918918918948,595000,0.025418393734092,Diesel,Individual,Manual
0.8648648648648631,650000,0.0466007415516323,Diesel,Individual,Manual
0.7297297297297334,210000,0.0188518659106545,Petrol,Dealer,Manual
0.8648648648648631,320000,0.0296548632976001,Petrol,Individual,Manual
0.8918918918918948,550000,0.0186400424324791,Petrol,Individual,Manual
0.7837837837837824,160000,0.0466007415516323,Petrol,Individual,Manual
0.6486486486486527,60000,0.0220292180832856,Petrol,Individual,Manual
0.8918918918918948,490000,0.0338913328611081,Diesel,Individual,Manual
0.8918918918918948,215000,0.025418393734092,Diesel,Individual,Manual
0.8378378378378386,550000,0.025418393734092,Diesel,Individual,Manual
0.7027027027027017,180000,0.0508372111151404,Diesel,Individual,Manual
0.8918918918918948,595000,0.0296548632976001,Diesel,Individual,Manual
0.9729729729729756,5923000,0.0048715163510779,Petrol,Dealer,Automatic
0.621621621621621,80000,0.0508372111151404,Petrol,Individual,Manual
0.9189189189189192,2950000,0.0165218076507251,Diesel,Dealer,Automatic
0.7567567567567579,325000,0.0686303832818743,Diesel,Individual,Manual
0.9729729729729756,5500000,0.0036005754820255,Diesel,Dealer,Automatic
0.9729729729729756,1050000,0.0110143972181646,Diesel,Dealer,Manual
0.8108108108108141,302000,0.025418393734092,Diesel,Individual,Manual
0.8918918918918948,265000,0.0211819241705839,Petrol,Individual,Manual
0.621621621621621,220000,0.0508372111151404,Diesel,Individual,Manual
0.621621621621621,145000,0.0220292180832856,Petrol,Individual,Manual
0.7837837837837824,225000,0.0466007415516323,Petrol,Individual,Manual
0.9459459459459438,3899000,0.0093198093927613,Diesel,Dealer,Automatic
0.567567567567572,125000,0.0296548632976001,Petrol,Individual,Automatic
0.9189189189189192,800000,0.023300158952338,Diesel,Individual,Manual
0.6756756756756772,195000,0.0466007415516323,Petrol,Individual,Manual
0.8918918918918948,235000,0.025418393734092,Petrol,Individual,Manual
0.8108108108108141,450000,0.025418393734092,Diesel,Individual,Manual
0.567567567567572,135000,0.0381278024246162,Petrol,Individual,Manual
0.8648648648648631,790000,0.0533790928532453,Diesel,Individual,Manual
0.8648648648648631,503000,0.0466007415516323,Diesel,Individual,Manual
0.9189189189189192,660000,0.0237238059086888,Diesel,Individual,Manual
0.9459459459459438,775000,0.0089584385389941,Petrol,Dealer,Automatic
0.8918918918918948,450000,0.0211819241705839,Diesel,Individual,Manual
0.8378378378378386,620000,0.0550736806786485,Diesel,Individual,Manual
0.9459459459459438,710000,0.0296548632976001,Diesel,Individual,Manual
0.9459459459459438,459999,0.0296548632976001,CNG,Individual,Manual
0.9459459459459438,990000,0.025418393734092,Diesel,Individual,Manual
0.7837837837837824,240000,0.0381278024246162,Diesel,Individual,Manual
0.7297297297297334,350000,0.0423642719881243,Diesel,Individual,Manual
0.9459459459459438,444000,0.0063542806983057,Petrol,Individual,Manual
0.9729729729729756,711000,0.0021178111347976,Petrol,Individual,Manual
0.8918918918918948,495000,0.0050655466570865,Petrol,Dealer,Manual
0.9459459459459438,1400000,0.0127089850435678,Diesel,Individual,Automatic
0.8648648648648631,540000,0.0466007415516323,Diesel,Individual,Manual
0.9729729729729756,470000,0.0033887520038501,Petrol,Individual,Manual
0.7837837837837824,2500000,0.0148272198253218,Diesel,Individual,Automatic
0.9189189189189192,550000,0.0508372111151404,Diesel,Individual,Manual
0.7297297297297334,450000,0.0330440389484065,Diesel,Individual,Manual
0.8918918918918948,280000,0.0097434563491122,Petrol,Individual,Manual
0.9729729729729756,1200000,0.0105907502618138,Diesel,Individual,Manual
0.8648648648648631,65000,0.0021178111347976,Petrol,Individual,Manual
0.9189189189189192,3200000,0.0190636893888299,Diesel,Dealer,Automatic
0.9459459459459438,1200000,0.0125395262610275,Petrol,Dealer,Manual
0.7567567567567579,250000,0.0720195589326808,Diesel,Individual,Manual
0.9189189189189192,390000,0.0084725154800597,Petrol,Individual,Manual
0.7297297297297334,160000,0.025418393734092,Petrol,Individual,Manual
0.8378378378378386,450000,0.0597337971985074,Diesel,Individual,Manual
0.9729729729729756,350000,0.0127089850435678,Petrol,Individual,Manual
0.9189189189189192,675000,0.0105907502618138,Petrol,Individual,Manual
0.8378378378378386,750000,0.0381278024246162,Diesel,Individual,Manual
0.7837837837837824,300000,0.0105907502618138,Diesel,Individual,Manual
0.8918918918918948,425000,0.0508372111151404,Diesel,Individual,Manual
0.7567567567567579,300000,0.0305021572103017,Petrol,Dealer,Manual
0.7297297297297334,300000,0.0550736806786485,Diesel,Individual,Manual
0.9189189189189192,1789999,0.0152508667816726,Diesel,Dealer,Manual
0.9189189189189192,725000,0.0317730980793541,Diesel,Dealer,Manual
0.8108108108108141,409999,0.0339908898958506,Diesel,Dealer,Manual
0.9189189189189192,1044999,0.0105907502618138,Diesel,Individual,Manual
0.9189189189189192,450000,0.0238466635260305,Diesel,Dealer,Manual
0.9459459459459438,650000,0.0211819241705839,Diesel,Individual,Manual
0.9729729729729756,950000,0.0063542806983057,Diesel,Individual,Manual
0.8378378378378386,550000,0.0444825067698783,Diesel,Dealer,Manual
0.7027027027027017,110000,0.0466007415516323,Petrol,Individual,Manual
0.9729729729729756,5500000,0.0036005754820255,Diesel,Dealer,Automatic
0.7837837837837824,400000,0.0169454546070759,Diesel,Individual,Manual
0.8648648648648631,300000,0.0211819241705839,Petrol,Individual,Manual
0.7837837837837824,130000,0.0296548632976001,Petrol,Individual,Manual
0.7567567567567579,200000,0.0398223902500194,Petrol,Individual,Manual
0.5135135135135158,80000,0.0296548632976001,Petrol,Individual,Manual
0.9189189189189192,880000,0.0105907502618138,Diesel,Individual,Manual
0.9729729729729756,525000,0.0423642719881243,Petrol,Individual,Manual
0.5405405405405403,60000,0.0148272198253218,Petrol,Individual,Manual
0.9189189189189192,380000,0.0118616911308662,Petrol,Individual,Manual
0.8378378378378386,425000,0.0211819241705839,Diesel,Individual,Manual
0.9459459459459438,375000,0.001172654775179,Petrol,Dealer,Manual
0.8918918918918948,525000,0.0190636893888299,Petrol,Individual,Manual
0.8378378378378386,350000,0.0169454546070759,Petrol,Dealer,Manual
0.8378378378378386,400000,0.0203346302578823,Petrol,Individual,Manual
0.9189189189189192,740000,0.025418393734092,Diesel,Individual,Manual
0.9189189189189192,800000,0.0063542806983057,Petrol,Individual,Manual
0.8918918918918948,770000,0.0211819241705839,Diesel,Individual,Manual
0.9729729729729756,722000,0.0338913328611081,Diesel,Individual,Manual
0.9459459459459438,350000,0.0105907502618138,Petrol,Individual,Manual
1.0,550000,0.0381278024246162,Diesel,Individual,Manual
0.8108108108108141,290000,0.0105907502618138,Diesel,Individual,Manual
0.8108108108108141,220000,0.0338913328611081,Diesel,Individual,Manual
0.6486486486486527,65000,0.0296548632976001,Petrol,Individual,Manual
0.8108108108108141,600000,0.038551449380967,Diesel,Individual,Manual
0.8108108108108141,455999,0.015073782353918,Petrol,Dealer,Manual
0.8108108108108141,750000,0.0336066421064404,Diesel,Trustmark Dealer,Manual
0.8378378378378386,250000,0.0211819241705839,Petrol,Individual,Manual
0.8378378378378386,570000,0.0063542806983057,Diesel,Individual,Manual
0.9729729729729756,395000,0.0021178111347976,Petrol,Individual,Manual
0.9459459459459438,200000,0.0042360459165517,Petrol,Individual,Manual
0.7837837837837824,600000,0.0317730980793541,Diesel,Individual,Manual
0.7837837837837824,370000,0.025418393734092,Diesel,Individual,Manual
0.8918918918918948,335000,0.0169454546070759,Petrol,Dealer,Manual
0.621621621621621,155000,0.0466007415516323,Diesel,Individual,Manual
0.8918918918918948,745000,0.0296548632976001,Diesel,Individual,Manual
0.8918918918918948,335000,0.0173691015634267,Petrol,Dealer,Manual
0.6756756756756772,80000,0.0211819241705839,Petrol,Individual,Manual
0.9189189189189192,1650000,0.0211819241705839,Diesel,Individual,Manual
0.9189189189189192,570000,0.0063542806983057,Petrol,Individual,Manual
0.9459459459459438,600000,0.025418393734092,Diesel,Individual,Manual
0.8108108108108141,490000,0.0169454546070759,Diesel,Individual,Manual
0.9729729729729756,1460000,0.0021178111347976,Diesel,Individual,Manual
0.9729729729729756,490000,0.0029651050474992,Petrol,Individual,Manual
0.8108108108108141,750000,0.0338913328611081,Diesel,Individual,Manual
0.7027027027027017,180000,0.0296548632976001,Petrol,Individual,Manual
0.8108108108108141,60000,0.0169454546070759,Petrol,Individual,Manual
0.5135135135135158,120000,0.0508372111151404,Petrol,Individual,Manual
0.9189189189189192,295000,0.0338913328611081,Petrol,Individual,Manual
0.567567567567572,110000,0.025418393734092,Petrol,Individual,Manual
0.7567567567567579,950000,0.0288075693848985,Diesel,Individual,Manual
0.9729729729729756,694000,0.0148272198253218,Diesel,Individual,Manual
0.5945945945945965,80000,0.0239695211433722,Petrol,Dealer,Manual
0.8648648648648631,625000,0.0050486007788325,Petrol,Trustmark Dealer,Manual
0.7837837837837824,1100000,0.0639702667620154,Diesel,Individual,Manual
0.6486486486486527,60000,0.0262656876467936,Petrol,Individual,Manual
0.8378378378378386,438999,0.034314979817459,Diesel,Dealer,Manual
0.7297297297297334,260000,0.0211819241705839,Petrol,Individual,Manual
1.0,210000,0.0169454546070759,Petrol,Individual,Manual
0.7837837837837824,335000,0.0326203919920557,Diesel,Dealer,Manual
0.7567567567567579,165000,0.0296548632976001,Petrol,Individual,Manual
0.9189189189189192,400000,0.0148272198253218,Petrol,Individual,Manual
0.9189189189189192,500000,0.0148272198253218,Diesel,Individual,Manual
0.7297297297297334,85000,0.0368568615555638,Diesel,Individual,Manual
0.9729729729729756,3800000,0.0084725154800597,Diesel,Individual,Automatic
0.6756756756756772,120000,0.0809161450160477,Petrol,Individual,Manual
0.8378378378378386,330000,0.0423642719881243,Diesel,Individual,Manual
0.9189189189189192,730000,0.0158155881744883,Petrol,Individual,Manual
0.8108108108108141,800000,0.049566270246088,Diesel,Dealer,Automatic
0.9729729729729756,525000,0.0084725154800597,Petrol,Individual,Automatic
0.6756756756756772,80000,0.0423642719881243,Petrol,Individual,Manual
0.8108108108108141,25000,0.0135562789562694,Petrol,Individual,Manual
0.6486486486486527,199000,0.033370670751753,Diesel,Dealer,Manual
0.9459459459459438,300000,0.0084725154800597,Petrol,Individual,Manual
0.8648648648648631,700000,0.0105907502618138,Petrol,Individual,Manual
0.8108108108108141,175000,0.0238572546999393,Diesel,Individual,Manual
0.7567567567567579,280000,0.084728967623205,Diesel,Individual,Manual
0.8648648648648631,503000,0.0466007415516323,Diesel,Individual,Manual
0.7567567567567579,550000,0.1059113154407453,Diesel,Individual,Manual
0.621621621621621,125000,0.0508372111151404,Diesel,Individual,Manual
0.8918918918918948,1525000,0.0178618029736627,Diesel,Dealer,Automatic
0.8108108108108141,520000,0.0533790928532453,Diesel,Individual,Manual
0.7837837837837824,250000,0.0381278024246162,Petrol,Individual,Manual
0.9459459459459438,800000,0.0127089850435678,Diesel,Individual,Manual
1.0,550000,0.0063542806983057,Petrol,Individual,Manual
0.9729729729729756,3800000,0.0084725154800597,Diesel,Individual,Automatic
0.7297297297297334,235000,0.0211819241705839,Diesel,Individual,Manual
0.8108108108108141,490000,0.0381278024246162,Diesel,Individual,Manual
0.7567567567567579,375000,0.0207582772142331,Petrol,Individual,Manual
0.7837837837837824,160000,0.0466007415516323,Diesel,Individual,Manual
0.8108108108108141,350000,0.0063542806983057,Petrol,Individual,Manual
0.6756756756756772,590000,0.0379583436420759,Diesel,Individual,Manual
0.7837837837837824,800000,0.0169454546070759,Diesel,Individual,Manual
0.7837837837837824,411000,0.0466007415516323,Diesel,Dealer,Manual
0.7297297297297334,180000,0.023300158952338,Petrol,Individual,Manual
0.8108108108108141,484999,0.0211819241705839,Diesel,Individual,Manual
0.9189189189189192,800000,0.0148272198253218,Diesel,Individual,Manual
0.8108108108108141,1000000,0.0804924980596969,Diesel,Individual,Manual
0.9189189189189192,440000,0.0241474528650396,Petrol,Dealer,Manual
0.8648648648648631,275000,0.0060852648810229,Petrol,Dealer,Manual
0.7567567567567579,95000,0.0487189763333864,Diesel,Individual,Manual
0.8378378378378386,1019999,0.0372805085119146,Diesel,Individual,Manual
0.9189189189189192,1400000,0.0296548632976001,Diesel,Individual,Manual
0.8918918918918948,475000,0.0105907502618138,Petrol,Individual,Manual
0.7567567567567579,249000,0.0174220574329705,Petrol,Dealer,Manual
0.9189189189189192,3200000,0.0190636893888299,Diesel,Dealer,Automatic
0.8648648648648631,630000,0.0148272198253218,Petrol,Individual,Manual
0.621621621621621,250000,0.0601574441548582,Petrol,Individual,Automatic
0.9189189189189192,650000,0.0338913328611081,Diesel,Individual,Manual
0.9459459459459438,740000,0.0033887520038501,Petrol,Individual,Manual
0.8378378378378386,180000,0.023300158952338,Petrol,Individual,Manual
0.8918918918918948,670000,0.0030091643309597,Petrol,Trustmark Dealer,Manual
0.8108108108108141,275000,0.0441859539004328,Diesel,Individual,Manual
0.8648648648648631,840000,0.0105907502618138,Petrol,Dealer,Manual
0.8648648648648631,200000,0.0211819241705839,Petrol,Individual,Manual
1.0,600000,0.0021178111347976,Petrol,Individual,Automatic
0.8378378378378386,465000,0.0115367539153451,Diesel,Dealer,Manual
0.8648648648648631,550000,0.0169454546070759,Diesel,Individual,Manual
0.9459459459459438,500000,0.0042360459165517,Petrol,Individual,Automatic
0.7837837837837824,650000,0.0432115659008259,Diesel,Individual,Manual
0.8648648648648631,550000,0.0296548632976001,Petrol,Individual,Manual
0.8108108108108141,550000,0.0179300101336351,Diesel,Dealer,Manual
0.9729729729729756,3800000,0.0084725154800597,Diesel,Individual,Automatic
0.7837837837837824,700000,0.0042360459165517,Petrol,Individual,Manual
0.7837837837837824,200000,0.0762560284961888,Diesel,Individual,Manual
0.7297297297297334,300000,0.0296548632976001,Petrol,Individual,Manual
0.9729729729729756,565000,0.0029651050474992,Petrol,Individual,Manual
0.9729729729729756,600000,0.0022025405260678,Petrol,Individual,Manual
0.7027027027027017,150000,0.0466007415516323,Petrol,Individual,Manual
0.8378378378378386,525000,0.0389750963373178,Diesel,Dealer,Manual
0.7297297297297334,325000,0.0245710998213904,Diesel,Dealer,Manual
0.8648648648648631,800000,0.0381278024246162,Diesel,Individual,Manual
0.8108108108108141,900000,0.0415169780754227,Diesel,Dealer,Automatic
0.7567567567567579,575000,0.0466007415516323,Diesel,Individual,Manual
0.7567567567567579,250000,0.0211819241705839,Petrol,Individual,Manual
0.7297297297297334,220000,0.0466007415516323,Diesel,Individual,Manual
0.7027027027027017,480000,0.0296548632976001,Diesel,Individual,Manual
0.8648648648648631,760000,0.0234441989174972,Petrol,Trustmark Dealer,Manual
0.7837837837837824,220000,0.0381278024246162,Diesel,Individual,Manual
0.9459459459459438,426000,0.0063542806983057,Petrol,Individual,Automatic
0.8918918918918948,650000,0.0529554458968945,Diesel,Dealer,Manual
0.7567567567567579,277000,0.0265202994675605,Diesel,Dealer,Manual
0.8378378378378386,400000,0.0148272198253218,Petrol,Individual,Manual
0.6756756756756772,95000,0.0508372111151404,Petrol,Individual,Manual
0.8108108108108141,300000,0.0508372111151404,Diesel,Individual,Manual
0.8378378378378386,291000,0.0381278024246162,Diesel,Individual,Manual
0.6486486486486527,210000,0.0466007415516323,Diesel,Individual,Manual
0.7837837837837824,750000,0.0508372111151404,Diesel,Individual,Manual
0.8378378378378386,35000,0.0080488685237089,Petrol,Individual,Automatic
0.6486486486486527,105000,0.0381278024246162,LPG,Individual,Manual
0.4054054054054035,55000,0.0211819241705839,Petrol,Individual,Manual
0.8648648648648631,700000,0.0338913328611081,Diesel,Individual,Manual
0.8648648648648631,1150000,0.0231451041663136,Diesel,Trustmark Dealer,Automatic
0.9189189189189192,350000,0.0169454546070759,Petrol,Individual,Manual
0.8108108108108141,525000,0.0338913328611081,Diesel,Individual,Manual
0.8648648648648631,525000,0.0084725154800597,Petrol,Individual,Manual
0.9459459459459438,782000,0.0059306337419549,Petrol,Dealer,Manual
0.8918918918918948,750000,0.0423642719881243,Diesel,Individual,Manual
0.7837837837837824,225000,0.0466007415516323,Petrol,Individual,Manual
0.9729729729729756,650000,0.0023808958946915,Petrol,Trustmark Dealer,Automatic
0.4864864864864842,45000,0.0021178111347976,Petrol,Individual,Manual
0.7837837837837824,450000,0.0423642719881243,Diesel,Individual,Manual
0.8918918918918948,327000,0.0084725154800597,Petrol,Individual,Manual
0.9459459459459438,650000,0.0266219747370846,Petrol,Trustmark Dealer,Manual
0.7837837837837824,511000,0.0036005754820255,Petrol,Dealer,Manual
0.9459459459459438,800000,0.0057188102637795,Petrol,Dealer,Manual
0.9729729729729756,5150000,0.0084725154800597,Petrol,Dealer,Automatic
0.9459459459459438,700000,0.0161900920839024,Diesel,Individual,Manual
0.8378378378378386,530000,0.0211819241705839,Petrol,Individual,Manual
0.9459459459459438,800000,0.0169454546070759,Petrol,Individual,Manual
0.7297297297297334,180000,0.023300158952338,Petrol,Individual,Manual
0.8648648648648631,270000,0.0251040476924797,Petrol,Dealer,Manual
0.7837837837837824,310000,0.0220851394815239,Diesel,Dealer,Manual
0.9189189189189192,490000,0.0279602754721968,Diesel,Dealer,Manual
0.7837837837837824,170000,0.0508372111151404,Diesel,Individual,Manual
0.9459459459459438,793000,0.0127089850435678,Diesel,Individual,Manual
0.6756756756756772,195000,0.0381278024246162,Diesel,Individual,Manual
0.7027027027027017,35000,0.0211819241705839,Petrol,Individual,Manual
0.7297297297297334,135000,0.0338913328611081,Petrol,Individual,Manual
0.8648648648648631,919999,0.0593101502421566,Diesel,Individual,Manual
0.9189189189189192,385000,0.0656648545874187,Diesel,Individual,Manual
0.7837837837837824,270000,0.0338913328611081,Diesel,Individual,Manual
0.9729729729729756,650000,0.0023808958946915,Petrol,Trustmark Dealer,Automatic
0.7837837837837824,735000,0.0234272530392432,Diesel,Dealer,Automatic
0.9459459459459438,540000,0.0029651050474992,Petrol,Dealer,Manual
0.7027027027027017,320000,0.0338913328611081,Diesel,Individual,Manual
0.8378378378378386,490000,0.0283839224285477,Diesel,Dealer,Manual
0.8108108108108141,100000,0.0338913328611081,Petrol,Individual,Manual
0.8648648648648631,1200000,0.0296548632976001,Diesel,Individual,Manual
0.8648648648648631,405000,0.0288075693848985,Petrol,Individual,Manual
0.9729729729729756,750000,0.0013128819177311,Petrol,Individual,Automatic
0.8108108108108141,400000,0.0211819241705839,Diesel,Individual,Manual
0.8378378378378386,325000,0.0381278024246162,Diesel,Individual,Manual
0.8648648648648631,275000,0.025418393734092,Petrol,Individual,Manual
0.9459459459459438,1100000,0.0084725154800597,Diesel,Individual,Manual
0.7567567567567579,320000,0.0656648545874187,Diesel,Individual,Manual
0.9189189189189192,750000,0.0165218076507251,Petrol,Individual,Manual
0.9729729729729756,1090000,0.0069897511328319,Petrol,Dealer,Manual
0.7837837837837824,135000,0.0508372111151404,Diesel,Individual,Manual
0.8918918918918948,512000,0.0044478693947271,Petrol,Individual,Manual
0.5945945945945965,90000,0.0296548632976001,Petrol,Individual,Manual
0.7297297297297334,300000,0.0296548632976001,Diesel,Individual,Manual
0.6486486486486527,90177,0.0546500337222977,Diesel,Individual,Manual
0.7837837837837824,170000,0.0410933311190719,CNG,Individual,Manual
1.0,2125000,0.002329634612973,Diesel,Dealer,Manual
0.7567567567567579,250000,0.025418393734092,Diesel,Individual,Manual
0.7027027027027017,135000,0.0338913328611081,Petrol,Individual,Manual
0.7837837837837824,265000,0.023300158952338,Diesel,Individual,Manual
0.7837837837837824,700000,0.025418393734092,Diesel,Individual,Manual
0.6756756756756772,150000,0.0296548632976001,Petrol,Individual,Manual
0.9459459459459438,900000,0.0080488685237089,Diesel,Individual,Manual
0.7837837837837824,380000,0.0116498676526908,Petrol,Individual,Manual
0.9189189189189192,600000,0.0021178111347976,Petrol,Individual,Manual
0.9459459459459438,700000,0.0105907502618138,Petrol,Individual,Automatic
0.7837837837837824,290000,0.0444825067698783,Diesel,Individual,Manual
0.7837837837837824,450000,0.0410933311190719,Diesel,Individual,Manual
0.567567567567572,40000,0.0241474528650396,Petrol,Individual,Manual
0.8378378378378386,540000,0.0328322154702311,Diesel,Individual,Manual
0.8648648648648631,500000,0.0423642719881243,Diesel,Individual,Manual
0.8378378378378386,395000,0.0677830893691727,Diesel,Dealer,Manual
0.6756756756756772,145000,0.0105907502618138,Petrol,Individual,Manual
0.8108108108108141,1580000,0.036433214599213,Diesel,Dealer,Automatic
0.9729729729729756,779000,0.0029786617501025,Petrol,Trustmark Dealer,Automatic
0.7297297297297334,170000,0.0381278024246162,Diesel,Individual,Manual
1.0,1400000,0.0105907502618138,Diesel,Dealer,Manual
0.9459459459459438,2475000,0.0008468702657452,Diesel,Dealer,Automatic
0.8108108108108141,187000,0.0508372111151404,Petrol,Individual,Manual
0.9189189189189192,640000,0.0148272198253218,Diesel,Individual,Manual
0.6756756756756772,155000,0.025418393734092,Petrol,Individual,Manual
0.8648648648648631,350000,0.0423642719881243,Diesel,Individual,Manual
0.7567567567567579,242000,0.0508372111151404,Diesel,Individual,Manual
0.8108108108108141,1300000,0.0247829232995658,Diesel,Dealer,Automatic
0.8108108108108141,550000,0.0332190051413794,Diesel,Dealer,Manual
0.8108108108108141,291000,0.0156745137380234,Petrol,Dealer,Manual
0.8648648648648631,503000,0.0466007415516323,Diesel,Individual,Manual
0.7567567567567579,210000,0.0508372111151404,Diesel,Individual,Manual
0.9189189189189192,700000,0.0104149367749282,Diesel,Dealer,Manual
0.8378378378378386,501000,0.0288075693848985,Diesel,Dealer,Manual
0.6756756756756772,235000,0.0646057371965416,Diesel,Individual,Manual
0.7567567567567579,1600000,0.0296548632976001,Diesel,Individual,Automatic
0.8108108108108141,200000,0.0635466198056646,Diesel,Individual,Manual
0.9729729729729756,395000,0.0042360459165517,Petrol,Individual,Manual
0.8918918918918948,2000000,0.0288452739640137,Petrol,Trustmark Dealer,Automatic
0.621621621621621,135000,0.0266469699075093,Petrol,Individual,Manual
0.8648648648648631,620000,0.0593101502421566,Diesel,Individual,Manual
0.8108108108108141,225000,0.0423642719881243,Diesel,Individual,Manual
0.8648648648648631,375000,0.0127089850435678,Petrol,Individual,Manual
0.8918918918918948,685000,0.025418393734092,Diesel,Individual,Manual
0.7837837837837824,170000,0.0381278024246162,Diesel,Individual,Manual
0.8648648648648631,300000,0.0063542806983057,Petrol,Individual,Manual
0.9459459459459438,550000,0.0046596928729025,Petrol,Individual,Manual
0.6486486486486527,170000,0.0330440389484065,Petrol,Individual,Manual
0.8918918918918948,600000,0.0105907502618138,Petrol,Individual,Manual
0.8648648648648631,600000,0.0042360459165517,Petrol,Individual,Manual
0.8378378378378386,500000,0.0296548632976001,Diesel,Individual,Manual
0.9189189189189192,210000,0.0063542806983057,Petrol,Dealer,Manual
0.7567567567567579,285000,0.0022025405260678,Petrol,Dealer,Manual
0.6486486486486527,225000,0.0211819241705839,Diesel,Dealer,Manual
0.7297297297297334,110000,0.0381278024246162,Diesel,Individual,Manual
0.9189189189189192,620000,0.027536628515846,Petrol,Individual,Manual
0.9459459459459438,650000,0.0025414580911484,Petrol,Individual,Manual
0.9729729729729756,750000,0.0063542806983057,Petrol,Individual,Manual
0.9459459459459438,520000,0.0211819241705839,Petrol,Individual,Automatic
0.8918918918918948,220000,0.0084725154800597,Petrol,Individual,Manual
0.8378378378378386,750000,0.0381278024246162,Diesel,Individual,Manual
0.8648648648648631,415000,0.0190636893888299,Petrol,Individual,Automatic
0.9189189189189192,1550000,0.0211819241705839,Diesel,Individual,Manual
0.6756756756756772,60000,0.0508372111151404,Diesel,Individual,Manual
0.9729729729729756,802999,0.010167103305463,Diesel,Individual,Manual
0.9459459459459438,980000,0.0042360459165517,Diesel,Individual,Manual
0.9729729729729756,1700000,0.0063542806983057,Diesel,Individual,Manual
0.7297297297297334,210000,0.0381278024246162,Petrol,Individual,Manual
0.8378378378378386,170000,0.0326203919920557,Petrol,Individual,Manual
0.8108108108108141,500000,0.025418393734092,Diesel,Individual,Manual
0.8648648648648631,515000,0.025418393734092,Diesel,Individual,Manual
0.5405405405405403,50000,0.0622756789366122,Petrol,Individual,Manual
0.8108108108108141,330000,0.0635466198056646,Petrol,Individual,Automatic
0.7297297297297334,220000,0.0508372111151404,Diesel,Individual,Manual
0.6756756756756772,350000,0.0317730980793541,Petrol,Individual,Manual
0.8918918918918948,710000,0.025418393734092,Diesel,Individual,Manual
0.7567567567567579,150000,0.0148272198253218,Petrol,Individual,Manual
0.621621621621621,200000,0.0190636893888299,Petrol,Individual,Manual
0.9189189189189192,1150000,0.0268202415126568,Diesel,Dealer,Manual
0.7567567567567579,88000,0.0412386420251002,Diesel,Dealer,Manual
0.8918918918918948,130000,0.0169454546070759,Petrol,Individual,Manual
0.7297297297297334,190000,0.0310740806013753,Petrol,Dealer,Manual
0.9189189189189192,900000,0.0148272198253218,Diesel,Individual,Manual
0.8378378378378386,215000,0.0211819241705839,Petrol,Individual,Manual
0.9459459459459438,795000,0.017699122542424,Petrol,Dealer,Manual
0.9189189189189192,3200000,0.0190636893888299,Diesel,Dealer,Automatic
0.8648648648648631,535000,0.0338913328611081,Diesel,Individual,Manual
0.7297297297297334,254999,0.0338913328611081,Petrol,Individual,Manual
0.8378378378378386,215000,0.0423642719881243,Diesel,Individual,Manual
0.8918918918918948,2000000,0.0288452739640137,Petrol,Trustmark Dealer,Automatic
0.8378378378378386,400000,0.0169454546070759,Petrol,Individual,Manual
0.8108108108108141,170000,0.025418393734092,Diesel,Individual,Manual
0.9189189189189192,3200000,0.0190636893888299,Diesel,Dealer,Automatic
0.7297297297297334,187000,0.0848984264057453,Petrol,Individual,Manual
0.9459459459459438,1400000,0.0057332142602954,Petrol,Dealer,Manual
0.8918918918918948,950000,0.0563446215477009,Diesel,Individual,Manual
0.8648648648648631,550000,0.0211819241705839,Diesel,Individual,Manual
0.7567567567567579,320000,0.0741377937144348,Diesel,Individual,Manual
0.9189189189189192,3200000,0.0190636893888299,Diesel,Dealer,Automatic
0.8648648648648631,470000,0.0296548632976001,Diesel,Individual,Manual
0.8378378378378386,650000,0.0381278024246162,Diesel,Individual,Manual
0.9189189189189192,600000,0.0197021253520506,Diesel,Trustmark Dealer,Manual
0.8108108108108141,750000,0.0402460372063702,Diesel,Dealer,Manual
0.8648648648648631,503000,0.0466007415516323,Diesel,Individual,Manual
0.9189189189189192,700000,0.0211637073514609,Diesel,Dealer,Manual
0.8108108108108141,58000,0.0118506763100011,Petrol,Individual,Manual
0.9459459459459438,950000,0.0031769285256747,Diesel,Individual,Manual
0.7837837837837824,350000,0.0169454546070759,Petrol,Individual,Manual
0.9189189189189192,450000,0.0182163954761283,Diesel,Individual,Manual
0.7297297297297334,150000,0.0296548632976001,Petrol,Individual,Manual
0.7027027027027017,142000,0.0466007415516323,Petrol,Individual,Manual
0.9189189189189192,625000,0.0156745137380234,Diesel,Individual,Automatic
0.8918918918918948,800000,0.0296548632976001,Diesel,Individual,Manual
0.8918918918918948,900000,0.0423642719881243,Diesel,Individual,Manual
0.8918918918918948,210000,0.0220292180832856,Petrol,Individual,Manual
0.8648648648648631,760000,0.0234441989174972,Petrol,Trustmark Dealer,Manual
0.9459459459459438,925000,0.0100450929820339,Diesel,Trustmark Dealer,Manual
0.8108108108108141,220000,0.0466007415516323,Diesel,Individual,Manual
0.8378378378378386,175000,0.0169454546070759,Petrol,Individual,Manual
0.6756756756756772,70000,0.0251642055602815,Petrol,Individual,Manual
0.8648648648648631,1325000,0.0484512314569727,Diesel,Dealer,Manual
0.9459459459459438,630000,0.0194873363451807,Diesel,Individual,Manual
0.6756756756756772,110000,0.0652412076310678,Diesel,Individual,Manual
0.9459459459459438,539000,0.0042360459165517,Petrol,Individual,Manual
0.621621621621621,55000,0.0423642719881243,Diesel,Individual,Manual
0.8378378378378386,409999,0.0338913328611081,Diesel,Individual,Manual
0.8378378378378386,509999,0.0665121485001203,Diesel,Individual,Manual
0.9189189189189192,2600000,0.0199796141084603,Diesel,Trustmark Dealer,Automatic
0.7567567567567579,350000,0.0211819241705839,Petrol,Individual,Manual
0.9459459459459438,1650000,0.0084725154800597,Diesel,Individual,Manual
0.8378378378378386,400000,0.0190636893888299,Diesel,Individual,Manual
0.9189189189189192,2711000,0.0038123989602009,Diesel,Dealer,Automatic
0.8378378378378386,500000,0.0466007415516323,Diesel,Individual,Manual
1.0,700000,0.0004655880050295,Petrol,Individual,Manual
0.8648648648648631,475000,0.0104212914792734,Petrol,Dealer,Manual
0.9189189189189192,360000,0.0211819241705839,Diesel,Individual,Manual
0.9189189189189192,625000,0.0108186723243305,Petrol,Trustmark Dealer,Manual
0.8108108108108141,500000,0.025418393734092,Petrol,Individual,Manual
0.8378378378378386,210000,0.0169454546070759,Petrol,Individual,Manual
0.7837837837837824,425000,0.0345827246938727,Diesel,Dealer,Manual
0.9189189189189192,3200000,0.0190636893888299,Diesel,Dealer,Automatic
0.8108108108108141,330000,0.0234802089087871,Petrol,Dealer,Manual
0.8108108108108141,750000,0.0336066421064404,Diesel,Trustmark Dealer,Manual
0.8648648648648631,730000,0.0296548632976001,Diesel,Individual,Manual
0.7837837837837824,200000,0.0508372111151404,Diesel,Individual,Manual
0.567567567567572,225000,0.0947524546104651,Diesel,Individual,Automatic
0.5405405405405403,48000,0.0211819241705839,Petrol,Individual,Manual
0.7567567567567579,825000,0.0529554458968945,Diesel,Individual,Manual
0.8918918918918948,630000,0.0127742266748458,Diesel,Individual,Manual
0.8918918918918948,420000,0.0296548632976001,Diesel,Individual,Manual
0.8648648648648631,200000,0.0211819241705839,Petrol,Individual,Manual
0.8648648648648631,360000,0.014403572868971,Petrol,Individual,Manual
0.8648648648648631,670000,0.0241474528650396,Diesel,Individual,Manual
0.7297297297297334,120000,0.0381278024246162,LPG,Individual,Manual
0.8648648648648631,775000,0.0281809955364556,Petrol,Trustmark Dealer,Manual
0.6756756756756772,120000,0.0296548632976001,Petrol,Individual,Manual
0.9729729729729756,770000,0.0114380441745154,Diesel,Individual,Manual
0.6756756756756772,100000,0.0508372111151404,Diesel,Individual,Manual
0.8918918918918948,1950000,0.0449061537262291,Diesel,Individual,Automatic
0.9729729729729756,585000,0.0033887520038501,Petrol,Individual,Manual
0.8378378378378386,545000,0.0466007415516323,Diesel,Individual,Manual
0.7027027027027017,120000,0.0296548632976001,Petrol,Individual,Manual
0.7567567567567579,210000,0.0741377937144348,Diesel,Individual,Manual
0.6756756756756772,70000,0.0381278024246162,Petrol,Individual,Manual
0.9459459459459438,819999,0.0048715163510779,Diesel,Individual,Manual
0.7837837837837824,250999,0.0148272198253218,Diesel,Individual,Manual
0.9729729729729756,420000,0.0042360459165517,Petrol,Individual,Manual
0.9729729729729756,700000,0.0084725154800597,Petrol,Individual,Manual
0.9189189189189192,360000,0.0338913328611081,Petrol,Individual,Manual
0.7567567567567579,340000,0.025418393734092,Petrol,Individual,Automatic
0.7567567567567579,210000,0.0356071030343289,Petrol,Individual,Manual
0.9459459459459438,851000,0.0211819241705839,Diesel,Individual,Automatic
0.8918918918918948,645000,0.0046596928729025,Petrol,Dealer,Automatic
0.8918918918918948,350000,0.0127089850435678,CNG,Individual,Manual
0.6756756756756772,110000,0.0338913328611081,Petrol,Individual,Manual
0.8918918918918948,630000,0.023300158952338,Diesel,Dealer,Manual
0.8648648648648631,600000,0.0148272198253218,Petrol,Individual,Manual
0.8918918918918948,1900000,0.0173691015634267,Petrol,Dealer,Automatic
0.5945945945945965,120000,0.0423642719881243,Petrol,Individual,Manual
0.7837837837837824,475000,0.0351622737301606,Petrol,Individual,Automatic
0.9189189189189192,720000,0.0127089850435678,Petrol,Individual,Manual
0.9459459459459438,358000,0.0186400424324791,Petrol,Individual,Manual
0.9189189189189192,1350000,0.0084725154800597,Diesel,Individual,Manual
0.8918918918918948,2000000,0.0288452739640137,Petrol,Trustmark Dealer,Automatic
0.8918918918918948,650000,0.0211819241705839,Petrol,Individual,Automatic
0.8378378378378386,220000,0.0211819241705839,Petrol,Individual,Manual
0.9189189189189192,300000,0.0148272198253218,Petrol,Individual,Manual
0.9459459459459438,720000,0.0105907502618138,Diesel,Individual,Manual
0.6756756756756772,80000,0.0381278024246162,Petrol,Individual,Manual
0.8108108108108141,300000,0.0563446215477009,Diesel,Individual,Manual
0.9459459459459438,1085000,0.0004232233093944,Petrol,Individual,Automatic
0.7567567567567579,229999,0.0720195589326808,Diesel,Individual,Manual
0.6756756756756772,200000,0.0381278024246162,Petrol,Individual,Manual
0.7027027027027017,195000,0.0169454546070759,Petrol,Individual,Manual
0.9189189189189192,650000,0.025418393734092,Diesel,Individual,Manual
0.8378378378378386,450000,0.0466007415516323,Diesel,Individual,Manual
0.9189189189189192,390000,0.010167103305463,Petrol,Individual,Manual
0.9459459459459438,740000,0.0164442802577129,Diesel,Dealer,Manual
0.9729729729729756,425000,0.0015670700915416,Petrol,Individual,Manual
0.9459459459459438,5830000,0.0127089850435678,Diesel,Individual,Automatic
0.6486486486486527,150000,0.025418393734092,Petrol,Individual,Manual
0.8918918918918948,640000,0.0050833398292533,Petrol,Dealer,Manual
0.7567567567567579,200000,0.0720195589326808,Diesel,Individual,Manual
0.9189189189189192,1650000,0.0220292180832856,Petrol,Dealer,Automatic
0.9729729729729756,900000,0.0034222201134018,Diesel,Dealer,Manual
0.9189189189189192,210000,0.0063542806983057,Petrol,Dealer,Manual
0.9459459459459438,740000,0.0063542806983057,Petrol,Individual,Manual
0.9459459459459438,200000,0.0148272198253218,Petrol,Individual,Manual
0.8108108108108141,350000,0.0211819241705839,Petrol,Individual,Manual
0.9189189189189192,328000,0.0288075693848985,Petrol,Individual,Manual
0.8108108108108141,80000,0.0127089850435678,Petrol,Individual,Manual
0.7567567567567579,300000,0.0423642719881243,Diesel,Individual,Manual
0.7297297297297334,110000,0.0211819241705839,Petrol,Individual,Manual
0.9189189189189192,880000,0.027536628515846,Diesel,Individual,Manual
0.567567567567572,135000,0.0508372111151404,Petrol,Individual,Manual
0.9729729729729756,1450000,0.0042360459165517,Diesel,Individual,Manual
0.9729729729729756,675000,0.0029651050474992,Petrol,Individual,Manual
0.9729729729729756,860000,0.0148272198253218,Diesel,Individual,Automatic
0.8378378378378386,350000,0.0296548632976001,Diesel,Individual,Manual
0.7567567567567579,220000,0.049566270246088,Diesel,Individual,Manual
0.9459459459459438,1700000,0.0211819241705839,Diesel,Individual,Manual
0.4594594594594596,60000,0.0211819241705839,Petrol,Individual,Manual
0.8108108108108141,265000,0.0273383617402739,Petrol,Dealer,Manual
0.8918918918918948,690000,0.0338913328611081,Diesel,Individual,Manual
0.8108108108108141,425000,0.0296548632976001,Diesel,Individual,Manual
0.9189189189189192,1143000,0.0216055711269347,Diesel,Individual,Automatic
0.8918918918918948,300000,0.0211819241705839,Petrol,Individual,Manual
0.8108108108108141,520000,0.0372805085119146,Diesel,Individual,Manual
0.9189189189189192,330000,0.025418393734092,Petrol,Individual,Manual
0.8108108108108141,285000,0.0508372111151404,Diesel,Individual,Manual
0.5945945945945965,120000,0.0084725154800597,Petrol,Individual,Manual
0.8378378378378386,850000,0.0317730980793541,Diesel,Dealer,Manual
0.8918918918918948,620000,0.0029651050474992,Diesel,Dealer,Manual
0.8918918918918948,280000,0.0169454546070759,Petrol,Individual,Manual
0.5945945945945965,300000,0.0296548632976001,Petrol,Individual,Manual
0.7567567567567579,120000,0.0084725154800597,Petrol,Individual,Manual
0.8108108108108141,325000,0.0398223902500194,Diesel,Individual,Manual
0.7567567567567579,272000,0.0172572587669501,Petrol,Dealer,Automatic
0.9459459459459438,834000,0.0127089850435678,Diesel,Individual,Manual
0.9189189189189192,450000,0.0148272198253218,Petrol,Individual,Manual
0.9729729729729756,860000,0.0060649298271181,Petrol,Dealer,Manual
0.7297297297297334,220000,0.0338913328611081,Diesel,Individual,Manual
0.8378378378378386,400000,0.0508372111151404,Diesel,Individual,Manual
0.5945945945945965,180000,0.0209510365793727,Petrol,Individual,Manual
0.4324324324324351,45000,0.0423642719881243,Petrol,Individual,Manual
0.8648648648648631,585000,0.0305021572103017,Diesel,Dealer,Manual
0.6756756756756772,120000,0.0176753983128683,Petrol,Individual,Manual
1.0,578000,0.0021178111347976,Petrol,Individual,Manual
0.8918918918918948,225000,0.0148272198253218,Petrol,Individual,Manual
0.7297297297297334,170000,0.0296548632976001,Petrol,Individual,Manual
0.7837837837837824,321000,0.0423642719881243,Diesel,Individual,Manual
0.8918918918918948,220000,0.0381278024246162,Petrol,Individual,Manual
0.7837837837837824,245000,0.0423642719881243,Diesel,Dealer,Manual
0.9459459459459438,270000,0.0084725154800597,Petrol,Individual,Manual
0.8378378378378386,999000,0.0105907502618138,Diesel,Individual,Manual
0.7567567567567579,350000,0.0199109833015315,Petrol,Individual,Manual
0.8108108108108141,490000,0.0402460372063702,Diesel,Individual,Manual
0.8648648648648631,550000,0.0124692008662732,Petrol,Individual,Manual
0.8108108108108141,170000,0.0338913328611081,Petrol,Individual,Manual
0.9459459459459438,770000,0.0211819241705839,Diesel,Individual,Manual
0.8108108108108141,225000,0.0247164107274187,Petrol,Trustmark Dealer,Manual
0.9189189189189192,350000,0.0084725154800597,Petrol,Individual,Manual
0.8108108108108141,130000,0.0397800255543844,Diesel,Individual,Manual
0.9189189189189192,400000,0.0110143972181646,Petrol,Individual,Manual
0.621621621621621,100000,0.0169454546070759,Petrol,Individual,Manual
0.9189189189189192,509999,0.0105907502618138,Petrol,Individual,Manual
0.7297297297297334,125000,0.0338913328611081,Petrol,Individual,Manual
0.8648648648648631,450000,0.0169454546070759,Diesel,Individual,Manual
0.9459459459459438,1031000,0.025418393734092,Diesel,Individual,Manual
0.8918918918918948,500000,0.0127089850435678,Diesel,Individual,Manual
0.8108108108108141,1580000,0.036433214599213,Diesel,Dealer,Automatic
0.7297297297297334,100000,0.0338913328611081,Diesel,Individual,Manual
0.8378378378378386,525000,0.0338913328611081,Diesel,Individual,Manual
0.9189189189189192,3200000,0.0190636893888299,Diesel,Dealer,Automatic
0.9459459459459438,600000,0.0295612373202465,Petrol,Dealer,Automatic
0.9459459459459438,650000,0.0127089850435678,Petrol,Individual,Manual
0.4324324324324351,55000,0.025418393734092,Petrol,Individual,Manual
0.8108108108108141,170000,0.0296548632976001,Diesel,Individual,Manual
0.8918918918918948,270000,0.003249795802167,Petrol,Individual,Manual
0.8108108108108141,260000,0.0296548632976001,Petrol,Individual,Manual
0.8108108108108141,260000,0.0800688511033461,Diesel,Individual,Manual
0.8918918918918948,315000,0.0105907502618138,Petrol,Individual,Manual
0.8648648648648631,580000,0.0381278024246162,Diesel,Individual,Manual
0.8918918918918948,750000,0.0338913328611081,Diesel,Individual,Manual
0.7297297297297334,99000,0.025418393734092,Petrol,Individual,Manual
0.5945945945945965,80000,0.0239695211433722,Petrol,Dealer,Manual
0.8648648648648631,573000,0.0423642719881243,Diesel,Individual,Manual
0.6756756756756772,300000,0.0423642719881243,Diesel,Individual,Manual
0.7567567567567579,450000,0.025418393734092,Petrol,Individual,Automatic
0.9459459459459438,1300000,0.0042360459165517,Diesel,Individual,Manual
0.8918918918918948,670000,0.0030091643309597,Petrol,Trustmark Dealer,Manual
0.9459459459459438,910000,0.0063542806983057,Petrol,Individual,Manual
0.7297297297297334,409999,0.088965437186713,Diesel,Individual,Manual
0.7027027027027017,200000,0.0127089850435678,Petrol,Individual,Manual
0.9189189189189192,625000,0.014403572868971,Diesel,Individual,Manual
0.7297297297297334,175000,0.0351622737301606,Petrol,Individual,Manual
0.8918918918918948,515000,0.0423642719881243,Diesel,Individual,Manual
0.7837837837837824,430000,0.0211819241705839,Diesel,Individual,Manual
0.9189189189189192,250000,0.0177927485197775,Petrol,Individual,Manual
1.0,390000,0.0025414580911484,Petrol,Individual,Manual
0.8918918918918948,825000,0.0165218076507251,Diesel,Dealer,Manual
0.8918918918918948,631000,0.0391382004155129,Diesel,Individual,Manual
0.9459459459459438,420000,0.0131326319999186,Diesel,Individual,Manual
0.7027027027027017,161000,0.0508372111151404,Diesel,Individual,Manual
0.8648648648648631,420000,0.0152508667816726,Petrol,Individual,Manual
0.9189189189189192,660000,0.0211819241705839,Diesel,Individual,Automatic
0.7837837837837824,350000,0.0127089850435678,Petrol,Individual,Manual
0.7297297297297334,160000,0.1080295502224993,Diesel,Individual,Manual
0.7027027027027017,130000,0.0211819241705839,Diesel,Individual,Manual
0.3243243243243228,95000,0.0423642719881243,Petrol,Individual,Manual
0.4054054054054035,85000,0.0508372111151404,Petrol,Individual,Manual
0.8918918918918948,509999,0.025418393734092,Diesel,Individual,Manual
0.9729729729729756,3800000,0.0084725154800597,Diesel,Individual,Automatic
0.7567567567567579,340000,0.0338913328611081,Diesel,Individual,Manual
0.8648648648648631,550000,0.0584628563294549,Diesel,Individual,Manual
0.9189189189189192,819999,0.0211819241705839,Diesel,Individual,Manual
0.9189189189189192,749000,0.0218173946051101,Diesel,Individual,Manual
0.6486486486486527,135000,0.0314269785160155,Petrol,Individual,Manual
0.9729729729729756,675000,0.0063542806983057,Diesel,Individual,Manual
0.8378378378378386,391000,0.0508372111151404,Diesel,Individual,Manual
0.9459459459459438,615000,0.0063542806983057,Diesel,Individual,Manual
0.9189189189189192,700000,0.0347386267738098,Diesel,Individual,Manual
0.7837837837837824,271000,0.0207582772142331,Petrol,Dealer,Manual
0.8108108108108141,600000,0.0531804024307167,Diesel,Dealer,Manual
0.8648648648648631,350000,0.0381278024246162,Diesel,Individual,Manual
0.9189189189189192,350000,0.0203346302578823,Petrol,Individual,Manual
1.0,520000,0.0021178111347976,Petrol,Individual,Manual
0.7567567567567579,270000,0.0423642719881243,Diesel,Individual,Manual
0.7567567567567579,450000,0.0466007415516323,Petrol,Individual,Manual
0.7567567567567579,220000,0.0296548632976001,Petrol,Individual,Manual
0.7027027027027017,195000,0.0237238059086888,Petrol,Dealer,Manual
0.6486486486486527,90000,0.0271129815594952,Petrol,Individual,Manual
0.5405405405405403,50000,0.0296548632976001,Diesel,Individual,Manual
0.8108108108108141,250000,0.0211819241705839,Petrol,Individual,Manual
0.7297297297297334,385000,0.0466007415516323,Diesel,Individual,Manual
0.9189189189189192,650000,0.0211115987758297,Petrol,Trustmark Dealer,Manual
0.9189189189189192,75000,0.0014823407002714,Petrol,Individual,Manual
0.9729729729729756,700000,0.0019059876566222,Petrol,Individual,Manual
0.9729729729729756,779000,0.0029786617501025,Petrol,Trustmark Dealer,Automatic
0.8918918918918948,250000,0.0084725154800597,Petrol,Individual,Manual
0.7027027027027017,300000,0.0508372111151404,Petrol,Individual,Manual
0.9729729729729756,754000,0.0042360459165517,Diesel,Individual,Manual
0.6486486486486527,626000,0.0338913328611081,Diesel,Individual,Manual
0.8918918918918948,360000,0.0423642719881243,Diesel,Individual,Manual
0.9459459459459438,350000,0.0063542806983057,Petrol,Individual,Manual
0.7837837837837824,221000,0.0296548632976001,Petrol,Individual,Manual
0.7297297297297334,99000,0.0296548632976001,Petrol,Individual,Manual
0.7567567567567579,350000,0.0211819241705839,Diesel,Individual,Manual
0.8918918918918948,900000,0.0199109833015315,Diesel,Individual,Manual
0.8918918918918948,575000,0.0190636893888299,Petrol,Individual,Manual
0.7837837837837824,150000,0.0321967450357049,Petrol,Individual,Manual
1.0,500000,0.0169454546070759,Petrol,Individual,Manual
0.5945945945945965,60000,0.0296548632976001,Petrol,Individual,Manual
0.7837837837837824,1680000,0.0549156603639296,Diesel,Dealer,Manual
0.9729729729729756,380000,0.0059306337419549,Petrol,Individual,Automatic
0.7567567567567579,300000,0.0169454546070759,Diesel,Individual,Manual
0.9459459459459438,800000,0.0127089850435678,Diesel,Individual,Manual
0.9459459459459438,800000,0.0127089850435678,Diesel,Individual,Automatic
0.7837837837837824,440000,0.0508372111151404,Diesel,Individual,Automatic
0.6486486486486527,175000,0.0419406250317735,Diesel,Individual,Manual
0.7837837837837824,229999,0.0211073623062662,Petrol,Dealer,Manual
0.6756756756756772,114999,0.0423642719881243,Petrol,Individual,Manual
0.8108108108108141,250000,0.0114380441745154,Petrol,Individual,Manual
0.7567567567567579,1075000,0.0180236361109887,Diesel,Dealer,Automatic
0.7027027027027017,650000,0.1025221397899388,Diesel,Individual,Manual
0.7567567567567579,650000,0.1588671849845962,Diesel,Individual,Manual
0.9459459459459438,700000,0.0266893346031444,Diesel,Individual,Manual
0.7567567567567579,160000,0.025418393734092,CNG,Individual,Manual
0.5945945945945965,90000,0.0169454546070759,Petrol,Individual,Manual
0.9459459459459438,200000,0.0148272198253218,Petrol,Individual,Manual
0.7297297297297334,240000,0.060581091111209,Petrol,Individual,Manual
0.7297297297297334,190000,0.0338913328611081,Petrol,Individual,Manual
0.4864864864864842,30000,0.0042360459165517,Petrol,Individual,Manual
0.8648648648648631,229999,0.025418393734092,Petrol,Individual,Manual
0.7567567567567579,525000,0.0406696841627211,Diesel,Individual,Manual
0.9459459459459438,730000,0.002021643275706,Petrol,Dealer,Manual
0.7567567567567579,450000,0.0552431394611888,Diesel,Dealer,Automatic
0.9729729729729756,3800000,0.0084725154800597,Diesel,Individual,Automatic
0.7027027027027017,110000,0.0508372111151404,Petrol,Individual,Manual
0.9189189189189192,600000,0.0127089850435678,Petrol,Individual,Manual
0.9459459459459438,700000,0.0105907502618138,Petrol,Individual,Manual
0.621621621621621,480000,0.0466007415516323,Petrol,Individual,Automatic
0.8378378378378386,470000,0.0296548632976001,Diesel,Individual,Manual
0.7027027027027017,300000,0.0381278024246162,Diesel,Individual,Manual
0.7567567567567579,300000,0.0084725154800597,Petrol,Individual,Manual
0.9729729729729756,894999,0.0055069867856041,Diesel,Dealer,Manual
0.6756756756756772,190000,0.0338913328611081,Diesel,Individual,Manual
0.8108108108108141,125000,0.0529554458968945,Diesel,Individual,Manual
0.8918918918918948,900000,0.0338913328611081,Diesel,Individual,Manual
0.7567567567567579,225000,0.0148272198253218,Petrol,Individual,Manual
0.9189189189189192,2711000,0.0038123989602009,Diesel,Dealer,Automatic
0.9459459459459438,890000,0.012285338087217,Petrol,Dealer,Automatic
0.8108108108108141,910000,0.0296548632976001,Diesel,Individual,Manual
0.7027027027027017,152000,0.0203346302578823,Diesel,Individual,Manual
0.9189189189189192,370000,0.0127089850435678,Petrol,Individual,Manual
0.8108108108108141,125000,0.0588865032858057,Diesel,Individual,Manual
0.7837837837837824,350000,0.023300158952338,Diesel,Dealer,Manual
0.5135135135135158,95000,0.0381278024246162,Petrol,Individual,Manual
0.9729729729729756,550000,0.0063542806983057,Petrol,Individual,Automatic
0.8648648648648631,484999,0.0381278024246162,Diesel,Individual,Manual
0.9189189189189192,600000,0.0183159525108707,Diesel,Dealer,Manual
0.8648648648648631,470000,0.0231828087454288,Diesel,Dealer,Manual
0.9189189189189192,650000,0.0025414580911484,Petrol,Individual,Manual
0.7837837837837824,200000,0.0338913328611081,Diesel,Individual,Manual
0.8648648648648631,650000,0.0635466198056646,Diesel,Individual,Manual
0.6486486486486527,155000,0.027536628515846,Petrol,Dealer,Manual
0.8108108108108141,250000,0.023300158952338,Diesel,Individual,Manual
0.8108108108108141,390000,0.0508372111151404,Diesel,Individual,Manual
0.8378378378378386,250000,0.0338913328611081,Petrol,Individual,Manual
0.6756756756756772,145000,0.025418393734092,Petrol,Individual,Manual
0.8648648648648631,433000,0.0296548632976001,Diesel,Individual,Manual
0.8918918918918948,565000,0.0305021572103017,Diesel,Dealer,Manual
0.9459459459459438,390000,0.0105907502618138,Petrol,Individual,Manual
0.8378378378378386,200000,0.025418393734092,Petrol,Individual,Manual
0.8108108108108141,356000,0.0296548632976001,Diesel,Individual,Manual
0.7297297297297334,217000,0.0508372111151404,Diesel,Individual,Manual
0.8918918918918948,484999,0.0127089850435678,Petrol,Individual,Manual
0.7297297297297334,135000,0.062699325892963,Diesel,Individual,Manual
0.7837837837837824,280000,0.027536628515846,Petrol,Individual,Manual
0.9189189189189192,550000,0.0042360459165517,Petrol,Individual,Automatic
0.7567567567567579,325000,0.0296548632976001,Diesel,Individual,Manual
0.8918918918918948,650000,0.034314979817459,Diesel,Dealer,Manual
0.8648648648648631,500000,0.0381278024246162,Diesel,Individual,Manual
0.621621621621621,130000,0.0614283850239106,Petrol,Individual,Manual
0.8108108108108141,240000,0.025418393734092,Diesel,Individual,Manual
0.9729729729729756,1195000,0.0021178111347976,Diesel,Dealer,Manual
0.9189189189189192,375000,0.0042360459165517,Petrol,Individual,Manual
0.8918918918918948,370000,0.025418393734092,Petrol,Individual,Manual
0.7567567567567579,165000,0.0423642719881243,Diesel,Individual,Manual
0.8378378378378386,215000,0.0423642719881243,Diesel,Individual,Manual
0.9459459459459438,290000,0.0063542806983057,Petrol,Dealer,Automatic
0.9459459459459438,780000,0.0127089850435678,Diesel,Individual,Manual
0.8918918918918948,550000,0.0239330875051261,Petrol,Trustmark Dealer,Manual
0.8108108108108141,2450000,0.025418393734092,Diesel,Individual,Automatic
0.8378378378378386,430000,0.0423642719881243,Petrol,Individual,Manual
0.7567567567567579,320000,0.0360095676428622,Petrol,Individual,Manual
0.7837837837837824,270000,0.0338913328611081,Diesel,Individual,Manual
0.7837837837837824,300000,0.1059113154407453,Diesel,Individual,Manual
0.8918918918918948,400000,0.0423642719881243,Petrol,Individual,Manual
0.9459459459459438,950000,0.0175364421111852,Petrol,Individual,Automatic
0.9459459459459438,409999,0.0190636893888299,CNG,Individual,Manual
0.7297297297297334,200000,0.0211819241705839,Petrol,Individual,Manual
0.8918918918918948,700000,0.0127089850435678,Petrol,Individual,Manual
0.9459459459459438,749000,0.0127089850435678,Diesel,Individual,Manual
0.9729729729729756,725000,0.0093198093927613,Diesel,Individual,Automatic
0.9459459459459438,875000,0.0355198317613206,Diesel,Dealer,Manual
0.567567567567572,40000,0.0292782411534042,Petrol,Individual,Manual
0.7297297297297334,250000,0.0381278024246162,Diesel,Individual,Manual
0.7027027027027017,155000,0.025418393734092,LPG,Individual,Manual
0.8108108108108141,850000,0.0508372111151404,Diesel,Individual,Manual
0.8918918918918948,585000,0.0216055711269347,Diesel,Dealer,Manual
0.8648648648648631,825000,0.025418393734092,Diesel,Individual,Manual
0.7027027027027017,300000,0.0211819241705839,Petrol,Individual,Manual
0.5945945945945965,105000,0.0669811256808006,Petrol,Individual,Manual
0.7297297297297334,355000,0.0491426232897372,Diesel,Individual,Manual
0.9459459459459438,470000,0.0105907502618138,Diesel,Individual,Manual
0.9189189189189192,751000,0.0271129815594952,Diesel,Dealer,Manual
0.7297297297297334,210000,0.0084725154800597,Petrol,Individual,Manual
0.6756756756756772,250000,0.0466007415516323,Diesel,Individual,Manual
0.9189189189189192,310000,0.0105907502618138,Petrol,Individual,Manual
0.8918918918918948,375000,0.0097434563491122,Petrol,Dealer,Manual
0.7027027027027017,250000,0.0305021572103017,Diesel,Individual,Manual
0.9189189189189192,550000,0.0042360459165517,Petrol,Individual,Manual
0.8378378378378386,335000,0.0139939062621798,Petrol,Dealer,Manual
0.8108108108108141,500000,0.0508372111151404,Diesel,Individual,Manual
0.7027027027027017,135000,0.0381278024246162,Diesel,Individual,Manual
0.9459459459459438,750000,0.0063542806983057,Petrol,Individual,Automatic
0.7837837837837824,120000,0.0466007415516323,Diesel,Individual,Manual
0.8918918918918948,280000,0.0423642719881243,Petrol,Individual,Manual
0.8918918918918948,1689999,0.0508372111151404,Diesel,Individual,Manual
0.6756756756756772,190000,0.0508372111151404,Diesel,Individual,Manual
0.9189189189189192,425000,0.0177927485197775,Petrol,Individual,Manual
0.9189189189189192,375000,0.0115604781449008,Petrol,Dealer,Automatic
0.8108108108108141,530000,0.0169454546070759,Diesel,Individual,Manual
0.9189189189189192,750000,0.0224528650396364,Diesel,Individual,Manual
0.9459459459459438,600000,0.0295612373202465,Petrol,Dealer,Automatic
0.9729729729729756,670000,0.0021178111347976,Petrol,Individual,Manual
0.8108108108108141,600000,0.0749850876271364,Diesel,Individual,Manual
0.7837837837837824,350000,0.0313494511230033,Diesel,Individual,Manual
0.8918918918918948,600000,0.0237238059086888,Diesel,Dealer,Manual
0.7837837837837824,380000,0.0338913328611081,Diesel,Individual,Manual
0.7837837837837824,385000,0.0245710998213904,Diesel,Dealer,Manual
0.9459459459459438,500000,0.0105907502618138,Petrol,Individual,Manual
0.9189189189189192,550000,0.0296548632976001,Diesel,Individual,Manual
0.7567567567567579,365000,0.0783742632779429,Diesel,Individual,Manual
0.7837837837837824,730000,0.0466007415516323,Diesel,Individual,Manual
0.8648648648648631,500000,0.0529554458968945,Diesel,Individual,Manual
0.7837837837837824,269000,0.0222609529684094,Petrol,Dealer,Manual
0.8378378378378386,300000,0.0381278024246162,CNG,Individual,Manual
0.7567567567567579,220000,0.0296548632976001,Petrol,Individual,Manual
0.7567567567567579,250000,0.0332821285378757,Diesel,Dealer,Manual
0.8648648648648631,630000,0.0211819241705839,Diesel,Individual,Manual
0.8108108108108141,300000,0.0127089850435678,Petrol,Individual,Manual
0.8378378378378386,550000,0.0321967450357049,Diesel,Individual,Manual
0.9189189189189192,580000,0.0699013241509267,Diesel,Individual,Manual
0.9459459459459438,350000,0.0127089850435678,Petrol,Individual,Manual
0.8378378378378386,1030000,0.1059113154407453,Diesel,Individual,Manual
0.7297297297297334,500000,0.0508372111151404,Diesel,Individual,Manual
0.8378378378378386,215000,0.0338913328611081,Petrol,Individual,Manual
0.4594594594594596,31000,0.0238059934182208,Petrol,Individual,Manual
0.7567567567567579,1295000,0.0245710998213904,Diesel,Dealer,Automatic
0.9729729729729756,5400000,0.0031769285256747,Diesel,Dealer,Automatic
0.8648648648648631,550000,0.0097434563491122,Petrol,Individual,Manual
0.8108108108108141,500000,0.0211819241705839,Diesel,Individual,Manual
0.8918918918918948,250000,0.0093198093927613,Petrol,Individual,Manual
0.9729729729729756,409999,0.0105907502618138,Petrol,Individual,Manual
0.7837837837837824,225000,0.0225045499683112,Petrol,Dealer,Manual
0.8918918918918948,350000,0.0508372111151404,Diesel,Individual,Manual
0.9459459459459438,750000,0.0021178111347976,Diesel,Individual,Manual
0.9189189189189192,575000,0.0296548632976001,Diesel,Individual,Manual
0.7567567567567579,148000,0.0169454546070759,Petrol,Individual,Manual
0.8108108108108141,164000,0.0127089850435678,Petrol,Individual,Manual
0.8108108108108141,250000,0.0375346966857251,LPG,Individual,Manual
0.9459459459459438,445000,0.0083454213931545,Petrol,Individual,Manual
0.621621621621621,75000,0.0381278024246162,Petrol,Individual,Manual
1.0,7200000,0.0021178111347976,Diesel,Individual,Automatic
0.9729729729729756,360000,0.0114380441745154,Petrol,Individual,Manual
0.7297297297297334,97000,0.0542263867659469,Petrol,Individual,Manual
0.9729729729729756,1132000,0.0084725154800597,Petrol,Individual,Manual
0.8918918918918948,490000,0.0211819241705839,Petrol,Individual,Manual
0.8378378378378386,185000,0.0169454546070759,Diesel,Individual,Manual
0.8918918918918948,459999,0.025418393734092,Petrol,Individual,Manual
0.8108108108108141,300000,0.0423642719881243,Diesel,Individual,Manual
0.7567567567567579,1350000,0.0345268032956344,Diesel,Individual,Automatic
0.7297297297297334,400000,0.0423642719881243,Diesel,Individual,Manual
0.8918918918918948,400000,0.0059306337419549,Petrol,Individual,Manual
0.8648648648648631,270000,0.0169454546070759,Petrol,Individual,Manual
0.9729729729729756,975000,0.0053307496517622,Diesel,Dealer,Manual
0.8648648648648631,500000,0.0338913328611081,Diesel,Individual,Manual
0.8108108108108141,425000,0.0644727120522475,Diesel,Dealer,Manual
0.7297297297297334,325000,0.036440416597471,Diesel,Dealer,Manual
0.5135135135135158,95000,0.0381278024246162,Petrol,Individual,Manual
0.8108108108108141,480000,0.0179884734136116,Petrol,Dealer,Manual
0.8918918918918948,350000,0.025418393734092,Diesel,Individual,Manual
0.6486486486486527,215000,0.0426820072053874,Petrol,Individual,Manual
0.9189189189189192,840000,0.0208485140159359,Diesel,Dealer,Manual
0.9729729729729756,3800000,0.0084725154800597,Diesel,Individual,Automatic
0.9729729729729756,960000,0.0084725154800597,Petrol,Individual,Manual
0.8108108108108141,600000,0.0211819241705839,Diesel,Individual,Manual
0.8378378378378386,45000,0.0097434563491122,Petrol,Individual,Manual
0.9189189189189192,600000,0.0197021253520506,Diesel,Trustmark Dealer,Manual
0.9189189189189192,450000,0.0238466635260305,Diesel,Dealer,Manual
0.8648648648648631,238000,0.0296548632976001,Petrol,Dealer,Manual
0.8108108108108141,150000,0.0279602754721968,Petrol,Individual,Manual
0.7297297297297334,196000,0.0466007415516323,Petrol,Individual,Automatic
0.7297297297297334,475000,0.0423642719881243,Diesel,Individual,Manual
0.8378378378378386,520000,0.0347386267738098,Diesel,Individual,Manual
0.8378378378378386,350000,0.0428726483357453,Diesel,Individual,Manual
0.8918918918918948,470000,0.0100400092185577,Petrol,Individual,Manual
0.9189189189189192,750000,0.0156745137380234,Diesel,Individual,Manual
0.7567567567567579,160000,0.0593101502421566,Diesel,Individual,Manual
0.7297297297297334,170000,0.0211819241705839,Petrol,Individual,Manual
0.9459459459459438,300000,0.0127089850435678,Petrol,Individual,Manual
0.9189189189189192,775000,0.0317730980793541,Diesel,Individual,Manual
0.9189189189189192,500000,0.0338913328611081,Diesel,Individual,Manual
0.8918918918918948,550000,0.0239330875051261,Petrol,Trustmark Dealer,Manual
0.7297297297297334,110000,0.0338913328611081,Petrol,Individual,Manual
0.8918918918918948,480000,0.0278564819678909,Petrol,Individual,Manual
0.9189189189189192,690000,0.027536628515846,Diesel,Individual,Manual
0.8378378378378386,600000,0.0423642719881243,Diesel,Individual,Manual
0.7567567567567579,390000,0.064817560674717,Diesel,Individual,Manual
0.7567567567567579,221000,0.0334219320334715,Petrol,Dealer,Manual
0.7027027027027017,150000,0.0694776771945759,Diesel,Individual,Manual
0.2972972972972982,120000,0.0423642719881243,Diesel,Individual,Manual
0.8648648648648631,1125000,0.0288075693848985,Diesel,Dealer,Manual
0.6486486486486527,270000,0.0624875024147876,Diesel,Individual,Manual
0.8108108108108141,199000,0.025418393734092,Petrol,Individual,Manual
0.5945945945945965,100000,0.0423642719881243,Diesel,Individual,Manual
0.9189189189189192,265000,0.0381278024246162,Petrol,Individual,Manual
0.8918918918918948,275000,0.0207582772142331,Petrol,Dealer,Manual
0.8648648648648631,680000,0.0381278024246162,Diesel,Individual,Manual
0.8648648648648631,455000,0.0177927485197775,Petrol,Dealer,Manual
0.5405405405405403,70000,0.0211819241705839,Petrol,Individual,Manual
0.9729729729729756,5150000,0.0084725154800597,Petrol,Dealer,Automatic
0.8648648648648631,290000,0.025418393734092,Petrol,Individual,Manual
0.9729729729729756,1350000,0.0063542806983057,Diesel,Individual,Manual
0.8648648648648631,480000,0.0338913328611081,Diesel,Individual,Manual
0.9459459459459438,1325000,0.0093422626814479,Diesel,Individual,Manual
0.9189189189189192,450000,0.0238466635260305,Diesel,Dealer,Manual
0.9189189189189192,3200000,0.0190636893888299,Diesel,Dealer,Automatic
0.7027027027027017,150000,0.0224528650396364,Petrol,Individual,Manual
0.7837837837837824,295000,0.0381278024246162,Diesel,Individual,Manual
0.8918918918918948,800000,0.0381278024246162,Diesel,Individual,Manual
0.9189189189189192,650000,0.0338913328611081,Petrol,Individual,Manual
0.7567567567567579,185000,0.0783742632779429,Diesel,Individual,Manual
0.9729729729729756,530000,0.0084725154800597,Petrol,Individual,Manual
0.9459459459459438,740000,0.0164442802577129,Diesel,Dealer,Manual
0.8108108108108141,409999,0.0381278024246162,Diesel,Individual,Manual
0.5945945945945965,20000,0.023300158952338,Petrol,Individual,Manual
0.8918918918918948,910000,0.0183761103786725,Diesel,Dealer,Manual
0.8648648648648631,229999,0.0169454546070759,Petrol,Individual,Manual
0.7837837837837824,409999,0.025418393734092,Diesel,Individual,Manual
0.9729729729729756,1450000,0.0042360459165517,Diesel,Individual,Manual
0.9189189189189192,420000,0.0127089850435678,Petrol,Individual,Manual
0.8648648648648631,1125000,0.0296548632976001,Diesel,Individual,Manual
0.9189189189189192,78000,0.0021178111347976,Petrol,Individual,Manual
0.7297297297297334,180000,0.0105907502618138,Petrol,Individual,Manual
0.9459459459459438,300000,0.0105907502618138,Petrol,Individual,Automatic
0.9729729729729756,690000,0.0084725154800597,Diesel,Individual,Manual
0.9459459459459438,335000,0.0127089850435678,Petrol,Individual,Manual
0.8918918918918948,270000,0.0186400424324791,Petrol,Individual,Manual
0.9459459459459438,195000,0.0021178111347976,Petrol,Individual,Manual
0.9189189189189192,1600000,0.0139799259126202,Petrol,Dealer,Automatic
0.6756756756756772,140000,0.0508372111151404,Diesel,Individual,Manual
0.9459459459459438,750000,0.0169454546070759,Diesel,Individual,Manual
0.8918918918918948,2150000,0.0127089850435678,Diesel,Dealer,Automatic
0.7027027027027017,180000,0.0128678526521994,Petrol,Dealer,Manual
0.8108108108108141,395000,0.0296548632976001,Diesel,Individual,Manual
0.9459459459459438,360000,0.01122622069634,Petrol,Individual,Manual
0.7567567567567579,229999,0.0423642719881243,Petrol,Individual,Manual
0.8648648648648631,450000,0.0224528650396364,Diesel,Individual,Manual
0.9729729729729756,1860000,0.0076252215673581,Petrol,Dealer,Automatic
0.9189189189189192,650000,0.0508372111151404,Diesel,Individual,Manual
0.8918918918918948,690000,0.0338913328611081,Petrol,Individual,Automatic
0.6756756756756772,185000,0.0466007415516323,Petrol,Individual,Manual
0.7837837837837824,300000,0.0508372111151404,Diesel,Individual,Manual
0.9189189189189192,440000,0.0148272198253218,Petrol,Individual,Manual
0.8648648648648631,550000,0.0508372111151404,Diesel,Individual,Manual
0.7567567567567579,425000,0.0211819241705839,Diesel,Individual,Manual
0.8648648648648631,1050000,0.0296548632976001,Diesel,Individual,Manual
0.6756756756756772,120000,0.0423642719881243,Petrol,Individual,Manual
0.8108108108108141,390000,0.0381278024246162,Diesel,Individual,Manual
0.7837837837837824,550000,0.0423642719881243,Petrol,Individual,Automatic
0.7297297297297334,120000,0.0169454546070759,Petrol,Individual,Manual
0.7567567567567579,450000,0.0466007415516323,Petrol,Individual,Manual
0.7837837837837824,320000,0.0296548632976001,Petrol,Individual,Manual
0.9729729729729756,550000,0.0216055711269347,Petrol,Individual,Manual
0.8378378378378386,1470000,0.014403572868971,Diesel,Dealer,Automatic
0.7567567567567579,275000,0.0218966165859477,Petrol,Dealer,Manual
0.7297297297297334,160000,0.0338913328611081,Petrol,Individual,Manual
0.9189189189189192,630000,0.0148272198253218,Petrol,Individual,Manual
0.9459459459459438,555000,0.0105907502618138,Petrol,Individual,Manual
0.9459459459459438,850000,0.0063542806983057,Diesel,Individual,Manual
0.8378378378378386,390000,0.0296548632976001,Diesel,Individual,Manual
0.8108108108108141,600000,0.0296548632976001,Diesel,Individual,Manual
0.7567567567567579,385000,0.0048600778832564,Petrol,Dealer,Manual
0.7297297297297334,325000,0.0160981606943743,Petrol,Dealer,Manual
0.9189189189189192,6000000,0.0156745137380234,Diesel,Dealer,Automatic
0.9459459459459438,509999,0.0296548632976001,Petrol,Individual,Manual
0.5405405405405403,200000,0.0512608580714912,Petrol,Individual,Manual
0.8648648648648631,2000000,0.0084725154800597,Diesel,Individual,Manual
0.9459459459459438,325000,0.0042360459165517,Petrol,Individual,Manual
0.567567567567572,100000,0.0423642719881243,Petrol,Individual,Manual
0.9189189189189192,500000,0.0038806061201733,Petrol,Individual,Manual
0.7567567567567579,350000,0.039610566771844,Diesel,Individual,Manual
0.9189189189189192,620000,0.0169454546070759,Diesel,Individual,Manual
0.8918918918918948,600000,0.0296548632976001,Diesel,Individual,Manual
0.8648648648648631,503000,0.0466007415516323,Diesel,Individual,Manual
0.8918918918918948,650000,0.012285338087217,Petrol,Individual,Manual
0.7567567567567579,340000,0.0423642719881243,Diesel,Individual,Manual
0.8108108108108141,705000,0.0190636893888299,Petrol,Dealer,Manual
0.7027027027027017,250000,0.0444825067698783,Diesel,Individual,Manual
0.8918918918918948,330000,0.0307139806884771,Petrol,Dealer,Manual
0.8648648648648631,1300000,0.0169454546070759,Diesel,Individual,Manual
0.8108108108108141,1000000,0.0498967148720416,Diesel,Individual,Manual
0.9459459459459438,1600000,0.0148272198253218,Diesel,Individual,Manual
0.8918918918918948,625000,0.0211819241705839,Diesel,Individual,Manual
0.621621621621621,100000,0.0508372111151404,Petrol,Individual,Manual
0.8108108108108141,600000,0.0531804024307167,Diesel,Dealer,Manual
0.7837837837837824,1400000,0.0499899172024388,Diesel,Individual,Automatic
0.7567567567567579,459999,0.0323662038182452,Diesel,Individual,Manual
0.7297297297297334,75000,0.0423642719881243,Diesel,Individual,Manual
0.9189189189189192,725000,0.0423642719881243,Diesel,Individual,Manual
0.9189189189189192,350000,0.0105907502618138,Petrol,Individual,Manual
0.567567567567572,100000,0.0296548632976001,Petrol,Individual,Manual
0.7567567567567579,175000,0.0382972612071565,Diesel,Individual,Manual
0.8378378378378386,1500000,0.025418393734092,Diesel,Individual,Automatic
0.8108108108108141,800000,0.0635466198056646,Diesel,Individual,Manual
0.8108108108108141,3600000,0.0211819241705839,Diesel,Individual,Automatic
0.9729729729729756,750000,0.010167103305463,Diesel,Individual,Manual
0.9459459459459438,550000,0.0044478693947271,Petrol,Individual,Manual
0.621621621621621,85000,0.0423642719881243,Petrol,Individual,Automatic
0.6486486486486527,245000,0.0466007415516323,Diesel,Individual,Manual
0.9189189189189192,1025000,0.0288668799587876,Petrol,Dealer,Automatic
0.7837837837837824,330000,0.0338913328611081,Petrol,Individual,Manual
0.9729729729729756,570000,0.0055069867856041,Petrol,Individual,Manual
1.0,2300000,0.0004232233093944,Diesel,Individual,Automatic
0.8648648648648631,550000,0.038406562121895,Diesel,Dealer,Manual
0.7567567567567579,269000,0.0323064695973998,Petrol,Dealer,Automatic
0.8918918918918948,899000,0.0038166354297644,Petrol,Dealer,Manual
0.6486486486486527,125000,0.0466007415516323,Diesel,Individual,Manual
0.9189189189189192,300000,0.0042360459165517,Petrol,Individual,Manual
0.7567567567567579,147000,0.0466007415516323,Petrol,Individual,Manual
0.8378378378378386,430000,0.0177927485197775,Petrol,Dealer,Manual
0.9729729729729756,650000,0.0014823407002714,Petrol,Individual,Manual
0.9459459459459438,1100000,0.0084725154800597,Diesel,Individual,Manual
0.6486486486486527,140000,0.0529554458968945,Petrol,Individual,Manual
0.8108108108108141,615000,0.0190636893888299,Diesel,Dealer,Manual
0.5405405405405403,100000,0.0694776771945759,Petrol,Individual,Manual
0.7837837837837824,275000,0.0508372111151404,Diesel,Individual,Manual
0.9459459459459438,700000,0.0177927485197775,Petrol,Individual,Automatic
0.8648648648648631,600000,0.025418393734092,Diesel,Individual,Manual
0.9459459459459438,1265000,0.0050833398292533,Diesel,Individual,Manual
0.4594594594594596,95000,0.0508372111151404,Diesel,Individual,Manual
0.6486486486486527,110000,0.0508372111151404,Diesel,Individual,Manual
0.9189189189189192,650000,0.0084725154800597,Diesel,Individual,Manual
0.8918918918918948,395000,0.0169454546070759,Petrol,Individual,Manual
0.9189189189189192,550000,0.0084725154800597,Petrol,Individual,Manual
0.7567567567567579,275000,0.0529554458968945,Diesel,Individual,Manual
0.7567567567567579,550000,0.0338913328611081,Diesel,Individual,Manual
0.8648648648648631,170000,0.0338913328611081,Petrol,Individual,Manual
0.7297297297297334,320000,0.0466007415516323,Diesel,Individual,Manual
0.6756756756756772,270000,0.0631229728493138,Diesel,Individual,Manual
0.8378378378378386,180000,0.0258420406904428,Petrol,Individual,Manual
0.7297297297297334,200000,0.0635466198056646,Diesel,Individual,Manual
0.8918918918918948,950000,0.025418393734092,Diesel,Individual,Manual
0.9189189189189192,780000,0.0169454546070759,Diesel,Individual,Manual
0.8648648648648631,635000,0.0211819241705839,Diesel,Individual,Manual
0.6756756756756772,105000,0.0169454546070759,Petrol,Individual,Manual
0.9189189189189192,425000,0.0152508667816726,Diesel,Dealer,Manual
0.9189189189189192,760000,0.0211819241705839,Diesel,Individual,Manual
0.8648648648648631,450000,0.0169454546070759,Petrol,Individual,Manual
0.8378378378378386,240000,0.025418393734092,Petrol,Individual,Manual
0.8918918918918948,490000,0.0211819241705839,Petrol,Individual,Manual
0.8648648648648631,340000,0.0466007415516323,Petrol,Individual,Manual
0.9189189189189192,3200000,0.0190636893888299,Diesel,Dealer,Automatic
0.8108108108108141,1300000,0.0247829232995658,Diesel,Dealer,Automatic
0.9729729729729756,210000,0.0084725154800597,Petrol,Individual,Manual
1.0,250000,0.0508372111151404,Petrol,Individual,Manual
0.8378378378378386,425000,0.0292312163412493,Diesel,Dealer,Manual
0.7837837837837824,245000,0.0423642719881243,Diesel,Dealer,Manual
0.9459459459459438,580000,0.0135562789562694,Petrol,Individual,Manual
0.7297297297297334,400000,0.0508372111151404,Diesel,Individual,Manual
0.7567567567567579,235000,0.0229612413872573,Petrol,Dealer,Manual
0.9729729729729756,5500000,0.0036005754820255,Diesel,Dealer,Automatic
0.9459459459459438,1050000,0.0148272198253218,Diesel,Individual,Manual
0.7297297297297334,225000,0.0252273289567778,Petrol,Dealer,Manual
0.8378378378378386,500000,0.0296548632976001,Petrol,Individual,Manual
0.5405405405405403,98000,0.0228765119959872,Petrol,Individual,Manual
0.9459459459459438,390000,0.0042360459165517,Petrol,Individual,Manual
0.9189189189189192,2700000,0.0067779276546565,Petrol,Dealer,Automatic
0.7567567567567579,180000,0.0338913328611081,Petrol,Individual,Manual
0.9459459459459438,250000,0.0042360459165517,Petrol,Individual,Manual
0.9459459459459438,320000,0.0105907502618138,Petrol,Individual,Manual
0.9189189189189192,850000,0.025418393734092,Diesel,Individual,Manual
0.9189189189189192,600000,0.0197021253520506,Diesel,Trustmark Dealer,Manual
0.9189189189189192,2711000,0.0038123989602009,Diesel,Dealer,Automatic
0.8918918918918948,254999,0.0127089850435678,Petrol,Individual,Manual
0.7027027027027017,200000,0.034314979817459,Petrol,Individual,Manual
0.8108108108108141,450000,0.0508372111151404,Diesel,Individual,Manual
0.8918918918918948,420000,0.0127089850435678,Petrol,Individual,Manual
0.9459459459459438,1575000,0.0105907502618138,Diesel,Individual,Manual
0.9729729729729756,670000,0.0084725154800597,Petrol,Individual,Manual
0.8918918918918948,850000,0.0508372111151404,Diesel,Individual,Automatic
0.8378378378378386,350000,0.0720195589326808,Diesel,Individual,Manual
0.8648648648648631,270000,0.0169454546070759,Diesel,Individual,Manual
0.8648648648648631,250000,0.0127089850435678,Petrol,Individual,Manual
0.8648648648648631,625000,0.0050486007788325,Petrol,Trustmark Dealer,Manual
0.9189189189189192,390000,0.0296548632976001,Petrol,Individual,Manual
0.6756756756756772,150000,0.0296548632976001,Petrol,Individual,Manual
0.8108108108108141,500000,0.0635466198056646,Diesel,Individual,Manual
0.9189189189189192,65000,0.0049986104379831,Petrol,Individual,Manual
0.9729729729729756,650000,0.0023808958946915,Petrol,Trustmark Dealer,Automatic
0.7567567567567579,175000,0.0363061205123077,Diesel,Individual,Manual
0.7297297297297334,210000,0.025418393734092,Petrol,Individual,Manual
0.9729729729729756,290000,0.0088961624364105,Petrol,Individual,Manual
0.9729729729729756,650000,0.0033887520038501,Petrol,Individual,Manual
0.8108108108108141,225000,0.0247164107274187,Petrol,Trustmark Dealer,Manual
0.8378378378378386,270000,0.0508372111151404,Diesel,Individual,Manual
0.5945945945945965,120000,0.0211819241705839,Diesel,Individual,Manual
0.8108108108108141,650000,0.0381278024246162,Diesel,Individual,Manual
0.9189189189189192,300000,0.0127089850435678,Petrol,Individual,Manual
0.8378378378378386,1050000,0.0296548632976001,Diesel,Individual,Manual
0.9459459459459438,1725000,0.0101560884845978,Diesel,Dealer,Automatic
0.8918918918918948,550000,0.0023719993086081,Petrol,Dealer,Manual
0.8918918918918948,2000000,0.0288452739640137,Petrol,Trustmark Dealer,Automatic
0.9189189189189192,550000,0.0099366393612081,Petrol,Dealer,Manual
0.9459459459459438,1200000,0.0063542806983057,Petrol,Individual,Manual
0.7027027027027017,120000,0.0296548632976001,Petrol,Individual,Manual
0.8648648648648631,800000,0.0571919154604025,Diesel,Individual,Manual
0.8648648648648631,501000,0.0338913328611081,Diesel,Individual,Manual
0.8648648648648631,660000,0.0410933311190719,Diesel,Individual,Manual
0.7837837837837824,450000,0.062699325892963,Diesel,Individual,Manual
0.9189189189189192,300000,0.0042360459165517,Petrol,Individual,Manual
0.6756756756756772,370000,0.0508372111151404,Diesel,Individual,Manual
0.9729729729729756,3800000,0.0084725154800597,Diesel,Individual,Automatic
1.0,480000,0.0189217676584524,Diesel,Individual,Manual
0.8108108108108141,500000,0.0826107328414509,Diesel,Individual,Manual
0.9189189189189192,840000,0.0129826609773704,Petrol,Dealer,Manual
1.0,925000,0.0031345638300396,Diesel,Individual,Automatic
0.621621621621621,95000,0.025798828700895,Petrol,Individual,Manual
0.6756756756756772,150000,0.0508372111151404,Diesel,Individual,Manual
0.7837837837837824,525000,0.0296548632976001,Petrol,Individual,Manual
0.9459459459459438,700000,0.0127089850435678,Diesel,Individual,Manual
0.8648648648648631,745000,0.0190636893888299,Diesel,Dealer,Manual
0.7297297297297334,525000,0.0508372111151404,Diesel,Individual,Manual
0.7567567567567579,195000,0.0327877325398143,Diesel,Dealer,Manual
0.9459459459459438,900000,0.0148272198253218,Diesel,Individual,Manual
0.8918918918918948,450000,0.0166976211376106,Petrol,Trustmark Dealer,Automatic
0.9189189189189192,550000,0.0084725154800597,Petrol,Individual,Manual
0.9459459459459438,3100000,0.0093198093927613,Petrol,Individual,Automatic
0.9189189189189192,975000,0.0173691015634267,Diesel,Dealer,Manual
0.5135135135135158,90000,0.0491426232897372,Diesel,Individual,Manual
0.8918918918918948,750000,0.0084725154800597,Petrol,Individual,Manual
0.6486486486486527,125000,0.0321967450357049,Petrol,Dealer,Manual
0.9459459459459438,500000,0.0135562789562694,Petrol,Individual,Manual
0.9189189189189192,625000,0.0108186723243305,Petrol,Trustmark Dealer,Manual
0.7027027027027017,225000,0.0328012892424175,Petrol,Dealer,Manual
0.9459459459459438,625000,0.0058459043506847,Petrol,Individual,Automatic
0.8108108108108141,200000,0.0508372111151404,Diesel,Individual,Manual
0.6486486486486527,100000,0.0381278024246162,Petrol,Individual,Manual
0.7567567567567579,150000,0.0211819241705839,Petrol,Individual,Manual
0.7567567567567579,155000,0.0338913328611081,Diesel,Individual,Manual
0.7567567567567579,220000,0.0296548632976001,Diesel,Individual,Manual
0.8378378378378386,250000,0.0423642719881243,Diesel,Individual,Manual
0.6486486486486527,90000,0.0466007415516323,Petrol,Individual,Manual
0.9729729729729756,5400000,0.0031769285256747,Diesel,Dealer,Automatic
0.7297297297297334,300000,0.0313494511230033,Petrol,Individual,Manual
0.7027027027027017,310000,0.0508372111151404,Diesel,Individual,Manual
0.7567567567567579,220000,0.0338913328611081,Diesel,Individual,Manual
0.8108108108108141,370000,0.0381278024246162,Petrol,Individual,Manual
0.9189189189189192,254999,0.014403572868971,Petrol,Individual,Manual
0.567567567567572,275000,0.0423642719881243,Petrol,Individual,Automatic
0.9459459459459438,690000,0.0165218076507251,Petrol,Dealer,Manual
0.8378378378378386,625000,0.0296548632976001,Diesel,Individual,Manual
0.9729729729729756,650000,0.0023808958946915,Petrol,Trustmark Dealer,Automatic
0.8648648648648631,795000,0.0148272198253218,Petrol,Individual,Manual
0.9189189189189192,605000,0.0538027398095961,Diesel,Individual,Manual
0.8918918918918948,520000,0.0084725154800597,Petrol,Individual,Manual
0.8918918918918948,1350000,0.0410933311190719,Diesel,Individual,Automatic
0.6756756756756772,100000,0.0550736806786485,Petrol,Individual,Manual
0.8108108108108141,500000,0.0338913328611081,Diesel,Individual,Manual
0.7027027027027017,204999,0.0508372111151404,Diesel,Individual,Manual
0.9189189189189192,1150000,0.0177927485197775,Diesel,Individual,Manual
0.9189189189189192,490000,0.0279602754721968,Diesel,Dealer,Manual
0.567567567567572,275000,0.0094418197161904,Diesel,Dealer,Manual
0.8918918918918948,630000,0.0427879189444751,Diesel,Individual,Manual
0.8648648648648631,503000,0.0466007415516323,Diesel,Individual,Manual
0.9189189189189192,680000,0.0186400424324791,Diesel,Dealer,Manual
0.7297297297297334,250000,0.0466007415516323,Petrol,Individual,Manual
0.8648648648648631,280000,0.0094278393666308,Petrol,Individual,Manual
0.8108108108108141,451999,0.0292312163412493,Diesel,Individual,Manual
0.9729729729729756,1025000,0.0135562789562694,Diesel,Individual,Manual
0.9459459459459438,3790000,0.0124971615653924,Diesel,Dealer,Automatic
0.8918918918918948,645000,0.0046596928729025,Petrol,Dealer,Automatic
0.7297297297297334,300000,0.0423642719881243,Petrol,Individual,Manual
0.7297297297297334,250000,0.0338913328611081,Petrol,Individual,Manual
0.6756756756756772,175000,0.0258420406904428,Diesel,Dealer,Manual
0.7837837837837824,400000,0.0419406250317735,Diesel,Dealer,Manual
0.7837837837837824,145000,0.0508372111151404,Petrol,Individual,Manual
0.8108108108108141,350000,0.0783742632779429,Diesel,Individual,Manual
0.9459459459459438,700000,0.0127089850435678,Diesel,Individual,Manual
0.9729729729729756,730000,0.0148272198253218,Diesel,Individual,Manual
0.9729729729729756,550000,0.0127089850435678,Petrol,Individual,Automatic
0.9459459459459438,3800000,0.0042360459165517,Diesel,Dealer,Automatic
0.621621621621621,229999,0.0338913328611081,Diesel,Individual,Manual
1.0,330000,0.0296548632976001,Petrol,Individual,Manual
0.8918918918918948,220000,0.0423642719881243,Petrol,Individual,Manual
0.4324324324324351,170000,0.0008553432048722,Diesel,Individual,Manual
0.8378378378378386,400000,0.0326203919920557,Diesel,Individual,Automatic
0.7837837837837824,246000,0.0148272198253218,Diesel,Individual,Manual
0.7027027027027017,180000,0.0197965986233168,Petrol,Individual,Manual
0.8108108108108141,425000,0.0427879189444751,Diesel,Dealer,Manual
0.9459459459459438,900000,0.0127089850435678,Diesel,Individual,Manual
0.7837837837837824,350000,0.0105907502618138,Petrol,Individual,Manual
0.8378378378378386,350000,0.0707486180636283,Diesel,Individual,Manual
0.9729729729729756,1250000,0.010167103305463,Diesel,Individual,Manual
0.8648648648648631,610000,0.0381278024246162,Diesel,Individual,Manual
0.7837837837837824,432000,0.0326203919920557,Diesel,Individual,Manual
0.9729729729729756,5150000,0.0084725154800597,Petrol,Dealer,Automatic
0.5945945945945965,120000,0.025418393734092,Petrol,Individual,Manual
0.6486486486486527,100000,0.0296548632976001,LPG,Individual,Manual
0.9189189189189192,3200000,0.0190636893888299,Diesel,Dealer,Automatic
0.9459459459459438,300000,0.0127089850435678,Petrol,Individual,Manual
0.8108108108108141,640000,0.0377041554682654,Diesel,Dealer,Manual
0.8378378378378386,750000,0.0430014370104759,Diesel,Dealer,Manual
0.621621621621621,55000,0.0423642719881243,Diesel,Individual,Manual
1.0,260000,0.0211819241705839,Diesel,Individual,Manual
0.9729729729729756,5400000,0.0031769285256747,Diesel,Dealer,Automatic
0.8918918918918948,390000,0.0063542806983057,Petrol,Individual,Manual
0.9189189189189192,1150000,0.0277484519940214,Diesel,Dealer,Automatic
0.6756756756756772,120000,0.0466007415516323,Petrol,Individual,Manual
0.8648648648648631,503000,0.0466007415516323,Diesel,Individual,Manual
0.5135135135135158,55000,0.0508372111151404,Petrol,Individual,Manual
0.8918918918918948,650000,0.0169454546070759,Petrol,Individual,Manual
0.9459459459459438,459999,0.0211819241705839,Petrol,Individual,Manual
0.7297297297297334,200000,0.0296548632976001,Petrol,Individual,Manual
0.8108108108108141,350000,0.0360095676428622,Diesel,Individual,Manual
0.8648648648648631,1100000,0.0296548632976001,Diesel,Individual,Automatic
0.8648648648648631,950000,0.0508372111151404,Diesel,Individual,Manual
0.7837837837837824,170000,0.0169454546070759,Petrol,Individual,Manual
0.7297297297297334,200000,0.0381278024246162,Petrol,Individual,Manual
0.8108108108108141,750000,0.0336066421064404,Diesel,Trustmark Dealer,Manual
0.8918918918918948,114999,0.0036853048732956,Petrol,Individual,Manual
0.8918918918918948,445000,0.0266893346031444,Diesel,Dealer,Manual
0.7837837837837824,175000,0.0508372111151404,Diesel,Individual,Manual
0.8648648648648631,350000,0.0338913328611081,Diesel,Individual,Manual
0.9729729729729756,484999,0.0021207766634921,Petrol,Dealer,Automatic
0.8648648648648631,550000,0.0338913328611081,Diesel,Individual,Manual
0.9459459459459438,740000,0.0164442802577129,Diesel,Dealer,Manual
0.9189189189189192,370000,0.0169454546070759,Petrol,Individual,Manual
0.9459459459459438,800000,0.0114380441745154,Diesel,Individual,Manual
0.7567567567567579,350000,0.0582510328512795,Diesel,Individual,Manual
0.9459459459459438,500000,0.0050833398292533,Petrol,Individual,Manual
0.8378378378378386,600000,0.0114380441745154,Diesel,Dealer,Manual
0.8108108108108141,900000,0.025418393734092,Petrol,Individual,Manual
0.7297297297297334,130000,0.088965437186713,Diesel,Individual,Manual
0.9729729729729756,620000,0.0055069867856041,Petrol,Individual,Manual
0.9189189189189192,700000,0.0169454546070759,Diesel,Individual,Manual
0.7567567567567579,250000,0.0118616911308662,Petrol,Dealer,Manual
0.6486486486486527,80000,0.0245710998213904,Petrol,Dealer,Manual
0.8648648648648631,459999,0.0338913328611081,Diesel,Individual,Manual
0.9189189189189192,475000,0.0177927485197775,Petrol,Individual,Manual
0.7567567567567579,300000,0.0508372111151404,Diesel,Individual,Manual
0.8648648648648631,700000,0.0326203919920557,Diesel,Individual,Manual
0.9189189189189192,1035000,0.0097434563491122,Petrol,Dealer,Automatic
0.6486486486486527,90000,0.0381278024246162,Diesel,Individual,Manual
0.6756756756756772,140000,0.0381278024246162,Petrol,Individual,Manual
0.9459459459459438,535000,0.0131326319999186,Petrol,Dealer,Automatic
0.7027027027027017,450000,0.023300158952338,Petrol,Individual,Manual
0.6486486486486527,130000,0.0381278024246162,Petrol,Individual,Manual
0.9189189189189192,360000,0.012285338087217,Petrol,Individual,Manual
0.7027027027027017,200000,0.0466007415516323,Petrol,Individual,Manual
0.8108108108108141,400000,0.0351622737301606,Diesel,Individual,Manual
0.8108108108108141,325000,0.0669357954564711,Diesel,Dealer,Manual
0.8648648648648631,685000,0.0216055711269347,Diesel,Dealer,Manual
0.8108108108108141,950000,0.0210548300836787,Diesel,Individual,Manual
0.9729729729729756,475000,0.0444825067698783,Diesel,Dealer,Automatic
0.8918918918918948,425000,0.0296548632976001,Diesel,Individual,Manual
0.8108108108108141,280000,0.0220292180832856,Diesel,Individual,Manual
0.9189189189189192,490000,0.0242520936632582,Petrol,Dealer,Automatic
0.7027027027027017,355000,0.0423642719881243,Diesel,Individual,Automatic
0.7837837837837824,750000,0.0508372111151404,Diesel,Individual,Manual
0.567567567567572,55000,0.0148272198253218,Petrol,Individual,Manual
0.8918918918918948,450000,0.0148272198253218,Petrol,Individual,Manual
0.9729729729729756,570000,0.0021178111347976,Petrol,Individual,Manual
0.7837837837837824,64000,0.0076252215673581,Petrol,Dealer,Manual
0.8918918918918948,625000,0.0508372111151404,Diesel,Individual,Manual
0.8378378378378386,470000,0.012932670636521,Petrol,Dealer,Manual
0.8378378378378386,450000,0.0057188102637795,Petrol,Individual,Manual
0.8918918918918948,700000,0.0084725154800597,Petrol,Individual,Manual
1.0,350000,0.0021178111347976,Petrol,Individual,Manual
0.8108108108108141,900000,0.0309258041666525,Diesel,Individual,Manual
0.9729729729729756,1000000,0.0063542806983057,Petrol,Individual,Manual
0.9729729729729756,1140000,0.0042360459165517,Diesel,Individual,Automatic
0.8918918918918948,320000,0.0182163954761283,CNG,Individual,Manual
0.8378378378378386,600000,0.0381278024246162,Diesel,Individual,Manual
0.8648648648648631,455000,0.0392381810972117,Diesel,Dealer,Manual
0.8918918918918948,900000,0.0211819241705839,Diesel,Individual,Manual
0.7027027027027017,110000,0.0084725154800597,Petrol,Individual,Manual
0.6486486486486527,160000,0.0508372111151404,Diesel,Individual,Manual
0.8108108108108141,400000,0.0317730980793541,Diesel,Dealer,Manual
0.6486486486486527,85000,0.0296548632976001,Petrol,Individual,Manual
0.8648648648648631,550000,0.0207582772142331,Petrol,Individual,Manual
0.9459459459459438,800000,0.0084725154800597,Diesel,Individual,Manual
0.9189189189189192,550000,0.0084725154800597,Petrol,Individual,Manual
0.9459459459459438,950000,0.0084725154800597,Diesel,Individual,Manual
0.8648648648648631,370000,0.025418393734092,Diesel,Dealer,Manual
0.8108108108108141,225000,0.0330440389484065,Diesel,Dealer,Manual
0.7297297297297334,131000,0.0338913328611081,Petrol,Individual,Manual
0.9729729729729756,650000,0.0023808958946915,Petrol,Trustmark Dealer,Automatic
0.8378378378378386,390000,0.0381278024246162,Diesel,Individual,Manual
0.9729729729729756,5500000,0.0036005754820255,Diesel,Dealer,Automatic
0.7297297297297334,190000,0.0160981606943743,Petrol,Dealer,Manual
0.8108108108108141,450000,0.0593101502421566,Petrol,Individual,Manual
0.6486486486486527,65000,0.0127089850435678,Petrol,Individual,Manual
0.9189189189189192,3300000,0.025418393734092,Diesel,Dealer,Automatic
0.8378378378378386,200000,0.0381278024246162,Diesel,Individual,Manual
0.7837837837837824,415000,0.0529554458968945,Diesel,Individual,Manual
0.8108108108108141,270000,0.025418393734092,Petrol,Individual,Manual
0.7837837837837824,225000,0.0466007415516323,Petrol,Individual,Manual
0.8378378378378386,635000,0.0334723460212772,Petrol,Trustmark Dealer,Automatic
0.8378378378378386,530000,0.0381278024246162,Diesel,Individual,Manual
0.7837837837837824,390000,0.0423642719881243,Diesel,Individual,Manual
0.8918918918918948,795000,0.0381278024246162,Diesel,Individual,Manual
0.9459459459459438,5500000,0.0093198093927613,Diesel,Individual,Automatic
0.6756756756756772,80000,0.084728967623205,Petrol,Individual,Manual
0.8378378378378386,480000,0.0305021572103017,Petrol,Individual,Manual
0.7027027027027017,150000,0.0296548632976001,Petrol,Individual,Manual
0.8108108108108141,770000,0.0360095676428622,Diesel,Individual,Manual
0.8918918918918948,2700000,0.0148272198253218,Diesel,Dealer,Automatic
0.9189189189189192,310000,0.0148272198253218,Petrol,Individual,Manual
0.7027027027027017,114999,0.0508372111151404,Diesel,Individual,Manual
0.8918918918918948,756000,0.0296548632976001,Diesel,Individual,Manual
0.7027027027027017,190000,0.0423642719881243,Diesel,Individual,Manual
0.6756756756756772,150000,0.0381278024246162,Petrol,Individual,Manual
0.8378378378378386,200000,0.0169454546070759,Petrol,Individual,Manual
0.8918918918918948,229999,0.0338913328611081,Petrol,Individual,Manual
0.8918918918918948,265000,0.0169454546070759,Petrol,Individual,Manual
0.9459459459459438,675000,0.0102793697488959,Petrol,Dealer,Manual
0.8108108108108141,1925000,0.0387632728591424,Diesel,Dealer,Automatic
0.7027027027027017,199000,0.0222562928518896,Petrol,Individual,Manual
0.6756756756756772,105000,0.0423642719881243,Petrol,Individual,Manual
0.8918918918918948,1650000,0.0540992926790416,Diesel,Dealer,Automatic
0.4864864864864842,45000,0.0307305029197748,Petrol,Individual,Manual
0.9189189189189192,700000,0.0296548632976001,Diesel,Individual,Manual
0.8648648648648631,760000,0.0296548632976001,Diesel,Individual,Manual
0.9189189189189192,370000,0.0347386267738098,Petrol,Individual,Automatic
0.9459459459459438,200000,0.0105907502618138,Petrol,Individual,Manual
0.8108108108108141,695000,0.0508372111151404,Diesel,Individual,Manual
0.7567567567567579,445000,0.0381278024246162,Diesel,Individual,Manual
0.8378378378378386,440000,0.0263504170380638,Petrol,Dealer,Manual
0.8918918918918948,645000,0.0046596928729025,Petrol,Dealer,Automatic
0.8918918918918948,773000,0.027536628515846,Petrol,Individual,Manual
0.9729729729729756,5150000,0.0084725154800597,Petrol,Dealer,Automatic
0.9459459459459438,885000,0.0317730980793541,Diesel,Individual,Automatic
0.9459459459459438,800000,0.0105907502618138,Petrol,Individual,Automatic
0.7297297297297334,130000,0.0338913328611081,Petrol,Individual,Manual
0.8648648648648631,270000,0.0093198093927613,Petrol,Individual,Manual
0.9189189189189192,3200000,0.0190636893888299,Diesel,Dealer,Automatic
0.8108108108108141,450000,0.0296548632976001,Diesel,Individual,Manual
0.9459459459459438,624000,0.0062191373192298,Diesel,Dealer,Manual
0.9459459459459438,285000,0.0127089850435678,Petrol,Dealer,Manual
0.9729729729729756,5150000,0.0084725154800597,Petrol,Dealer,Automatic
0.0,300000,0.0042360459165517,Diesel,Individual,Manual
0.8918918918918948,660000,0.014403572868971,Petrol,Individual,Manual
0.9729729729729756,610000,0.0008468702657452,Petrol,Individual,Manual
0.7837837837837824,160000,0.0296548632976001,Petrol,Individual,Manual
0.7297297297297334,4200000,0.0423642719881243,Diesel,Dealer,Automatic
0.5405405405405403,300000,0.0415169780754227,Diesel,Individual,Manual
0.9189189189189192,475000,0.0191005466740324,Diesel,Dealer,Manual
0.6756756756756772,114999,0.0248388446978041,Petrol,Dealer,Manual
0.9459459459459438,850000,0.0127089850435678,Diesel,Individual,Manual
0.8918918918918948,380000,0.0338913328611081,Diesel,Individual,Manual
0.9189189189189192,525000,0.0041280159426822,Petrol,Dealer,Automatic
0.8378378378378386,1050000,0.0381278024246162,Diesel,Individual,Manual
0.9729729729729756,650000,0.0023808958946915,Petrol,Trustmark Dealer,Automatic
0.8918918918918948,645000,0.0046596928729025,Petrol,Dealer,Automatic
0.5945945945945965,65000,0.0148272198253218,Petrol,Individual,Manual
0.7297297297297334,180000,0.0368568615555638,Diesel,Individual,Manual
0.9459459459459438,600000,0.0127089850435678,Petrol,Individual,Manual
0.5135135135135158,100000,0.0338913328611081,Petrol,Individual,Manual
0.5945945945945965,250000,0.1016748458772372,Diesel,Individual,Manual
0.8648648648648631,475000,0.0216055711269347,Petrol,Dealer,Manual
0.7837837837837824,300000,0.0296548632976001,Diesel,Individual,Manual
0.7297297297297334,220000,0.0338913328611081,Diesel,Individual,Manual
0.8108108108108141,250000,0.0296548632976001,Petrol,Individual,Manual
0.8648648648648631,250000,0.0423642719881243,Diesel,Individual,Manual
0.9459459459459438,440000,0.0072015746110073,Petrol,Individual,Manual
0.9459459459459438,889000,0.0084725154800597,Diesel,Individual,Manual
0.7837837837837824,380000,0.0381278024246162,Diesel,Individual,Manual
0.9729729729729756,1025000,0.0063542806983057,Petrol,Dealer,Automatic
0.7837837837837824,250000,0.0188891468428134,Petrol,Dealer,Manual
0.7567567567567579,310000,0.0296548632976001,Diesel,Individual,Manual
0.7567567567567579,150000,0.0169454546070759,Diesel,Individual,Manual
0.8378378378378386,350000,0.0211819241705839,Petrol,Individual,Manual
0.9189189189189192,160000,0.0211819241705839,Petrol,Individual,Manual
0.9729729729729756,350000,0.0021178111347976,Petrol,Individual,Manual
0.8648648648648631,290000,0.0064390100895759,Petrol,Individual,Manual
0.9729729729729756,5150000,0.0084725154800597,Petrol,Dealer,Automatic
0.7567567567567579,350000,0.0211819241705839,Petrol,Individual,Automatic
0.8108108108108141,484999,0.027536628515846,Diesel,Dealer,Manual
0.6756756756756772,450000,0.047448035464334,Diesel,Individual,Manual
0.7837837837837824,120000,0.0593101502421566,Diesel,Individual,Manual
0.9189189189189192,450000,0.0238466635260305,Diesel,Dealer,Manual
0.7567567567567579,110000,0.0211819241705839,Diesel,Individual,Manual
1.0,679000,0.0021178111347976,Diesel,Individual,Manual
0.8648648648648631,440000,0.0127089850435678,Petrol,Individual,Manual
0.8918918918918948,375000,0.0225880084187123,Diesel,Dealer,Manual
0.6756756756756772,280000,0.0804924980596969,Diesel,Individual,Manual
0.7567567567567579,280000,0.0466007415516323,Diesel,Individual,Manual
0.621621621621621,229999,0.1270936632582857,Diesel,Individual,Manual
0.9189189189189192,800000,0.0080488685237089,Petrol,Individual,Manual
0.621621621621621,140000,0.0296548632976001,Petrol,Individual,Manual
0.4864864864864842,80000,0.0423642719881243,Diesel,Individual,Manual
0.9729729729729756,450000,0.0042360459165517,Petrol,Individual,Manual
0.8648648648648631,725000,0.0176563341998325,Diesel,Dealer,Manual
0.8648648648648631,360000,0.0508372111151404,Diesel,Individual,Manual
0.7297297297297334,180000,0.0368568615555638,Diesel,Dealer,Manual
0.8918918918918948,690000,0.0135562789562694,Diesel,Dealer,Manual
0.7027027027027017,95000,0.0338913328611081,Diesel,Individual,Manual
0.8918918918918948,300000,0.0169454546070759,Petrol,Individual,Manual
0.9189189189189192,625000,0.0108186723243305,Petrol,Trustmark Dealer,Manual
0.7837837837837824,220000,0.0338913328611081,LPG,Individual,Manual
0.8378378378378386,350000,0.0127089850435678,Petrol,Individual,Manual
0.7027027027027017,120000,0.0381278024246162,Petrol,Individual,Manual
0.8648648648648631,650000,0.0423642719881243,Diesel,Individual,Manual
0.621621621621621,65000,0.0527177799543817,Petrol,Individual,Manual
0.7837837837837824,235000,0.0338913328611081,Petrol,Individual,Manual
0.9729729729729756,550000,0.0048715163510779,Petrol,Individual,Manual
0.7297297297297334,275000,0.0338913328611081,Petrol,Individual,Manual
0.5945945945945965,70000,0.0211819241705839,Petrol,Individual,Manual
0.8648648648648631,670000,0.0508372111151404,Diesel,Individual,Manual
0.7837837837837824,300000,0.0423642719881243,Diesel,Individual,Manual
0.8108108108108141,385000,0.0423642719881243,Diesel,Individual,Manual
0.9189189189189192,570000,0.0066847253242593,Petrol,Individual,Manual
0.8918918918918948,1025000,0.0209963668037023,Petrol,Dealer,Manual
0.6486486486486527,120000,0.0508372111151404,Petrol,Individual,Manual
0.7837837837837824,150000,0.034865720860715,CNG,Individual,Manual
0.7837837837837824,190000,0.025418393734092,Petrol,Individual,Manual
0.7027027027027017,290000,0.0508372111151404,Diesel,Individual,Manual
0.9459459459459438,550000,0.0103365620880033,Petrol,Individual,Manual
0.8648648648648631,320000,0.025418393734092,Diesel,Individual,Manual
0.9729729729729756,1300000,0.0084725154800597,Petrol,Individual,Automatic
0.7837837837837824,185000,0.0423642719881243,Diesel,Individual,Manual
0.8648648648648631,465000,0.0267160243613945,Petrol,Dealer,Automatic
0.9189189189189192,170000,0.0005926820919347,Petrol,Individual,Manual
0.8378378378378386,750000,0.0338913328611081,Diesel,Individual,Manual
0.9189189189189192,650000,0.0169454546070759,Petrol,Individual,Manual
0.7837837837837824,180000,0.0508372111151404,Petrol,Individual,Manual
0.621621621621621,150000,0.0593101502421566,Petrol,Individual,Manual
0.5135135135135158,229999,0.1228571936947776,Diesel,Individual,Manual
0.5945945945945965,90000,0.0313494511230033,Petrol,Individual,Manual
0.7567567567567579,265000,0.0182163954761283,Petrol,Dealer,Manual
0.7837837837837824,400000,0.0466007415516323,Diesel,Individual,Manual
0.9459459459459438,350000,0.0169454546070759,Petrol,Individual,Manual
0.8648648648648631,280000,0.0338913328611081,Petrol,Individual,Manual
0.9189189189189192,3200000,0.0190636893888299,Diesel,Dealer,Automatic
0.4864864864864842,409999,0.0209103664715631,Petrol,Individual,Manual
0.9729729729729756,811000,0.0182163954761283,Diesel,Individual,Manual
0.9459459459459438,450000,0.0296548632976001,Diesel,Individual,Manual
0.9459459459459438,360000,0.0092774446971263,Petrol,Dealer,Manual
0.9459459459459438,2475000,0.0008468702657452,Diesel,Dealer,Automatic
0.9189189189189192,300000,0.0338913328611081,Petrol,Individual,Manual
0.7297297297297334,285000,0.0338913328611081,Diesel,Individual,Manual
0.9189189189189192,455000,0.025418393734092,Diesel,Individual,Manual
0.8648648648648631,850000,0.0105907502618138,Petrol,Individual,Manual
0.8918918918918948,470000,0.0296548632976001,Petrol,Individual,Manual
0.3783783783783789,79000,0.0296548632976001,Petrol,Individual,Automatic
0.7567567567567579,105000,0.0029227403518642,Petrol,Individual,Manual
0.8108108108108141,295000,0.0508372111151404,Diesel,Individual,Manual
1.0,541000,0.0004232233093944,Petrol,Dealer,Manual
0.8108108108108141,170000,0.025418393734092,Diesel,Individual,Manual
0.9189189189189192,430000,0.0084725154800597,Petrol,Individual,Manual
0.8918918918918948,2150000,0.0127089850435678,Diesel,Dealer,Automatic
0.8648648648648631,503000,0.0466007415516323,Diesel,Individual,Manual
0.8378378378378386,700000,0.0512608580714912,Diesel,Individual,Manual
0.8918918918918948,285000,0.0105907502618138,Petrol,Dealer,Manual
0.9189189189189192,425000,0.0152508667816726,Diesel,Dealer,Manual
0.9189189189189192,270000,0.0148272198253218,Petrol,Individual,Manual
0.6486486486486527,78000,0.0160981606943743,Petrol,Individual,Manual
0.9459459459459438,1350000,0.014403572868971,Diesel,Individual,Automatic
0.8378378378378386,500000,0.0593101502421566,Diesel,Individual,Manual
0.7837837837837824,330000,0.0211819241705839,Petrol,Individual,Manual
0.7567567567567579,300000,0.0169454546070759,Petrol,Individual,Manual
0.7837837837837824,210000,0.0211819241705839,Petrol,Individual,Manual
0.9189189189189192,250000,0.0182163954761283,Petrol,Individual,Manual
0.7837837837837824,235000,0.0417288015535981,Petrol,Individual,Manual
0.8648648648648631,290000,0.0127089850435678,Petrol,Individual,Manual
0.5945945945945965,114999,0.0381278024246162,Petrol,Dealer,Manual
0.8108108108108141,595000,0.0207582772142331,Diesel,Dealer,Manual
0.8108108108108141,750000,0.0336066421064404,Diesel,Trustmark Dealer,Manual
0.7567567567567579,250000,0.0360095676428622,Diesel,Individual,Manual
0.8918918918918948,725000,0.0593101502421566,Petrol,Individual,Manual
0.8378378378378386,1380000,0.0635466198056646,Diesel,Individual,Manual
0.6486486486486527,90000,0.025418393734092,Petrol,Individual,Manual
0.7567567567567579,210000,0.0194873363451807,Petrol,Individual,Manual
0.9729729729729756,2600000,0.0040242224383763,Diesel,Individual,Automatic
0.9189189189189192,800000,0.025418393734092,Diesel,Individual,Manual
0.8648648648648631,515000,0.0155050549554831,Petrol,Individual,Manual
0.8918918918918948,550000,0.0635466198056646,Diesel,Individual,Manual
0.7837837837837824,120000,0.0466007415516323,Diesel,Individual,Manual
0.8108108108108141,480000,0.0255204926505725,Petrol,Dealer,Manual
0.9189189189189192,625000,0.0220292180832856,Petrol,Dealer,Manual
0.8108108108108141,1500000,0.0148272198253218,Diesel,Individual,Automatic
0.5405405405405403,100000,0.1059113154407453,Diesel,Individual,Manual
0.7837837837837824,360000,0.084728967623205,Diesel,Individual,Manual
0.9189189189189192,731000,0.0169454546070759,Diesel,Individual,Manual
0.8648648648648631,265000,0.025418393734092,Petrol,Individual,Manual
0.9459459459459438,525000,0.0046512199337755,Petrol,Dealer,Automatic
0.5945945945945965,110000,0.0215208417356646,Petrol,Dealer,Manual
0.8378378378378386,600000,0.0211819241705839,Petrol,Individual,Manual
0.9189189189189192,940000,0.0148272198253218,Diesel,Dealer,Manual
0.6756756756756772,130000,0.0338913328611081,Petrol,Individual,Manual
0.7837837837837824,450000,0.0338913328611081,Diesel,Individual,Manual
0.8378378378378386,335000,0.0114380441745154,Petrol,Dealer,Manual
0.6486486486486527,80000,0.0508372111151404,Petrol,Individual,Manual
0.9729729729729756,700000,0.025418393734092,Diesel,Individual,Manual
0.7297297297297334,285000,0.0317730980793541,Diesel,Individual,Manual
0.8378378378378386,250000,0.0169454546070759,Petrol,Individual,Manual
0.7837837837837824,600000,0.0614283850239106,Diesel,Individual,Manual
0.8918918918918948,239000,0.0173691015634267,Petrol,Dealer,Manual
0.8648648648648631,300000,0.0083877860887896,Petrol,Individual,Manual
0.9189189189189192,880000,0.0194873363451807,Diesel,Individual,Manual
0.8918918918918948,610000,0.0466007415516323,Diesel,Individual,Manual
0.9459459459459438,1030000,0.0105907502618138,Diesel,Individual,Manual
0.7837837837837824,180000,0.0508372111151404,Diesel,Individual,Manual
0.8648648648648631,509999,0.0317730980793541,Diesel,Individual,Manual
0.7837837837837824,245000,0.0063487732878731,Petrol,Dealer,Manual
0.7027027027027017,600000,0.0932019067502211,Diesel,Individual,Manual
0.8918918918918948,645000,0.0046596928729025,Petrol,Dealer,Automatic
0.621621621621621,300000,0.0741377937144348,Diesel,Individual,Manual
0.8108108108108141,340000,0.0360095676428622,Diesel,Individual,Manual
0.9189189189189192,600000,0.011282989388491,Petrol,Dealer,Automatic
0.8918918918918948,800000,0.0338913328611081,Petrol,Individual,Automatic
0.8378378378378386,415000,0.0618520319802614,Diesel,Individual,Manual
0.8648648648648631,775000,0.0127089850435678,Petrol,Individual,Automatic
0.9459459459459438,620000,0.0063542806983057,Petrol,Individual,Manual
0.7297297297297334,200000,0.0148272198253218,Petrol,Dealer,Manual
0.8648648648648631,350000,0.0423642719881243,Petrol,Individual,Manual
0.8378378378378386,470000,0.0690540302382251,Diesel,Individual,Manual
0.9189189189189192,310000,0.0148272198253218,Petrol,Individual,Manual
0.9189189189189192,500000,0.0110143972181646,Petrol,Individual,Automatic
0.9189189189189192,869999,0.0169454546070759,Diesel,Individual,Manual
0.8918918918918948,2000000,0.0288452739640137,Petrol,Trustmark Dealer,Automatic
0.9189189189189192,320000,0.0127089850435678,Petrol,Individual,Manual
0.8918918918918948,770000,0.0423642719881243,Diesel,Individual,Manual
0.9729729729729756,550000,0.0118616911308662,Petrol,Individual,Automatic
0.7837837837837824,375000,0.0262656876467936,Petrol,Individual,Manual
0.9189189189189192,700000,0.0338913328611081,Petrol,Dealer,Manual
0.9189189189189192,1000000,0.025418393734092,Diesel,Individual,Manual
0.8378378378378386,700000,0.0550736806786485,Diesel,Individual,Manual
0.8648648648648631,1650000,0.0313494511230033,Diesel,Individual,Automatic
0.9189189189189192,690000,0.025418393734092,Diesel,Individual,Manual
0.7837837837837824,550000,0.0381278024246162,Diesel,Individual,Manual
0.8918918918918948,925000,0.0093198093927613,Petrol,Individual,Manual
0.8378378378378386,600000,0.0338913328611081,Diesel,Individual,Manual
0.8918918918918948,1300000,0.0387916572052179,Diesel,Individual,Automatic
0.621621621621621,145000,0.0279602754721968,Petrol,Individual,Automatic
0.9459459459459438,380000,0.0105907502618138,Petrol,Individual,Manual
0.9189189189189192,900000,0.0211819241705839,Diesel,Individual,Manual
0.6756756756756772,400000,0.0508372111151404,Petrol,Individual,Manual
0.7567567567567579,140000,0.025418393734092,Petrol,Individual,Manual
0.8648648648648631,449000,0.0144696617941618,Petrol,Dealer,Manual
0.567567567567572,70000,0.0211819241705839,Petrol,Individual,Manual
0.8378378378378386,250000,0.0169454546070759,Petrol,Individual,Manual
0.8108108108108141,325000,0.025418393734092,Diesel,Individual,Manual
0.8378378378378386,300000,0.0122607665637487,Petrol,Dealer,Automatic
0.7297297297297334,300000,0.0508372111151404,Diesel,Individual,Manual
0.6756756756756772,190000,0.0762560284961888,Diesel,Individual,Manual
0.8918918918918948,900000,0.0389750963373178,Diesel,Individual,Manual
0.7297297297297334,850000,0.0194873363451807,Diesel,Individual,Automatic
0.8918918918918948,730000,0.0275789932114811,Diesel,Individual,Manual
0.7567567567567579,310000,0.0466007415516323,Petrol,Individual,Manual
0.7567567567567579,650000,0.0379498707029489,Diesel,Dealer,Manual
0.7297297297297334,85000,0.0635466198056646,Petrol,Individual,Manual
0.7837837837837824,240000,0.0296548632976001,Diesel,Individual,Manual
0.8108108108108141,310000,0.0296548632976001,Diesel,Individual,Manual
0.7567567567567579,500000,0.0951684759216015,Diesel,Dealer,Manual
0.7297297297297334,150000,0.012285338087217,Petrol,Individual,Manual
0.8918918918918948,240000,0.0211819241705839,Petrol,Individual,Manual
0.7297297297297334,150000,0.0296548632976001,Diesel,Individual,Manual
0.9459459459459438,350000,0.0211819241705839,Petrol,Individual,Manual
0.9189189189189192,800000,0.0423642719881243,Diesel,Individual,Manual
0.7297297297297334,140000,0.0169454546070759,Diesel,Individual,Manual
0.7837837837837824,256000,0.0381278024246162,Petrol,Individual,Manual
0.7567567567567579,375000,0.0804924980596969,Diesel,Individual,Manual
0.9189189189189192,890000,0.025418393734092,Diesel,Individual,Manual
0.5945945945945965,200000,0.0944728476192735,Diesel,Individual,Manual
0.7837837837837824,150000,0.0466007415516323,Diesel,Individual,Manual
0.8648648648648631,480000,0.0211819241705839,Diesel,Individual,Manual
0.8108108108108141,215000,0.0148272198253218,Petrol,Individual,Manual
0.621621621621621,160000,0.0381278024246162,Petrol,Individual,Automatic
0.9729729729729756,690000,0.0076252215673581,Petrol,Individual,Manual
0.9189189189189192,750000,0.0216055711269347,Petrol,Dealer,Automatic
0.7297297297297334,160000,0.0686303832818743,Petrol,Individual,Manual
0.7837837837837824,285000,0.0338913328611081,Diesel,Individual,Manual
0.8648648648648631,18000,0.0148272198253218,Petrol,Individual,Manual
0.9459459459459438,528000,0.0021178111347976,Petrol,Individual,Manual
0.8648648648648631,425000,0.0050833398292533,Petrol,Individual,Manual
0.7567567567567579,210000,0.0211819241705839,Petrol,Individual,Manual
0.6486486486486527,102000,0.0211819241705839,Petrol,Individual,Manual
0.7837837837837824,360000,0.0669357954564711,Diesel,Individual,Manual
0.8108108108108141,365000,0.023300158952338,Petrol,Dealer,Manual
0.8378378378378386,550000,0.0338913328611081,Diesel,Individual,Manual
0.9189189189189192,890000,0.0170382332905167,Diesel,Dealer,Automatic
0.7567567567567579,225000,0.0157130656110514,Petrol,Individual,Manual
0.9189189189189192,611000,0.0145730316515114,Diesel,Dealer,Manual
0.9189189189189192,720000,0.0338913328611081,Diesel,Individual,Manual
0.6756756756756772,200000,0.0211819241705839,Petrol,Individual,Manual
0.8918918918918948,520000,0.0211819241705839,Diesel,Individual,Manual
0.9189189189189192,430000,0.0042360459165517,Petrol,Individual,Manual
0.9189189189189192,290000,0.0381278024246162,Petrol,Individual,Manual
0.9729729729729756,600000,0.0084725154800597,Petrol,Individual,Manual
0.4054054054054035,69000,0.0296548632976001,Petrol,Individual,Manual
0.8648648648648631,235000,0.0211819241705839,Petrol,Individual,Manual
0.9189189189189192,745000,0.0042360459165517,Petrol,Individual,Automatic
0.9189189189189192,1850000,0.0080022673585103,Diesel,Dealer,Automatic
0.9189189189189192,6000000,0.0156745137380234,Diesel,Dealer,Automatic
0.9459459459459438,760000,0.0211819241705839,Diesel,Individual,Manual
0.9459459459459438,740000,0.0164442802577129,Diesel,Dealer,Manual
0.8648648648648631,300000,0.0402460372063702,Diesel,Individual,Manual
0.8378378378378386,335000,0.0139939062621798,Petrol,Dealer,Manual
0.6756756756756772,120000,0.0169454546070759,Petrol,Individual,Manual
0.7567567567567579,140000,0.025418393734092,Diesel,Individual,Manual
0.8108108108108141,430000,0.0296548632976001,Diesel,Individual,Manual
0.9729729729729756,890000,0.0038123989602009,Diesel,Individual,Manual
0.9189189189189192,875000,0.0328423829971835,Diesel,Dealer,Manual
0.8648648648648631,600000,0.0338913328611081,Diesel,Individual,Manual
0.9189189189189192,625000,0.0108186723243305,Petrol,Trustmark Dealer,Manual
0.8648648648648631,245000,0.0135562789562694,Petrol,Dealer,Manual
0.9189189189189192,509999,0.0105907502618138,Petrol,Individual,Automatic
0.7837837837837824,549000,0.0282386115225193,Diesel,Dealer,Automatic
0.9189189189189192,3100000,0.0296548632976001,Diesel,Individual,Automatic
0.9189189189189192,600000,0.0211819241705839,Diesel,Individual,Manual
0.7837837837837824,110000,0.0338913328611081,Diesel,Individual,Manual
0.7567567567567579,220000,0.0381278024246162,Petrol,Individual,Manual
0.9189189189189192,351000,0.0152508667816726,Petrol,Individual,Manual
0.8648648648648631,650000,0.0211819241705839,Petrol,Individual,Manual
0.8918918918918948,535000,0.0296548632976001,Diesel,Individual,Manual
0.9729729729729756,1000000,0.0063542806983057,Diesel,Individual,Manual
0.567567567567572,120000,0.0508372111151404,Petrol,Individual,Manual
0.9459459459459438,570000,0.0338913328611081,Diesel,Individual,Manual
0.9729729729729756,570000,0.0080488685237089,Petrol,Individual,Automatic
0.8378378378378386,320000,0.0381278024246162,Diesel,Individual,Manual
0.8108108108108141,400000,0.0508372111151404,Diesel,Individual,Manual
0.8648648648648631,750000,0.0677830893691727,Diesel,Individual,Manual
0.9189189189189192,565000,0.0338913328611081,Petrol,Individual,Manual
0.8918918918918948,2000000,0.0288452739640137,Petrol,Trustmark Dealer,Automatic
0.7027027027027017,350000,0.0229993696133289,Petrol,Dealer,Manual
0.8918918918918948,550000,0.0239330875051261,Petrol,Trustmark Dealer,Manual
0.7837837837837824,450000,0.0289092446544227,Diesel,Dealer,Manual
0.8918918918918948,375000,0.0508372111151404,Petrol,Individual,Manual
0.8378378378378386,521000,0.036433214599213,Diesel,Individual,Manual
0.7837837837837824,420000,0.0381278024246162,Diesel,Individual,Manual
0.7027027027027017,160000,0.0296548632976001,CNG,Individual,Manual
0.8378378378378386,300000,0.0355859206865114,Diesel,Individual,Manual
0.8378378378378386,300000,0.0317730980793541,Petrol,Individual,Manual
0.9459459459459438,780000,0.0211819241705839,Diesel,Individual,Manual
0.9459459459459438,2475000,0.0008468702657452,Diesel,Dealer,Automatic
0.8918918918918948,525000,0.0466007415516323,Diesel,Individual,Manual
0.6756756756756772,350000,0.0338913328611081,Diesel,Individual,Manual
0.8648648648648631,250999,0.0148272198253218,Petrol,Dealer,Manual
0.8378378378378386,250000,0.0084725154800597,Petrol,Individual,Manual
0.8108108108108141,350000,0.0508372111151404,Diesel,Individual,Manual
0.7027027027027017,290000,0.0466007415516323,Petrol,Individual,Manual
0.9459459459459438,790000,0.0082907709357852,Diesel,Dealer,Manual
0.8378378378378386,500000,0.0381278024246162,Diesel,Individual,Manual
0.7297297297297334,250000,0.0423642719881243,Petrol,Individual,Manual
0.8918918918918948,2000000,0.0288452739640137,Petrol,Trustmark Dealer,Automatic
0.8108108108108141,325000,0.0296548632976001,Petrol,Individual,Manual
0.8648648648648631,365000,0.0118616911308662,Petrol,Dealer,Manual
0.6486486486486527,150000,0.0148272198253218,Petrol,Individual,Manual
0.8918918918918948,350000,0.0338913328611081,Petrol,Individual,Manual
0.8378378378378386,40000,0.0058035396550497,Petrol,Individual,Manual
0.3783783783783789,40000,0.0508372111151404,Petrol,Individual,Manual
0.8918918918918948,600000,0.002862158837106,Petrol,Trustmark Dealer,Manual
0.9459459459459438,836000,0.0110143972181646,Diesel,Dealer,Manual
0.8108108108108141,454000,0.0508372111151404,Diesel,Individual,Manual
0.7297297297297334,250000,0.025418393734092,Petrol,Individual,Manual
0.5405405405405403,42000,0.0262656876467936,Petrol,Individual,Manual
0.8648648648648631,1200000,0.0211819241705839,Diesel,Individual,Automatic
0.9729729729729756,640000,0.0042360459165517,Petrol,Individual,Manual
0.8918918918918948,2000000,0.0288452739640137,Petrol,Trustmark Dealer,Automatic
0.8648648648648631,400000,0.0423642719881243,Petrol,Individual,Automatic
0.8378378378378386,525000,0.0228765119959872,Petrol,Dealer,Manual
0.9729729729729756,459999,0.0148272198253218,Petrol,Individual,Manual
0.9189189189189192,625000,0.0063542806983057,Petrol,Individual,Manual
0.7027027027027017,126000,0.0220292180832856,Petrol,Individual,Manual
0.9189189189189192,750000,0.0466007415516323,Diesel,Individual,Manual
0.5945945945945965,150000,0.0508372111151404,Diesel,Individual,Manual
0.8108108108108141,250000,0.0211819241705839,Diesel,Individual,Manual
0.7297297297297334,180000,0.0341031563392836,Petrol,Individual,Manual
0.9459459459459438,1530000,0.0169454546070759,Diesel,Individual,Manual
0.7297297297297334,90000,0.1270936632582857,Petrol,Individual,Manual
0.9459459459459438,3975000,0.0134715495649993,Diesel,Dealer,Automatic
0.6756756756756772,155000,0.0423642719881243,Diesel,Individual,Manual
0.7297297297297334,200000,0.0296548632976001,Diesel,Individual,Manual
0.9729729729729756,630000,0.0016941641784468,Petrol,Individual,Manual
0.7027027027027017,150000,0.0127089850435678,Diesel,Individual,Manual
0.8648648648648631,320000,0.025418393734092,Petrol,Individual,Manual
0.8918918918918948,420000,0.0088961624364105,Petrol,Individual,Manual
0.8378378378378386,1750000,0.0433615369233741,Diesel,Dealer,Automatic
0.7837837837837824,229999,0.0787979102342937,Diesel,Individual,Manual
0.9459459459459438,560000,0.0111414913050698,Petrol,Individual,Manual
0.9729729729729756,5200000,0.0042360459165517,Diesel,Dealer,Automatic
0.8918918918918948,550000,0.0239330875051261,Petrol,Trustmark Dealer,Manual
0.8648648648648631,503000,0.0466007415516323,Diesel,Individual,Manual
0.6756756756756772,99000,0.086847202404959,Diesel,Individual,Manual
0.8108108108108141,511000,0.0153347488790301,Petrol,Dealer,Automatic
0.8918918918918948,645000,0.0046596928729025,Petrol,Dealer,Automatic
0.7567567567567579,200000,0.0296548632976001,Diesel,Individual,Manual
0.7027027027027017,240000,0.0508372111151404,Petrol,Individual,Manual
0.7297297297297334,248000,0.0266893346031444,Petrol,Individual,Manual
0.9729729729729756,5400000,0.0031769285256747,Diesel,Dealer,Automatic
0.8378378378378386,425000,0.025418393734092,Diesel,Individual,Manual
0.7297297297297334,140000,0.025418393734092,Petrol,Individual,Manual
0.7837837837837824,100000,0.0216055711269347,Petrol,Individual,Manual
0.8108108108108141,599000,0.025418393734092,Diesel,Individual,Manual
0.7027027027027017,810000,0.0415169780754227,Diesel,Individual,Automatic
0.7567567567567579,175000,0.0381278024246162,Diesel,Individual,Manual
0.7297297297297334,250000,0.023300158952338,Petrol,Individual,Manual
0.8648648648648631,500000,0.0338913328611081,Diesel,Individual,Manual
0.7297297297297334,229999,0.0593101502421566,Diesel,Individual,Manual
0.621621621621621,229999,0.084728967623205,Diesel,Individual,Manual
0.9729729729729756,500000,0.0063542806983057,Petrol,Individual,Manual
0.7567567567567579,325000,0.022574451716109,Petrol,Dealer,Manual
0.7837837837837824,385000,0.0220292180832856,Diesel,Dealer,Manual
0.8378378378378386,250999,0.0127089850435678,Petrol,Individual,Manual
0.7837837837837824,250000,0.0499899172024388,Diesel,Individual,Manual
0.9729729729729756,1460000,0.0021178111347976,Diesel,Individual,Manual
0.8648648648648631,450000,0.0338913328611081,Diesel,Individual,Manual
0.7837837837837824,229999,0.0296548632976001,Diesel,Individual,Manual
0.8648648648648631,320000,0.0381278024246162,Diesel,Individual,Manual
0.8648648648648631,610000,0.0139799259126202,Petrol,Individual,Manual
0.8648648648648631,350000,0.025418393734092,Petrol,Individual,Manual
0.8108108108108141,250000,0.0148272198253218,Diesel,Individual,Manual
0.9729729729729756,819999,0.0169454546070759,Diesel,Individual,Manual
0.9729729729729756,650000,0.0023808958946915,Petrol,Trustmark Dealer,Automatic
0.8648648648648631,550000,0.025418393734092,Diesel,Individual,Manual
0.8648648648648631,640000,0.0338913328611081,Diesel,Individual,Manual
0.7837837837837824,300000,0.0338913328611081,Petrol,Individual,Manual
0.8648648648648631,500000,0.0042360459165517,Petrol,Individual,Manual
0.7297297297297334,170000,0.0508372111151404,Petrol,Individual,Manual
0.8648648648648631,650000,0.0423642719881243,Diesel,Individual,Manual
0.8378378378378386,2000000,0.0216055711269347,Diesel,Individual,Automatic
0.8108108108108141,380000,0.0521437383285263,Petrol,Dealer,Manual
0.7837837837837824,254999,0.0804924980596969,Diesel,Individual,Manual
0.9189189189189192,350000,0.0043084895460877,Petrol,Dealer,Manual
1.0,530000,0.0190636893888299,Diesel,Dealer,Manual
0.9189189189189192,700000,0.0108246033817194,Petrol,Dealer,Manual
0.9459459459459438,4000000,0.0288075693848985,Diesel,Individual,Automatic
0.8378378378378386,2000000,0.0216055711269347,Diesel,Individual,Automatic
0.7837837837837824,200000,0.0381278024246162,Petrol,Individual,Manual
0.9189189189189192,3200000,0.0190636893888299,Diesel,Dealer,Automatic
0.8648648648648631,434999,0.012285338087217,Petrol,Dealer,Manual
0.9459459459459438,900000,0.0148272198253218,Diesel,Individual,Manual
0.9729729729729756,4950000,0.0127089850435678,Diesel,Dealer,Automatic
0.8108108108108141,550000,0.0237238059086888,Diesel,Individual,Manual
0.7027027027027017,200000,0.0423642719881243,Petrol,Individual,Manual
0.9189189189189192,680000,0.0169454546070759,Diesel,Individual,Manual
0.7837837837837824,350000,0.0381278024246162,Petrol,Individual,Manual
0.9729729729729756,1125000,0.0014823407002714,Petrol,Dealer,Automatic
0.621621621621621,350000,0.0423642719881243,Diesel,Individual,Manual
0.6756756756756772,150000,0.0127089850435678,Petrol,Individual,Manual
0.8648648648648631,400000,0.0211425250036433,Petrol,Dealer,Manual
0.8648648648648631,750000,0.0194763215243156,Diesel,Trustmark Dealer,Manual
0.8648648648648631,405000,0.0423642719881243,Diesel,Individual,Manual
0.6486486486486527,90000,0.025418393734092,Petrol,Individual,Manual
0.6756756756756772,95000,0.0296548632976001,Petrol,Individual,Manual
0.9189189189189192,340000,0.0170725486939811,Petrol,Individual,Manual
0.7027027027027017,210000,0.0269011580813198,Petrol,Dealer,Automatic
0.7837837837837824,220000,0.0381278024246162,Petrol,Individual,Manual
0.8918918918918948,340000,0.0169454546070759,Petrol,Individual,Manual
0.7837837837837824,150000,0.0296548632976001,Diesel,Individual,Manual
0.9189189189189192,650000,0.0105907502618138,Petrol,Individual,Manual
0.7837837837837824,200000,0.0360095676428622,Diesel,Individual,Manual
0.8918918918918948,350000,0.0296548632976001,Petrol,Individual,Manual
0.8108108108108141,1075000,0.0466007415516323,Diesel,Individual,Automatic
0.621621621621621,100000,0.0466007415516323,Petrol,Individual,Manual
0.7567567567567579,153000,0.0211819241705839,Diesel,Individual,Manual
1.0,1500000,0.0169454546070759,Petrol,Individual,Automatic
0.7567567567567579,200000,0.0508372111151404,Diesel,Individual,Manual
0.9459459459459438,620000,0.0063542806983057,Petrol,Individual,Manual
0.7027027027027017,270000,0.0296548632976001,Diesel,Individual,Manual
0.9459459459459438,850000,0.0080488685237089,Petrol,Dealer,Manual
0.8918918918918948,550000,0.0296548632976001,Petrol,Individual,Manual
0.7027027027027017,150000,0.025418393734092,Petrol,Individual,Manual
0.8108108108108141,800000,0.0338913328611081,Diesel,Individual,Manual
0.8918918918918948,1630000,0.0169454546070759,Diesel,Individual,Automatic
0.5405405405405403,145000,0.0296548632976001,Petrol,Individual,Manual
0.9189189189189192,200000,0.0211819241705839,Petrol,Individual,Manual
0.9189189189189192,1150000,0.0028909668301379,Petrol,Individual,Automatic
0.8918918918918948,550000,0.0239330875051261,Petrol,Trustmark Dealer,Manual
0.9459459459459438,720000,0.0084725154800597,Petrol,Individual,Manual
0.9459459459459438,1350000,0.0169454546070759,Diesel,Individual,Manual
0.8648648648648631,720000,0.0338913328611081,Diesel,Individual,Manual
0.8918918918918948,245000,0.0288075693848985,Petrol,Dealer,Manual
0.9459459459459438,700000,0.0110143972181646,Petrol,Individual,Automatic
0.9459459459459438,1465000,0.0466007415516323,Diesel,Individual,Manual
0.7027027027027017,170000,0.0189789599975597,Petrol,Individual,Manual
0.7837837837837824,409999,0.0423642719881243,Diesel,Individual,Manual
0.9189189189189192,625000,0.0108186723243305,Petrol,Trustmark Dealer,Manual
0.8108108108108141,400000,0.0381278024246162,Diesel,Individual,Manual
0.8108108108108141,750000,0.0336066421064404,Diesel,Trustmark Dealer,Manual
0.9189189189189192,950000,0.023075626065472,Diesel,Dealer,Manual
0.9459459459459438,2475000,0.0008468702657452,Diesel,Dealer,Automatic
0.6756756756756772,130000,0.0508372111151404,Petrol,Individual,Manual
0.9459459459459438,975000,0.0021178111347976,Diesel,Individual,Manual
0.8918918918918948,650000,0.0211819241705839,Diesel,Individual,Manual
0.7297297297297334,800000,0.0639702667620154,Diesel,Individual,Manual
0.7837837837837824,320000,0.0296548632976001,Diesel,Individual,Manual
0.8108108108108141,395000,0.0148272198253218,Petrol,Individual,Automatic
0.9459459459459438,650000,0.0093198093927613,Petrol,Individual,Manual
0.9459459459459438,565000,0.0080488685237089,Petrol,Individual,Manual
0.9189189189189192,430000,0.0478716824206848,Diesel,Individual,Manual
0.7567567567567579,350000,0.0593101502421566,Diesel,Individual,Manual
0.8378378378378386,190000,0.0381278024246162,Petrol,Individual,Manual
0.9729729729729756,610000,0.0042360459165517,Petrol,Individual,Automatic
0.8108108108108141,1750000,0.0143612081733359,Diesel,Dealer,Automatic
0.9189189189189192,325000,0.0078370450455335,Petrol,Dealer,Manual
0.5405405405405403,120000,0.0560662854973784,Petrol,Individual,Manual
0.9459459459459438,793000,0.0127089850435678,Diesel,Individual,Manual
0.8378378378378386,450000,0.0338913328611081,Petrol,Individual,Manual
0.8108108108108141,340000,0.0466007415516323,Diesel,Individual,Manual
0.6486486486486527,229999,0.025418393734092,Petrol,Individual,Manual
0.8378378378378386,450000,0.0508372111151404,Diesel,Individual,Manual
0.8378378378378386,170000,0.0296548632976001,Petrol,Individual,Manual
0.8378378378378386,600000,0.0296548632976001,Diesel,Individual,Manual
0.7567567567567579,265000,0.0084725154800597,Petrol,Dealer,Manual
1.0,700000,0.0084725154800597,Petrol,Individual,Manual
0.8918918918918948,500000,0.0508372111151404,Diesel,Individual,Manual
0.9459459459459438,372000,0.0211819241705839,Diesel,Individual,Manual
0.7297297297297334,80000,0.0296548632976001,Petrol,Individual,Manual
0.7027027027027017,150000,0.0326203919920557,Petrol,Individual,Manual
0.8648648648648631,750000,0.0194763215243156,Diesel,Trustmark Dealer,Manual
0.7027027027027017,250000,0.025418393734092,Petrol,Individual,Manual
0.9189189189189192,440000,0.0148272198253218,Petrol,Individual,Automatic
0.7297297297297334,125000,0.025418393734092,Petrol,Individual,Manual
0.7297297297297334,221000,0.027536628515846,Diesel,Dealer,Manual
0.8378378378378386,599000,0.0195297010408158,Petrol,Dealer,Manual
0.9189189189189192,450000,0.0238466635260305,Diesel,Dealer,Manual
0.8378378378378386,600000,0.0482953293770356,Diesel,Individual,Manual
0.6756756756756772,120000,0.0423642719881243,Petrol,Individual,Manual
0.6756756756756772,85000,0.0508372111151404,Petrol,Individual,Manual
0.6486486486486527,45000,0.0310346814344346,Petrol,Individual,Manual
0.7837837837837824,95000,0.0048715163510779,Petrol,Individual,Manual
0.9189189189189192,350000,0.0065661041764811,Petrol,Individual,Automatic
0.8378378378378386,1400000,0.0338913328611081,Diesel,Individual,Automatic
0.9459459459459438,288000,0.0084725154800597,Petrol,Dealer,Manual
0.7837837837837824,285000,0.0165383298820227,Petrol,Dealer,Manual
0.7567567567567579,220000,0.0466007415516323,Diesel,Individual,Manual
0.8378378378378386,480000,0.0127089850435678,Petrol,Individual,Manual
0.7837837837837824,275000,0.0203346302578823,CNG,Individual,Manual
0.7567567567567579,138000,0.0381278024246162,Diesel,Individual,Manual
0.9729729729729756,650000,0.0127089850435678,Petrol,Individual,Manual
0.7837837837837824,200000,0.0475319175616914,Diesel,Individual,Manual
0.8918918918918948,570000,0.0381278024246162,Petrol,Individual,Manual
0.7027027027027017,180000,0.0338913328611081,Petrol,Individual,Manual
0.8108108108108141,350000,0.0423642719881243,Diesel,Individual,Manual
0.9729729729729756,1000000,0.0042360459165517,Diesel,Individual,Manual
0.7837837837837824,260000,0.025418393734092,Diesel,Individual,Manual
0.8918918918918948,350000,0.0210124653880436,Diesel,Individual,Manual
0.7027027027027017,280000,0.0148272198253218,Petrol,Individual,Manual
0.5945945945945965,20000,0.0105907502618138,Petrol,Individual,Manual
0.7297297297297334,160000,0.0508372111151404,CNG,Individual,Manual
0.8648648648648631,685000,0.0127089850435678,Petrol,Individual,Automatic
0.7297297297297334,130000,0.0338913328611081,Petrol,Individual,Manual
0.6486486486486527,73000,0.0338913328611081,Petrol,Individual,Manual
0.9459459459459438,1500000,0.0169454546070759,Diesel,Individual,Manual
0.8378378378378386,409999,0.0635466198056646,Diesel,Individual,Manual
0.9729729729729756,779000,0.0029786617501025,Petrol,Trustmark Dealer,Automatic
0.9189189189189192,480000,0.025418393734092,Petrol,Individual,Manual
0.9189189189189192,700000,0.0169454546070759,Diesel,Individual,Manual
0.8918918918918948,400000,0.0127089850435678,Petrol,Individual,Manual
0.7837837837837824,650000,0.025418393734092,Petrol,Dealer,Automatic
0.7297297297297334,250000,0.0508372111151404,Diesel,Individual,Manual
0.7837837837837824,450000,0.0508372111151404,Petrol,Individual,Manual
0.7297297297297334,180000,0.023300158952338,Petrol,Individual,Manual
0.8378378378378386,350000,0.0563446215477009,Diesel,Individual,Manual
0.8918918918918948,579000,0.0033671460090762,Petrol,Dealer,Manual
0.7567567567567579,130000,0.0296548632976001,Petrol,Individual,Manual
0.8918918918918948,750000,0.0296548632976001,Diesel,Individual,Manual
0.8378378378378386,495000,0.0327114760876711,Diesel,Individual,Manual
0.7567567567567579,120000,0.0381278024246162,Petrol,Individual,Manual
0.8378378378378386,300000,0.0122607665637487,Petrol,Dealer,Automatic
0.7297297297297334,170000,0.0635466198056646,Diesel,Individual,Manual
0.9189189189189192,1100000,0.0169454546070759,Diesel,Individual,Manual
0.7837837837837824,250000,0.0466007415516323,Diesel,Individual,Manual
0.7297297297297334,515000,0.084728967623205,Diesel,Individual,Manual
0.9189189189189192,765000,0.0169454546070759,Petrol,Individual,Manual
0.5945945945945965,120000,0.0381278024246162,Petrol,Individual,Manual
0.8918918918918948,580000,0.0063542806983057,Petrol,Individual,Manual
0.9189189189189192,700000,0.0148272198253218,Petrol,Individual,Manual
0.8648648648648631,610000,0.0508372111151404,Diesel,Individual,Manual
0.9459459459459438,4000000,0.0042360459165517,Diesel,Dealer,Automatic
0.5405405405405403,55599,0.0152881477138315,Petrol,Individual,Manual
0.6756756756756772,250000,0.0423642719881243,Petrol,Individual,Manual
0.8918918918918948,975000,0.027536628515846,Diesel,Individual,Manual
0.7837837837837824,300000,0.0338913328611081,Petrol,Individual,Manual
0.8918918918918948,375000,0.0259153316138915,Diesel,Dealer,Manual
0.4594594594594596,108000,0.0872708493613098,Petrol,Individual,Manual
0.8378378378378386,300000,0.025418393734092,Petrol,Individual,Manual
0.7837837837837824,220000,0.0423642719881243,Diesel,Individual,Manual
0.9189189189189192,525000,0.012285338087217,Petrol,Dealer,Manual
0.7567567567567579,175000,0.0588865032858057,Petrol,Individual,Manual
0.8108108108108141,275000,0.0296548632976001,LPG,Individual,Manual
0.7297297297297334,400000,0.025418393734092,Petrol,Individual,Automatic
0.9729729729729756,690000,0.0005515883371687,Petrol,Dealer,Manual
0.9459459459459438,750000,0.0105907502618138,Petrol,Individual,Manual
0.9459459459459438,1800000,0.0110143972181646,Diesel,Individual,Automatic
0.8918918918918948,300000,0.0172843721721565,Petrol,Individual,Manual
0.8918918918918948,225000,0.0105907502618138,Petrol,Individual,Manual
0.7297297297297334,229999,0.0711722650199791,Diesel,Individual,Manual
0.9189189189189192,1282000,0.0190636893888299,Diesel,Individual,Manual
0.9459459459459438,525000,0.0466007415516323,Diesel,Individual,Manual
0.8648648648648631,885000,0.0720195589326808,Diesel,Individual,Manual
0.9459459459459438,764000,0.0105907502618138,Petrol,Individual,Manual
0.8108108108108141,390000,0.0224528650396364,Diesel,Individual,Manual
0.8378378378378386,300000,0.0214784770400295,Diesel,Individual,Manual
0.7837837837837824,300000,0.0372805085119146,Petrol,Individual,Manual
0.7297297297297334,300000,0.025418393734092,Diesel,Individual,Manual
0.7567567567567579,221000,0.0237238059086888,Diesel,Dealer,Manual
0.567567567567572,95000,0.0211819241705839,Petrol,Individual,Manual
0.8108108108108141,166000,0.0211819241705839,Petrol,Individual,Manual
0.8918918918918948,550000,0.024521109480541,Petrol,Individual,Manual
0.8378378378378386,800000,0.0338913328611081,Diesel,Individual,Automatic
0.8918918918918948,750000,0.0286381106023581,Diesel,Individual,Automatic
0.9729729729729756,600000,0.0004655880050295,Petrol,Individual,Automatic
0.8378378378378386,520000,0.0508372111151404,Diesel,Individual,Manual
0.9189189189189192,280000,0.0156745137380234,Petrol,Individual,Manual
0.8648648648648631,450000,0.025418393734092,Petrol,Individual,Manual
0.6486486486486527,185000,0.0381278024246162,Diesel,Individual,Manual
0.7837837837837824,195000,0.0593101502421566,Diesel,Individual,Manual
0.9189189189189192,690000,0.0084725154800597,Petrol,Individual,Manual
0.7297297297297334,215000,0.0508372111151404,Diesel,Individual,Manual
0.7837837837837824,500000,0.0466007415516323,Diesel,Individual,Manual
0.9189189189189192,409999,0.025418393734092,Petrol,Individual,Manual
0.9189189189189192,480000,0.0225634368952439,Petrol,Dealer,Manual
0.7567567567567579,210000,0.0148272198253218,Petrol,Individual,Manual
0.7027027027027017,150000,0.0127089850435678,Diesel,Individual,Manual
0.9729729729729756,800000,0.0139799259126202,Petrol,Dealer,Manual
0.6756756756756772,114999,0.0127089850435678,Petrol,Individual,Manual
0.7567567567567579,165000,0.0317730980793541,Diesel,Dealer,Manual
0.8648648648648631,346000,0.0154296457972527,Petrol,Dealer,Manual
0.8648648648648631,575000,0.004066163487055,Petrol,Dealer,Manual
0.9729729729729756,700000,0.0033887520038501,Diesel,Individual,Manual
0.7567567567567579,150000,0.0677830893691727,Petrol,Individual,Manual
0.8918918918918948,550000,0.0239330875051261,Petrol,Trustmark Dealer,Manual
0.7027027027027017,240000,0.0296548632976001,Diesel,Individual,Manual
0.9729729729729756,650000,0.0023808958946915,Petrol,Trustmark Dealer,Automatic
0.8648648648648631,285000,0.0169454546070759,Petrol,Individual,Manual
0.9189189189189192,625000,0.0108186723243305,Petrol,Trustmark Dealer,Manual
0.7027027027027017,90000,0.0499899172024388,Diesel,Individual,Manual
0.6756756756756772,229999,0.0618520319802614,Diesel,Individual,Manual
0.8648648648648631,370000,0.025418393734092,Diesel,Dealer,Manual
0.8108108108108141,215000,0.0084725154800597,Diesel,Individual,Manual
0.9729729729729756,458000,0.0127089850435678,Petrol,Individual,Manual
0.8918918918918948,1825000,0.0398223902500194,Diesel,Dealer,Automatic
0.8108108108108141,500000,0.0211819241705839,Petrol,Individual,Manual
0.7297297297297334,320000,0.0177927485197775,Diesel,Individual,Manual
0.7567567567567579,450000,0.0423642719881243,Diesel,Individual,Manual
0.4054054054054035,55000,0.0338913328611081,Petrol,Individual,Manual
0.6756756756756772,114999,0.023300158952338,Petrol,Individual,Manual
0.7027027027027017,525000,0.0919309658811687,Diesel,Individual,Manual
0.8108108108108141,675000,0.0372805085119146,Diesel,Dealer,Automatic
0.6486486486486527,190000,0.0296548632976001,Petrol,Individual,Manual
0.8918918918918948,720000,0.0148272198253218,Diesel,Individual,Manual
0.621621621621621,75000,0.025418393734092,Petrol,Individual,Automatic
0.9189189189189192,625000,0.014403572868971,Diesel,Individual,Automatic
0.621621621621621,150000,0.0040487939618446,Petrol,Individual,Manual
0.8108108108108141,550000,0.025418393734092,Diesel,Individual,Manual
0.9459459459459438,3800000,0.0042360459165517,Diesel,Dealer,Automatic
0.7027027027027017,170000,0.0381278024246162,Petrol,Individual,Manual
0.7297297297297334,75000,0.1270936632582857,Petrol,Individual,Manual
0.9189189189189192,750000,0.025418393734092,Diesel,Individual,Manual
0.9459459459459438,700000,0.025418393734092,Diesel,Individual,Manual
0.8918918918918948,625000,0.0127089850435678,Petrol,Dealer,Manual
0.8108108108108141,160000,0.0466007415516323,Diesel,Individual,Manual
0.8918918918918948,2375000,0.0127089850435678,Diesel,Dealer,Automatic
0.9459459459459438,740000,0.0164442802577129,Diesel,Dealer,Manual
0.7567567567567579,430000,0.0338913328611081,Diesel,Individual,Automatic
0.8108108108108141,250000,0.0381278024246162,Petrol,Individual,Manual
0.8918918918918948,700000,0.0148272198253218,Diesel,Individual,Manual
0.9189189189189192,430000,0.0084725154800597,Petrol,Individual,Automatic
0.8108108108108141,325000,0.0508372111151404,Diesel,Individual,Manual
0.7837837837837824,911000,0.0656648545874187,Diesel,Dealer,Manual
0.9189189189189192,750000,0.0377041554682654,Diesel,Dealer,Manual
0.7837837837837824,45000,0.0061424572201303,Petrol,Individual,Manual
0.9189189189189192,550000,0.0084259143148611,Petrol,Dealer,Automatic
0.8108108108108141,1500000,0.0627501635277251,Diesel,Dealer,Manual
0.9459459459459438,509999,0.0423642719881243,Diesel,Individual,Manual
0.9189189189189192,550000,0.0084259143148611,Petrol,Dealer,Automatic
0.7837837837837824,229999,0.0508372111151404,Diesel,Individual,Manual
0.6486486486486527,100000,0.0355859206865114,LPG,Individual,Manual
0.7837837837837824,300000,0.0211819241705839,Diesel,Individual,Manual
0.9189189189189192,540000,0.0296548632976001,Diesel,Individual,Manual
0.9189189189189192,430000,0.0072015746110073,Petrol,Individual,Manual
0.7567567567567579,200000,0.0296548632976001,LPG,Individual,Manual
0.9189189189189192,400000,0.027536628515846,Petrol,Individual,Manual
0.7837837837837824,300000,0.0190636893888299,Petrol,Individual,Manual
0.8918918918918948,700000,0.0330440389484065,Diesel,Individual,Manual
0.7837837837837824,210000,0.0211819241705839,Petrol,Individual,Manual
1.0,1000000,0.0021178111347976,Diesel,Individual,Manual
0.7567567567567579,189000,0.0296548632976001,Diesel,Individual,Manual
0.5945945945945965,100000,0.0381278024246162,Petrol,Individual,Manual
0.8918918918918948,550000,0.0239330875051261,Petrol,Trustmark Dealer,Manual
0.8918918918918948,275000,0.0199109833015315,Petrol,Dealer,Manual
0.9189189189189192,525000,0.0165218076507251,Petrol,Dealer,Manual
0.8648648648648631,580000,0.0220292180832856,Diesel,Individual,Manual
0.7837837837837824,368000,0.0381278024246162,Petrol,Individual,Manual
0.6486486486486527,100000,0.025418393734092,Petrol,Individual,Manual
0.7567567567567579,160000,0.0105907502618138,Petrol,Individual,Manual
0.7297297297297334,175000,0.0190636893888299,Petrol,Individual,Manual
0.9189189189189192,350000,0.0111258163676848,Petrol,Individual,Manual
0.8918918918918948,725000,0.0423642719881243,Diesel,Individual,Manual
0.9459459459459438,450000,0.0084725154800597,Petrol,Individual,Manual
0.8378378378378386,459999,0.0381278024246162,Diesel,Individual,Manual
0.7567567567567579,160000,0.0508372111151404,Diesel,Individual,Manual
0.5405405405405403,35000,0.0148272198253218,Petrol,Individual,Manual
0.7297297297297334,75000,0.0508372111151404,Petrol,Individual,Manual
0.7567567567567579,600000,0.0211819241705839,Diesel,Individual,Manual
0.8108108108108141,200000,0.0296548632976001,Diesel,Individual,Manual
0.6486486486486527,90000,0.0423642719881243,Petrol,Individual,Manual
0.8918918918918948,590000,0.0069897511328319,Petrol,Individual,Manual
0.9729729729729756,5500000,0.0036005754820255,Diesel,Dealer,Automatic
0.7297297297297334,150000,0.0338913328611081,Petrol,Individual,Manual
0.5945945945945965,56000,0.0097434563491122,Petrol,Individual,Manual
0.9459459459459438,850000,0.0040242224383763,Diesel,Individual,Manual
0.6486486486486527,185000,0.0508372111151404,Diesel,Individual,Manual
0.9189189189189192,2625000,0.0038123989602009,Diesel,Dealer,Automatic
0.7297297297297334,160000,0.0423642719881243,Petrol,Individual,Manual
0.9459459459459438,2475000,0.0008468702657452,Diesel,Dealer,Automatic
0.6756756756756772,215000,0.0296548632976001,Petrol,Individual,Manual
0.9729729729729756,509999,0.0042360459165517,Petrol,Individual,Manual
1.0,500000,0.0004232233093944,Petrol,Individual,Manual
0.9189189189189192,850000,0.023300158952338,Diesel,Individual,Automatic
0.8378378378378386,665000,0.0302132299860704,Diesel,Dealer,Manual
0.5135135135135158,50000,0.0508372111151404,Diesel,Individual,Manual
0.9459459459459438,3800000,0.0042360459165517,Diesel,Dealer,Automatic
0.8108108108108141,240000,0.0211819241705839,Petrol,Individual,Manual
0.9459459459459438,1140000,0.0097595549334535,Petrol,Trustmark Dealer,Automatic
0.7837837837837824,200000,0.0381278024246162,Petrol,Individual,Manual
0.7297297297297334,200000,0.0169454546070759,LPG,Individual,Manual
0.7567567567567579,350000,0.0493544467679126,Diesel,Individual,Manual
0.8108108108108141,434999,0.0423642719881243,Diesel,Individual,Manual
0.7297297297297334,350000,0.0787979102342937,Diesel,Individual,Automatic
0.7567567567567579,240000,0.0273248050376706,Petrol,Individual,Manual
0.8648648648648631,130000,0.025418393734092,Petrol,Individual,Manual
0.8108108108108141,400000,0.0529554458968945,Diesel,Individual,Manual
0.4054054054054035,40000,0.0169454546070759,Petrol,Individual,Manual
0.7567567567567579,175000,0.0631229728493138,Diesel,Individual,Manual
0.7837837837837824,500000,0.0110143972181646,Diesel,Individual,Manual
0.7837837837837824,415000,0.0338913328611081,Diesel,Individual,Manual
0.7297297297297334,217000,0.0508372111151404,Diesel,Individual,Manual
0.8378378378378386,300000,0.0347386267738098,Petrol,Dealer,Manual
0.7027027027027017,760000,0.0804924980596969,Diesel,Individual,Manual
0.9459459459459438,800000,0.0148272198253218,Diesel,Individual,Manual
0.8378378378378386,395000,0.0593101502421566,Diesel,Individual,Manual
0.8108108108108141,390000,0.0224528650396364,Diesel,Dealer,Manual
0.7297297297297334,250000,0.0466007415516323,Diesel,Individual,Manual
0.8378378378378386,350000,0.0063542806983057,Petrol,Individual,Manual
0.7567567567567579,275000,0.0699013241509267,Diesel,Individual,Manual
0.8108108108108141,320000,0.0423642719881243,Diesel,Individual,Manual
0.5135135135135158,35000,0.0423642719881243,Petrol,Individual,Manual
0.8378378378378386,600000,0.0114380441745154,Diesel,Dealer,Manual
0.9729729729729756,562000,0.0021178111347976,Petrol,Individual,Manual
0.6486486486486527,90000,0.0381278024246162,Petrol,Individual,Manual
0.6756756756756772,65000,0.0593101502421566,Petrol,Individual,Manual
0.8918918918918948,710000,0.0169454546070759,Diesel,Individual,Manual
0.7027027027027017,250000,0.0635466198056646,Diesel,Individual,Manual
0.8648648648648631,503000,0.0466007415516323,Diesel,Individual,Manual
0.7567567567567579,350000,0.0381278024246162,Diesel,Individual,Manual
0.9729729729729756,675000,0.0021178111347976,Petrol,Individual,Manual
0.8378378378378386,500000,0.0423642719881243,Diesel,Individual,Manual
0.6486486486486527,250000,0.0338913328611081,Diesel,Individual,Manual
0.9729729729729756,359000,0.002329634612973,Petrol,Individual,Manual
0.9189189189189192,430000,0.0160981606943743,Petrol,Individual,Manual
0.6756756756756772,250000,0.0423642719881243,Petrol,Individual,Manual
0.9459459459459438,1050000,0.0076252215673581,Diesel,Dealer,Manual
0.8108108108108141,195000,0.0211819241705839,Petrol,Individual,Manual
0.8378378378378386,254999,0.0169454546070759,Petrol,Individual,Manual
0.9459459459459438,590000,0.0042360459165517,Petrol,Individual,Manual
0.8378378378378386,950000,0.0338913328611081,Diesel,Dealer,Manual
0.8648648648648631,900000,0.0211819241705839,Diesel,Individual,Manual
0.9459459459459438,600000,0.0295612373202465,Petrol,Dealer,Automatic
0.8918918918918948,350000,0.0127089850435678,Petrol,Individual,Manual
0.6756756756756772,425000,0.1059113154407453,Diesel,Individual,Manual
0.7567567567567579,215000,0.0296548632976001,Diesel,Individual,Manual
0.7567567567567579,1200000,0.0262656876467936,Diesel,Individual,Automatic
0.7567567567567579,170000,0.0381278024246162,Petrol,Individual,Manual
0.8108108108108141,150000,0.025418393734092,Petrol,Individual,Manual
0.8108108108108141,819999,0.0466007415516323,Diesel,Individual,Manual
0.9189189189189192,450000,0.0169454546070759,Diesel,Individual,Manual
0.8378378378378386,45000,0.0029651050474992,Petrol,Individual,Manual
0.8918918918918948,380000,0.0165218076507251,Petrol,Individual,Manual
0.9729729729729756,5500000,0.0036005754820255,Diesel,Dealer,Automatic
0.9189189189189192,380000,0.0127089850435678,CNG,Individual,Manual
0.6486486486486527,135000,0.0360095676428622,Petrol,Dealer,Manual
0.8108108108108141,320000,0.0508372111151404,Diesel,Individual,Manual
0.9729729729729756,400000,0.0067779276546565,Petrol,Individual,Automatic
0.7837837837837824,385000,0.0491426232897372,Petrol,Individual,Manual
0.5135135135135158,65000,0.0338913328611081,Petrol,Individual,Manual
0.6486486486486527,100000,0.0508372111151404,Diesel,Individual,Manual
0.8378378378378386,550000,0.0436352128571767,Diesel,Individual,Manual
0.8918918918918948,535000,0.022283406257096,Diesel,Individual,Manual
0.9459459459459438,800000,0.0105907502618138,Diesel,Individual,Manual
0.7297297297297334,180000,0.0508372111151404,Petrol,Individual,Manual
0.7837837837837824,190000,0.027536628515846,Petrol,Individual,Manual
0.8648648648648631,925000,0.025418393734092,Diesel,Individual,Manual
0.621621621621621,135000,0.0508372111151404,Diesel,Individual,Manual
0.8378378378378386,700000,0.0597337971985074,Diesel,Individual,Manual
0.8648648648648631,680000,0.0211819241705839,Petrol,Individual,Manual
0.9459459459459438,1450000,0.0084725154800597,Diesel,Individual,Manual
0.8378378378378386,540000,0.027536628515846,Diesel,Dealer,Manual
0.8108108108108141,400000,0.0381278024246162,Diesel,Individual,Manual
0.8378378378378386,2575000,0.0296548632976001,Diesel,Individual,Automatic
0.9189189189189192,650000,0.0186400424324791,Petrol,Dealer,Manual
0.621621621621621,130000,0.0338913328611081,Petrol,Individual,Manual
0.7297297297297334,140000,0.0508372111151404,Petrol,Individual,Manual
0.7567567567567579,175000,0.0046596928729025,Petrol,Dealer,Manual
0.7297297297297334,200000,0.0338913328611081,Diesel,Individual,Manual
0.7027027027027017,350000,0.0148272198253218,Petrol,Individual,Manual
0.9189189189189192,1230000,0.0296548632976001,Diesel,Individual,Automatic
0.7567567567567579,160000,0.0656648545874187,Petrol,Individual,Manual
0.8648648648648631,229999,0.0190636893888299,Petrol,Individual,Manual
0.7837837837837824,425000,0.0406696841627211,Diesel,Individual,Manual
0.9189189189189192,520000,0.0044521058642906,Petrol,Dealer,Automatic
0.9729729729729756,1227000,0.0021178111347976,Petrol,Individual,Automatic
0.7837837837837824,200000,0.0100438220411649,Petrol,Dealer,Manual
0.9189189189189192,278000,0.0084725154800597,Petrol,Individual,Manual
0.9189189189189192,530000,0.0045885201842355,Petrol,Dealer,Manual
0.7837837837837824,220000,0.0470243885079832,Petrol,Individual,Manual
0.9459459459459438,675000,0.025418393734092,Diesel,Individual,Manual
0.6486486486486527,128000,0.025418393734092,Petrol,Individual,Manual
0.7297297297297334,200000,0.0148272198253218,Petrol,Individual,Manual
0.567567567567572,80000,0.0508372111151404,Petrol,Individual,Manual
0.8378378378378386,550000,0.0127089850435678,Petrol,Individual,Manual
0.7297297297297334,160000,0.0432115659008259,Diesel,Individual,Manual
0.9189189189189192,400000,0.0211819241705839,Diesel,Individual,Manual
0.621621621621621,95000,0.0466007415516323,Petrol,Individual,Manual
0.9459459459459438,690000,0.0221139474745557,Diesel,Dealer,Manual
0.9189189189189192,1325000,0.0228765119959872,Diesel,Individual,Manual
0.8108108108108141,450000,0.0283839224285477,Petrol,Individual,Manual
0.9189189189189192,325000,0.027536628515846,Petrol,Dealer,Manual
0.7297297297297334,250000,0.0296548632976001,Petrol,Individual,Manual
0.9189189189189192,400000,0.0211819241705839,Petrol,Individual,Manual
0.9729729729729756,500000,0.0042360459165517,Petrol,Individual,Manual
0.7567567567567579,220000,0.0296548632976001,Diesel,Individual,Manual
0.8918918918918948,484999,0.0127089850435678,Petrol,Individual,Manual
0.9459459459459438,310000,0.0042360459165517,Petrol,Individual,Manual
0.7297297297297334,250000,0.0381278024246162,CNG,Individual,Manual
0.6756756756756772,20000,0.0211819241705839,Petrol,Individual,Manual
0.8378378378378386,2200000,0.025418393734092,Diesel,Individual,Automatic
0.7297297297297334,150000,0.0296548632976001,Diesel,Individual,Manual
0.8918918918918948,869999,0.0338913328611081,Diesel,Individual,Manual
0.9459459459459438,900000,0.0127089850435678,Petrol,Individual,Automatic
0.8108108108108141,1580000,0.036433214599213,Diesel,Dealer,Automatic
0.8108108108108141,421000,0.0190636893888299,Diesel,Individual,Manual
0.9189189189189192,370000,0.0169454546070759,Petrol,Individual,Manual
0.6756756756756772,100000,0.0296548632976001,Petrol,Individual,Manual
0.5945945945945965,80000,0.0169454546070759,Petrol,Individual,Manual
0.9189189189189192,600000,0.0184282189543037,Petrol,Individual,Manual
0.8108108108108141,290000,0.0220292180832856,Petrol,Individual,Manual
0.7297297297297334,250000,0.0571919154604025,Diesel,Individual,Manual
0.621621621621621,130000,0.0466007415516323,Petrol,Individual,Manual
0.8108108108108141,225000,0.0247164107274187,Petrol,Trustmark Dealer,Manual
0.6486486486486527,130000,0.0330440389484065,Petrol,Individual,Manual
0.7837837837837824,730000,0.1059113154407453,Diesel,Individual,Manual
0.8108108108108141,625000,0.0165218076507251,Petrol,Dealer,Automatic
0.8378378378378386,700000,0.0381278024246162,Diesel,Individual,Manual
0.8918918918918948,270000,0.0105907502618138,Petrol,Individual,Manual
0.8918918918918948,490000,0.0114380441745154,Petrol,Individual,Manual
0.9459459459459438,700000,0.0203346302578823,Petrol,Individual,Manual
0.8378378378378386,450000,0.0338913328611081,Diesel,Individual,Manual
0.8918918918918948,400000,0.0381278024246162,Diesel,Individual,Manual
0.8648648648648631,204999,0.0182163954761283,Petrol,Individual,Manual
0.6486486486486527,120000,0.0508372111151404,Petrol,Individual,Manual
0.6486486486486527,190000,0.0487189763333864,Petrol,Dealer,Manual
0.8108108108108141,445000,0.0423642719881243,Diesel,Individual,Manual
0.7567567567567579,500000,0.0169454546070759,Petrol,Individual,Manual
0.7837837837837824,250000,0.0338913328611081,Diesel,Individual,Manual
0.621621621621621,145000,0.0720195589326808,Diesel,Individual,Manual
0.9459459459459438,800000,0.0148272198253218,Diesel,Individual,Manual
0.8108108108108141,350000,0.0423642719881243,Petrol,Individual,Manual
0.8648648648648631,600000,0.0211819241705839,Diesel,Individual,Manual
0.8918918918918948,600000,0.0622756789366122,Diesel,Individual,Manual
0.7027027027027017,90000,0.0508372111151404,Diesel,Individual,Manual
0.9189189189189192,725000,0.0127089850435678,Diesel,Individual,Manual
0.9459459459459438,1050000,0.0063542806983057,Diesel,Individual,Manual
0.7567567567567579,130000,0.0296548632976001,Petrol,Individual,Manual
0.7837837837837824,350000,0.0466007415516323,Diesel,Individual,Manual
0.8108108108108141,290000,0.0207582772142331,Petrol,Individual,Manual
0.9189189189189192,520000,0.0044521058642906,Petrol,Dealer,Automatic
0.8108108108108141,450000,0.0410878237086393,Petrol,Dealer,Manual
0.567567567567572,215000,0.0923546128375195,Diesel,Individual,Manual
0.9189189189189192,630000,0.0105907502618138,Petrol,Individual,Manual
0.7837837837837824,700000,0.0211819241705839,Diesel,Individual,Automatic
0.8918918918918948,550000,0.0330440389484065,Diesel,Individual,Manual
0.621621621621621,94500,0.0186400424324791,Petrol,Individual,Manual
0.9459459459459438,950000,0.0063542806983057,Diesel,Individual,Automatic
0.8378378378378386,450000,0.0127089850435678,Petrol,Individual,Manual
0.9459459459459438,280000,0.0211819241705839,Petrol,Individual,Manual
0.9459459459459438,420000,0.0338913328611081,Petrol,Individual,Manual
0.9459459459459438,600000,0.0063542806983057,Petrol,Individual,Manual
0.9189189189189192,711000,0.0224528650396364,Diesel,Individual,Manual
0.9189189189189192,850000,0.0084725154800597,Petrol,Dealer,Automatic
0.8918918918918948,275000,0.0208430066055033,Petrol,Individual,Manual
0.8108108108108141,700000,0.084728967623205,Diesel,Individual,Manual
0.7567567567567579,475000,0.0338913328611081,Diesel,Individual,Manual
0.9729729729729756,500000,0.0084725154800597,Petrol,Individual,Manual
0.6756756756756772,250000,0.0508372111151404,Petrol,Individual,Manual
0.9459459459459438,450000,0.0148272198253218,Petrol,Individual,Manual
0.8918918918918948,600000,0.0105907502618138,Petrol,Individual,Manual
0.9459459459459438,1800000,0.0084725154800597,Diesel,Dealer,Automatic
0.9189189189189192,1390000,0.0415169780754227,Diesel,Dealer,Automatic
0.9189189189189192,1200000,0.0069473864371968,Diesel,Individual,Manual
0.9729729729729756,1000000,0.0093198093927613,Petrol,Individual,Manual
0.9189189189189192,550000,0.0211819241705839,Diesel,Individual,Manual
0.8648648648648631,650000,0.0110143972181646,Petrol,Individual,Manual
0.9189189189189192,660000,0.0338913328611081,Diesel,Individual,Manual
0.8108108108108141,900000,0.0269663997125979,Diesel,Dealer,Manual
0.8378378378378386,250000,0.0466007415516323,Diesel,Individual,Manual
0.8108108108108141,550000,0.0211819241705839,Diesel,Individual,Manual
0.7837837837837824,400000,0.0584628563294549,Diesel,Individual,Manual
0.9189189189189192,1700000,0.0036853048732956,Petrol,Dealer,Manual
0.9189189189189192,600000,0.025418393734092,Diesel,Individual,Manual
0.9189189189189192,1850000,0.0080022673585103,Diesel,Dealer,Automatic
0.9729729729729756,567000,0.0029651050474992,Petrol,Individual,Automatic
0.7297297297297334,125000,0.0296548632976001,Petrol,Individual,Manual
0.8108108108108141,280000,0.0013721924916202,Petrol,Individual,Manual
0.8108108108108141,480000,0.0338913328611081,Diesel,Individual,Manual
1.0,1050000,0.0004655880050295,Petrol,Individual,Manual
0.7297297297297334,165000,0.0084725154800597,Petrol,Individual,Manual
0.5945945945945965,200000,0.084728967623205,Diesel,Individual,Manual
0.7027027027027017,150000,0.0169454546070759,Petrol,Individual,Manual
0.6756756756756772,75000,0.0508372111151404,Petrol,Individual,Manual
0.8108108108108141,345000,0.0508372111151404,Petrol,Individual,Manual
0.9459459459459438,1050000,0.0296548632976001,Diesel,Individual,Manual
0.8378378378378386,684000,0.025418393734092,Diesel,Individual,Manual
0.8918918918918948,399000,0.0085547029895918,Petrol,Dealer,Manual
0.8378378378378386,160000,0.0296548632976001,Diesel,Individual,Manual
0.7027027027027017,140000,0.0508372111151404,Petrol,Individual,Manual
0.8378378378378386,450000,0.0194873363451807,Petrol,Individual,Manual
0.8108108108108141,425000,0.0251298901568171,Petrol,Dealer,Manual
0.6756756756756772,80000,0.0296548632976001,Petrol,Individual,Manual
0.9189189189189192,550000,0.0084259143148611,Petrol,Dealer,Automatic
0.9459459459459438,550000,0.0060153631332251,Petrol,Individual,Manual
0.3783783783783789,125000,0.0398223902500194,Petrol,Individual,Automatic
0.7297297297297334,148000,0.0423642719881243,Diesel,Individual,Manual
0.7837837837837824,711000,0.0227070532134468,Diesel,Dealer,Manual
0.8378378378378386,425000,0.0105907502618138,Petrol,Individual,Manual
0.8648648648648631,420000,0.0423642719881243,Diesel,Individual,Manual
0.9729729729729756,1700000,0.0069897511328319,Petrol,Dealer,Automatic
0.8648648648648631,450000,0.0321967450357049,Diesel,Individual,Manual
0.7837837837837824,500000,0.6354700108792538,Diesel,Individual,Manual
0.8378378378378386,375000,0.0372805085119146,Diesel,Individual,Manual
0.7027027027027017,561000,0.0720195589326808,Diesel,Individual,Manual
0.8378378378378386,385000,0.0105907502618138,Petrol,Individual,Manual
0.8918918918918948,360000,0.0423642719881243,Diesel,Individual,Manual
0.7567567567567579,320000,0.0550736806786485,Diesel,Individual,Manual
0.7297297297297334,350000,0.0206654985307923,Petrol,Dealer,Manual
0.9729729729729756,300000,0.0211819241705839,Petrol,Individual,Manual
0.8918918918918948,2000000,0.0288452739640137,Petrol,Trustmark Dealer,Automatic
0.7837837837837824,220000,0.0508372111151404,Diesel,Individual,Manual
0.9459459459459438,750000,0.025418393734092,Diesel,Individual,Manual
0.7027027027027017,140000,0.0508372111151404,Petrol,Individual,Manual
0.9729729729729756,5400000,0.0031769285256747,Diesel,Dealer,Automatic
0.8918918918918948,1249000,0.010167103305463,Diesel,Dealer,Manual
0.8648648648648631,855000,0.0254505909027747,Diesel,Dealer,Manual
0.8108108108108141,500000,0.0466007415516323,Diesel,Individual,Manual
0.8918918918918948,700000,0.0169454546070759,Diesel,Individual,Manual
0.9459459459459438,1000000,0.012130706948149,Petrol,Dealer,Manual
0.7297297297297334,1050000,0.0932019067502211,Diesel,Individual,Manual
0.5945945945945965,80000,0.0239695211433722,Petrol,Dealer,Manual
0.7297297297297334,350000,0.0206654985307923,Petrol,Dealer,Manual
0.8648648648648631,421000,0.0100988961454905,Petrol,Dealer,Manual
0.8918918918918948,1000000,0.025418393734092,Diesel,Individual,Automatic
0.8918918918918948,1000000,0.0423642719881243,Diesel,Individual,Manual
0.6756756756756772,400000,0.0377041554682654,Petrol,Dealer,Automatic
0.8918918918918948,350000,0.0127089850435678,Petrol,Individual,Manual
0.8918918918918948,1199000,0.0127483842105084,Diesel,Dealer,Automatic
0.9459459459459438,600000,0.0295612373202465,Petrol,Dealer,Automatic
0.7837837837837824,45000,0.0118616911308662,Petrol,Individual,Manual
0.7567567567567579,175000,0.0741377937144348,Petrol,Individual,Manual
0.7837837837837824,229999,0.0211073623062662,Petrol,Dealer,Manual
0.8918918918918948,250000,0.0093198093927613,Petrol,Individual,Manual
0.7567567567567579,280000,0.0554973276349993,Diesel,Individual,Manual
0.8378378378378386,645000,0.0190967338514253,Petrol,Dealer,Manual
0.8378378378378386,180000,0.0321967450357049,Petrol,Individual,Manual
0.8918918918918948,320000,0.0508372111151404,Diesel,Individual,Manual
0.9459459459459438,4500000,0.0041513165252815,Petrol,Dealer,Automatic
0.6756756756756772,85000,0.0508372111151404,Diesel,Individual,Manual
0.8108108108108141,350000,0.0381278024246162,Diesel,Individual,Manual
0.7567567567567579,305000,0.0796452041469953,Diesel,Individual,Manual
0.8108108108108141,420000,0.0444825067698783,Diesel,Individual,Manual
0.7027027027027017,135000,0.0423642719881243,Petrol,Individual,Manual
0.4864864864864842,70000,0.049566270246088,Petrol,Individual,Manual
0.7837837837837824,229999,0.0211819241705839,Petrol,Individual,Manual
0.8648648648648631,287000,0.0423642719881243,Petrol,Individual,Manual
0.7837837837837824,60000,0.0169454546070759,Petrol,Individual,Manual
0.7297297297297334,190000,0.0508372111151404,Diesel,Individual,Manual
0.7027027027027017,260000,0.0567682685040517,Diesel,Individual,Automatic
0.8918918918918948,650000,0.0338913328611081,Diesel,Individual,Manual
0.9189189189189192,750000,0.0127089850435678,Diesel,Individual,Manual
0.8378378378378386,400000,0.0381278024246162,Diesel,Individual,Manual
0.4864864864864842,350000,0.0423642719881243,Diesel,Individual,Manual
0.8378378378378386,225000,0.0423642719881243,Petrol,Individual,Manual
0.7297297297297334,200000,0.0466007415516323,Diesel,Individual,Manual
0.8108108108108141,324000,0.0127089850435678,Petrol,Individual,Manual
0.9189189189189192,600000,0.0084725154800597,Diesel,Individual,Manual
0.7027027027027017,275000,0.0656648545874187,Diesel,Individual,Automatic
0.8108108108108141,250000,0.0160981606943743,Petrol,Individual,Manual
0.8918918918918948,2000000,0.0288452739640137,Petrol,Trustmark Dealer,Automatic
0.8918918918918948,480000,0.0127089850435678,Diesel,Individual,Manual
0.8918918918918948,800000,0.0296548632976001,Diesel,Individual,Manual
0.7567567567567579,210000,0.0381278024246162,Petrol,Individual,Manual
0.7027027027027017,130000,0.0369809901137746,Petrol,Dealer,Manual
0.8918918918918948,610000,0.0097434563491122,Diesel,Individual,Manual
0.7567567567567579,190000,0.0381278024246162,Diesel,Dealer,Manual
0.7567567567567579,220000,0.0105907502618138,Petrol,Individual,Manual
0.9189189189189192,1300000,0.0296548632976001,Diesel,Individual,Manual
0.5405405405405403,85000,0.0466007415516323,Petrol,Individual,Manual
0.9189189189189192,880000,0.0211819241705839,Diesel,Individual,Manual
0.8648648648648631,750000,0.0296548632976001,Diesel,Individual,Manual
0.8378378378378386,515000,0.025418393734092,Diesel,Individual,Manual
0.7837837837837824,425000,0.0169454546070759,Diesel,Individual,Manual
0.8918918918918948,535000,0.022283406257096,Diesel,Individual,Manual
0.9189189189189192,957000,0.025418393734092,Diesel,Individual,Manual
0.8648648648648631,850000,0.0170827162209335,Petrol,Dealer,Manual
0.7837837837837824,260000,0.0177927485197775,Petrol,Dealer,Manual
1.0,282000,0.0169454546070759,CNG,Individual,Manual
0.9189189189189192,580000,0.0127089850435678,Petrol,Individual,Automatic
0.9459459459459438,795000,0.017699122542424,Petrol,Dealer,Manual
0.9189189189189192,675000,0.0542225739433397,Diesel,Dealer,Manual
0.9189189189189192,744000,0.0449061537262291,Diesel,Individual,Manual
0.6756756756756772,70000,0.0423642719881243,Diesel,Individual,Manual
0.6486486486486527,195000,0.0741377937144348,Diesel,Individual,Manual
0.9189189189189192,2711000,0.0038123989602009,Diesel,Dealer,Automatic
0.8648648648648631,450000,0.0211819241705839,Petrol,Individual,Manual
0.7837837837837824,170000,0.0169454546070759,Petrol,Individual,Manual
0.9459459459459438,1180000,0.002329634612973,Petrol,Individual,Manual
0.9189189189189192,770000,0.027536628515846,Diesel,Individual,Manual
0.8918918918918948,500000,0.0135562789562694,Petrol,Individual,Manual
0.8108108108108141,300000,0.0508372111151404,Diesel,Individual,Manual
0.9459459459459438,540000,0.0016941641784468,Petrol,Individual,Manual
0.8108108108108141,325000,0.0423642719881243,Diesel,Individual,Manual
0.7837837837837824,150000,0.0236246725209027,Petrol,Individual,Manual
0.8918918918918948,725000,0.0127089850435678,Diesel,Individual,Manual
0.7567567567567579,340000,0.0381278024246162,Diesel,Individual,Manual
0.8108108108108141,425000,0.0084725154800597,Diesel,Dealer,Manual
0.8108108108108141,425000,0.0097434563491122,Petrol,Dealer,Manual
0.9189189189189192,900000,0.0313494511230033,Diesel,Individual,Manual
0.8108108108108141,350000,0.0678906956960858,Diesel,Dealer,Manual
0.6486486486486527,130000,0.0375770613813602,Petrol,Individual,Manual
0.621621621621621,170000,0.1038964505163409,Diesel,Individual,Manual
0.7027027027027017,307000,0.0423642719881243,Diesel,Individual,Manual
0.6486486486486527,240000,0.0466007415516323,Diesel,Individual,Manual
0.8918918918918948,540000,0.0132173613911888,Petrol,Dealer,Manual
0.8918918918918948,950000,0.0143984891054948,Diesel,Dealer,Manual
0.9189189189189192,700000,0.0089681824189902,Diesel,Dealer,Manual
0.7837837837837824,160000,0.0262656876467936,Petrol,Individual,Manual
0.7837837837837824,350000,0.0466007415516323,Diesel,Individual,Manual
0.9729729729729756,1250000,0.0423642719881243,Diesel,Individual,Manual
0.9729729729729756,800000,0.0105907502618138,Diesel,Individual,Manual
0.6756756756756772,195000,0.0381278024246162,Diesel,Individual,Manual
0.7297297297297334,260000,0.0296548632976001,Diesel,Individual,Manual
0.9189189189189192,610000,0.0059306337419549,Petrol,Individual,Manual
0.6486486486486527,220000,0.0296548632976001,Petrol,Individual,Manual
0.8108108108108141,275000,0.0338913328611081,Petrol,Individual,Manual
0.8108108108108141,625000,0.0381278024246162,Diesel,Individual,Manual
0.7837837837837824,349000,0.0188518659106545,Diesel,Dealer,Manual
0.8918918918918948,440000,0.0139799259126202,Petrol,Individual,Manual
0.8918918918918948,400000,0.0127089850435678,Petrol,Individual,Manual
0.9729729729729756,400000,0.0063542806983057,Petrol,Individual,Manual
0.621621621621621,450000,0.0813397919723985,Diesel,Individual,Manual
0.9459459459459438,700000,0.0127089850435678,Diesel,Individual,Manual
0.8108108108108141,185000,0.0338913328611081,Petrol,Individual,Manual
0.9459459459459438,2475000,0.0008468702657452,Diesel,Dealer,Automatic
1.0,500000,0.0021178111347976,Petrol,Individual,Manual
0.8918918918918948,2000000,0.0288452739640137,Petrol,Trustmark Dealer,Automatic
0.7837837837837824,320000,0.0456793094215693,Diesel,Individual,Manual
0.621621621621621,85000,0.0508372111151404,Diesel,Individual,Manual
0.7297297297297334,200000,0.0338913328611081,LPG,Individual,Manual
0.8648648648648631,411000,0.0105907502618138,Petrol,Individual,Manual
0.7567567567567579,700000,0.0508372111151404,Diesel,Individual,Manual
0.8108108108108141,198000,0.0209701006924085,Petrol,Individual,Manual
0.8108108108108141,500000,0.0127089850435678,Diesel,Individual,Manual
0.8648648648648631,490000,0.025418393734092,Diesel,Individual,Manual
0.8918918918918948,525000,0.0444825067698783,Diesel,Individual,Manual
0.9189189189189192,290000,0.0127089850435678,Petrol,Individual,Manual
0.5945945945945965,150000,0.0338913328611081,Petrol,Individual,Manual
0.9189189189189192,849000,0.0188942306062896,Diesel,Dealer,Manual
0.8648648648648631,300000,0.0360095676428622,LPG,Individual,Manual
0.567567567567572,90000,0.0296548632976001,Petrol,Individual,Manual
0.8378378378378386,380000,0.0148272198253218,Petrol,Individual,Manual
0.8378378378378386,275000,0.1270936632582857,Diesel,Individual,Manual
0.8108108108108141,399000,0.0258420406904428,Diesel,Dealer,Manual
0.621621621621621,65000,0.0508372111151404,Petrol,Individual,Manual
0.9189189189189192,925000,0.0113389107867293,Diesel,Dealer,Manual
0.8378378378378386,500000,0.0347386267738098,Diesel,Individual,Manual
0.2432432432432421,50000,0.0423642719881243,Petrol,Individual,Manual
0.5135135135135158,120000,0.025418393734092,Diesel,Individual,Manual
0.9189189189189192,2750000,0.025418393734092,Diesel,Dealer,Automatic
0.7567567567567579,229999,0.0593101502421566,Diesel,Individual,Manual
0.8648648648648631,950000,0.0804924980596969,Diesel,Individual,Manual
0.8378378378378386,280000,0.0380180778629214,Diesel,Dealer,Manual
0.8648648648648631,400000,0.0542263867659469,Petrol,Individual,Manual
0.5945945945945965,51111,0.0593101502421566,Petrol,Individual,Manual
0.9189189189189192,430000,0.0084725154800597,Petrol,Individual,Automatic
0.9729729729729756,556000,0.0042360459165517,Petrol,Individual,Manual
0.9459459459459438,797000,0.025418393734092,Diesel,Individual,Manual
0.9459459459459438,560000,0.0061403389853485,Petrol,Dealer,Manual
0.6486486486486527,175000,0.0925507613783099,Petrol,Individual,Automatic
0.8378378378378386,800000,0.0084725154800597,Diesel,Individual,Manual
0.8648648648648631,850000,0.023300158952338,Diesel,Individual,Manual
0.7837837837837824,400000,0.0402460372063702,Diesel,Individual,Manual
0.9729729729729756,575000,0.0084725154800597,Petrol,Individual,Manual
0.9189189189189192,775000,0.0156745137380234,Petrol,Dealer,Automatic
0.7837837837837824,350000,0.0305021572103017,Petrol,Individual,Manual
0.621621621621621,180000,0.0385878830192132,Petrol,Dealer,Manual
0.7027027027027017,180000,0.0932019067502211,Diesel,Individual,Manual
0.7027027027027017,200000,0.0466007415516323,Petrol,Individual,Manual
0.8108108108108141,400000,0.0182163954761283,Petrol,Individual,Manual
0.7837837837837824,126000,0.0418982603361384,Diesel,Individual,Manual
0.9729729729729756,380000,0.0021178111347976,Petrol,Individual,Manual
0.4864864864864842,68000,0.0296548632976001,Petrol,Individual,Manual
0.8108108108108141,1580000,0.036433214599213,Diesel,Dealer,Automatic
0.8108108108108141,750000,0.0336066421064404,Diesel,Trustmark Dealer,Manual
0.7567567567567579,275000,0.0677830893691727,Diesel,Individual,Manual
0.9189189189189192,450000,0.0296548632976001,Diesel,Individual,Manual
0.7837837837837824,200000,0.0342590584192206,Petrol,Individual,Manual
0.7837837837837824,280000,0.0338913328611081,Diesel,Individual,Manual
0.7297297297297334,265000,0.0258420406904428,Diesel,Dealer,Manual
0.9189189189189192,889000,0.0105907502618138,Petrol,Individual,Manual
0.8108108108108141,450000,0.0508372111151404,Diesel,Individual,Manual
0.7297297297297334,220000,0.0381278024246162,Petrol,Individual,Manual
0.7567567567567579,409999,0.0338913328611081,Diesel,Individual,Manual
0.9459459459459438,560000,0.0076252215673581,Diesel,Individual,Manual
0.7567567567567579,60000,0.0169454546070759,Petrol,Individual,Manual
0.7297297297297334,311000,0.0398223902500194,Diesel,Individual,Manual
0.7567567567567579,260000,0.0120654653168709,Petrol,Dealer,Manual
0.621621621621621,310000,0.0381278024246162,Diesel,Individual,Manual
0.7837837837837824,200000,0.0381278024246162,Petrol,Individual,Manual
0.5945945945945965,70000,0.0296548632976001,Petrol,Individual,Manual
0.8378378378378386,600000,0.0639702667620154,Diesel,Individual,Manual
0.9189189189189192,300000,0.0084725154800597,Petrol,Individual,Automatic
0.8378378378378386,550000,0.1059113154407453,Diesel,Individual,Manual
0.8378378378378386,730000,0.025418393734092,Diesel,Individual,Manual
0.8648648648648631,610000,0.0169454546070759,Diesel,Individual,Manual
0.7297297297297334,509999,0.0410933311190719,Diesel,Individual,Automatic
0.7837837837837824,200000,0.0508372111151404,Diesel,Individual,Manual
0.7567567567567579,150000,0.0508372111151404,Diesel,Individual,Manual
0.9189189189189192,650000,0.0283839224285477,Diesel,Individual,Manual
0.8378378378378386,500000,0.0466007415516323,Diesel,Individual,Manual
0.8918918918918948,290000,0.0042360459165517,Petrol,Individual,Manual
0.7027027027027017,190000,0.0677830893691727,Petrol,Individual,Manual
0.567567567567572,50000,0.0262656876467936,Petrol,Individual,Manual
0.9189189189189192,2600000,0.0199796141084603,Diesel,Trustmark Dealer,Automatic
1.0,360000,0.027536628515846,Petrol,Individual,Manual
0.9459459459459438,671000,0.0262656876467936,Diesel,Individual,Manual
0.7837837837837824,200000,0.0296548632976001,Diesel,Individual,Manual
0.7837837837837824,400000,0.0423642719881243,Diesel,Individual,Manual
0.8378378378378386,320000,0.0230247884307099,Petrol,Dealer,Manual
0.4864864864864842,45000,0.0580392093731041,Petrol,Individual,Manual
0.8108108108108141,450000,0.0338913328611081,Diesel,Individual,Manual
0.7297297297297334,211000,0.0191242709035881,Petrol,Dealer,Manual
0.6756756756756772,300000,0.0508372111151404,Diesel,Individual,Manual
0.8648648648648631,400000,0.0127089850435678,Petrol,Individual,Automatic
0.7567567567567579,248000,0.0338913328611081,Diesel,Individual,Manual
0.9729729729729756,5150000,0.0084725154800597,Petrol,Dealer,Automatic
0.9729729729729756,650000,0.0084725154800597,Diesel,Individual,Manual
0.6756756756756772,130000,0.0169454546070759,Petrol,Individual,Manual
0.8918918918918948,600000,0.0042360459165517,Petrol,Individual,Manual
0.6756756756756772,500000,0.0758959285832906,Diesel,Individual,Manual
0.8378378378378386,370000,0.0127089850435678,Diesel,Individual,Manual
0.6486486486486527,699000,0.0431475952104169,Diesel,Dealer,Manual
0.8648648648648631,700000,0.0148272198253218,Petrol,Individual,Manual
0.9189189189189192,475000,0.0084725154800597,Petrol,Individual,Manual
0.8378378378378386,400000,0.0042360459165517,Petrol,Individual,Manual
0.8378378378378386,1850000,0.0263660919754488,Petrol,Dealer,Automatic
0.9189189189189192,210000,0.0211819241705839,Petrol,Individual,Manual
0.9729729729729756,5400000,0.0031769285256747,Diesel,Dealer,Automatic
0.9459459459459438,844999,0.0084725154800597,Diesel,Individual,Manual
0.9729729729729756,2700000,0.0042360459165517,Diesel,Individual,Automatic
0.9189189189189192,290000,0.0169454546070759,Diesel,Individual,Manual
0.7837837837837824,450000,0.0508372111151404,Diesel,Individual,Manual
0.8648648648648631,434999,0.0169454546070759,Petrol,Dealer,Manual
0.9189189189189192,619000,0.0169454546070759,Petrol,Individual,Manual
0.9189189189189192,315000,0.0067779276546565,Petrol,Individual,Manual
0.621621621621621,90000,0.0423642719881243,Petrol,Individual,Manual
0.9189189189189192,300000,0.0114380441745154,Petrol,Individual,Manual
0.8108108108108141,1580000,0.036433214599213,Diesel,Dealer,Automatic
0.8648648648648631,400000,0.0177927485197775,Diesel,Individual,Manual
0.8108108108108141,1300000,0.0247829232995658,Diesel,Dealer,Automatic
0.9189189189189192,850000,0.0211819241705839,Diesel,Individual,Automatic
0.9189189189189192,620000,0.0127089850435678,Diesel,Individual,Manual
0.8648648648648631,2700000,0.0444825067698783,Diesel,Dealer,Automatic
0.7837837837837824,95000,0.0088021128121007,Petrol,Dealer,Manual
0.9189189189189192,610000,0.0169454546070759,Petrol,Individual,Manual
0.8918918918918948,500000,0.0173691015634267,Petrol,Individual,Manual
0.7027027027027017,175000,0.0283839224285477,Petrol,Individual,Manual
0.8918918918918948,969999,0.0296548632976001,Diesel,Individual,Automatic
0.7837837837837824,500000,0.0423642719881243,Diesel,Individual,Manual
0.7567567567567579,340000,0.0423642719881243,Diesel,Individual,Manual
0.8378378378378386,500000,0.025418393734092,Petrol,Individual,Manual
0.7837837837837824,450000,0.0194873363451807,Diesel,Individual,Manual
0.8918918918918948,1950000,0.0203346302578823,Diesel,Dealer,Automatic
0.8108108108108141,550000,0.0423642719881243,Diesel,Individual,Manual
0.7837837837837824,300000,0.0783742632779429,Diesel,Individual,Manual
0.9729729729729756,1575000,0.0084725154800597,Diesel,Individual,Automatic
0.8378378378378386,350000,0.0508372111151404,Diesel,Individual,Manual
0.8108108108108141,360000,0.0338913328611081,Diesel,Individual,Manual
0.8648648648648631,600000,0.0169454546070759,Diesel,Individual,Manual
1.0,1050000,0.0042360459165517,Diesel,Individual,Manual
0.8648648648648631,500000,0.0296548632976001,Diesel,Individual,Manual
0.9459459459459438,500000,0.0042360459165517,Petrol,Individual,Manual
0.7027027027027017,78000,0.0508372111151404,Petrol,Individual,Manual
0.6486486486486527,300000,0.0466007415516323,Petrol,Individual,Manual
0.9729729729729756,1000000,0.0063542806983057,Petrol,Individual,Manual
0.9729729729729756,975000,0.0127089850435678,Diesel,Individual,Manual
0.9189189189189192,570000,0.0148272198253218,Petrol,Individual,Manual
0.8648648648648631,240000,0.025418393734092,Petrol,Individual,Manual
0.8918918918918948,600000,0.025418393734092,Diesel,Individual,Manual
0.9459459459459438,229999,0.0127089850435678,Petrol,Individual,Manual
0.8108108108108141,450000,0.0283839224285477,Diesel,Dealer,Manual
0.9459459459459438,310000,0.0063542806983057,Petrol,Individual,Manual
0.621621621621621,80000,0.0381278024246162,Petrol,Individual,Manual
0.8108108108108141,750000,0.0338913328611081,Diesel,Individual,Manual
0.8648648648648631,470000,0.0618520319802614,Diesel,Dealer,Manual
0.8648648648648631,390000,0.0381278024246162,Petrol,Individual,Manual
0.6756756756756772,135000,0.0169454546070759,Petrol,Individual,Manual
0.8378378378378386,455000,0.0179249263701589,Diesel,Dealer,Manual
0.8648648648648631,850000,0.0105907502618138,Petrol,Individual,Manual
0.8108108108108141,550000,0.027536628515846,Diesel,Dealer,Manual
0.8918918918918948,210000,0.0127089850435678,Petrol,Individual,Manual
0.7837837837837824,120000,0.025418393734092,Diesel,Individual,Manual
0.7837837837837824,434999,0.0241474528650396,Petrol,Dealer,Manual
0.9729729729729756,459999,0.0148272198253218,CNG,Individual,Manual
0.7567567567567579,350000,0.0338913328611081,Diesel,Individual,Manual
1.0,537000,0.0021178111347976,Petrol,Individual,Manual
0.9729729729729756,2000000,0.0105301687470556,Petrol,Dealer,Automatic
0.7297297297297334,210000,0.0466007415516323,Petrol,Individual,Manual
0.7567567567567579,390000,0.0381278024246162,Diesel,Individual,Manual
0.9189189189189192,860000,0.0131326319999186,Diesel,Dealer,Automatic
0.9459459459459438,3800000,0.0042360459165517,Diesel,Dealer,Automatic
0.8378378378378386,620000,0.062699325892963,Diesel,Individual,Manual
0.7567567567567579,250000,0.0233552330566636,Diesel,Dealer,Manual
0.8648648648648631,525000,0.0423642719881243,Diesel,Individual,Manual
0.621621621621621,52000,0.0508372111151404,Petrol,Individual,Manual
0.7837837837837824,300000,0.0296548632976001,Diesel,Individual,Manual
0.8378378378378386,480000,0.0338913328611081,Diesel,Individual,Manual
0.9459459459459438,780000,0.0491426232897372,Diesel,Individual,Manual
0.4864864864864842,62000,0.0296548632976001,Petrol,Individual,Manual
0.8918918918918948,299000,0.0211819241705839,Diesel,Individual,Manual
0.7567567567567579,200000,0.0466007415516323,LPG,Individual,Manual
0.7297297297297334,220000,0.0169454546070759,Petrol,Individual,Manual
0.7027027027027017,165000,0.0321967450357049,Petrol,Individual,Manual
0.9189189189189192,200000,0.0127089850435678,Petrol,Individual,Manual
0.7837837837837824,158000,0.0466007415516323,Diesel,Individual,Manual
0.9189189189189192,600000,0.0197021253520506,Diesel,Trustmark Dealer,Manual
0.621621621621621,100000,0.025418393734092,Petrol,Dealer,Manual
0.6486486486486527,250000,0.0635466198056646,Diesel,Individual,Manual
0.9189189189189192,480000,0.0080488685237089,Petrol,Dealer,Manual
0.8108108108108141,450000,0.0101751525976336,Diesel,Individual,Manual
0.8108108108108141,415000,0.0233586222323144,Petrol,Dealer,Manual
0.9459459459459438,650000,0.0093198093927613,Petrol,Individual,Manual
0.9729729729729756,5150000,0.0084725154800597,Petrol,Dealer,Automatic
0.8108108108108141,225000,0.0247164107274187,Petrol,Trustmark Dealer,Manual
0.8378378378378386,575000,0.0381278024246162,Diesel,Individual,Manual
0.8648648648648631,320000,0.0169454546070759,Petrol,Individual,Manual
0.7567567567567579,180000,0.0296548632976001,Petrol,Individual,Manual
0.5135135135135158,81000,0.0682067363255235,Petrol,Individual,Manual
0.9459459459459438,950000,0.0169454546070759,Diesel,Individual,Manual
0.8378378378378386,350000,0.0182163954761283,Petrol,Dealer,Manual
0.9459459459459438,465000,0.0127089850435678,Petrol,Individual,Manual
0.7837837837837824,150000,0.0728668528453824,Diesel,Individual,Manual
0.7567567567567579,150000,0.0169454546070759,Petrol,Individual,Manual
0.8648648648648631,1750000,0.0540751448025296,Diesel,Dealer,Automatic
0.621621621621621,120000,0.0296548632976001,Petrol,Individual,Manual
0.9459459459459438,740000,0.0164442802577129,Diesel,Dealer,Manual
0.7567567567567579,350000,0.0974383763137292,Diesel,Individual,Manual
0.8108108108108141,225000,0.0247164107274187,Petrol,Trustmark Dealer,Manual
0.8918918918918948,535000,0.022283406257096,Diesel,Individual,Manual
0.8648648648648631,550000,0.0872708493613098,Diesel,Dealer,Manual
0.5945945945945965,150000,0.0423642719881243,Diesel,Individual,Manual
0.7837837837837824,550000,0.0283839224285477,Diesel,Individual,Manual
0.6756756756756772,175000,0.0123586290106657,Petrol,Dealer,Manual
0.9729729729729756,850000,0.0042360459165517,Diesel,Individual,Manual
0.7567567567567579,220000,0.0656648545874187,Diesel,Individual,Manual
0.9459459459459438,950000,0.0127089850435678,Diesel,Individual,Manual
0.8918918918918948,5500000,0.0327686684267785,Diesel,Dealer,Automatic
0.8108108108108141,250000,0.0199109833015315,Diesel,Individual,Manual
0.9459459459459438,1250000,0.0050833398292533,Diesel,Individual,Manual
0.8108108108108141,675000,0.0309258041666525,Diesel,Dealer,Manual
0.7297297297297334,200000,0.0114380441745154,Petrol,Individual,Manual
0.8918918918918948,315000,0.0063542806983057,Petrol,Dealer,Manual
0.7837837837837824,254999,0.0127089850435678,Petrol,Individual,Manual
0.9729729729729756,3800000,0.0084725154800597,Diesel,Individual,Automatic
0.8648648648648631,445000,0.017030183998346,Diesel,Dealer,Manual
0.7567567567567579,320000,0.0326203919920557,Diesel,Individual,Manual
0.9189189189189192,1125000,0.0444825067698783,Diesel,Individual,Manual
0.7567567567567579,350000,0.0423642719881243,Diesel,Individual,Manual
0.7567567567567579,250000,0.0296548632976001,Petrol,Individual,Manual
0.8378378378378386,450000,0.061640208502086,Diesel,Individual,Manual
0.9459459459459438,3800000,0.0042360459165517,Diesel,Dealer,Automatic
0.9189189189189192,450000,0.0377041554682654,Diesel,Individual,Manual
0.9729729729729756,1000000,0.025418393734092,Diesel,Individual,Manual
0.8108108108108141,240000,0.0042360459165517,Petrol,Individual,Manual
0.9189189189189192,360000,0.0105907502618138,Petrol,Individual,Manual
0.8108108108108141,190000,0.0296548632976001,Petrol,Individual,Manual
0.8108108108108141,250000,0.0105907502618138,Diesel,Individual,Manual
0.8378378378378386,560000,0.0381278024246162,Diesel,Individual,Manual
0.8918918918918948,765000,0.0423642719881243,Diesel,Individual,Manual
0.8918918918918948,380000,0.0063542806983057,Petrol,Individual,Manual
0.8648648648648631,1100000,0.0326203919920557,Diesel,Individual,Automatic
0.8108108108108141,345000,0.0186400424324791,Petrol,Dealer,Manual
0.7837837837837824,190000,0.027536628515846,Petrol,Individual,Manual
0.8648648648648631,420000,0.0440588598135275,Diesel,Individual,Manual
0.9729729729729756,366000,0.0063542806983057,Petrol,Individual,Manual
0.8918918918918948,210000,0.025418393734092,Petrol,Individual,Manual
0.7837837837837824,150000,0.0321967450357049,Petrol,Individual,Manual
0.9459459459459438,740000,0.0164442802577129,Diesel,Dealer,Manual
0.7027027027027017,150000,0.0317730980793541,Petrol,Individual,Manual
1.0,500000,0.0169454546070759,Petrol,Individual,Manual
1.0,370000,0.0067779276546565,CNG,Individual,Manual
0.7837837837837824,950000,0.0338913328611081,Diesel,Individual,Manual
0.9459459459459438,340000,0.0508372111151404,Petrol,Individual,Manual
0.8378378378378386,535000,0.0338913328611081,Diesel,Individual,Manual
0.9729729729729756,5400000,0.0031769285256747,Diesel,Dealer,Automatic
0.6756756756756772,650000,0.0317730980793541,Petrol,Individual,Manual
0.7837837837837824,500000,0.0381278024246162,Diesel,Individual,Manual
0.621621621621621,500000,0.0317730980793541,Diesel,Individual,Manual
0.6486486486486527,750000,0.025418393734092,Diesel,Individual,Automatic
0.9729729729729756,1090000,0.0069897511328319,Petrol,Dealer,Manual
0.8378378378378386,200000,0.0338913328611081,Petrol,Individual,Manual
0.8378378378378386,800000,0.0063542806983057,Diesel,Individual,Manual
0.8378378378378386,650000,0.0923546128375195,Diesel,Individual,Manual
0.9459459459459438,1050000,0.0296548632976001,Diesel,Individual,Manual
0.9189189189189192,775000,0.0317730980793541,Diesel,Individual,Manual
0.7567567567567579,150000,0.0169454546070759,Petrol,Individual,Manual
0.6486486486486527,80000,0.025418393734092,Petrol,Individual,Manual
0.9459459459459438,730000,0.0131326319999186,Petrol,Dealer,Automatic
0.7837837837837824,360000,0.0296548632976001,Diesel,Individual,Manual
0.7837837837837824,295000,0.0593101502421566,Diesel,Individual,Manual
0.7837837837837824,490000,0.0423642719881243,Diesel,Individual,Manual
0.7297297297297334,409999,0.0466007415516323,Petrol,Individual,Automatic
0.9459459459459438,780000,0.0136045747092934,Diesel,Dealer,Manual
0.7297297297297334,400000,0.0783742632779429,Diesel,Individual,Manual
0.9189189189189192,1200000,0.0169454546070759,Diesel,Individual,Manual
0.8378378378378386,204999,0.0105907502618138,Petrol,Individual,Manual
0.9729729729729756,5150000,0.0084725154800597,Petrol,Dealer,Automatic
0.9189189189189192,699000,0.025418393734092,Diesel,Individual,Manual
0.7027027027027017,300000,0.0211819241705839,Petrol,Individual,Manual
0.8918918918918948,645000,0.0046596928729025,Petrol,Dealer,Automatic
0.8378378378378386,300000,0.0635466198056646,Diesel,Individual,Manual
0.6486486486486527,120000,0.0571919154604025,Diesel,Individual,Manual
0.8378378378378386,475000,0.0508372111151404,Diesel,Individual,Manual
0.8918918918918948,600000,0.0199109833015315,Diesel,Individual,Manual
0.9729729729729756,670000,0.0072015746110073,Petrol,Individual,Manual
0.9189189189189192,1025000,0.0160981606943743,Diesel,Dealer,Manual
0.7567567567567579,170000,0.0296548632976001,Petrol,Individual,Manual
0.8648648648648631,430000,0.084728967623205,Diesel,Individual,Manual
0.9189189189189192,600000,0.0103882470166781,Petrol,Dealer,Manual
0.9459459459459438,2700000,0.0105907502618138,Diesel,Individual,Automatic
0.7567567567567579,495000,0.0508372111151404,Diesel,Individual,Manual
0.9459459459459438,3900000,0.0072439393066424,Diesel,Dealer,Automatic
0.9189189189189192,570000,0.0216055711269347,Diesel,Individual,Manual
0.9189189189189192,1251000,0.0148272198253218,Diesel,Individual,Manual
0.9459459459459438,595000,0.0118616911308662,Petrol,Individual,Manual
0.621621621621621,115999,0.0423642719881243,Diesel,Individual,Manual
0.567567567567572,50000,0.0076252215673581,Petrol,Individual,Manual
0.7297297297297334,150000,0.0296548632976001,LPG,Individual,Manual
0.9189189189189192,850000,0.0182163954761283,Diesel,Individual,Manual
0.9189189189189192,700000,0.0127089850435678,Petrol,Individual,Manual
0.9189189189189192,350000,0.0169454546070759,Petrol,Individual,Manual
0.8918918918918948,710000,0.0300785102539509,Diesel,Individual,Manual
0.7567567567567579,250000,0.0211819241705839,Diesel,Individual,Manual
0.8378378378378386,220000,0.0211819241705839,Diesel,Individual,Manual
0.7297297297297334,16000,0.0139799259126202,Petrol,Individual,Manual
0.7027027027027017,150000,0.0317730980793541,Petrol,Individual,Manual
0.7567567567567579,120000,0.0296548632976001,Diesel,Individual,Manual
0.9459459459459438,1745000,0.0042360459165517,Diesel,Individual,Automatic
0.5945945945945965,95000,0.0529554458968945,Petrol,Individual,Manual
0.9189189189189192,450000,0.0338913328611081,Diesel,Individual,Manual
0.7837837837837824,500000,0.0508372111151404,Diesel,Individual,Manual
0.9729729729729756,490000,0.0042360459165517,Petrol,Individual,Manual
0.9189189189189192,600000,0.0105907502618138,Petrol,Individual,Manual
0.8918918918918948,550000,0.0097434563491122,Petrol,Dealer,Manual
0.9189189189189192,600000,0.0197021253520506,Diesel,Trustmark Dealer,Manual
0.9189189189189192,585000,0.0381278024246162,Diesel,Individual,Manual
1.0,1950000,0.0011434231351908,Diesel,Dealer,Automatic
0.8648648648648631,400000,0.0211819241705839,Petrol,Individual,Manual
0.8648648648648631,515000,0.0127089850435678,Petrol,Individual,Manual
0.8378378378378386,220000,0.0338913328611081,Petrol,Individual,Manual
0.4324324324324351,40000,0.0211819241705839,Petrol,Individual,Manual
0.7837837837837824,120000,0.0296548632976001,Petrol,Individual,Manual
0.9189189189189192,450000,0.0238466635260305,Diesel,Dealer,Manual
0.7027027027027017,475000,0.0508372111151404,Diesel,Individual,Manual
0.9189189189189192,275000,0.0118616911308662,Petrol,Individual,Manual
0.6756756756756772,110000,0.0338913328611081,Petrol,Individual,Manual
0.7837837837837824,190000,0.0508372111151404,Diesel,Individual,Manual
0.7837837837837824,450000,0.0152932314773077,Petrol,Dealer,Manual
0.8918918918918948,370000,0.0381278024246162,Diesel,Individual,Manual
0.8378378378378386,600000,0.0491426232897372,Diesel,Individual,Manual
0.8918918918918948,1800000,0.0533790928532453,Diesel,Dealer,Automatic
0.9459459459459438,1575000,0.0127089850435678,Diesel,Individual,Manual
0.8378378378378386,420000,0.0296548632976001,Diesel,Individual,Manual
0.7837837837837824,330000,0.025418393734092,Diesel,Individual,Manual
0.7027027027027017,220000,0.0105907502618138,Petrol,Individual,Manual
0.8108108108108141,270000,0.0221902039266989,Diesel,Dealer,Manual
0.7567567567567579,125000,0.0508372111151404,Diesel,Individual,Manual
0.567567567567572,70000,0.0381278024246162,Petrol,Individual,Manual
0.7837837837837824,500000,0.0357922367542542,Diesel,Individual,Manual
0.9459459459459438,380000,0.0093854746709957,Petrol,Individual,Manual
0.9189189189189192,380000,0.0127089850435678,Petrol,Individual,Manual
0.9459459459459438,610000,0.0063542806983057,Petrol,Individual,Manual
0.8918918918918948,745000,0.0283839224285477,Diesel,Individual,Manual
0.8648648648648631,520000,0.0466007415516323,Diesel,Individual,Manual
0.7297297297297334,222000,0.0296548632976001,Petrol,Individual,Manual
0.8648648648648631,325000,0.0150390433034972,CNG,Dealer,Manual
0.7297297297297334,150000,0.0165218076507251,Petrol,Individual,Manual
0.7837837837837824,735000,0.0234272530392432,Diesel,Dealer,Automatic
0.6486486486486527,160000,0.0550736806786485,Diesel,Individual,Manual
0.6756756756756772,105000,0.0127089850435678,Petrol,Individual,Manual
0.8918918918918948,60000,0.0105907502618138,Petrol,Individual,Manual
0.8918918918918948,390000,0.0257683261200378,Petrol,Dealer,Manual
0.7297297297297334,285000,0.1122660197860074,Diesel,Individual,Manual
0.8648648648648631,750000,0.0194763215243156,Diesel,Trustmark Dealer,Manual
0.7027027027027017,290000,0.0508372111151404,Petrol,Individual,Manual
0.8918918918918948,670000,0.0030091643309597,Petrol,Trustmark Dealer,Manual
0.9729729729729756,500000,0.0063542806983057,Petrol,Individual,Manual
0.8378378378378386,620000,0.0466007415516323,Diesel,Individual,Manual
0.6756756756756772,225000,0.0508372111151404,Diesel,Individual,Manual
0.8648648648648631,484999,0.0234611447957513,Petrol,Dealer,Manual
0.6756756756756772,320000,0.0744775585734281,Diesel,Individual,Manual
0.621621621621621,160000,0.0381278024246162,Petrol,Individual,Manual
0.7837837837837824,550000,0.0508372111151404,Petrol,Individual,Manual
0.7027027027027017,270000,0.0117062126978854,Petrol,Individual,Manual
0.9729729729729756,650000,0.0063542806983057,Diesel,Individual,Manual
0.7837837837837824,290000,0.0338913328611081,Diesel,Individual,Manual
0.8918918918918948,550000,0.0338913328611081,Diesel,Individual,Manual
0.8108108108108141,1600000,0.0571919154604025,Diesel,Individual,Automatic
0.9459459459459438,1575000,0.0042360459165517,Petrol,Individual,Automatic
0.8378378378378386,430000,0.0338913328611081,Diesel,Individual,Manual
0.4324324324324351,70000,0.0296548632976001,Petrol,Individual,Manual
0.7567567567567579,590000,0.0338913328611081,Diesel,Individual,Manual
1.0,919999,0.0084725154800597,Petrol,Individual,Manual
0.9729729729729756,715000,0.0033887520038501,Petrol,Individual,Manual
0.9459459459459438,430000,0.0021178111347976,Petrol,Individual,Manual
0.8648648648648631,409999,0.0393987432936686,Petrol,Individual,Manual
0.6486486486486527,170000,0.0508372111151404,Diesel,Individual,Manual
0.8918918918918948,640000,0.0296548632976001,Diesel,Individual,Manual
0.9189189189189192,470000,0.0127089850435678,Petrol,Individual,Manual
0.8108108108108141,420000,0.0292312163412493,Diesel,Individual,Manual
0.9729729729729756,4950000,0.0127089850435678,Diesel,Dealer,Automatic
0.9189189189189192,1625000,0.0228765119959872,Diesel,Individual,Manual
0.9459459459459438,740000,0.0164442802577129,Diesel,Dealer,Manual
0.9459459459459438,3200000,0.0148272198253218,Diesel,Individual,Automatic
0.6486486486486527,65000,0.0508372111151404,Diesel,Individual,Manual
0.8918918918918948,1100000,0.0423642719881243,Diesel,Individual,Manual
0.8918918918918948,850000,0.0508372111151404,Diesel,Individual,Manual
0.9729729729729756,509999,0.0021178111347976,Petrol,Individual,Manual
0.8648648648648631,229999,0.014403572868971,Petrol,Individual,Manual
0.9459459459459438,600000,0.0295612373202465,Petrol,Dealer,Automatic
0.8108108108108141,225000,0.0247164107274187,Petrol,Trustmark Dealer,Manual
0.9729729729729756,1100000,0.0127089850435678,Diesel,Individual,Manual
0.8108108108108141,750000,0.0177876647563013,Diesel,Dealer,Manual
0.8108108108108141,500000,0.0389750963373178,Diesel,Individual,Manual
0.7027027027027017,100000,0.0804924980596969,Diesel,Individual,Manual
1.0,619000,0.0006350467875698,Petrol,Individual,Manual
0.4054054054054035,68000,0.0466007415516323,Petrol,Individual,Manual
0.8918918918918948,450000,0.0423642719881243,Diesel,Individual,Manual
0.8378378378378386,600000,0.0338913328611081,Petrol,Individual,Automatic
0.9459459459459438,515000,0.0021178111347976,Diesel,Individual,Manual
0.9189189189189192,350000,0.0032438647447781,Petrol,Dealer,Automatic
0.8378378378378386,254999,0.0127089850435678,Diesel,Individual,Manual
0.7837837837837824,140000,0.0296548632976001,Diesel,Individual,Manual
0.8378378378378386,1100000,0.0334676859047573,Diesel,Individual,Manual
0.8378378378378386,190000,0.025418393734092,Petrol,Individual,Manual
0.6486486486486527,100000,0.0381278024246162,Petrol,Individual,Manual
0.8378378378378386,365000,0.0148272198253218,Petrol,Dealer,Manual
0.5945945945945965,120000,0.0508372111151404,Diesel,Individual,Manual
0.8648648648648631,300000,0.025418393734092,Diesel,Individual,Manual
0.8918918918918948,580000,0.0643939137183662,Diesel,Individual,Manual
0.9189189189189192,600000,0.0381278024246162,Diesel,Individual,Manual
0.8108108108108141,250000,0.0381278024246162,Diesel,Individual,Manual
0.6486486486486527,96000,0.0741377937144348,LPG,Individual,Manual
0.8918918918918948,480000,0.0296548632976001,Petrol,Individual,Manual
0.9729729729729756,350000,0.0063542806983057,Petrol,Individual,Manual
0.7027027027027017,120000,0.0508372111151404,Petrol,Individual,Manual
0.8648648648648631,225000,0.0338913328611081,Petrol,Individual,Manual
0.9459459459459438,690000,0.0169454546070759,Petrol,Individual,Manual
0.7837837837837824,1800000,0.0211819241705839,Diesel,Individual,Automatic
0.9189189189189192,500000,0.01122622069634,Petrol,Individual,Manual
0.8648648648648631,220000,0.0169454546070759,Petrol,Individual,Manual
0.9729729729729756,990000,0.0083030566975194,Diesel,Individual,Manual
0.9459459459459438,575000,0.0063542806983057,Petrol,Individual,Automatic
0.7567567567567579,150000,0.0169454546070759,Petrol,Individual,Manual
0.7837837837837824,285000,0.0314765452099085,Diesel,Dealer,Manual
0.7297297297297334,150000,0.0381278024246162,Petrol,Individual,Manual
0.6756756756756772,200000,0.0466007415516323,Diesel,Individual,Manual
0.7567567567567579,441000,0.0296548632976001,Diesel,Individual,Manual
0.8378378378378386,375000,0.0466007415516323,Diesel,Individual,Manual
0.7027027027027017,135000,0.0211819241705839,Petrol,Individual,Manual
0.6756756756756772,110000,0.0248388446978041,LPG,Dealer,Manual
0.9189189189189192,2625000,0.0038123989602009,Diesel,Dealer,Automatic
0.9189189189189192,325000,0.0078370450455335,Petrol,Dealer,Manual
0.8648648648648631,150000,0.023300158952338,Diesel,Individual,Manual
0.8918918918918948,240000,0.0148272198253218,Petrol,Individual,Manual
0.8378378378378386,225000,0.0508372111151404,Diesel,Individual,Manual
0.5945945945945965,150000,0.0508372111151404,Petrol,Individual,Manual
0.8648648648648631,400000,0.0261343570903249,Petrol,Dealer,Manual
0.7567567567567579,450000,0.0338913328611081,Petrol,Individual,Manual
0.7297297297297334,100000,0.0508372111151404,Diesel,Individual,Manual
0.8108108108108141,200000,0.0508372111151404,Petrol,Individual,Manual
0.9189189189189192,425000,0.0152508667816726,Diesel,Dealer,Manual
0.7567567567567579,175000,0.025418393734092,Petrol,Individual,Manual
0.8378378378378386,300000,0.0338913328611081,Diesel,Individual,Manual
0.9729729729729756,400000,0.0021178111347976,Petrol,Individual,Manual
0.8108108108108141,750000,0.0336066421064404,Diesel,Trustmark Dealer,Manual
0.7567567567567579,204999,0.0413051545972473,Petrol,Individual,Manual
0.9189189189189192,440000,0.0190636893888299,Petrol,Individual,Manual
0.8378378378378386,400000,0.0466007415516323,Diesel,Individual,Manual
0.4594594594594596,75000,0.0381278024246162,Diesel,Individual,Manual
0.8108108108108141,235000,0.0169454546070759,Petrol,Individual,Manual
0.8378378378378386,210000,0.0296548632976001,Petrol,Individual,Manual
0.8648648648648631,210000,0.0105907502618138,Petrol,Individual,Manual
0.9729729729729756,5800000,0.0088961624364105,Diesel,Dealer,Automatic
0.8648648648648631,400000,0.025418393734092,Petrol,Dealer,Manual
0.7567567567567579,220000,0.0169454546070759,Petrol,Individual,Manual
0.8378378378378386,1485000,0.0203346302578823,Diesel,Dealer,Automatic
0.8378378378378386,484999,0.0228765119959872,Diesel,Dealer,Manual
0.8918918918918948,509999,0.0148272198253218,Petrol,Individual,Manual
0.6486486486486527,60000,0.0296548632976001,Petrol,Individual,Manual
0.567567567567572,80000,0.025418393734092,Petrol,Individual,Manual
0.5945945945945965,71000,0.0093198093927613,Petrol,Individual,Manual
0.8378378378378386,550000,0.0162701613586527,Diesel,Dealer,Manual
0.7837837837837824,325000,0.0508372111151404,Diesel,Individual,Manual
0.8108108108108141,250000,0.0762560284961888,Diesel,Individual,Manual
0.8648648648648631,380000,0.0169454546070759,Petrol,Individual,Manual
0.9459459459459438,650000,0.0169454546070759,Diesel,Dealer,Manual
0.8378378378378386,375000,0.0321967450357049,Diesel,Individual,Manual
0.7027027027027017,300000,0.025418393734092,Petrol,Individual,Manual
0.9459459459459438,750000,0.0296548632976001,Diesel,Individual,Manual
0.7297297297297334,200000,0.0296548632976001,Petrol,Individual,Manual
0.7567567567567579,210000,0.0423642719881243,Diesel,Individual,Manual
0.621621621621621,650000,0.0169454546070759,Petrol,Individual,Manual
0.7297297297297334,600000,0.0423642719881243,Diesel,Individual,Manual
0.9459459459459438,509999,0.0021178111347976,Petrol,Individual,Manual
0.7837837837837824,361000,0.0381278024246162,Diesel,Individual,Manual
0.7837837837837824,450000,0.0180702372761873,Diesel,Individual,Manual
0.7837837837837824,950000,0.0338913328611081,Diesel,Individual,Manual
0.8918918918918948,840000,0.0296548632976001,Diesel,Individual,Manual
0.8918918918918948,625000,0.0338913328611081,Diesel,Individual,Manual
0.9459459459459438,270000,0.0080488685237089,Petrol,Individual,Manual
0.8918918918918948,540000,0.0160981606943743,Petrol,Individual,Manual
0.9189189189189192,600000,0.0211819241705839,Diesel,Individual,Manual
0.9459459459459438,830000,0.0021178111347976,Petrol,Individual,Automatic
0.5945945945945965,80000,0.010167103305463,Petrol,Individual,Manual
0.7297297297297334,350000,0.0248015637656452,Petrol,Dealer,Manual
0.8108108108108141,220000,0.0423642719881243,Diesel,Individual,Manual
0.8918918918918948,1300000,0.0296548632976001,Diesel,Individual,Manual
0.7297297297297334,110000,0.0372805085119146,Petrol,Individual,Manual
0.8648648648648631,280000,0.0063542806983057,Petrol,Individual,Manual
0.8108108108108141,1300000,0.0247829232995658,Diesel,Dealer,Automatic
1.0,550000,0.0021178111347976,Petrol,Individual,Manual
0.7837837837837824,300000,0.0169454546070759,Diesel,Individual,Manual
0.7837837837837824,250000,0.0466007415516323,Diesel,Individual,Manual
0.8378378378378386,725000,0.0597337971985074,Diesel,Individual,Manual
0.4864864864864842,45000,0.025418393734092,Petrol,Individual,Manual
0.7837837837837824,180000,0.025418393734092,Petrol,Individual,Manual
0.8648648648648631,530000,0.0334676859047573,Diesel,Individual,Manual
0.8648648648648631,280000,0.0110711659103156,Petrol,Dealer,Manual
0.8648648648648631,500000,0.0148272198253218,Petrol,Individual,Manual
0.9189189189189192,641000,0.0105907502618138,Petrol,Individual,Manual
0.7837837837837824,450000,0.0508372111151404,Diesel,Individual,Manual
0.7837837837837824,400000,0.0508372111151404,Diesel,Individual,Manual
0.7837837837837824,250000,0.0508372111151404,Diesel,Individual,Manual
0.7567567567567579,300000,0.0466007415516323,Diesel,Individual,Manual
0.8918918918918948,650000,0.0360095676428622,Diesel,Dealer,Manual
0.8378378378378386,725000,0.0381278024246162,Diesel,Individual,Manual
0.7567567567567579,235000,0.025418393734092,Petrol,Individual,Manual
0.8918918918918948,1249000,0.025418393734092,Diesel,Individual,Manual
0.7567567567567579,900000,0.0508372111151404,Diesel,Individual,Manual
0.8378378378378386,411000,0.0381278024246162,Diesel,Individual,Automatic
0.9189189189189192,605000,0.0538027398095961,Diesel,Individual,Manual
0.6756756756756772,221000,0.0148306090009726,Petrol,Dealer,Manual
0.9459459459459438,3250000,0.0050833398292533,Diesel,Individual,Automatic
0.8378378378378386,455000,0.0179249263701589,Diesel,Dealer,Manual
0.9189189189189192,500000,0.0084725154800597,Petrol,Individual,Manual
0.7837837837837824,1450000,0.0377041554682654,Diesel,Dealer,Automatic
0.8378378378378386,550000,0.0182210555926481,Petrol,Dealer,Manual
0.9459459459459438,1575000,0.0127089850435678,Diesel,Individual,Manual
0.8918918918918948,500000,0.0838816737105034,Diesel,Individual,Manual
0.7027027027027017,229999,0.025418393734092,Petrol,Individual,Manual
0.9189189189189192,1050000,0.0296548632976001,Diesel,Dealer,Manual
0.8918918918918948,650000,0.025418393734092,Diesel,Individual,Manual
0.8378378378378386,465000,0.0296548632976001,Diesel,Dealer,Manual
0.9189189189189192,725000,0.0321967450357049,Diesel,Dealer,Manual
0.8648648648648631,500000,0.0169454546070759,Petrol,Individual,Manual
0.7567567567567579,290000,0.0349504502519852,Diesel,Individual,Manual
0.9189189189189192,5850000,0.0199109833015315,Diesel,Dealer,Automatic
0.8918918918918948,160000,0.0211819241705839,Petrol,Individual,Manual
0.8918918918918948,600000,0.0105907502618138,Petrol,Individual,Manual
0.8648648648648631,40000,0.002838010960594,Petrol,Individual,Manual
0.7567567567567579,165000,0.0381278024246162,Petrol,Individual,Manual
0.7837837837837824,560000,0.0249947467777412,Petrol,Individual,Manual
0.8108108108108141,350000,0.0381278024246162,Petrol,Individual,Manual
0.8918918918918948,285000,0.0317730980793541,Petrol,Individual,Manual
0.8918918918918948,600000,0.0338913328611081,Diesel,Individual,Manual
0.8378378378378386,335000,0.0139939062621798,Petrol,Dealer,Manual
0.9189189189189192,250000,0.0194873363451807,Petrol,Individual,Manual
0.8108108108108141,360000,0.0410933311190719,Diesel,Individual,Manual
0.9189189189189192,509999,0.0105907502618138,Diesel,Individual,Manual
0.8918918918918948,50000,0.0131326319999186,Petrol,Individual,Manual
0.621621621621621,210000,0.0508372111151404,Diesel,Individual,Manual
0.8378378378378386,480000,0.0427879189444751,Diesel,Dealer,Manual
0.8648648648648631,570000,0.0305021572103017,Diesel,Individual,Manual
0.7837837837837824,200000,0.0381278024246162,Diesel,Individual,Manual
0.8648648648648631,450000,0.0182977356917476,Petrol,Dealer,Manual
0.7027027027027017,45000,0.0423642719881243,Diesel,Individual,Manual
0.9189189189189192,390000,0.0127089850435678,Petrol,Individual,Manual
0.8378378378378386,525000,0.0330440389484065,Diesel,Dealer,Manual
0.8918918918918948,500000,0.0127089850435678,Petrol,Individual,Manual
0.8648648648648631,450000,0.0127089850435678,Petrol,Individual,Manual
0.8108108108108141,750000,0.0466007415516323,Diesel,Individual,Manual
0.8648648648648631,800000,0.0063542806983057,Diesel,Individual,Manual
0.8648648648648631,1000000,0.0015247053959065,Diesel,Dealer,Manual
0.7837837837837824,160000,0.0211819241705839,Diesel,Individual,Manual
0.9189189189189192,650000,0.0169454546070759,Diesel,Individual,Manual
0.8378378378378386,495000,0.0381278024246162,Diesel,Individual,Manual
0.8108108108108141,445000,0.0369352362424887,Diesel,Individual,Manual
0.8378378378378386,440000,0.0194873363451807,Petrol,Dealer,Automatic
0.5945945945945965,160000,0.0932019067502211,Diesel,Individual,Manual
0.8108108108108141,550000,0.0163099841725497,Diesel,Individual,Manual
0.7837837837837824,2050000,0.0281140593173522,Petrol,Dealer,Automatic
0.7837837837837824,1025000,0.0711171909156535,Diesel,Dealer,Manual
0.8648648648648631,509999,0.0423642719881243,Diesel,Individual,Manual
0.8108108108108141,225000,0.0247164107274187,Petrol,Trustmark Dealer,Manual
0.7567567567567579,160000,0.0338913328611081,Diesel,Individual,Manual
0.8378378378378386,190000,0.0296548632976001,Petrol,Individual,Manual
0.8648648648648631,450000,0.003346387308215,Petrol,Individual,Automatic
0.8108108108108141,225000,0.0247164107274187,Petrol,Trustmark Dealer,Manual
0.6756756756756772,105000,0.027536628515846,Petrol,Individual,Manual
0.9459459459459438,600000,0.0010586937439206,Petrol,Individual,Manual
0.8108108108108141,380000,0.0105907502618138,Petrol,Individual,Manual
0.621621621621621,130000,0.0423642719881243,Petrol,Individual,Manual
0.9189189189189192,325000,0.0063542806983057,Petrol,Individual,Manual
0.7567567567567579,200000,0.0508372111151404,Diesel,Individual,Manual
0.6756756756756772,110000,0.0206210156003755,Petrol,Individual,Manual
0.9459459459459438,500000,0.0211819241705839,Diesel,Individual,Manual
0.9459459459459438,655000,0.0084725154800597,Petrol,Individual,Manual
0.8918918918918948,114999,0.0148272198253218,Petrol,Individual,Manual
0.8378378378378386,240000,0.0127089850435678,Petrol,Individual,Manual
0.8918918918918948,300000,0.0105907502618138,Petrol,Individual,Manual
0.9729729729729756,350000,0.0005503173962996,Petrol,Individual,Manual
0.9729729729729756,5400000,0.0031769285256747,Diesel,Dealer,Automatic
0.8108108108108141,350000,0.0317730980793541,Diesel,Dealer,Manual
0.8378378378378386,500000,0.0559209745913501,Diesel,Dealer,Manual
0.9189189189189192,860000,0.0118616911308662,Petrol,Individual,Manual
0.8108108108108141,450000,0.0004232233093944,Diesel,Dealer,Manual
0.6756756756756772,110000,0.0177927485197775,Petrol,Dealer,Manual
0.8108108108108141,750000,0.0296548632976001,Diesel,Individual,Manual
0.9459459459459438,1050000,0.0055069867856041,Diesel,Individual,Manual
0.7837837837837824,380000,0.0474683705182388,Petrol,Individual,Manual
0.7297297297297334,115999,0.0296548632976001,Petrol,Individual,Manual
0.7837837837837824,300000,0.0127089850435678,Petrol,Individual,Automatic
0.9189189189189192,484999,0.0148272198253218,Diesel,Individual,Manual
0.4594594594594596,200000,0.0423642719881243,Diesel,Individual,Manual
0.8648648648648631,480000,0.0182163954761283,Petrol,Dealer,Manual
0.8378378378378386,185000,0.0043631400034569,Petrol,Individual,Manual
0.7837837837837824,1850000,0.0296548632976001,Diesel,Individual,Automatic
0.9459459459459438,670000,0.0381278024246162,Diesel,Individual,Automatic
0.6756756756756772,110000,0.0652412076310678,Diesel,Individual,Manual
0.7567567567567579,174000,0.0423642719881243,Diesel,Individual,Manual
0.8108108108108141,365000,0.0347733658242305,Diesel,Dealer,Manual
0.6756756756756772,290000,0.0508372111151404,Diesel,Individual,Manual
0.6486486486486527,250000,0.0508372111151404,Petrol,Individual,Manual
0.4594594594594596,61000,0.0381278024246162,Petrol,Individual,Manual
0.9459459459459438,740000,0.0164442802577129,Diesel,Dealer,Manual
0.9729729729729756,500000,0.0063542806983057,Petrol,Individual,Manual
0.7837837837837824,300000,0.0169454546070759,Petrol,Individual,Manual
0.7837837837837824,259000,0.0148272198253218,Diesel,Individual,Manual
0.8648648648648631,395000,0.0152508667816726,Petrol,Dealer,Manual
0.621621621621621,135000,0.0296548632976001,Petrol,Individual,Manual
0.8108108108108141,380000,0.0241474528650396,Diesel,Individual,Manual
0.8648648648648631,1000000,0.0015247053959065,Diesel,Dealer,Manual
0.7297297297297334,420000,0.0423642719881243,Diesel,Individual,Manual
0.7297297297297334,250000,0.025418393734092,Diesel,Individual,Manual
0.8378378378378386,550000,0.0131326319999186,Diesel,Individual,Manual
0.7837837837837824,175000,0.025418393734092,LPG,Individual,Manual
0.6756756756756772,85000,0.0508372111151404,Petrol,Individual,Manual
0.8108108108108141,275000,0.0466007415516323,Diesel,Individual,Manual
0.7027027027027017,60000,0.0466007415516323,Petrol,Individual,Manual
0.7837837837837824,179000,0.0127089850435678,Petrol,Individual,Manual
0.8918918918918948,509999,0.0466007415516323,Diesel,Individual,Manual
0.7567567567567579,209000,0.0,CNG,Individual,Manual
0.8108108108108141,540000,0.025418393734092,Diesel,Individual,Manual
0.9729729729729756,930000,0.0063542806983057,Diesel,Individual,Manual
0.8108108108108141,550000,0.0160981606943743,Diesel,Individual,Manual
0.7837837837837824,725000,0.0673594424128219,Diesel,Individual,Manual
0.7297297297297334,270000,0.0466007415516323,Petrol,Individual,Manual
0.5945945945945965,95000,0.0508372111151404,Petrol,Individual,Manual
0.6756756756756772,120000,0.0381278024246162,Petrol,Individual,Manual
0.8918918918918948,750000,0.036433214599213,Diesel,Individual,Manual
0.3513513513513544,163000,0.0021178111347976,Diesel,Individual,Manual
0.9729729729729756,779000,0.0029786617501025,Petrol,Trustmark Dealer,Automatic
0.9189189189189192,595000,0.0127216944522583,Petrol,Dealer,Manual
0.8378378378378386,570000,0.0338913328611081,Diesel,Individual,Manual
0.6486486486486527,100000,0.0720195589326808,Petrol,Individual,Manual
0.7567567567567579,120000,0.0381278024246162,Petrol,Individual,Manual
0.8108108108108141,470000,0.0635466198056646,Diesel,Individual,Manual
0.5945945945945965,80000,0.0239695211433722,Petrol,Dealer,Manual
0.9459459459459438,1000000,0.0211819241705839,Diesel,Individual,Manual
0.8918918918918948,1200000,0.0593101502421566,Diesel,Individual,Manual
0.8378378378378386,900000,0.0466007415516323,Diesel,Individual,Manual
0.8918918918918948,2000000,0.0288452739640137,Petrol,Trustmark Dealer,Automatic
0.9459459459459438,320000,0.0063542806983057,Petrol,Individual,Manual
0.8108108108108141,270000,0.0296548632976001,Diesel,Individual,Manual
0.7567567567567579,204999,0.0360095676428622,Diesel,Individual,Manual
0.8918918918918948,360000,0.0139799259126202,Petrol,Dealer,Manual
0.8378378378378386,1050000,0.0211819241705839,Diesel,Individual,Manual
0.6756756756756772,135000,0.0381278024246162,Petrol,Individual,Manual
0.8648648648648631,600000,0.025418393734092,Diesel,Individual,Manual
0.8648648648648631,300000,0.0303822651216544,Petrol,Individual,Automatic
0.8648648648648631,630000,0.0296548632976001,Diesel,Individual,Manual
0.8918918918918948,675000,0.0683452688802502,Diesel,Individual,Manual
0.8918918918918948,625000,0.0029651050474992,Petrol,Dealer,Manual
0.9459459459459438,299000,0.0139799259126202,Petrol,Individual,Manual
0.9459459459459438,2900000,0.0207582772142331,Diesel,Individual,Automatic
0.8918918918918948,355000,0.025418393734092,Petrol,Dealer,Manual
0.7567567567567579,385000,0.0508372111151404,Diesel,Individual,Manual
0.8378378378378386,495000,0.0338913328611081,Diesel,Dealer,Manual
0.8378378378378386,375000,0.025418393734092,Petrol,Individual,Manual
0.8918918918918948,720000,0.0169454546070759,Diesel,Individual,Manual
0.7027027027027017,350000,0.148276011075826,Diesel,Individual,Manual
0.8108108108108141,900000,0.0207582772142331,Diesel,Dealer,Automatic
0.7027027027027017,135000,0.0122429733915819,Petrol,Individual,Manual
0.9459459459459438,2475000,0.0008468702657452,Diesel,Dealer,Automatic
0.8378378378378386,400000,0.0063542806983057,Petrol,Individual,Automatic
0.9189189189189192,1900000,0.0084725154800597,Petrol,Individual,Automatic
0.9189189189189192,650000,0.0186400424324791,Diesel,Dealer,Manual
0.8378378378378386,480000,0.0232539814340957,Diesel,Dealer,Manual
0.8108108108108141,250000,0.0423642719881243,Diesel,Individual,Manual
0.5405405405405403,95000,0.0508372111151404,Petrol,Individual,Automatic
0.6756756756756772,290000,0.0423642719881243,Diesel,Individual,Manual
0.9189189189189192,6000000,0.0156745137380234,Diesel,Dealer,Automatic
0.8918918918918948,550000,0.0296548632976001,Diesel,Individual,Manual
0.7567567567567579,650000,0.1059113154407453,Diesel,Individual,Manual
0.8918918918918948,650000,0.0127089850435678,Diesel,Individual,Manual
0.7837837837837824,135000,0.0296548632976001,Petrol,Individual,Manual
0.8648648648648631,700000,0.0148272198253218,Petrol,Individual,Manual
0.9189189189189192,580000,0.0084725154800597,Petrol,Individual,Manual
0.8918918918918948,565000,0.0296548632976001,Diesel,Individual,Manual
0.6756756756756772,114999,0.0403307665976404,Petrol,Individual,Manual
0.6486486486486527,160000,0.031688368688084,Petrol,Individual,Manual
0.567567567567572,31504,0.0466007415516323,Petrol,Individual,Manual
0.7837837837837824,320000,0.0211819241705839,Petrol,Individual,Manual
0.8108108108108141,350000,0.0296548632976001,Petrol,Individual,Manual
0.7837837837837824,395000,0.0508372111151404,Diesel,Individual,Manual
0.7567567567567579,360000,0.0338913328611081,Diesel,Individual,Manual
0.621621621621621,120000,0.0334676859047573,Petrol,Dealer,Manual
0.8918918918918948,525000,0.0423642719881243,Diesel,Individual,Manual
0.7837837837837824,560000,0.084728967623205,Diesel,Individual,Manual
0.9189189189189192,340000,0.0222037606293021,Petrol,Dealer,Manual
0.9459459459459438,390000,0.0169454546070759,CNG,Individual,Manual
0.7567567567567579,250000,0.0381278024246162,Diesel,Individual,Manual
0.7837837837837824,250000,0.0423642719881243,Diesel,Individual,Manual
0.6756756756756772,260000,0.0423642719881243,Diesel,Individual,Manual
0.8378378378378386,385000,0.0105907502618138,Petrol,Individual,Manual
0.9729729729729756,779000,0.0029786617501025,Petrol,Trustmark Dealer,Automatic
0.9189189189189192,300000,0.0055069867856041,Petrol,Individual,Manual
0.8378378378378386,409999,0.0796452041469953,Diesel,Individual,Manual
0.9459459459459438,680000,0.0296548632976001,Diesel,Individual,Manual
0.8918918918918948,915000,0.0123798113584832,Petrol,Dealer,Manual
0.7567567567567579,114999,0.025418393734092,Petrol,Individual,Manual
0.7567567567567579,170000,0.0262656876467936,Petrol,Individual,Manual
0.9459459459459438,615000,0.0169454546070759,Petrol,Individual,Manual
0.8108108108108141,425000,0.025418393734092,Diesel,Individual,Manual
0.8918918918918948,670000,0.025418393734092,Diesel,Individual,Manual
0.5405405405405403,60000,0.0211819241705839,Petrol,Individual,Manual
1.0,350000,0.0021178111347976,Petrol,Individual,Manual
0.8108108108108141,1050000,0.0919309658811687,Diesel,Individual,Manual
0.7027027027027017,150000,0.0338913328611081,Petrol,Individual,Manual
0.9189189189189192,600000,0.012285338087217,Diesel,Individual,Manual
0.8918918918918948,550000,0.0169454546070759,Petrol,Individual,Automatic
0.7567567567567579,350000,0.0211819241705839,Diesel,Individual,Manual
0.7837837837837824,285000,0.0317730980793541,Petrol,Individual,Automatic
0.9729729729729756,5500000,0.0072015746110073,Diesel,Individual,Automatic
0.7567567567567579,400000,0.1355666023853018,Diesel,Individual,Manual
0.9729729729729756,430000,0.0078370450455335,Petrol,Individual,Manual
0.7297297297297334,195000,0.0508372111151404,Diesel,Individual,Manual
0.8918918918918948,750000,0.0148272198253218,Diesel,Individual,Manual
0.8378378378378386,200000,0.0169454546070759,Petrol,Individual,Manual
0.8918918918918948,315000,0.025418393734092,Petrol,Individual,Manual
0.8918918918918948,950000,0.0163523488681847,Diesel,Dealer,Manual
0.9459459459459438,830000,0.0169454546070759,Diesel,Individual,Manual
0.7027027027027017,229999,0.0300785102539509,Petrol,Individual,Manual
0.9459459459459438,459999,0.0050833398292533,Petrol,Individual,Manual
0.8648648648648631,575000,0.0211819241705839,Petrol,Individual,Automatic
0.7027027027027017,150000,0.0381278024246162,Diesel,Individual,Manual
0.8648648648648631,390000,0.0211819241705839,Petrol,Individual,Manual
0.9189189189189192,430000,0.0220292180832856,Petrol,Individual,Manual
0.9189189189189192,1100000,0.0375999383170031,Diesel,Dealer,Manual
0.5945945945945965,245000,0.0508372111151404,Diesel,Individual,Manual
0.8108108108108141,160000,0.0296548632976001,Petrol,Individual,Manual
0.6756756756756772,160000,0.0521081519841928,Petrol,Individual,Manual
0.9189189189189192,260000,0.0127089850435678,Petrol,Dealer,Manual
0.8108108108108141,509999,0.062699325892963,Diesel,Individual,Manual
0.567567567567572,30000,0.025418393734092,Petrol,Individual,Manual
0.8378378378378386,1150000,0.0571919154604025,Diesel,Dealer,Manual
0.9729729729729756,335000,0.0118616911308662,Petrol,Dealer,Manual
0.6756756756756772,140000,0.0338913328611081,Petrol,Individual,Manual
0.6756756756756772,400000,0.0466007415516323,Diesel,Individual,Manual
0.8108108108108141,550000,0.1016748458772372,Diesel,Individual,Manual
0.9459459459459438,575000,0.0084725154800597,Petrol,Individual,Manual
0.8918918918918948,600000,0.0338913328611081,Diesel,Individual,Manual
0.9189189189189192,610000,0.0059306337419549,Petrol,Individual,Manual
0.7837837837837824,850000,0.0901575797218842,Diesel,Dealer,Manual
0.7567567567567579,350000,0.0508372111151404,Diesel,Individual,Manual
0.7567567567567579,300000,0.0508372111151404,Diesel,Individual,Manual
0.7297297297297334,2000000,0.0381278024246162,Diesel,Individual,Automatic
0.9189189189189192,530000,0.0338913328611081,Diesel,Individual,Manual
0.8918918918918948,650000,0.0423642719881243,Diesel,Individual,Manual
0.6486486486486527,400000,0.0177927485197775,Petrol,Dealer,Automatic
0.9729729729729756,800000,0.0105907502618138,Diesel,Individual,Manual
0.8108108108108141,365000,0.027536628515846,Diesel,Dealer,Manual
0.7567567567567579,300000,0.0540145632877715,Diesel,Individual,Manual
0.8918918918918948,375000,0.0338913328611081,Diesel,Individual,Manual
0.5945945945945965,90000,0.0381278024246162,Petrol,Individual,Manual
1.0,360000,0.0021178111347976,Petrol,Individual,Manual
0.8918918918918948,150000,0.0177927485197775,Petrol,Individual,Manual
0.6756756756756772,221000,0.0148306090009726,Petrol,Dealer,Manual
0.8648648648648631,700000,0.025418393734092,Diesel,Individual,Manual
0.6756756756756772,1100000,0.051684505027842,Diesel,Individual,Automatic
0.8108108108108141,600000,0.025418393734092,Diesel,Individual,Manual
0.8108108108108141,380000,0.0466007415516323,Diesel,Individual,Manual
0.7567567567567579,200000,0.0338913328611081,Petrol,Individual,Manual
0.9189189189189192,1689999,0.025418393734092,Diesel,Individual,Manual
0.7297297297297334,210000,0.025418393734092,Petrol,Individual,Manual
0.8108108108108141,165000,0.0190636893888299,Petrol,Individual,Manual
0.621621621621621,95000,0.0353363926292207,Petrol,Individual,Manual
0.7297297297297334,250000,0.0169454546070759,Petrol,Individual,Manual
0.8378378378378386,725000,0.0508372111151404,Petrol,Individual,Manual
0.8918918918918948,670000,0.0030091643309597,Petrol,Trustmark Dealer,Manual
0.9729729729729756,650000,0.0139799259126202,Petrol,Individual,Automatic
0.9729729729729756,650000,0.0023808958946915,Petrol,Trustmark Dealer,Automatic
0.8918918918918948,645000,0.0046596928729025,Petrol,Dealer,Automatic
0.8648648648648631,503000,0.0466007415516323,Diesel,Individual,Manual
0.9189189189189192,775000,0.0338913328611081,Diesel,Individual,Manual
0.9459459459459438,600000,0.0295612373202465,Petrol,Dealer,Automatic
0.7837837837837824,371000,0.0423642719881243,Diesel,Individual,Manual
0.8648648648648631,350000,0.0381278024246162,Petrol,Individual,Manual
0.9189189189189192,695000,0.014403572868971,Diesel,Dealer,Manual
0.6756756756756772,245000,0.0538027398095961,Diesel,Individual,Manual
0.8648648648648631,850000,0.0423642719881243,Diesel,Individual,Manual
0.8648648648648631,430000,0.0466007415516323,Diesel,Individual,Manual
0.8378378378378386,750000,0.0338913328611081,Diesel,Individual,Manual
0.8108108108108141,1580000,0.036433214599213,Diesel,Dealer,Automatic
0.7297297297297334,275000,0.0338913328611081,Diesel,Individual,Manual
0.8108108108108141,750000,0.0177876647563013,Diesel,Dealer,Manual
0.8378378378378386,425000,0.0635466198056646,Diesel,Individual,Manual
0.9459459459459438,1675000,0.0338913328611081,Diesel,Individual,Manual
0.9189189189189192,1200000,0.0635466198056646,Diesel,Individual,Manual
0.8108108108108141,409999,0.0381278024246162,Diesel,Individual,Manual
0.9459459459459438,665000,0.0296548632976001,Diesel,Individual,Manual
0.7837837837837824,180000,0.0338913328611081,Petrol,Individual,Manual
0.9189189189189192,500000,0.0296548632976001,Diesel,Individual,Manual
0.7567567567567579,1700000,0.0466007415516323,Diesel,Individual,Automatic
0.7297297297297334,975000,0.0305868866015718,Petrol,Dealer,Automatic
0.9189189189189192,3200000,0.0241474528650396,Diesel,Individual,Automatic
0.9729729729729756,550000,0.0019911406948487,Petrol,Trustmark Dealer,Manual
0.5135135135135158,60000,0.0221838492223536,Petrol,Dealer,Manual
0.9189189189189192,650000,0.0127089850435678,Petrol,Individual,Manual
0.7837837837837824,428000,0.020836651901158,Petrol,Dealer,Manual
0.8648648648648631,580000,0.010959323113839,Petrol,Dealer,Manual
0.9459459459459438,800000,0.0084725154800597,Petrol,Individual,Manual
0.9189189189189192,330000,0.0341357771549226,Petrol,Individual,Manual
0.8378378378378386,484999,0.0228765119959872,Diesel,Dealer,Manual
0.8918918918918948,550000,0.0239330875051261,Petrol,Trustmark Dealer,Manual
0.621621621621621,60000,0.0423642719881243,Petrol,Individual,Manual
0.8378378378378386,700000,0.010167103305463,Diesel,Individual,Manual
0.7297297297297334,400000,0.0211819241705839,Petrol,Individual,Manual
0.7837837837837824,325000,0.0172420074765214,Petrol,Individual,Manual
0.9459459459459438,740000,0.0164442802577129,Diesel,Dealer,Manual
0.8108108108108141,310000,0.0387209081635073,Petrol,Individual,Automatic
0.9729729729729756,5500000,0.0036005754820255,Diesel,Dealer,Automatic
0.9189189189189192,1000000,0.0127089850435678,Diesel,Individual,Manual
0.5945945945945965,350000,0.0063542806983057,Diesel,Individual,Manual
0.7297297297297334,330000,0.0466007415516323,Diesel,Individual,Manual
0.7297297297297334,215000,0.0271129815594952,Petrol,Individual,Manual
0.7567567567567579,250000,0.0423642719881243,LPG,Individual,Manual
0.8108108108108141,350000,0.025418393734092,Diesel,Individual,Manual
0.8918918918918948,229999,0.0158863372161989,Petrol,Individual,Manual
0.9189189189189192,710000,0.0466007415516323,Diesel,Individual,Automatic
0.8108108108108141,2000000,0.0328322154702311,Diesel,Individual,Automatic
0.9459459459459438,650000,0.0211819241705839,Diesel,Individual,Manual
0.9459459459459438,455000,0.0423642719881243,Petrol,Individual,Manual
0.621621621621621,150000,0.0338913328611081,Diesel,Individual,Manual
0.8378378378378386,750000,0.0063542806983057,Petrol,Dealer,Automatic
0.9459459459459438,550000,0.0105907502618138,Petrol,Individual,Automatic
0.8918918918918948,825000,0.0141917493907956,Diesel,Individual,Manual
0.6756756756756772,185000,0.0466007415516323,Petrol,Individual,Manual
0.7837837837837824,300000,0.0271129815594952,Diesel,Individual,Manual
0.4864864864864842,150000,0.1084531971788501,Diesel,Dealer,Manual
0.9459459459459438,315000,0.0237238059086888,Petrol,Dealer,Manual
0.4054054054054035,50000,0.0148272198253218,LPG,Individual,Manual
0.9189189189189192,48000,0.0063542806983057,Petrol,Individual,Manual
0.8918918918918948,550000,0.0084725154800597,Petrol,Individual,Manual
0.9189189189189192,650000,0.0186400424324791,Diesel,Dealer,Manual
0.8378378378378386,600000,0.0328881368684694,Diesel,Dealer,Manual
0.9189189189189192,2650000,0.025418393734092,Diesel,Dealer,Automatic
0.7027027027027017,150000,0.0423642719881243,Diesel,Individual,Manual
0.8648648648648631,715000,0.0211819241705839,Diesel,Individual,Manual
0.8378378378378386,650000,0.0127089850435678,Diesel,Individual,Manual
0.8918918918918948,525000,0.0338913328611081,Diesel,Individual,Manual
0.7837837837837824,1100000,0.0338913328611081,Diesel,Individual,Automatic
0.8108108108108141,750000,0.0338913328611081,Diesel,Individual,Manual
0.8918918918918948,625000,0.0127089850435678,Petrol,Dealer,Manual
0.9459459459459438,4800000,0.0039911779757809,Diesel,Individual,Automatic
0.9729729729729756,950000,0.010167103305463,Petrol,Individual,Automatic
0.7567567567567579,330000,0.0508372111151404,Diesel,Individual,Manual
0.5405405405405403,200000,0.063136529551917,Diesel,Individual,Manual
0.8918918918918948,350000,0.0063542806983057,Petrol,Individual,Manual
0.7837837837837824,130000,0.0338913328611081,Petrol,Individual,Manual
0.6486486486486527,85000,0.0508372111151404,Petrol,Individual,Manual
0.7837837837837824,370000,0.0296548632976001,Diesel,Individual,Manual
0.7567567567567579,375000,0.0381278024246162,Diesel,Individual,Manual
0.6756756756756772,65000,0.0466007415516323,Petrol,Individual,Manual
0.9459459459459438,400000,0.0228765119959872,Petrol,Dealer,Manual
0.9189189189189192,950000,0.0211819241705839,Diesel,Individual,Manual
0.8108108108108141,480000,0.0179884734136116,Petrol,Dealer,Manual
0.5945945945945965,70000,0.0720195589326808,Petrol,Individual,Manual
0.9189189189189192,375000,0.0084725154800597,Petrol,Dealer,Automatic
0.7837837837837824,220000,0.0283839224285477,Petrol,Individual,Manual
0.6756756756756772,110000,0.0466007415516323,Petrol,Individual,Manual
0.7837837837837824,1300000,0.0593101502421566,Diesel,Individual,Automatic
0.8378378378378386,1000000,0.0466007415516323,Diesel,Individual,Manual
0.7567567567567579,220000,0.0296548632976001,Petrol,Individual,Manual
0.7567567567567579,175000,0.0296548632976001,Petrol,Individual,Manual
0.8108108108108141,509999,0.0508372111151404,Diesel,Individual,Automatic
0.7837837837837824,450000,0.0289092446544227,Diesel,Dealer,Manual
0.8378378378378386,180000,0.0238115008286534,Petrol,Dealer,Manual
0.9729729729729756,5150000,0.0084725154800597,Petrol,Dealer,Automatic
0.8108108108108141,250000,0.0178478226241031,Petrol,Individual,Manual
0.9459459459459438,560000,0.0061403389853485,Petrol,Dealer,Manual
0.8918918918918948,750000,0.0466007415516323,Diesel,Individual,Automatic
0.9459459459459438,925000,0.0214780533930732,Diesel,Dealer,Manual
0.8918918918918948,400000,0.031510860613373,Petrol,Dealer,Manual
0.5945945945945965,150000,0.0377041554682654,Petrol,Individual,Manual
0.9189189189189192,3200000,0.0190636893888299,Diesel,Dealer,Automatic
0.8108108108108141,275000,0.0084725154800597,Petrol,Individual,Manual
0.7567567567567579,890000,0.036433214599213,Diesel,Individual,Automatic
0.8108108108108141,550000,0.0338913328611081,Diesel,Dealer,Manual
0.9189189189189192,700000,0.0296548632976001,Diesel,Individual,Manual
0.9729729729729756,5500000,0.0036005754820255,Diesel,Dealer,Automatic
0.8648648648648631,875000,0.0305021572103017,Diesel,Dealer,Automatic
0.7837837837837824,225000,0.0423642719881243,Diesel,Individual,Manual
0.7567567567567579,160000,0.0508372111151404,Diesel,Individual,Manual
0.8918918918918948,2450000,0.0127089850435678,Diesel,Dealer,Automatic
0.7837837837837824,229999,0.0317730980793541,CNG,Dealer,Manual
0.8108108108108141,92800,0.0105907502618138,Petrol,Individual,Manual
0.6486486486486527,80000,0.0245710998213904,Petrol,Dealer,Manual
0.9189189189189192,570000,0.0133851255859037,Petrol,Dealer,Manual
0.621621621621621,120000,0.0597337971985074,Petrol,Individual,Manual
0.8378378378378386,550000,0.0305021572103017,Petrol,Individual,Manual
0.8648648648648631,250000,0.0084725154800597,Petrol,Individual,Automatic
0.6756756756756772,110000,0.0381278024246162,Petrol,Individual,Manual
0.7567567567567579,380000,0.0635466198056646,Diesel,Individual,Manual
0.9189189189189192,3200000,0.0190636893888299,Diesel,Dealer,Automatic
0.7837837837837824,385000,0.0220292180832856,Diesel,Dealer,Manual
0.7837837837837824,130000,0.0245710998213904,Diesel,Dealer,Manual
0.9729729729729756,800000,0.025418393734092,Diesel,Individual,Manual
0.9189189189189192,850000,0.0114380441745154,Petrol,Individual,Manual
0.8108108108108141,200000,0.0381278024246162,Petrol,Individual,Manual
0.9189189189189192,700000,0.0375495243291974,Diesel,Dealer,Manual
0.8918918918918948,620000,0.0381278024246162,Diesel,Individual,Manual
0.6486486486486527,90000,0.0338913328611081,CNG,Individual,Manual
0.8378378378378386,610000,0.0326203919920557,Diesel,Dealer,Manual
0.7567567567567579,400000,0.0305021572103017,Diesel,Individual,Manual
0.9189189189189192,290000,0.0042360459165517,Petrol,Individual,Manual
0.8918918918918948,1050000,0.0338913328611081,Diesel,Individual,Manual
0.7837837837837824,350000,0.027536628515846,Diesel,Dealer,Manual
0.7837837837837824,265000,0.0288067220909858,Petrol,Dealer,Manual
0.7837837837837824,300000,0.02698588747259,Diesel,Individual,Manual
0.8648648648648631,480000,0.0296548632976001,Diesel,Individual,Manual
0.7297297297297334,135000,0.0559209745913501,Petrol,Individual,Manual
0.7297297297297334,215000,0.0296548632976001,Petrol,Individual,Manual
0.9189189189189192,270000,0.0169454546070759,Petrol,Individual,Manual
0.9729729729729756,740000,0.0059306337419549,Diesel,Individual,Manual
0.8918918918918948,600000,0.0381278024246162,Diesel,Individual,Manual
0.9459459459459438,670000,0.0148272198253218,Diesel,Individual,Manual
0.6756756756756772,150000,0.0169454546070759,Petrol,Individual,Manual
0.9729729729729756,556000,0.010167103305463,Petrol,Individual,Manual
0.4054054054054035,1000000,0.0148272198253218,Petrol,Individual,Automatic
0.7027027027027017,300000,0.0423642719881243,Petrol,Individual,Manual
0.9729729729729756,5400000,0.0031769285256747,Diesel,Dealer,Automatic
0.7297297297297334,300000,0.0203346302578823,Petrol,Individual,Manual
0.7837837837837824,700000,0.0423642719881243,Diesel,Individual,Manual
0.9459459459459438,310000,0.0021178111347976,Petrol,Individual,Manual
0.8108108108108141,225000,0.0247164107274187,Petrol,Trustmark Dealer,Manual
0.8648648648648631,600000,0.0296548632976001,Petrol,Individual,Automatic
0.7567567567567579,1000000,0.0211819241705839,Diesel,Individual,Automatic
0.9189189189189192,434999,0.0074400878474328,Petrol,Individual,Manual
0.6486486486486527,70000,0.0762560284961888,Petrol,Individual,Manual
0.7837837837837824,800000,0.0762560284961888,Diesel,Individual,Manual
0.7837837837837824,130000,0.0508372111151404,Diesel,Individual,Manual
0.5945945945945965,250000,0.0296548632976001,Petrol,Individual,Manual
0.8378378378378386,325000,0.0165612068176657,Petrol,Dealer,Manual
0.8378378378378386,560000,0.0423642719881243,Diesel,Individual,Manual
0.7567567567567579,500000,0.0084725154800597,Petrol,Individual,Manual
0.9459459459459438,360000,0.0016941641784468,Petrol,Individual,Manual
0.7027027027027017,155000,0.0228765119959872,Petrol,Individual,Manual
0.9189189189189192,1260000,0.0166154336280786,Diesel,Dealer,Manual
0.7297297297297334,160000,0.084728967623205,Petrol,Individual,Manual
0.9729729729729756,1850000,0.0021178111347976,Diesel,Individual,Automatic
0.8918918918918948,300000,0.0406696841627211,Petrol,Individual,Manual
0.7567567567567579,210000,0.0466007415516323,Petrol,Individual,Manual
0.8648648648648631,445000,0.0262656876467936,Diesel,Dealer,Manual
0.9189189189189192,509999,0.0601574441548582,Diesel,Individual,Manual
0.9729729729729756,600000,0.0042360459165517,Petrol,Individual,Manual
0.8108108108108141,350000,0.0508372111151404,Petrol,Individual,Manual
0.8108108108108141,500000,0.0508372111151404,Diesel,Individual,Manual
0.7027027027027017,500000,0.0550736806786485,Diesel,Individual,Manual
0.621621621621621,400000,0.1694583588933663,Diesel,Individual,Manual
0.8918918918918948,2000000,0.0288452739640137,Petrol,Trustmark Dealer,Automatic
0.9729729729729756,325000,0.0005503173962996,Petrol,Individual,Manual
0.8108108108108141,182000,0.0423642719881243,Diesel,Individual,Manual
0.7837837837837824,850000,0.0508372111151404,Diesel,Individual,Manual
1.0,475000,0.0055069867856041,Petrol,Individual,Manual
0.9729729729729756,450000,0.0169454546070759,Petrol,Individual,Manual
0.8918918918918948,220000,0.0381278024246162,Petrol,Individual,Manual
0.8108108108108141,315000,0.0338913328611081,Diesel,Individual,Manual
0.8648648648648631,600000,0.025418393734092,Petrol,Individual,Manual
1.0,737000,0.0042360459165517,Petrol,Individual,Automatic
0.9459459459459438,360000,0.0063542806983057,Petrol,Individual,Manual
0.621621621621621,200000,0.0756205580616626,Petrol,Individual,Manual
0.7837837837837824,130000,0.0508372111151404,Diesel,Individual,Manual
0.7027027027027017,125000,0.0597337971985074,Petrol,Individual,Manual
0.8378378378378386,550000,0.0296548632976001,Diesel,Individual,Manual
0.8648648648648631,825000,0.0317730980793541,Diesel,Dealer,Manual
0.7837837837837824,229999,0.0211073623062662,Petrol,Dealer,Manual
0.8918918918918948,285000,0.0296548632976001,Diesel,Individual,Manual
0.4054054054054035,42000,0.0296548632976001,Petrol,Individual,Manual
0.8648648648648631,675000,0.0279602754721968,Petrol,Individual,Manual
0.8108108108108141,745000,0.0237242295556451,Petrol,Dealer,Manual
0.5405405405405403,145000,0.027536628515846,Petrol,Individual,Manual
0.7297297297297334,200000,0.027536628515846,Petrol,Individual,Manual
0.8648648648648631,495000,0.0251184516889956,Diesel,Dealer,Manual
0.9189189189189192,900000,0.0063542806983057,Petrol,Individual,Automatic
0.9459459459459438,600000,0.0169454546070759,Diesel,Individual,Manual
0.9189189189189192,330000,0.0211819241705839,Petrol,Individual,Manual
0.7297297297297334,180000,0.0508372111151404,Diesel,Individual,Manual
0.7027027027027017,530000,0.1207389589130235,Diesel,Individual,Manual
0.9729729729729756,300000,0.0169454546070759,Petrol,Individual,Manual
0.9189189189189192,550000,0.0105907502618138,Petrol,Individual,Manual
0.8918918918918948,250000,0.0127089850435678,Petrol,Individual,Manual
0.8378378378378386,450000,0.0237238059086888,Diesel,Individual,Manual
0.9729729729729756,590000,0.0016941641784468,Petrol,Individual,Manual
0.7567567567567579,350000,0.0677830893691727,Diesel,Individual,Manual
0.8918918918918948,260000,0.027536628515846,Petrol,Individual,Manual
0.8648648648648631,300000,0.010167103305463,Petrol,Individual,Manual
0.9189189189189192,625000,0.0108186723243305,Petrol,Trustmark Dealer,Manual
0.9189189189189192,2625000,0.0038123989602009,Diesel,Dealer,Automatic
0.7567567567567579,280000,0.0423642719881243,Diesel,Individual,Manual
0.8108108108108141,173000,0.0296548632976001,Diesel,Individual,Manual
0.5405405405405403,60000,0.0021178111347976,Petrol,Individual,Manual
0.9459459459459438,680000,0.0118616911308662,Petrol,Individual,Automatic
0.7837837837837824,390000,0.036433214599213,Diesel,Dealer,Manual
0.621621621621621,78000,0.0274095344289408,Petrol,Individual,Manual
0.9189189189189192,1445000,0.025418393734092,Diesel,Individual,Automatic
0.8108108108108141,355000,0.0288075693848985,Diesel,Individual,Manual
0.9189189189189192,670000,0.0078755969185614,Petrol,Dealer,Manual
0.7027027027027017,110000,0.0163099841725497,Petrol,Individual,Manual
0.9189189189189192,710000,0.0033887520038501,Petrol,Individual,Automatic
0.9189189189189192,860000,0.0347725185303178,Diesel,Individual,Automatic
0.7567567567567579,190000,0.0296548632976001,Petrol,Individual,Manual
0.8648648648648631,1000000,0.0194873363451807,Diesel,Individual,Manual
0.7837837837837824,350000,0.0338870963915446,Diesel,Dealer,Manual
0.8108108108108141,350000,0.0423642719881243,Petrol,Individual,Manual
0.8648648648648631,650000,0.0288075693848985,Diesel,Individual,Manual
0.8918918918918948,700000,0.0423642719881243,Diesel,Individual,Manual
0.8108108108108141,430000,0.0423642719881243,Diesel,Individual,Manual
0.7027027027027017,150000,0.025418393734092,Petrol,Individual,Manual
0.9729729729729756,1900000,0.0127089850435678,Diesel,Individual,Automatic
0.7567567567567579,106000,0.0211819241705839,Diesel,Individual,Manual
0.8108108108108141,900000,0.0360248189332908,Diesel,Dealer,Manual
0.7837837837837824,200000,0.0296548632976001,Diesel,Individual,Manual
0.7837837837837824,459999,0.0296548632976001,Diesel,Individual,Manual
0.7837837837837824,244000,0.0160981606943743,Petrol,Individual,Manual
0.7297297297297334,130000,0.0466007415516323,Petrol,Individual,Manual
0.8918918918918948,240000,0.0190636893888299,Petrol,Individual,Manual
0.8918918918918948,315000,0.0127089850435678,Petrol,Individual,Manual
0.7837837837837824,275000,0.025418393734092,Petrol,Individual,Manual
0.8648648648648631,550000,0.0481258705944953,Diesel,Individual,Manual
0.8108108108108141,475000,0.0338913328611081,Diesel,Dealer,Manual
0.621621621621621,160000,0.0296548632976001,Petrol,Individual,Manual
0.567567567567572,118000,0.025418393734092,Petrol,Individual,Manual
0.7567567567567579,229999,0.0296548632976001,Petrol,Individual,Manual
0.8918918918918948,600000,0.0110143972181646,Petrol,Dealer,Automatic
0.8108108108108141,213000,0.0338913328611081,Petrol,Individual,Manual
0.8648648648648631,511000,0.0127089850435678,Petrol,Individual,Manual
0.7837837837837824,570000,0.0423642719881243,Diesel,Individual,Manual
0.8108108108108141,580000,0.0338913328611081,Diesel,Individual,Manual
0.621621621621621,140000,0.0635466198056646,Petrol,Individual,Manual
0.7837837837837824,1225000,0.0677830893691727,Diesel,Individual,Automatic
0.8378378378378386,450000,0.0321967450357049,Diesel,Individual,Manual
0.8378378378378386,250000,0.0508372111151404,Diesel,Individual,Manual
0.8918918918918948,701000,0.033887520038501,Diesel,Dealer,Manual
0.7297297297297334,145000,0.0466007415516323,Petrol,Individual,Manual
0.7027027027027017,68000,0.0508372111151404,Petrol,Individual,Manual
0.8648648648648631,600000,0.0381278024246162,Diesel,Individual,Manual
0.8648648648648631,750000,0.0169454546070759,Petrol,Individual,Manual
0.9189189189189192,1200000,0.0211819241705839,Diesel,Individual,Automatic
0.9189189189189192,2600000,0.0199796141084603,Diesel,Trustmark Dealer,Automatic
0.7837837837837824,140000,0.0338913328611081,Diesel,Individual,Manual
0.5945945945945965,100000,0.0084725154800597,Petrol,Individual,Manual
0.8648648648648631,200000,0.0169454546070759,Diesel,Individual,Manual
0.9459459459459438,950000,0.0105907502618138,Diesel,Individual,Manual
0.8378378378378386,250000,0.0508372111151404,Diesel,Individual,Manual
0.7567567567567579,1190000,0.0338913328611081,Petrol,Individual,Automatic
0.9459459459459438,260000,0.0127089850435678,Petrol,Individual,Manual
0.9459459459459438,650000,0.0042360459165517,Petrol,Individual,Automatic
0.8918918918918948,2500000,0.0127089850435678,Petrol,Individual,Automatic
0.9189189189189192,869999,0.0296548632976001,Diesel,Individual,Manual
0.8918918918918948,525000,0.0072015746110073,Petrol,Dealer,Manual
0.7027027027027017,335000,0.0372525478127954,Petrol,Dealer,Manual
0.9459459459459438,300000,0.0084725154800597,Petrol,Individual,Manual
0.7297297297297334,175000,0.022049129490234,Petrol,Individual,Manual
0.8378378378378386,611000,0.0381278024246162,Diesel,Individual,Manual
0.9189189189189192,275000,0.0245710998213904,Petrol,Individual,Manual
0.8648648648648631,715000,0.0296548632976001,Diesel,Individual,Manual
0.8648648648648631,950000,0.0127089850435678,Petrol,Individual,Automatic
0.7567567567567579,114999,0.0423642719881243,Petrol,Individual,Manual
0.8378378378378386,250000,0.0338913328611081,Petrol,Individual,Manual
0.9189189189189192,550000,0.0016590014810697,Petrol,Individual,Manual
0.8918918918918948,610000,0.0423642719881243,Diesel,Individual,Manual
0.8918918918918948,250000,0.0173691015634267,Petrol,Individual,Manual
0.7297297297297334,300000,0.0508372111151404,Diesel,Individual,Manual
0.9189189189189192,715000,0.025418393734092,Diesel,Individual,Manual
0.6756756756756772,500000,0.0927782597938703,Diesel,Individual,Manual
0.621621621621621,250000,0.0783742632779429,Diesel,Individual,Manual
0.9459459459459438,600000,0.0084725154800597,Petrol,Individual,Manual
0.7837837837837824,310000,0.0326203919920557,Diesel,Individual,Manual
0.8648648648648631,600000,0.0105907502618138,Diesel,Individual,Manual
0.621621621621621,100000,0.0180045719979529,Petrol,Individual,Manual
0.6486486486486527,100000,0.0296548632976001,Petrol,Individual,Manual
0.8378378378378386,160000,0.0381278024246162,Petrol,Individual,Manual
0.8918918918918948,520000,0.0105907502618138,Petrol,Individual,Manual
0.9459459459459438,231999,0.0084725154800597,Petrol,Individual,Manual
0.9459459459459438,900000,0.0148272198253218,Diesel,Individual,Manual
0.7567567567567579,250000,0.0381278024246162,Diesel,Individual,Manual
0.9729729729729756,5500000,0.0036005754820255,Diesel,Dealer,Automatic
0.7297297297297334,350000,0.0338913328611081,Petrol,Individual,Automatic
0.8918918918918948,500000,0.0169454546070759,Petrol,Individual,Manual
0.8918918918918948,700000,0.0211819241705839,Diesel,Individual,Manual
0.8378378378378386,700000,0.010167103305463,Diesel,Individual,Manual
0.8648648648648631,700000,0.0508372111151404,Diesel,Individual,Manual
0.6486486486486527,404000,0.0508372111151404,Diesel,Individual,Manual
0.9459459459459438,630000,0.0169454546070759,Diesel,Individual,Manual
0.8378378378378386,351000,0.0169454546070759,Petrol,Individual,Manual
0.6486486486486527,100000,0.025418393734092,Petrol,Individual,Manual
0.7567567567567579,290000,0.0466007415516323,Diesel,Individual,Manual
0.7837837837837824,385000,0.0190636893888299,Petrol,Dealer,Manual
0.8108108108108141,219000,0.0211819241705839,Petrol,Individual,Manual
0.567567567567572,80000,0.0381278024246162,Petrol,Individual,Automatic
0.9459459459459438,1150000,0.0084725154800597,Diesel,Individual,Manual
0.7297297297297334,265000,0.0177927485197775,Petrol,Individual,Manual
0.7567567567567579,500000,0.0131326319999186,Diesel,Individual,Manual
0.9459459459459438,750000,0.0296548632976001,Diesel,Individual,Manual
0.8648648648648631,220000,0.0190636893888299,Petrol,Individual,Manual
0.7567567567567579,254999,0.0296548632976001,Petrol,Individual,Manual
0.8648648648648631,450000,0.0338913328611081,Petrol,Individual,Manual
0.9189189189189192,350000,0.0148272198253218,Petrol,Individual,Manual
0.5945945945945965,85000,0.0423642719881243,Petrol,Individual,Manual
0.9189189189189192,375000,0.0115604781449008,Petrol,Dealer,Automatic
0.7837837837837824,450000,0.0508372111151404,Diesel,Individual,Manual
0.7027027027027017,260000,0.0338913328611081,Diesel,Individual,Manual
0.8648648648648631,600000,0.0457534476389307,Diesel,Individual,Manual
0.9189189189189192,270000,0.0131749966955537,Petrol,Dealer,Manual
0.8378378378378386,250000,0.0105907502618138,Diesel,Individual,Manual
1.0,495000,0.0029651050474992,CNG,Individual,Manual
0.7837837837837824,520000,0.0148272198253218,Diesel,Individual,Manual
0.8918918918918948,650000,0.0211819241705839,Diesel,Individual,Manual
0.6486486486486527,212000,0.0245710998213904,Diesel,Dealer,Manual
0.9459459459459438,600000,0.0295612373202465,Petrol,Dealer,Automatic
0.8378378378378386,458000,0.0338913328611081,Diesel,Individual,Manual
0.9189189189189192,570000,0.0127089850435678,Petrol,Individual,Manual
0.9189189189189192,525000,0.012285338087217,Diesel,Dealer,Manual
0.8918918918918948,875000,0.0085881710991435,Diesel,Dealer,Manual
0.9189189189189192,650000,0.0211819241705839,Diesel,Individual,Manual
0.7567567567567579,400000,0.2012318806196768,Diesel,Individual,Manual
0.7297297297297334,495000,0.0423642719881243,Diesel,Individual,Manual
0.9189189189189192,680000,0.0338913328611081,Diesel,Individual,Manual
0.9189189189189192,350000,0.0084725154800597,Petrol,Individual,Manual
0.9459459459459438,899000,0.0148272198253218,Diesel,Individual,Manual
0.7837837837837824,83000,0.0381278024246162,Diesel,Individual,Manual
0.9189189189189192,2711000,0.0038123989602009,Diesel,Dealer,Automatic
0.9459459459459438,900000,0.0148272198253218,Petrol,Individual,Manual
0.7837837837837824,200000,0.0381278024246162,Diesel,Individual,Manual
0.9459459459459438,450000,0.0203346302578823,Diesel,Individual,Manual
0.8378378378378386,250000,0.0423642719881243,Petrol,Individual,Manual
0.9189189189189192,2625000,0.0038123989602009,Diesel,Dealer,Automatic
0.8378378378378386,225000,0.0508372111151404,Diesel,Individual,Manual
0.7567567567567579,225000,0.0127089850435678,Petrol,Individual,Manual
0.9729729729729756,480000,0.0042360459165517,Petrol,Individual,Manual
0.7837837837837824,450000,0.0381278024246162,Diesel,Individual,Manual
0.5405405405405403,70000,0.0211819241705839,Petrol,Individual,Manual
0.8648648648648631,1100000,0.0580392093731041,Diesel,Individual,Manual
0.8918918918918948,240000,0.0296548632976001,Petrol,Individual,Manual
0.7297297297297334,305000,0.0741377937144348,Diesel,Individual,Manual
0.7297297297297334,200000,0.0804924980596969,Diesel,Individual,Manual
0.8918918918918948,540000,0.0338913328611081,Diesel,Individual,Manual
0.6756756756756772,260000,0.0381278024246162,Diesel,Individual,Manual
0.9189189189189192,525000,0.0157384844284324,Diesel,Dealer,Manual
0.7297297297297334,160000,0.0127089850435678,Diesel,Individual,Manual
0.7837837837837824,550000,0.024455867849263,Petrol,Trustmark Dealer,Automatic
0.9189189189189192,799000,0.0134321503980586,Diesel,Individual,Manual
0.9189189189189192,620000,0.0105907502618138,Petrol,Individual,Manual
0.8108108108108141,300000,0.0317730980793541,Petrol,Individual,Manual
0.7297297297297334,240000,0.0211819241705839,Petrol,Individual,Manual
0.3783783783783789,29999,0.0338913328611081,Petrol,Individual,Manual
0.8378378378378386,350000,0.0449061537262291,Diesel,Individual,Manual
0.7837837837837824,420000,0.0508372111151404,Diesel,Individual,Manual
0.7837837837837824,229999,0.0211073623062662,Petrol,Dealer,Manual
0.9459459459459438,1100000,0.0127089850435678,Diesel,Individual,Automatic
0.8378378378378386,170000,0.0321967450357049,Diesel,Individual,Manual
0.7297297297297334,300000,0.0508372111151404,Petrol,Individual,Manual
0.7297297297297334,110000,0.0466007415516323,Petrol,Individual,Manual
0.7027027027027017,411000,0.0508372111151404,Diesel,Individual,Manual
0.8378378378378386,225000,0.0139799259126202,Petrol,Individual,Manual
0.6756756756756772,128000,0.0080488685237089,Petrol,Individual,Manual
0.8108108108108141,409999,0.012285338087217,Petrol,Individual,Manual
0.8918918918918948,2500000,0.0296548632976001,Petrol,Individual,Automatic
0.8918918918918948,350000,0.0268587933856847,Petrol,Individual,Manual
0.9459459459459438,1475000,0.004956245742348,Petrol,Dealer,Automatic
0.7567567567567579,1150000,0.0766796754525396,Diesel,Individual,Manual
0.7567567567567579,200000,0.0169454546070759,Petrol,Individual,Manual
0.7837837837837824,246000,0.0148272198253218,Diesel,Individual,Manual
0.621621621621621,150000,0.0423642719881243,Petrol,Individual,Manual
0.621621621621621,370000,0.1292118980400397,Diesel,Individual,Manual
0.8918918918918948,1950000,0.0190636893888299,Diesel,Dealer,Automatic
0.9459459459459438,1100000,0.0105907502618138,Petrol,Individual,Automatic
0.9189189189189192,750000,0.0080488685237089,Diesel,Individual,Automatic
0.6756756756756772,250000,0.025418393734092,Petrol,Individual,Automatic
0.9189189189189192,1330000,0.0386340605374554,Diesel,Dealer,Manual
0.9189189189189192,890000,0.025418393734092,Diesel,Individual,Manual
0.8648648648648631,325000,0.0105907502618138,Petrol,Individual,Manual
0.7567567567567579,180000,0.0508372111151404,Diesel,Individual,Manual
0.8648648648648631,450000,0.0148272198253218,Petrol,Individual,Manual
0.7567567567567579,225000,0.0241474528650396,Diesel,Individual,Manual
0.7567567567567579,272000,0.0720195589326808,Diesel,Individual,Manual
0.7837837837837824,300000,0.0508372111151404,Petrol,Individual,Manual
0.8648648648648631,465000,0.0267160243613945,Petrol,Dealer,Automatic
0.8918918918918948,1575000,0.023300158952338,Diesel,Individual,Automatic
0.7567567567567579,130000,0.0338913328611081,Diesel,Individual,Manual
0.9189189189189192,650000,0.0094045387840315,Diesel,Individual,Manual
0.8918918918918948,596000,0.0515845243461432,Diesel,Dealer,Manual
0.8108108108108141,625000,0.0165218076507251,Petrol,Dealer,Automatic
0.6756756756756772,500000,0.0652412076310678,Diesel,Individual,Manual
0.8108108108108141,350000,0.0296548632976001,Petrol,Individual,Manual
0.7297297297297334,165000,0.0338913328611081,Petrol,Individual,Manual
0.7567567567567579,290000,0.0381278024246162,Petrol,Individual,Manual
0.9459459459459438,850000,0.0381278024246162,Petrol,Individual,Manual
0.8108108108108141,235000,0.0182163954761283,Petrol,Individual,Manual
0.8648648648648631,500000,0.0296548632976001,Diesel,Individual,Manual
0.9189189189189192,300000,0.0148272198253218,Petrol,Individual,Manual
0.9459459459459438,680000,0.0036327726507081,Petrol,Dealer,Manual
0.8378378378378386,650000,0.0593101502421566,Diesel,Individual,Manual
0.9729729729729756,779000,0.0029786617501025,Petrol,Trustmark Dealer,Automatic
0.9459459459459438,285000,0.0127089850435678,Petrol,Dealer,Manual
0.8918918918918948,675000,0.0508372111151404,Diesel,Individual,Manual
0.8648648648648631,750000,0.0194763215243156,Diesel,Trustmark Dealer,Manual
0.8648648648648631,415000,0.0508372111151404,Diesel,Individual,Manual
0.7837837837837824,725000,0.0296548632976001,Diesel,Individual,Manual
0.8918918918918948,360000,0.0127089850435678,Petrol,Individual,Manual
0.8918918918918948,470000,0.0423642719881243,Diesel,Individual,Manual
0.9459459459459438,545000,0.0160981606943743,Diesel,Individual,Manual
0.7027027027027017,130000,0.0338913328611081,Petrol,Individual,Manual
0.4324324324324351,150000,0.0838816737105034,Diesel,Individual,Manual
0.7567567567567579,250000,0.0105907502618138,Petrol,Individual,Manual
0.8648648648648631,465000,0.0267160243613945,Petrol,Dealer,Automatic
0.7297297297297334,180000,0.0338913328611081,Diesel,Individual,Manual
0.9459459459459438,740000,0.0164442802577129,Diesel,Dealer,Manual
0.7837837837837824,20000,0.0105907502618138,Petrol,Individual,Manual
0.7837837837837824,550000,0.0402460372063702,Petrol,Individual,Manual
0.621621621621621,120000,0.0423642719881243,Petrol,Individual,Manual
0.8648648648648631,300000,0.0741377937144348,Diesel,Individual,Manual
0.621621621621621,75000,0.0550736806786485,Petrol,Individual,Manual
0.8918918918918948,300000,0.0211819241705839,CNG,Individual,Manual
0.8648648648648631,500000,0.0148272198253218,Diesel,Individual,Manual
0.6486486486486527,100000,0.0338913328611081,Petrol,Individual,Manual
1.0,1400000,0.0105907502618138,Diesel,Dealer,Manual
0.7837837837837824,155000,0.0211819241705839,Diesel,Individual,Manual
0.8108108108108141,650000,0.0720195589326808,Diesel,Individual,Manual
0.7027027027027017,250000,0.0211819241705839,Petrol,Individual,Manual
0.8378378378378386,500000,0.0508372111151404,Diesel,Individual,Manual
0.8918918918918948,220000,0.025418393734092,Petrol,Individual,Manual
0.8648648648648631,765000,0.0338913328611081,Diesel,Individual,Manual
0.7837837837837824,80000,0.0508372111151404,Petrol,Individual,Manual
0.9189189189189192,800000,0.0105907502618138,Diesel,Individual,Manual
0.8378378378378386,204999,0.0063542806983057,Petrol,Individual,Manual
0.9459459459459438,1150000,0.0111965654093954,Diesel,Dealer,Manual
0.8108108108108141,250000,0.0211819241705839,Diesel,Individual,Manual
0.7297297297297334,315000,0.0508372111151404,Diesel,Individual,Manual
0.9459459459459438,450000,0.0097290523525962,Petrol,Dealer,Manual
0.8918918918918948,240000,0.0251218408646464,Petrol,Individual,Manual
0.8918918918918948,975000,0.0228765119959872,Diesel,Individual,Automatic
0.9459459459459438,400000,0.0074133980891827,Petrol,Individual,Manual
0.8918918918918948,700000,0.0127089850435678,Diesel,Individual,Manual
0.8108108108108141,225000,0.0247164107274187,Petrol,Trustmark Dealer,Manual
0.6486486486486527,250000,0.0338913328611081,Diesel,Individual,Manual
0.6756756756756772,45000,0.025418393734092,Diesel,Individual,Manual
0.9189189189189192,549000,0.0148272198253218,Petrol,Individual,Manual
0.9729729729729756,5150000,0.0084725154800597,Petrol,Dealer,Automatic
0.7567567567567579,450000,0.0995566110954832,Diesel,Individual,Automatic
0.9459459459459438,500000,0.025418393734092,Petrol,Individual,Manual
0.7567567567567579,160000,0.0209967904506586,Petrol,Dealer,Manual
0.9459459459459438,300000,0.0080488685237089,Petrol,Individual,Manual
0.5945945945945965,65000,0.0360095676428622,Petrol,Individual,Manual
0.7567567567567579,250000,0.0381278024246162,Diesel,Individual,Manual
0.8918918918918948,620000,0.0152508667816726,Petrol,Individual,Manual
0.8918918918918948,120000,0.0076252215673581,Petrol,Individual,Manual
0.621621621621621,300000,0.0508372111151404,Diesel,Individual,Manual
0.8648648648648631,540000,0.0133135292502804,Petrol,Dealer,Automatic
0.8108108108108141,430000,0.0381278024246162,Petrol,Individual,Manual
0.8108108108108141,165000,0.0211819241705839,Petrol,Individual,Manual
0.8378378378378386,455000,0.0236602588652362,Diesel,Dealer,Manual
0.9189189189189192,3300000,0.0025414580911484,Diesel,Dealer,Automatic
0.8108108108108141,250000,0.0338913328611081,Diesel,Individual,Manual
0.8108108108108141,325000,0.0508372111151404,Diesel,Individual,Manual
0.8378378378378386,700000,0.049566270246088,Diesel,Dealer,Manual
0.9459459459459438,1150000,0.0186400424324791,Diesel,Individual,Automatic
0.8918918918918948,450000,0.0360095676428622,Diesel,Individual,Manual
0.7567567567567579,195000,0.0508372111151404,Diesel,Individual,Manual
0.9729729729729756,700000,0.0021178111347976,Petrol,Individual,Manual
0.8648648648648631,780000,0.0546500337222977,Diesel,Individual,Manual
0.8648648648648631,365000,0.0508372111151404,Diesel,Individual,Manual
0.9459459459459438,1100000,0.0211819241705839,Diesel,Individual,Manual
0.7567567567567579,133000,0.0338913328611081,Diesel,Individual,Manual
0.7567567567567579,195000,0.0508372111151404,Diesel,Individual,Manual
0.8648648648648631,1225000,0.0296548632976001,Diesel,Individual,Manual
0.7567567567567579,250000,0.0423642719881243,Diesel,Individual,Manual
0.7567567567567579,95000,0.0296548632976001,Diesel,Individual,Manual
0.8918918918918948,425000,0.0063542806983057,Petrol,Individual,Manual
0.9189189189189192,420000,0.025418393734092,CNG,Individual,Manual
0.9729729729729756,340000,0.0211819241705839,Petrol,Individual,Manual
0.7567567567567579,155000,0.0169454546070759,Petrol,Individual,Manual
0.8918918918918948,650000,0.025418393734092,Diesel,Individual,Manual
0.621621621621621,57000,0.0338913328611081,Diesel,Individual,Manual
0.7567567567567579,300000,0.025418393734092,Petrol,Individual,Manual
0.9729729729729756,779000,0.0029786617501025,Petrol,Trustmark Dealer,Automatic
0.8918918918918948,440000,0.0148195941801075,Petrol,Dealer,Manual
0.567567567567572,125000,0.0508372111151404,Petrol,Individual,Manual
0.9729729729729756,5400000,0.0031769285256747,Diesel,Dealer,Automatic
0.8648648648648631,450000,0.0105907502618138,Diesel,Individual,Manual
0.9189189189189192,525000,0.0296548632976001,Petrol,Individual,Manual
0.8648648648648631,625000,0.0050486007788325,Petrol,Trustmark Dealer,Manual
0.7567567567567579,350000,0.0444825067698783,Diesel,Dealer,Manual
0.8108108108108141,280000,0.0324509332095154,Petrol,Dealer,Manual
0.9729729729729756,721000,0.0039818577427412,Petrol,Dealer,Manual
0.8108108108108141,265000,0.0211819241705839,Petrol,Individual,Manual
0.8108108108108141,600000,0.0466007415516323,Diesel,Individual,Manual
0.5135135135135158,65000,0.0423642719881243,Petrol,Individual,Manual
0.7837837837837824,160000,0.0466007415516323,Diesel,Individual,Manual
0.8108108108108141,450000,0.0004232233093944,Diesel,Dealer,Manual
0.7837837837837824,450000,0.0571919154604025,Diesel,Individual,Manual
0.6486486486486527,110000,0.0381278024246162,Petrol,Individual,Manual
0.7297297297297334,210000,0.0423642719881243,Diesel,Individual,Manual
0.8378378378378386,1100000,0.0508372111151404,Diesel,Individual,Manual
0.7027027027027017,110000,0.0127089850435678,Petrol,Individual,Manual
0.7837837837837824,225000,0.0466007415516323,Petrol,Individual,Manual
0.7567567567567579,260000,0.0466007415516323,Diesel,Individual,Manual
0.9189189189189192,625000,0.0108186723243305,Petrol,Trustmark Dealer,Manual
0.8648648648648631,910000,0.0169454546070759,Diesel,Dealer,Automatic
0.8918918918918948,665000,0.2372418719094954,Diesel,Dealer,Manual
0.8648648648648631,503000,0.0466007415516323,Diesel,Individual,Manual
0.9189189189189192,329000,0.0338913328611081,Petrol,Individual,Manual
0.9189189189189192,8150000,0.0027532815693238,Diesel,Dealer,Automatic
0.8108108108108141,320000,0.0309258041666525,Diesel,Individual,Manual
0.9459459459459438,850000,0.0381278024246162,Diesel,Individual,Manual
0.7567567567567579,450000,0.0237238059086888,Diesel,Individual,Manual
0.9189189189189192,700000,0.0508372111151404,Diesel,Individual,Manual
0.4054054054054035,70000,0.0169454546070759,Petrol,Individual,Manual
0.9189189189189192,570000,0.0105907502618138,Petrol,Individual,Manual
0.8648648648648631,625000,0.0050486007788325,Petrol,Trustmark Dealer,Manual
0.7027027027027017,145000,0.0105907502618138,Petrol,Individual,Manual
0.9459459459459438,340000,0.0218140054294593,Petrol,Individual,Manual
0.8648648648648631,465000,0.0174212101390578,Diesel,Dealer,Manual
0.8918918918918948,350000,0.0296548632976001,Diesel,Individual,Manual
0.7297297297297334,150000,0.0550736806786485,Diesel,Individual,Manual
0.7297297297297334,215000,0.0510913992889509,Petrol,Individual,Manual
0.7027027027027017,279000,0.049566270246088,Diesel,Individual,Manual
0.9189189189189192,550000,0.0099366393612081,Petrol,Dealer,Manual
0.9189189189189192,525000,0.0127089850435678,Petrol,Individual,Manual
0.8918918918918948,550000,0.0239330875051261,Petrol,Trustmark Dealer,Manual
0.8108108108108141,720000,0.0635466198056646,Diesel,Individual,Manual
0.7297297297297334,300000,0.0508372111151404,Diesel,Individual,Manual
0.8378378378378386,300000,0.0807555828195907,Diesel,Dealer,Manual
0.9189189189189192,484999,0.0042360459165517,Petrol,Dealer,Manual
0.8108108108108141,495000,0.0134715495649993,Diesel,Dealer,Manual
0.8918918918918948,1100000,0.0296548632976001,Diesel,Individual,Manual
0.8918918918918948,585000,0.0103890943105908,Petrol,Dealer,Automatic
0.7567567567567579,225000,0.0325085491955791,Diesel,Dealer,Manual
0.9189189189189192,484999,0.0127089850435678,Petrol,Individual,Manual
0.9459459459459438,300000,0.0029651050474992,Petrol,Individual,Manual
0.9729729729729756,5200000,0.0072015746110073,Petrol,Dealer,Automatic
0.7837837837837824,120000,0.0338913328611081,Diesel,Individual,Manual
0.9459459459459438,1350000,0.0021178111347976,Petrol,Individual,Automatic
0.7837837837837824,175000,0.0084725154800597,Petrol,Individual,Manual
0.8648648648648631,320000,0.0169454546070759,Petrol,Individual,Manual
0.8918918918918948,535000,0.022283406257096,Diesel,Individual,Manual
0.8918918918918948,300000,0.0105907502618138,Petrol,Individual,Manual
0.7837837837837824,75000,0.0148272198253218,Petrol,Individual,Manual
0.8378378378378386,560000,0.0313494511230033,Diesel,Individual,Manual
0.9729729729729756,700000,0.0013455027333701,Petrol,Dealer,Manual
0.8648648648648631,503000,0.0466007415516323,Diesel,Individual,Manual
0.8378378378378386,445000,0.0338913328611081,Diesel,Individual,Manual
0.8648648648648631,300000,0.0466007415516323,Diesel,Individual,Manual
0.9189189189189192,720000,0.025418393734092,Diesel,Individual,Manual
0.9189189189189192,1325000,0.0127089850435678,Diesel,Individual,Manual
0.7837837837837824,459999,0.0296548632976001,Diesel,Individual,Manual
0.8108108108108141,420000,0.0444825067698783,Diesel,Individual,Manual
0.8918918918918948,239000,0.0173691015634267,Petrol,Dealer,Manual
0.9189189189189192,600000,0.0296548632976001,Petrol,Individual,Manual
0.8648648648648631,509999,0.0381278024246162,Diesel,Individual,Manual
0.7297297297297334,350000,0.0381278024246162,Diesel,Individual,Manual
0.8378378378378386,525000,0.027536628515846,Diesel,Dealer,Manual
0.7837837837837824,250000,0.0661054474220235,Diesel,Dealer,Manual
0.7837837837837824,450000,0.0410933311190719,Diesel,Individual,Manual
0.8378378378378386,1800000,0.0419406250317735,Diesel,Individual,Automatic
0.9729729729729756,5500000,0.0036005754820255,Diesel,Dealer,Automatic
0.8648648648648631,380000,0.027342174562881,Diesel,Dealer,Manual
0.8378378378378386,550000,0.0423642719881243,Diesel,Individual,Manual
0.7567567567567579,100000,0.0508372111151404,Petrol,Individual,Manual
0.7297297297297334,100000,0.025418393734092,Petrol,Individual,Manual
0.8108108108108141,550000,0.0338913328611081,Diesel,Individual,Manual
0.8918918918918948,645000,0.0046596928729025,Petrol,Dealer,Automatic
0.8108108108108141,200000,0.0338913328611081,Petrol,Individual,Manual
0.7567567567567579,160000,0.047448035464334,Diesel,Individual,Manual
0.8108108108108141,225000,0.0247164107274187,Petrol,Trustmark Dealer,Manual
0.7027027027027017,229999,0.0974383763137292,Diesel,Individual,Manual
0.621621621621621,85000,0.1270936632582857,Diesel,Individual,Manual
0.8378378378378386,426999,0.0338913328611081,Petrol,Individual,Manual
0.7297297297297334,350000,0.0381278024246162,Diesel,Individual,Manual
0.7027027027027017,150000,0.0382320195758785,Petrol,Individual,Manual
0.9189189189189192,550000,0.005505715844735,Diesel,Dealer,Manual
0.8648648648648631,850000,0.0457534476389307,Diesel,Individual,Manual
0.8378378378378386,220000,0.0423642719881243,Petrol,Individual,Manual
0.7837837837837824,220000,0.0466007415516323,Diesel,Individual,Manual
0.8918918918918948,550000,0.0148272198253218,Diesel,Individual,Manual
0.8378378378378386,450000,0.0296548632976001,Diesel,Individual,Manual
0.7297297297297334,100000,0.0762560284961888,Petrol,Individual,Manual
0.7027027027027017,250000,0.0290617575587089,Petrol,Individual,Manual
0.8918918918918948,750000,0.0508372111151404,Diesel,Individual,Manual
0.8918918918918948,350000,0.0072015746110073,Petrol,Individual,Automatic
0.8648648648648631,1888000,0.0508372111151404,Diesel,Individual,Manual
0.4864864864864842,75000,0.0148272198253218,Petrol,Individual,Manual
0.7837837837837824,250000,0.0661054474220235,Diesel,Dealer,Manual
0.7297297297297334,90000,0.0296548632976001,Petrol,Individual,Manual
1.0,800000,0.0105907502618138,Diesel,Individual,Manual
0.7297297297297334,150000,0.025418393734092,Petrol,Individual,Manual
0.9189189189189192,400000,0.0360095676428622,Diesel,Individual,Manual
0.9459459459459438,380000,0.0021178111347976,Petrol,Individual,Manual
0.8378378378378386,325000,0.0241474528650396,Petrol,Dealer,Manual
0.5945945945945965,75000,0.025418393734092,Petrol,Individual,Manual
0.9189189189189192,490000,0.0279602754721968,Diesel,Dealer,Manual
0.7567567567567579,240000,0.0338913328611081,Petrol,Individual,Manual
0.8918918918918948,225000,0.0169454546070759,Petrol,Individual,Manual
0.8108108108108141,450000,0.0004232233093944,Diesel,Dealer,Manual
0.9729729729729756,5500000,0.0036005754820255,Diesel,Dealer,Automatic
0.9729729729729756,2700000,0.0021178111347976,Diesel,Individual,Automatic
0.8918918918918948,240000,0.0169454546070759,Petrol,Individual,Manual
0.6756756756756772,75000,0.036433214599213,Petrol,Individual,Manual
0.8648648648648631,969999,0.0092266070623642,Petrol,Dealer,Manual
0.9729729729729756,5150000,0.0084725154800597,Petrol,Dealer,Automatic
0.8378378378378386,535000,0.0296548632976001,Diesel,Individual,Manual
0.7837837837837824,430000,0.0211819241705839,Petrol,Individual,Manual
0.9459459459459438,1200000,0.0105907502618138,Diesel,Individual,Manual
0.7837837837837824,425000,0.0423642719881243,Diesel,Individual,Manual
0.8648648648648631,225000,0.0291231863673798,Diesel,Dealer,Manual
0.9189189189189192,600000,0.0042360459165517,Petrol,Individual,Manual
0.9729729729729756,650000,0.0023808958946915,Petrol,Trustmark Dealer,Automatic
1.0,600000,0.0021178111347976,Petrol,Individual,Manual
0.9729729729729756,1400000,0.0042360459165517,Petrol,Individual,Manual
0.8378378378378386,545000,0.0148272198253218,CNG,Individual,Manual
0.6486486486486527,140000,0.0338913328611081,Petrol,Individual,Manual
0.9189189189189192,530000,0.0127089850435678,Petrol,Individual,Manual
0.9189189189189192,825000,0.0334676859047573,Diesel,Dealer,Manual
0.8918918918918948,850000,0.0169454546070759,Diesel,Individual,Manual
0.6486486486486527,400000,0.0466007415516323,Diesel,Individual,Automatic
0.8108108108108141,451000,0.0508372111151404,Diesel,Individual,Manual
0.8108108108108141,320000,0.0132923469024629,Petrol,Individual,Manual
0.9189189189189192,260000,0.0211819241705839,Diesel,Individual,Manual
0.7837837837837824,495000,0.0347386267738098,Diesel,Individual,Manual
0.7567567567567579,300000,0.1122660197860074,Diesel,Individual,Manual
0.6756756756756772,25000,0.0110143972181646,Petrol,Individual,Manual
0.9189189189189192,75000,0.0046596928729025,Petrol,Individual,Manual
0.8918918918918948,765000,0.0338913328611081,Diesel,Individual,Manual
0.7027027027027017,600000,0.0656648545874187,Diesel,Individual,Automatic
0.8918918918918948,350000,0.025418393734092,Petrol,Individual,Manual
0.8648648648648631,300000,0.025418393734092,Petrol,Individual,Manual
0.8108108108108141,170000,0.025418393734092,Petrol,Individual,Manual
0.9459459459459438,319000,0.0127089850435678,Petrol,Individual,Automatic
0.8648648648648631,200000,0.0296548632976001,Petrol,Individual,Manual
0.567567567567572,80000,0.0245710998213904,Petrol,Individual,Manual
0.8648648648648631,390000,0.026089874159908,Diesel,Trustmark Dealer,Manual
0.8648648648648631,599000,0.0296548632976001,Petrol,Individual,Manual
0.8378378378378386,650000,0.0237238059086888,Petrol,Individual,Manual
0.7567567567567579,800000,0.0932019067502211,Diesel,Individual,Manual
0.8108108108108141,600000,0.0508372111151404,Diesel,Individual,Manual
0.8648648648648631,940000,0.0542263867659469,Diesel,Individual,Manual
0.8648648648648631,430000,0.0021178111347976,Petrol,Individual,Manual
0.9459459459459438,1400000,0.0084725154800597,Diesel,Individual,Manual
0.7837837837837824,200000,0.0211819241705839,Diesel,Individual,Manual
0.7297297297297334,185000,0.0296548632976001,Diesel,Individual,Manual
0.7567567567567579,450000,0.0423642719881243,Diesel,Individual,Manual
0.9729729729729756,500000,0.0063542806983057,Petrol,Individual,Manual
0.8648648648648631,350000,0.0508372111151404,Diesel,Individual,Manual
0.9189189189189192,866000,0.0160134313031041,Petrol,Individual,Manual
0.9729729729729756,675000,0.0021178111347976,Petrol,Individual,Manual
0.9189189189189192,1250000,0.025418393734092,Diesel,Individual,Manual
0.8648648648648631,850000,0.0250943038124836,Diesel,Dealer,Manual
0.7297297297297334,100000,0.0338913328611081,Petrol,Individual,Manual
0.9189189189189192,950000,0.0148272198253218,Petrol,Individual,Manual
0.7567567567567579,125000,0.0360095676428622,Diesel,Individual,Manual
0.6756756756756772,170000,0.0344522414313166,Petrol,Dealer,Manual
0.8108108108108141,200000,0.025418393734092,Diesel,Individual,Manual
0.7837837837837824,1375000,0.0143188434777009,Diesel,Dealer,Automatic
0.8378378378378386,395000,0.0593101502421566,Diesel,Individual,Manual
0.9729729729729756,1025000,0.0135562789562694,Diesel,Individual,Manual
0.8648648648648631,1000000,0.0194873363451807,Diesel,Individual,Manual
0.5945945945945965,80000,0.0239695211433722,Petrol,Dealer,Manual
0.9459459459459438,459999,0.0021178111347976,Petrol,Individual,Manual
0.6756756756756772,105000,0.0542263867659469,Petrol,Individual,Manual
0.9729729729729756,675000,0.0021178111347976,Petrol,Individual,Manual
0.7297297297297334,260000,0.0635466198056646,Diesel,Individual,Manual
0.8108108108108141,290000,0.0381278024246162,Diesel,Individual,Manual
0.9729729729729756,366000,0.0063542806983057,Petrol,Individual,Manual
0.7567567567567579,420000,0.0119040558265013,Petrol,Individual,Manual
0.7837837837837824,200000,0.0381278024246162,Petrol,Individual,Manual
0.3783783783783789,50000,0.0466007415516323,Petrol,Individual,Manual
0.8108108108108141,145000,0.0381278024246162,Diesel,Individual,Manual
0.7567567567567579,210000,0.0466007415516323,Diesel,Individual,Manual
0.8108108108108141,425000,0.0258772033878199,Diesel,Dealer,Manual
0.9459459459459438,500000,0.0169454546070759,Petrol,Individual,Automatic
0.7297297297297334,400000,0.0127089850435678,Petrol,Individual,Manual
0.8918918918918948,300000,0.0127089850435678,Petrol,Individual,Manual
0.9189189189189192,2175000,0.0211819241705839,Diesel,Individual,Automatic
0.4864864864864842,70000,0.049566270246088,Petrol,Individual,Manual
0.9459459459459438,930000,0.0084725154800597,Diesel,Individual,Manual
0.8378378378378386,229999,0.0296548632976001,Petrol,Individual,Manual
0.9729729729729756,450000,0.0014823407002714,Petrol,Individual,Manual
0.7297297297297334,1000000,0.025418393734092,Diesel,Individual,Automatic
0.9729729729729756,800000,0.0151237726947674,Diesel,Dealer,Manual
0.7837837837837824,285000,0.0296548632976001,Diesel,Individual,Manual
0.8108108108108141,325000,0.0292312163412493,Diesel,Dealer,Manual
0.9189189189189192,700000,0.025418393734092,Diesel,Individual,Manual
0.8378378378378386,800000,0.025418393734092,Diesel,Individual,Manual
0.9189189189189192,400000,0.0508372111151404,Diesel,Individual,Manual
0.7837837837837824,280000,0.0423642719881243,Diesel,Individual,Manual
0.9459459459459438,3200000,0.0211819241705839,Diesel,Individual,Manual
0.8918918918918948,900000,0.0508372111151404,Diesel,Individual,Manual
0.8918918918918948,275000,0.0105907502618138,Petrol,Individual,Manual
1.0,300000,0.0084725154800597,Petrol,Individual,Manual
0.9729729729729756,570000,0.0080488685237089,Petrol,Individual,Automatic
0.8918918918918948,360000,0.025418393734092,Diesel,Individual,Manual
0.9729729729729756,1300000,0.0042360459165517,Diesel,Individual,Automatic
0.8648648648648631,650000,0.0211819241705839,Diesel,Individual,Manual
0.621621621621621,90000,0.0169454546070759,Petrol,Individual,Manual
0.7567567567567579,150000,0.0508372111151404,Diesel,Individual,Manual
0.7837837837837824,180000,0.0381278024246162,LPG,Individual,Manual
0.8648648648648631,350000,0.0296548632976001,Diesel,Individual,Manual
0.8108108108108141,211000,0.0338913328611081,Diesel,Individual,Manual
0.9459459459459438,550000,0.0148272198253218,Petrol,Individual,Automatic
0.7297297297297334,950000,0.1804731797584873,Diesel,Individual,Manual
0.8648648648648631,227000,0.0296548632976001,Diesel,Individual,Manual
0.9189189189189192,1100000,0.0156745137380234,Diesel,Individual,Manual
0.7567567567567579,70000,0.0169454546070759,Petrol,Individual,Manual
0.8648648648648631,375000,0.0338913328611081,Diesel,Individual,Manual
0.8378378378378386,750000,0.0423642719881243,Diesel,Individual,Manual
0.8648648648648631,525000,0.0169454546070759,Diesel,Individual,Manual
0.7837837837837824,220000,0.0055069867856041,Petrol,Individual,Manual
0.8378378378378386,110000,0.0211819241705839,Petrol,Individual,Manual
0.7567567567567579,175000,0.0741377937144348,Diesel,Individual,Manual
0.8108108108108141,240000,0.025418393734092,Diesel,Individual,Manual
0.8918918918918948,750000,0.0211819241705839,Diesel,Individual,Manual
0.9459459459459438,700000,0.031688368688084,Diesel,Individual,Manual
0.7567567567567579,210000,0.0741377937144348,Diesel,Individual,Manual
0.7567567567567579,300000,0.0508372111151404,Diesel,Individual,Manual
0.7027027027027017,155000,0.0466007415516323,Diesel,Individual,Manual
0.7027027027027017,345000,0.0199109833015315,Petrol,Individual,Manual
0.9459459459459438,1000000,0.002214826287802,Petrol,Trustmark Dealer,Manual
0.7837837837837824,360000,0.0423642719881243,Diesel,Individual,Manual
0.8918918918918948,550000,0.0192572960478822,Petrol,Dealer,Manual
0.7567567567567579,190000,0.0466007415516323,Diesel,Individual,Manual
0.7027027027027017,140000,0.0338913328611081,Petrol,Individual,Manual
0.8378378378378386,570000,0.0169454546070759,Diesel,Dealer,Manual
0.7297297297297334,245000,0.036433214599213,Petrol,Individual,Manual
0.9189189189189192,382000,0.0169454546070759,Petrol,Individual,Manual
0.8918918918918948,720000,0.0148272198253218,Diesel,Individual,Manual
0.9459459459459438,790000,0.025418393734092,Diesel,Individual,Manual
0.6486486486486527,75000,0.0381278024246162,Petrol,Individual,Manual
0.9459459459459438,760000,0.0211819241705839,Diesel,Individual,Manual
0.9729729729729756,779000,0.0029786617501025,Petrol,Trustmark Dealer,Automatic
0.7567567567567579,150000,0.0423642719881243,Petrol,Individual,Manual
0.8108108108108141,300000,0.0338913328611081,Petrol,Dealer,Manual
0.8378378378378386,825000,0.0266893346031444,Diesel,Dealer,Manual
0.9189189189189192,675000,0.0296548632976001,Diesel,Individual,Manual
0.7027027027027017,395000,0.084728967623205,Diesel,Individual,Manual
0.8918918918918948,680000,0.0084725154800597,Diesel,Individual,Manual
0.5945945945945965,60000,0.0423642719881243,Diesel,Individual,Manual
0.8648648648648631,500000,0.0148272198253218,Petrol,Individual,Manual
0.9729729729729756,834000,0.0055069867856041,Diesel,Individual,Manual
0.7297297297297334,231000,0.0338913328611081,Petrol,Individual,Manual
0.9459459459459438,730000,0.0381278024246162,Diesel,Individual,Manual
0.8108108108108141,525000,0.0466007415516323,Diesel,Individual,Manual
0.7837837837837824,700000,0.0211819241705839,Diesel,Individual,Manual
0.8378378378378386,525000,0.027536628515846,Diesel,Dealer,Manual
0.7837837837837824,500000,0.0381278024246162,Diesel,Individual,Automatic
0.7837837837837824,550000,0.0381278024246162,Diesel,Individual,Manual
0.7297297297297334,285000,0.0656648545874187,Petrol,Individual,Manual
0.7297297297297334,150000,0.0449061537262291,Petrol,Individual,Manual
0.9729729729729756,190000,0.0021178111347976,Petrol,Individual,Manual
0.8378378378378386,225000,0.025418393734092,Petrol,Individual,Manual
0.567567567567572,80000,0.0245710998213904,Petrol,Individual,Manual
0.8918918918918948,1125000,0.0096040765004727,Petrol,Dealer,Manual
0.8648648648648631,500000,0.0637779310438322,Petrol,Dealer,Manual
0.6486486486486527,220000,0.0338913328611081,Petrol,Individual,Manual
0.8108108108108141,580000,0.0211819241705839,Petrol,Dealer,Automatic
0.7837837837837824,100000,0.084728967623205,Diesel,Individual,Manual
0.8648648648648631,350000,0.025418393734092,Diesel,Individual,Manual
0.8108108108108141,750000,0.0336066421064404,Diesel,Trustmark Dealer,Manual
0.9459459459459438,610000,0.0148272198253218,Petrol,Individual,Manual
0.8108108108108141,675000,0.0372805085119146,Diesel,Dealer,Automatic
0.8378378378378386,340000,0.0063542806983057,Petrol,Individual,Manual
0.7837837837837824,350000,0.027536628515846,Diesel,Dealer,Manual
0.621621621621621,110000,0.0372805085119146,Diesel,Individual,Manual
0.8648648648648631,716000,0.0423642719881243,Diesel,Individual,Manual
0.9189189189189192,3200000,0.0190636893888299,Diesel,Dealer,Automatic
0.8378378378378386,470000,0.0169454546070759,Petrol,Individual,Manual
0.567567567567572,45000,0.025418393734092,Petrol,Individual,Manual
0.9189189189189192,1250000,0.0402460372063702,Diesel,Individual,Manual
0.9189189189189192,475000,0.0241474528650396,Petrol,Individual,Manual
0.7027027027027017,300000,0.0635466198056646,Diesel,Individual,Manual
0.9189189189189192,325000,0.0015094541054779,Petrol,Individual,Manual
0.6486486486486527,100000,0.0826107328414509,Petrol,Individual,Manual
0.7837837837837824,459999,0.0368568615555638,Diesel,Individual,Manual
0.621621621621621,65000,0.0838816737105034,Petrol,Individual,Manual
0.8108108108108141,775000,0.0296548632976001,Diesel,Individual,Manual
0.9459459459459438,500000,0.0508372111151404,Petrol,Individual,Manual
0.7837837837837824,150000,0.0296548632976001,Petrol,Individual,Automatic
0.8918918918918948,711000,0.0508372111151404,Diesel,Individual,Manual
0.9189189189189192,700000,0.0229561576237811,Diesel,Individual,Manual
0.8648648648648631,600000,0.0338913328611081,Diesel,Individual,Manual
0.9189189189189192,650000,0.0169454546070759,Diesel,Individual,Manual
0.7297297297297334,229999,0.0508372111151404,Diesel,Individual,Manual
0.9189189189189192,430000,0.0063542806983057,Petrol,Individual,Manual
0.7297297297297334,210000,0.0105907502618138,Petrol,Individual,Manual
0.7567567567567579,250000,0.0296548632976001,Diesel,Individual,Manual
0.9189189189189192,350000,0.0216055711269347,Petrol,Dealer,Manual
0.8108108108108141,1300000,0.0247829232995658,Diesel,Dealer,Automatic
0.9189189189189192,1100000,0.0042360459165517,Petrol,Individual,Automatic
0.7027027027027017,140000,0.0148272198253218,Petrol,Individual,Manual
0.9189189189189192,844999,0.0127089850435678,Petrol,Individual,Manual
0.8648648648648631,650000,0.0423642719881243,Diesel,Individual,Manual
0.9459459459459438,380000,0.0080488685237089,Petrol,Individual,Manual
0.9459459459459438,755000,0.0063542806983057,Diesel,Individual,Manual
0.9459459459459438,950000,0.0247875834160857,Diesel,Dealer,Manual
0.9189189189189192,280000,0.0211819241705839,Petrol,Individual,Manual
0.8918918918918948,649000,0.0296548632976001,Diesel,Individual,Manual
0.621621621621621,220000,0.0423642719881243,Petrol,Individual,Manual
0.6756756756756772,65000,0.0169454546070759,Petrol,Individual,Manual
0.9189189189189192,750000,0.0235310465435492,Diesel,Dealer,Manual
0.8918918918918948,265000,0.0466007415516323,Petrol,Individual,Manual
0.8108108108108141,200000,0.0508372111151404,Diesel,Individual,Manual
0.7567567567567579,240000,0.0338913328611081,Petrol,Individual,Manual
0.9459459459459438,1380000,0.0105907502618138,Diesel,Individual,Manual
0.6486486486486527,200000,0.0211819241705839,Diesel,Individual,Manual
0.8918918918918948,740000,0.0063792758687304,Petrol,Dealer,Automatic
0.8378378378378386,240000,0.025418393734092,Petrol,Individual,Manual
0.9189189189189192,780000,0.0118616911308662,Diesel,Individual,Manual
0.8648648648648631,651000,0.0292312163412493,Diesel,Dealer,Automatic
0.9729729729729756,521000,0.0012747536916595,Petrol,Individual,Automatic
0.5945945945945965,85000,0.0381278024246162,Petrol,Individual,Manual
0.7567567567567579,180000,0.0529554458968945,Diesel,Individual,Manual
0.9189189189189192,1000000,0.025418393734092,Diesel,Individual,Manual
0.9189189189189192,700000,0.0338913328611081,Diesel,Individual,Automatic
0.8378378378378386,550000,0.0246689622683074,Diesel,Dealer,Manual
0.7297297297297334,200000,0.0423642719881243,Diesel,Individual,Manual
0.9729729729729756,615000,0.0042360459165517,Petrol,Individual,Manual
0.7567567567567579,625000,0.0508372111151404,Diesel,Individual,Manual
0.8648648648648631,280000,0.0063542806983057,Petrol,Individual,Manual
0.621621621621621,150000,0.0338913328611081,Petrol,Individual,Manual
0.9459459459459438,570000,0.0021178111347976,Petrol,Individual,Manual
0.7297297297297334,320000,0.0508372111151404,Diesel,Individual,Manual
0.8918918918918948,850000,0.0245710998213904,Diesel,Individual,Manual
0.7567567567567579,200000,0.0466007415516323,Diesel,Individual,Manual
0.8648648648648631,450000,0.0296548632976001,Diesel,Individual,Manual
0.7567567567567579,350000,0.0444825067698783,Diesel,Dealer,Manual
0.8918918918918948,500000,0.0237238059086888,Petrol,Individual,Manual
0.8918918918918948,175000,0.001270517222096,Petrol,Individual,Manual
0.8648648648648631,250999,0.0182163954761283,Petrol,Individual,Manual
0.9729729729729756,5150000,0.0084725154800597,Petrol,Dealer,Automatic
0.7567567567567579,250000,0.0466007415516323,Petrol,Individual,Manual
0.9459459459459438,600000,0.0295612373202465,Petrol,Dealer,Automatic
0.7297297297297334,280000,0.0508372111151404,Diesel,Individual,Manual
0.9459459459459438,475000,0.0093198093927613,Petrol,Individual,Manual
0.621621621621621,175000,0.0105907502618138,Petrol,Individual,Manual
0.8918918918918948,1000000,0.025418393734092,Diesel,Individual,Manual
0.7567567567567579,165000,0.0317730980793541,Petrol,Individual,Manual
0.8918918918918948,250000,0.0296548632976001,Diesel,Individual,Manual
0.8378378378378386,575000,0.0449061537262291,Diesel,Individual,Manual
0.8378378378378386,500000,0.0072015746110073,Petrol,Individual,Manual
0.621621621621621,140000,0.0423642719881243,Petrol,Individual,Manual
0.8108108108108141,92800,0.0105907502618138,Petrol,Individual,Manual
0.7567567567567579,311000,0.0593101502421566,Diesel,Individual,Manual
0.9189189189189192,270000,0.0131749966955537,Petrol,Dealer,Manual
0.7837837837837824,130000,0.0381278024246162,Diesel,Individual,Manual
0.4864864864864842,43000,0.0423642719881243,Petrol,Individual,Manual
0.8648648648648631,580000,0.0296548632976001,Diesel,Individual,Manual
0.7297297297297334,215000,0.0508372111151404,Diesel,Individual,Manual
0.8108108108108141,165000,0.025418393734092,Diesel,Individual,Manual
0.6756756756756772,229999,0.0508372111151404,Petrol,Individual,Manual
0.7297297297297334,250000,0.0466007415516323,Diesel,Individual,Manual
0.9729729729729756,1150000,0.0131326319999186,Petrol,Dealer,Manual
0.9459459459459438,600000,0.0295612373202465,Petrol,Dealer,Automatic
0.7567567567567579,375000,0.0381278024246162,Petrol,Individual,Manual
0.9189189189189192,260000,0.0038123989602009,Petrol,Individual,Manual
0.6486486486486527,210000,0.0593101502421566,Petrol,Individual,Manual
0.9189189189189192,450000,0.0238466635260305,Diesel,Dealer,Manual
0.7837837837837824,730000,0.1059113154407453,Diesel,Individual,Manual
1.0,1900000,0.0006774114832049,Petrol,Dealer,Automatic
0.8918918918918948,550000,0.025418393734092,Diesel,Individual,Manual
0.9729729729729756,875000,0.0105907502618138,Diesel,Individual,Manual
0.6756756756756772,80000,0.0635466198056646,Diesel,Individual,Manual
0.9189189189189192,520000,0.0122141653985501,Diesel,Dealer,Manual
0.8378378378378386,600000,0.0169454546070759,Diesel,Individual,Manual
0.8648648648648631,610000,0.0211819241705839,Diesel,Individual,Manual
0.9459459459459438,400000,0.025418393734092,Petrol,Individual,Manual
0.9459459459459438,1300000,0.0148272198253218,Diesel,Individual,Manual
0.8648648648648631,625000,0.0299387067583551,Petrol,Trustmark Dealer,Automatic
0.7567567567567579,295000,0.0226477426395577,Petrol,Dealer,Manual
0.9189189189189192,2600000,0.0199796141084603,Diesel,Trustmark Dealer,Automatic
0.8918918918918948,940000,0.0211819241705839,Diesel,Individual,Manual
0.5945945945945965,351000,0.0317730980793541,Petrol,Dealer,Manual
0.8108108108108141,600000,0.0779506163215921,Diesel,Individual,Manual
0.6486486486486527,130000,0.0571919154604025,Petrol,Individual,Manual
0.8648648648648631,1050000,0.0508372111151404,Diesel,Individual,Manual
0.8378378378378386,650000,0.0211819241705839,Diesel,Individual,Manual
0.7027027027027017,120000,0.0351622737301606,Petrol,Individual,Manual
0.8918918918918948,250000,0.0211819241705839,Petrol,Individual,Manual
0.8378378378378386,850000,0.0508372111151404,Diesel,Individual,Manual
0.9189189189189192,350000,0.0105907502618138,Petrol,Individual,Manual
0.7567567567567579,150000,0.0127089850435678,Petrol,Individual,Manual
0.8918918918918948,780000,0.025418393734092,Diesel,Individual,Manual
0.8108108108108141,350000,0.0169454546070759,Petrol,Individual,Manual
0.621621621621621,140000,0.084728967623205,Diesel,Individual,Manual
0.9189189189189192,610000,0.0063542806983057,Petrol,Individual,Manual
0.6486486486486527,140000,0.0529554458968945,Petrol,Individual,Manual
0.4594594594594596,150000,0.0211819241705839,Diesel,Individual,Manual
0.9729729729729756,470000,0.0016941641784468,CNG,Individual,Manual
0.8648648648648631,380000,0.0508372111151404,Diesel,Individual,Manual
0.9729729729729756,1400000,0.0139799259126202,Diesel,Individual,Manual
0.7837837837837824,200000,0.0508372111151404,Petrol,Individual,Manual
0.7027027027027017,120000,0.1059113154407453,Petrol,Individual,Manual
0.8378378378378386,150000,0.0508372111151404,Petrol,Individual,Manual
0.8918918918918948,240000,0.0024567286998783,Petrol,Individual,Manual
0.7297297297297334,160000,0.0423642719881243,Petrol,Individual,Manual
0.9189189189189192,600000,0.025418393734092,Diesel,Individual,Manual
0.7027027027027017,235000,0.0423642719881243,Petrol,Individual,Manual
0.7297297297297334,400000,0.0211819241705839,Diesel,Individual,Manual
0.5405405405405403,108000,0.084728967623205,Diesel,Individual,Manual
0.7837837837837824,535000,0.0136926932762144,Diesel,Dealer,Manual
0.9189189189189192,3200000,0.0190636893888299,Diesel,Dealer,Automatic
0.8918918918918948,330000,0.0127089850435678,Petrol,Individual,Manual
0.8648648648648631,650000,0.0338913328611081,Diesel,Individual,Manual
0.7837837837837824,290000,0.0114380441745154,Petrol,Individual,Manual
0.9729729729729756,650000,0.0023808958946915,Petrol,Trustmark Dealer,Automatic
0.5945945945945965,80000,0.0239695211433722,Petrol,Dealer,Manual
0.8108108108108141,750000,0.0336066421064404,Diesel,Trustmark Dealer,Manual
0.9189189189189192,430000,0.0393987432936686,Petrol,Dealer,Manual
0.8108108108108141,1300000,0.0247829232995658,Diesel,Dealer,Automatic
0.8648648648648631,60000,0.012285338087217,Petrol,Individual,Manual
0.5945945945945965,114999,0.0381278024246162,Petrol,Dealer,Manual
0.5405405405405403,50000,0.0338913328611081,Petrol,Individual,Manual
0.7027027027027017,115999,0.0466007415516323,Petrol,Individual,Manual
0.8648648648648631,490000,0.0131665237564267,Petrol,Dealer,Manual
0.9459459459459438,3350000,0.0076252215673581,Diesel,Dealer,Automatic
0.7567567567567579,400000,0.0466007415516323,Diesel,Individual,Manual
0.7837837837837824,340000,0.0102941973923682,Petrol,Dealer,Manual
0.8648648648648631,350000,0.0211819241705839,Petrol,Individual,Manual
0.7297297297297334,229999,0.0720195589326808,Diesel,Individual,Manual
0.8648648648648631,525000,0.0298150018471007,Petrol,Dealer,Manual
0.8108108108108141,360000,0.0874826728394852,Diesel,Individual,Manual
0.7837837837837824,225000,0.0338913328611081,Petrol,Individual,Manual
0.8918918918918948,385000,0.0110143972181646,Petrol,Individual,Manual
0.8378378378378386,459999,0.0466007415516323,Diesel,Individual,Manual
0.7837837837837824,60000,0.0080488685237089,Petrol,Individual,Manual
0.8108108108108141,195000,0.0194873363451807,Diesel,Individual,Manual
0.9189189189189192,3200000,0.0190636893888299,Diesel,Dealer,Automatic
1.0,830000,0.0042360459165517,Petrol,Individual,Manual
0.8378378378378386,320000,0.0305021572103017,Petrol,Individual,Manual
0.7027027027027017,120000,0.0245710998213904,Petrol,Individual,Manual
0.8918918918918948,252000,0.0127089850435678,Petrol,Individual,Manual
0.7027027027027017,250000,0.0381278024246162,Petrol,Individual,Manual
0.8918918918918948,500000,0.0160981606943743,Petrol,Individual,Manual
0.8108108108108141,170000,0.0296548632976001,Petrol,Individual,Manual
0.8918918918918948,270000,0.0423642719881243,Petrol,Individual,Manual
0.7837837837837824,150000,0.0466007415516323,Diesel,Individual,Manual
0.8378378378378386,395000,0.0508372111151404,Diesel,Individual,Manual
0.8108108108108141,450000,0.0148272198253218,Petrol,Individual,Manual
0.8648648648648631,390000,0.0211819241705839,Petrol,Individual,Automatic
0.8918918918918948,1700000,0.0466007415516323,Diesel,Individual,Manual
0.9189189189189192,1800000,0.0190636893888299,Diesel,Individual,Manual
0.621621621621621,100000,0.0169454546070759,Petrol,Individual,Manual
0.8108108108108141,290000,0.0105907502618138,Diesel,Individual,Manual
0.7027027027027017,199000,0.0222562928518896,Petrol,Individual,Manual
0.8918918918918948,170000,0.0529554458968945,Petrol,Individual,Manual
0.7297297297297334,140000,0.0494391761591828,Petrol,Individual,Manual
0.7837837837837824,595000,0.0546500337222977,Diesel,Individual,Manual
0.7567567567567579,475000,0.0457534476389307,Diesel,Dealer,Manual
0.8648648648648631,295000,0.0508372111151404,Diesel,Individual,Manual
0.8378378378378386,650000,0.0288075693848985,Diesel,Individual,Manual
0.7837837837837824,345000,0.0211819241705839,Petrol,Individual,Manual
0.8648648648648631,850000,0.0457534476389307,Diesel,Individual,Manual
0.8648648648648631,850000,0.0105907502618138,Petrol,Individual,Manual
0.8648648648648631,625000,0.0050486007788325,Petrol,Trustmark Dealer,Manual
0.7567567567567579,190000,0.0084725154800597,Petrol,Individual,Manual
1.0,1000000,4.236469563508068e-05,Diesel,Dealer,Manual
0.9459459459459438,1300000,0.0042360459165517,Diesel,Individual,Manual
0.7837837837837824,119000,0.0402460372063702,Diesel,Individual,Manual
0.9459459459459438,750000,0.0063542806983057,Petrol,Individual,Manual
0.3783783783783789,60000,0.0105907502618138,Petrol,Individual,Manual
0.7027027027027017,120000,0.0072015746110073,Petrol,Individual,Manual
0.8918918918918948,300000,0.028253862812948,Petrol,Dealer,Manual
0.9729729729729756,860000,0.0148272198253218,Diesel,Individual,Manual
0.8378378378378386,235000,0.0211819241705839,Petrol,Individual,Manual
0.9189189189189192,575000,0.0084725154800597,Petrol,Individual,Manual
0.8108108108108141,425000,0.0338913328611081,Diesel,Individual,Manual
0.9459459459459438,875000,0.0211819241705839,Diesel,Dealer,Manual
0.8378378378378386,280000,0.0423642719881243,Diesel,Individual,Manual
0.8648648648648631,451000,0.0423642719881243,Diesel,Individual,Manual
0.8918918918918948,395000,0.0211819241705839,Petrol,Individual,Manual
0.8918918918918948,620000,0.0148272198253218,Petrol,Individual,Manual
0.9189189189189192,400000,0.0508372111151404,Petrol,Individual,Manual
0.7567567567567579,250000,0.0211819241705839,Petrol,Individual,Manual
0.7567567567567579,220000,0.0381278024246162,Diesel,Individual,Manual
0.8108108108108141,509999,0.0720195589326808,Diesel,Individual,Manual
0.9459459459459438,409999,0.0148272198253218,Petrol,Individual,Manual
0.7027027027027017,150000,0.025418393734092,Petrol,Individual,Manual
0.8648648648648631,390000,0.026089874159908,Diesel,Trustmark Dealer,Manual
0.9189189189189192,589000,0.0174673876573001,Diesel,Dealer,Manual
0.9189189189189192,625000,0.0108186723243305,Petrol,Trustmark Dealer,Manual
0.621621621621621,75000,0.0169454546070759,Petrol,Individual,Manual
0.8648648648648631,500000,0.0508372111151404,Diesel,Individual,Manual
0.8918918918918948,670000,0.0030091643309597,Petrol,Trustmark Dealer,Manual
0.8918918918918948,270000,0.0148272198253218,Petrol,Individual,Manual
0.8108108108108141,450000,0.0211819241705839,Petrol,Individual,Manual
0.8918918918918948,850000,0.0423642719881243,Diesel,Individual,Manual
0.9189189189189192,670000,0.0152508667816726,Diesel,Individual,Manual
0.8918918918918948,1800000,0.0466007415516323,Diesel,Individual,Automatic
0.9459459459459438,509999,0.0063542806983057,Petrol,Individual,Manual
0.7297297297297334,125000,0.034314979817459,Diesel,Individual,Manual
0.6756756756756772,180000,0.0610047380675598,Diesel,Individual,Manual
0.8648648648648631,500000,0.0338913328611081,Petrol,Individual,Manual
0.9729729729729756,1750000,0.0080488685237089,Petrol,Dealer,Automatic
0.9459459459459438,1050000,0.0076252215673581,Diesel,Dealer,Manual
0.7027027027027017,250000,0.025418393734092,Petrol,Individual,Manual
0.8648648648648631,245000,0.0169454546070759,Petrol,Individual,Manual
0.7837837837837824,600000,0.0338913328611081,Diesel,Individual,Manual
0.8108108108108141,229999,0.0296548632976001,Diesel,Individual,Manual
0.9729729729729756,1000000,0.0072015746110073,Diesel,Dealer,Manual
0.7837837837837824,550000,0.1398030719488099,Petrol,Individual,Manual
0.8108108108108141,650000,0.0228765119959872,Diesel,Dealer,Manual
0.9729729729729756,5150000,0.0084725154800597,Petrol,Dealer,Automatic
0.7567567567567579,130000,0.0381278024246162,Diesel,Individual,Manual
0.4054054054054035,58000,0.0338913328611081,Petrol,Individual,Manual
0.6756756756756772,140000,0.0440253917039758,Petrol,Individual,Manual
0.8108108108108141,1580000,0.036433214599213,Diesel,Dealer,Automatic
0.6486486486486527,250000,0.0423642719881243,Diesel,Individual,Manual
0.7297297297297334,250000,0.0508372111151404,Diesel,Individual,Manual
0.9459459459459438,700000,0.0190636893888299,Diesel,Individual,Manual
0.7837837837837824,229999,0.0211073623062662,Petrol,Dealer,Manual
0.7837837837837824,160000,0.0296548632976001,CNG,Individual,Manual
0.8918918918918948,2400000,0.0127089850435678,Diesel,Individual,Automatic
0.9189189189189192,800000,0.021667423582562,Diesel,Individual,Manual
0.5945945945945965,90000,0.0347386267738098,Petrol,Individual,Manual
0.8918918918918948,500000,0.0148272198253218,Diesel,Individual,Manual
0.8648648648648631,300000,0.0296548632976001,Petrol,Individual,Manual
0.9729729729729756,500000,0.0042360459165517,Petrol,Individual,Manual
0.8918918918918948,245000,0.025418393734092,Petrol,Individual,Manual
0.7837837837837824,600000,0.0423642719881243,Diesel,Individual,Manual
0.9189189189189192,575000,0.0338913328611081,Diesel,Individual,Manual
0.9189189189189192,919999,0.0113389107867293,Diesel,Dealer,Manual
0.567567567567572,85000,0.0338913328611081,Petrol,Individual,Manual
0.8918918918918948,625000,0.0228765119959872,Petrol,Dealer,Manual
0.8108108108108141,380000,0.0466007415516323,Diesel,Individual,Manual
0.8108108108108141,520000,0.0461770945952815,Diesel,Individual,Manual
0.7297297297297334,370000,0.0410933311190719,Petrol,Individual,Manual
0.8648648648648631,320000,0.025418393734092,Petrol,Individual,Manual
0.6486486486486527,160000,0.0508372111151404,Petrol,Individual,Manual
0.7837837837837824,380000,0.0296548632976001,Diesel,Individual,Manual
0.8918918918918948,3200000,0.0169454546070759,Diesel,Individual,Automatic
0.8108108108108141,2000000,0.025418393734092,Diesel,Individual,Automatic
0.8108108108108141,325000,0.0263504170380638,Diesel,Dealer,Manual
0.9189189189189192,975000,0.0206303358334152,Diesel,Dealer,Manual
0.6486486486486527,90000,0.0296548632976001,Petrol,Individual,Manual
0.7297297297297334,400000,0.0423642719881243,Diesel,Individual,Manual
0.7567567567567579,75000,0.0063542806983057,Petrol,Individual,Manual
0.8108108108108141,429000,0.0208014892037809,Petrol,Dealer,Manual
0.4594594594594596,50000,0.0762560284961888,Petrol,Individual,Manual
0.9189189189189192,940000,0.0508372111151404,Diesel,Individual,Manual
0.7027027027027017,150000,0.0326203919920557,Petrol,Individual,Manual
0.8648648648648631,535000,0.0338913328611081,Diesel,Individual,Manual
0.7567567567567579,270000,0.025418393734092,Petrol,Individual,Manual
0.9459459459459438,695000,0.0296548632976001,Diesel,Individual,Manual
1.0,830000,0.0508372111151404,Diesel,Individual,Manual
0.8378378378378386,450000,0.022533357961343,Diesel,Dealer,Manual
0.4054054054054035,40000,0.0169454546070759,Petrol,Individual,Manual
0.621621621621621,280000,0.0635466198056646,Diesel,Individual,Manual
0.8378378378378386,250000,0.0211819241705839,Petrol,Individual,Manual
0.9189189189189192,925000,0.0211819241705839,Diesel,Individual,Manual
0.7567567567567579,190000,0.0466007415516323,Petrol,Individual,Manual
0.9459459459459438,300000,0.0127089850435678,Petrol,Individual,Manual
0.5405405405405403,75000,0.0241474528650396,Petrol,Individual,Manual
1.0,524000,0.0135562789562694,Petrol,Individual,Manual
0.9189189189189192,650000,0.025418393734092,Diesel,Individual,Manual
0.5405405405405403,85000,0.0289346634718037,Petrol,Individual,Manual
0.7837837837837824,125000,0.0508372111151404,Diesel,Individual,Manual
0.567567567567572,110000,0.0508372111151404,Diesel,Individual,Manual
0.7567567567567579,470000,0.0377041554682654,Diesel,Individual,Manual
0.7297297297297334,148000,0.0508372111151404,Petrol,Individual,Manual
0.9459459459459438,2800000,0.0169454546070759,Diesel,Individual,Automatic
0.8378378378378386,459999,0.0171670219652473,Petrol,Dealer,Manual
0.8918918918918948,750000,0.0169454546070759,Diesel,Individual,Manual
0.7027027027027017,180000,0.0690540302382251,Diesel,Dealer,Manual
0.9729729729729756,5400000,0.0031769285256747,Diesel,Dealer,Automatic
0.7027027027027017,350000,0.0241622805085119,Petrol,Dealer,Manual
0.8108108108108141,260000,0.0211819241705839,Petrol,Individual,Manual
0.6756756756756772,80000,0.0381278024246162,Petrol,Individual,Manual
0.6486486486486527,135000,0.025418393734092,Petrol,Individual,Manual
0.9729729729729756,550000,0.0063542806983057,Petrol,Individual,Manual
0.9459459459459438,645000,0.0042360459165517,Petrol,Individual,Automatic
0.7297297297297334,110000,0.0326513182198693,Petrol,Individual,Manual
0.8648648648648631,387000,0.0720195589326808,Diesel,Individual,Manual
0.9729729729729756,1630000,0.0105907502618138,Diesel,Individual,Manual
0.9189189189189192,1680000,0.0665121485001203,Diesel,Individual,Manual
0.8918918918918948,675000,0.0225380180778629,Petrol,Trustmark Dealer,Manual
0.9459459459459438,1405000,0.0063542806983057,Petrol,Individual,Manual
0.8378378378378386,280000,0.0783742632779429,Diesel,Individual,Manual
0.9459459459459438,570000,0.0047444222641726,Petrol,Individual,Manual
0.8918918918918948,665000,0.0216055711269347,Diesel,Dealer,Manual
0.9459459459459438,680000,0.0205888184316928,Petrol,Dealer,Manual
0.9189189189189192,500000,0.0063542806983057,Petrol,Individual,Manual
0.5135135135135158,35000,0.0779506163215921,Petrol,Individual,Manual
0.8108108108108141,500000,0.0466007415516323,Diesel,Individual,Manual
0.8918918918918948,625000,0.0381278024246162,Diesel,Individual,Manual
0.9189189189189192,880000,0.0271129815594952,Diesel,Dealer,Manual
0.8648648648648631,1700000,0.0165218076507251,Diesel,Individual,Manual
0.8648648648648631,600000,0.025418393734092,Diesel,Individual,Manual
0.8648648648648631,280000,0.0169454546070759,Diesel,Individual,Manual
0.8378378378378386,250999,0.0241949013241509,Petrol,Dealer,Manual
0.8108108108108141,620000,0.0588865032858057,Diesel,Individual,Manual
0.9729729729729756,1200000,0.0169454546070759,Diesel,Individual,Manual
0.7837837837837824,229999,0.0466007415516323,Petrol,Individual,Manual
0.7837837837837824,450000,0.0205464537360577,Diesel,Individual,Automatic
0.8378378378378386,355000,0.0166179755098167,Petrol,Dealer,Manual
0.7297297297297334,350000,0.0127089850435678,Petrol,Individual,Automatic
0.9459459459459438,800000,0.0220292180832856,Diesel,Individual,Manual
0.8918918918918948,500000,0.0084725154800597,Petrol,Individual,Manual
0.7837837837837824,225000,0.0508372111151404,Diesel,Individual,Manual
0.7027027027027017,135000,0.0381278024246162,Petrol,Individual,Manual
0.9459459459459438,475000,0.0084725154800597,Petrol,Individual,Manual
0.8648648648648631,290000,0.0072015746110073,Petrol,Individual,Manual
0.8378378378378386,425000,0.0266893346031444,Diesel,Individual,Manual
0.8918918918918948,950000,0.0190636893888299,Diesel,Individual,Manual
0.2972972972972982,45000,0.025418393734092,Petrol,Individual,Manual
0.7567567567567579,254999,0.0508372111151404,Diesel,Individual,Manual
0.8648648648648631,625000,0.0050486007788325,Petrol,Trustmark Dealer,Manual
0.8108108108108141,200000,0.0707486180636283,Diesel,Individual,Manual
0.9729729729729756,4950000,0.0127089850435678,Diesel,Dealer,Automatic
0.8108108108108141,245000,0.0105907502618138,Petrol,Individual,Manual
0.8108108108108141,200000,0.0508372111151404,Diesel,Individual,Manual
0.9189189189189192,320000,0.0063542806983057,Petrol,Individual,Manual
0.8918918918918948,340000,0.0127089850435678,Petrol,Individual,Manual
0.8918918918918948,890000,0.0169454546070759,Diesel,Individual,Manual
0.8648648648648631,599000,0.0198927664824084,Diesel,Dealer,Automatic
0.7837837837837824,300000,0.0381278024246162,Diesel,Individual,Manual
0.8108108108108141,350000,0.0508372111151404,Diesel,Individual,Manual
0.8648648648648631,570000,0.0393987432936686,Diesel,Individual,Manual
0.9729729729729756,575000,0.0033887520038501,Petrol,Individual,Manual
1.0,580000,0.0296548632976001,Petrol,Individual,Manual
0.7837837837837824,125000,0.0169454546070759,Petrol,Individual,Manual
0.9459459459459438,430000,0.0021178111347976,Petrol,Individual,Manual
0.9729729729729756,755000,0.0033887520038501,Diesel,Individual,Manual
0.8108108108108141,42000,0.0050833398292533,Petrol,Individual,Manual
0.9729729729729756,779000,0.0029786617501025,Petrol,Trustmark Dealer,Automatic
0.6486486486486527,225000,0.023300158952338,Petrol,Individual,Manual
0.8378378378378386,490000,0.0381278024246162,Diesel,Individual,Manual
0.9459459459459438,350000,0.0105907502618138,Petrol,Individual,Manual
0.7837837837837824,390000,0.0192560251070132,Diesel,Dealer,Manual
0.8918918918918948,250000,0.0508372111151404,Diesel,Individual,Manual
0.7027027027027017,110000,0.0423642719881243,Diesel,Individual,Manual
0.8378378378378386,265000,0.023300158952338,Petrol,Dealer,Manual
0.9189189189189192,520000,0.0084725154800597,Petrol,Individual,Manual
0.5135135135135158,125000,0.0169454546070759,Petrol,Individual,Manual
0.9459459459459438,2900000,0.0194873363451807,Diesel,Individual,Manual
0.9189189189189192,900000,0.0211819241705839,Diesel,Individual,Manual
0.7297297297297334,290000,0.027536628515846,Petrol,Individual,Manual
0.7297297297297334,400000,0.0508372111151404,Diesel,Individual,Manual
0.8648648648648631,450000,0.0656648545874187,Diesel,Individual,Automatic
0.7567567567567579,270000,0.0377041554682654,Diesel,Individual,Manual
0.9729729729729756,575000,0.0127089850435678,Petrol,Dealer,Manual
0.8648648648648631,360000,0.0466007415516323,Petrol,Individual,Manual
0.9459459459459438,310000,0.0118616911308662,Petrol,Dealer,Manual
0.8108108108108141,330000,0.0529554458968945,Diesel,Individual,Manual
0.8648648648648631,340000,0.0169454546070759,Diesel,Individual,Manual
0.8648648648648631,425000,0.0408815076408965,Diesel,Individual,Manual
0.7837837837837824,500000,0.0296548632976001,Diesel,Individual,Manual
0.9729729729729756,620000,0.0423642719881243,Petrol,Individual,Manual
0.5405405405405403,150000,0.0169454546070759,Petrol,Individual,Manual
0.7297297297297334,200000,0.0381278024246162,Petrol,Individual,Manual
0.8108108108108141,260000,0.0110143972181646,Petrol,Individual,Manual
0.7837837837837824,315000,0.0550736806786485,Diesel,Individual,Manual
0.9459459459459438,795000,0.0148272198253218,Diesel,Individual,Manual
0.7297297297297334,250000,0.0466007415516323,Diesel,Individual,Manual
0.8648648648648631,630000,0.0497780937242634,Petrol,Individual,Manual
0.7027027027027017,940000,0.0593101502421566,Diesel,Individual,Manual
0.7567567567567579,350000,0.0508372111151404,Diesel,Individual,Manual
0.7837837837837824,300000,0.0338913328611081,Diesel,Individual,Manual
0.5405405405405403,55000,0.0508372111151404,Petrol,Individual,Manual
0.8648648648648631,516000,0.0381278024246162,Petrol,Individual,Manual
0.8108108108108141,225000,0.0247164107274187,Petrol,Trustmark Dealer,Manual
0.7837837837837824,550000,0.0508372111151404,Diesel,Individual,Manual
0.9459459459459438,250000,0.0084725154800597,Petrol,Individual,Manual
0.8108108108108141,950000,0.0210548300836787,Diesel,Individual,Manual
0.6486486486486527,95000,0.0338913328611081,Petrol,Individual,Manual
0.8918918918918948,2950000,0.025418393734092,Diesel,Dealer,Automatic
0.7837837837837824,409999,0.0118616911308662,Diesel,Individual,Manual
0.9189189189189192,1000000,0.0211819241705839,Diesel,Individual,Manual
0.7837837837837824,500000,0.025418393734092,Diesel,Individual,Manual
0.7837837837837824,225000,0.1257477368779591,Diesel,Individual,Manual
0.9729729729729756,1200000,0.0063542806983057,Diesel,Individual,Manual
0.7837837837837824,229999,0.0190636893888299,Petrol,Individual,Manual
0.8918918918918948,576000,0.0148272198253218,Petrol,Individual,Manual
0.9729729729729756,3800000,0.0084725154800597,Diesel,Individual,Automatic
0.9729729729729756,700000,0.0019059876566222,Petrol,Individual,Manual
0.9189189189189192,290000,0.0084725154800597,Petrol,Individual,Manual
0.8108108108108141,290000,0.0207582772142331,Petrol,Individual,Manual
0.8108108108108141,380000,0.0211819241705839,Petrol,Individual,Manual
0.8648648648648631,590000,0.0466007415516323,Diesel,Individual,Manual
0.9189189189189192,1110000,0.0787979102342937,Diesel,Individual,Manual
0.8918918918918948,2000000,0.0288452739640137,Petrol,Trustmark Dealer,Automatic
0.8378378378378386,600000,0.0423642719881243,Diesel,Individual,Manual
0.8648648648648631,1000000,0.0311376276448279,Diesel,Individual,Manual
0.7567567567567579,220000,0.0593101502421566,Diesel,Individual,Manual
0.9189189189189192,210000,0.0211819241705839,Petrol,Individual,Manual
0.7567567567567579,335000,0.0063542806983057,Petrol,Individual,Manual
0.5135135135135158,100000,0.0508372111151404,Petrol,Individual,Manual
0.9459459459459438,600000,0.0295612373202465,Petrol,Dealer,Automatic
0.7567567567567579,125000,0.0381278024246162,Petrol,Individual,Manual
0.9459459459459438,6000000,0.0114380441745154,Diesel,Dealer,Automatic
0.7837837837837824,350000,0.0508372111151404,Diesel,Individual,Manual
0.8648648648648631,320000,0.025418393734092,Petrol,Individual,Manual
0.9189189189189192,625000,0.0220292180832856,Petrol,Dealer,Manual
0.9189189189189192,10000000,0.0127089850435678,Petrol,Individual,Automatic
0.9189189189189192,2300000,0.0063542806983057,Diesel,Dealer,Automatic
0.8108108108108141,585000,0.0338913328611081,Diesel,Individual,Manual
0.567567567567572,120000,0.0635466198056646,Diesel,Individual,Manual
0.7837837837837824,380000,0.0423642719881243,Diesel,Individual,Manual
0.9189189189189192,550000,0.0169454546070759,Diesel,Individual,Manual
0.7027027027027017,100000,0.0282898728042378,Diesel,Individual,Manual
0.8918918918918948,1350000,0.0410933311190719,Diesel,Individual,Automatic
0.8918918918918948,210000,0.0127089850435678,Petrol,Individual,Manual
0.8918918918918948,220000,0.0197864310963644,Petrol,Dealer,Manual
0.8108108108108141,130000,0.0397800255543844,Diesel,Individual,Manual
0.7027027027027017,180000,0.0381278024246162,Petrol,Individual,Manual
0.8378378378378386,160000,0.0508372111151404,Diesel,Individual,Manual
0.7567567567567579,260000,0.0224083821092195,Diesel,Dealer,Manual
0.7297297297297334,300000,0.0703249711072775,Diesel,Individual,Manual
0.8918918918918948,550000,0.0228765119959872,Diesel,Dealer,Manual
0.8378378378378386,42000,0.0177927485197775,Petrol,Individual,Manual
0.8648648648648631,260000,0.0148272198253218,Petrol,Individual,Manual
0.9189189189189192,390000,0.0127089850435678,CNG,Individual,Manual
0.9459459459459438,650000,0.0063542806983057,Diesel,Individual,Manual
0.9729729729729756,890000,0.0055069867856041,Diesel,Dealer,Manual
0.7297297297297334,250000,0.0804924980596969,Diesel,Individual,Manual
0.7297297297297334,225000,0.025928041022582,Petrol,Dealer,Manual
0.5405405405405403,225000,0.0262656876467936,Petrol,Dealer,Manual
0.6756756756756772,215000,0.0466007415516323,Petrol,Individual,Manual
0.9189189189189192,525000,0.0083551652731506,Petrol,Dealer,Automatic
0.8378378378378386,315000,0.0173691015634267,Petrol,Dealer,Manual
0.7567567567567579,409999,0.0293756799533649,Petrol,Dealer,Manual
0.9189189189189192,180000,0.025418393734092,Petrol,Individual,Manual
0.5945945945945965,275000,0.0381278024246162,Petrol,Individual,Manual
0.8648648648648631,500000,0.0084725154800597,Petrol,Individual,Manual
0.5135135135135158,60000,0.0423642719881243,Petrol,Individual,Manual
0.8648648648648631,400000,0.0508372111151404,Diesel,Individual,Manual
0.8648648648648631,300000,0.0296548632976001,Diesel,Individual,Manual
0.6756756756756772,65000,0.0042360459165517,Petrol,Individual,Manual
0.9189189189189192,350000,0.0032438647447781,Petrol,Dealer,Automatic
0.9459459459459438,700000,0.0148272198253218,Diesel,Individual,Manual
0.9189189189189192,620000,0.0148272198253218,Diesel,Individual,Manual
0.9459459459459438,875000,0.0148272198253218,Diesel,Individual,Manual
0.9189189189189192,600000,0.0296548632976001,Petrol,Individual,Manual
0.4594594594594596,86000,0.0198902246006703,Petrol,Individual,Manual
0.8918918918918948,780000,0.0148272198253218,Diesel,Individual,Manual
0.8378378378378386,425000,0.0211819241705839,Diesel,Individual,Manual
0.6486486486486527,135000,0.0241474528650396,Petrol,Individual,Manual
0.8918918918918948,570000,0.0238250575312566,Diesel,Dealer,Manual
0.9459459459459438,725000,0.0154715868459314,Diesel,Dealer,Manual
0.8378378378378386,350000,0.0220292180832856,Diesel,Individual,Manual
0.7837837837837824,450000,0.0127089850435678,Petrol,Individual,Manual
0.9729729729729756,786000,0.0032701308560718,Petrol,Individual,Manual
0.9189189189189192,650000,0.0330440389484065,Diesel,Individual,Manual
0.6486486486486527,250000,0.0466007415516323,Diesel,Individual,Manual
0.7297297297297334,425000,0.0354101071996258,Diesel,Dealer,Manual
0.6486486486486527,100000,0.0296548632976001,Petrol,Individual,Manual
0.9729729729729756,650000,0.0084725154800597,Petrol,Individual,Automatic
0.8648648648648631,825000,0.0381278024246162,Diesel,Individual,Manual
0.9189189189189192,890000,0.0170382332905167,Diesel,Dealer,Automatic
0.8918918918918948,390000,0.0262656876467936,Diesel,Dealer,Manual
0.8108108108108141,160000,0.0338913328611081,Petrol,Individual,Manual
0.6756756756756772,85000,0.0105907502618138,Petrol,Individual,Manual
0.4864864864864842,60000,0.0300785102539509,Petrol,Individual,Manual
0.7837837837837824,320000,0.0423642719881243,Petrol,Individual,Manual
0.8918918918918948,900000,0.0415169780754227,Diesel,Individual,Manual
0.7027027027027017,150000,0.0296548632976001,Petrol,Individual,Manual
0.7567567567567579,350000,0.0415169780754227,Petrol,Individual,Manual
0.9729729729729756,575000,0.0105907502618138,Petrol,Individual,Automatic
0.9459459459459438,811000,0.0046596928729025,Petrol,Dealer,Manual
0.7837837837837824,180000,0.0233552330566636,Diesel,Dealer,Manual
0.7567567567567579,400000,0.025418393734092,Diesel,Individual,Manual
0.6756756756756772,110000,0.0508372111151404,Petrol,Individual,Manual
0.7567567567567579,300000,0.0571919154604025,Diesel,Individual,Manual
0.8108108108108141,95000,0.0127089850435678,Petrol,Individual,Manual
0.8648648648648631,650000,0.0296548632976001,Diesel,Individual,Manual
0.8918918918918948,500000,0.0169454546070759,Petrol,Individual,Manual
0.567567567567572,400000,0.0395745567805542,Diesel,Dealer,Manual
0.4864864864864842,55000,0.025418393734092,Petrol,Individual,Manual
0.7297297297297334,450000,0.1414976597742131,Diesel,Individual,Manual
0.7567567567567579,250000,0.0127089850435678,Diesel,Individual,Manual
0.7837837837837824,869999,0.0953201415319751,Diesel,Individual,Manual
0.9189189189189192,666000,0.0055069867856041,Petrol,Individual,Manual
0.7837837837837824,400000,0.0423642719881243,Diesel,Individual,Manual
0.9729729729729756,950000,0.0048854967006375,Petrol,Trustmark Dealer,Manual
0.7837837837837824,200000,0.0974383763137292,Diesel,Individual,Manual
0.7837837837837824,360000,0.025418393734092,Petrol,Individual,Manual
0.6486486486486527,110000,0.0508372111151404,Petrol,Individual,Manual
0.6756756756756772,195000,0.0245710998213904,Petrol,Dealer,Manual
0.7297297297297334,300000,0.1059113154407453,Diesel,Individual,Manual
0.9459459459459438,1175000,0.0059306337419549,Petrol,Dealer,Manual
0.7297297297297334,210000,0.0508372111151404,Diesel,Individual,Manual
0.9189189189189192,350000,0.0508372111151404,Diesel,Individual,Manual
0.8648648648648631,585000,0.0140828721230135,Petrol,Dealer,Manual
0.8378378378378386,1000000,0.0211819241705839,Diesel,Individual,Manual
0.8378378378378386,470000,0.025418393734092,Diesel,Individual,Manual
0.8648648648648631,295000,0.0088961624364105,Petrol,Dealer,Manual
0.8648648648648631,445000,0.017030183998346,Diesel,Dealer,Manual
0.8378378378378386,600000,0.0116426656544328,Diesel,Dealer,Manual
0.6756756756756772,325000,0.0338913328611081,Diesel,Individual,Manual
0.7297297297297334,260000,0.0211819241705839,Petrol,Individual,Manual
0.8108108108108141,250000,0.0508372111151404,Diesel,Individual,Manual
0.8918918918918948,550000,0.0239330875051261,Petrol,Trustmark Dealer,Manual
0.9189189189189192,500000,0.0550736806786485,Petrol,Individual,Manual
0.7297297297297334,165000,0.0237238059086888,Petrol,Individual,Manual
0.7297297297297334,165000,0.0338913328611081,LPG,Individual,Manual
0.9729729729729756,635000,0.0008468702657452,Petrol,Dealer,Manual
0.9189189189189192,550000,0.0508372111151404,Petrol,Individual,Manual
0.9459459459459438,900000,0.010167103305463,Diesel,Individual,Manual
0.9459459459459438,950000,0.0169454546070759,Diesel,Individual,Automatic
0.7837837837837824,158000,0.0466007415516323,Diesel,Individual,Manual
0.8918918918918948,535000,0.022283406257096,Diesel,Individual,Manual
0.9459459459459438,350000,0.0127089850435678,Petrol,Individual,Manual
0.8648648648648631,650000,0.0338913328611081,Diesel,Individual,Manual
0.8378378378378386,275000,0.0224528650396364,Petrol,Individual,Manual
0.8918918918918948,670000,0.0030091643309597,Petrol,Trustmark Dealer,Manual
0.8918918918918948,1150000,0.0652412076310678,Diesel,Individual,Manual
0.7567567567567579,225000,0.0211819241705839,Petrol,Individual,Manual
0.8918918918918948,550000,0.025418393734092,Diesel,Individual,Manual
0.9189189189189192,1600000,0.001270517222096,Diesel,Individual,Manual
0.8378378378378386,500000,0.0508372111151404,Diesel,Individual,Manual
0.8108108108108141,450000,0.0283839224285477,Diesel,Individual,Manual
0.8108108108108141,455000,0.0415169780754227,Diesel,Individual,Manual
0.7837837837837824,625000,0.0423642719881243,Diesel,Individual,Manual
0.7837837837837824,350000,0.0593101502421566,Diesel,Individual,Manual
0.8918918918918948,1250000,0.0100272998098672,Diesel,Trustmark Dealer,Manual
0.5135135135135158,65000,0.0296548632976001,Petrol,Individual,Manual
0.8108108108108141,185000,0.0338913328611081,Petrol,Individual,Manual
0.8918918918918948,700000,0.0211819241705839,Diesel,Individual,Manual
0.7837837837837824,320000,0.0338913328611081,Diesel,Individual,Manual
0.9729729729729756,577000,0.001270517222096,Petrol,Individual,Manual
0.8648648648648631,503000,0.0466007415516323,Diesel,Individual,Manual
0.7837837837837824,300000,0.0338913328611081,Diesel,Individual,Manual
0.8648648648648631,235000,0.0173280078086606,Petrol,Dealer,Manual
0.9729729729729756,680000,0.0169454546070759,Diesel,Individual,Manual
0.9189189189189192,550000,0.0084259143148611,Petrol,Dealer,Automatic
0.8918918918918948,590000,0.014403572868971,Diesel,Individual,Manual
0.8918918918918948,645000,0.0046596928729025,Petrol,Dealer,Automatic
0.9189189189189192,4100000,0.0072015746110073,Petrol,Individual,Automatic
0.9459459459459438,850000,0.0080941987480385,Petrol,Trustmark Dealer,Manual
0.7837837837837824,1090000,0.0508372111151404,Diesel,Individual,Manual
0.9459459459459438,810000,0.0127089850435678,Diesel,Individual,Manual
0.8378378378378386,185000,0.0305021572103017,CNG,Dealer,Manual
0.8378378378378386,260000,0.0080255679411096,Petrol,Individual,Manual
0.8378378378378386,280000,0.023300158952338,Petrol,Individual,Manual
0.9189189189189192,800000,0.0296548632976001,Diesel,Individual,Manual
0.9729729729729756,779000,0.0029786617501025,Petrol,Trustmark Dealer,Automatic
0.8648648648648631,365000,0.0099976445229226,Petrol,Dealer,Manual
0.8378378378378386,275000,0.0826107328414509,Diesel,Individual,Manual
0.8378378378378386,750000,0.0338913328611081,Diesel,Individual,Manual
0.8648648648648631,650000,0.0398223902500194,Diesel,Individual,Manual
0.7837837837837824,385000,0.0220292180832856,Diesel,Dealer,Manual
0.9189189189189192,819999,0.0050833398292533,Petrol,Individual,Manual
0.8648648648648631,503000,0.0466007415516323,Diesel,Individual,Manual
0.8378378378378386,300000,0.0338913328611081,Petrol,Individual,Manual
0.7837837837837824,500000,0.1398030719488099,Petrol,Individual,Manual
0.8378378378378386,190000,0.0211819241705839,Petrol,Individual,Manual
0.8648648648648631,600000,0.0576155624167533,Diesel,Individual,Manual
0.9459459459459438,308000,0.0063542806983057,Petrol,Individual,Manual
0.7567567567567579,190000,0.0381278024246162,Diesel,Dealer,Manual
0.8378378378378386,320000,0.0211819241705839,Petrol,Individual,Manual
0.6756756756756772,210000,0.0227799204899392,Petrol,Individual,Manual
0.8108108108108141,800000,0.0508372111151404,Diesel,Individual,Manual
0.6486486486486527,120000,0.0344700346034833,Petrol,Individual,Manual
0.8918918918918948,850000,0.0317730980793541,Diesel,Individual,Manual
0.7297297297297334,409999,0.0423642719881243,Diesel,Individual,Manual
0.8648648648648631,484999,0.0127089850435678,Diesel,Individual,Manual
0.8918918918918948,650000,0.0211819241705839,Diesel,Individual,Automatic
0.8648648648648631,450000,0.0296548632976001,Petrol,Individual,Manual
0.5945945945945965,70000,0.0508372111151404,Diesel,Individual,Manual
0.9729729729729756,779000,0.0029786617501025,Petrol,Trustmark Dealer,Automatic
0.8648648648648631,250000,0.0508372111151404,Petrol,Individual,Manual
0.7027027027027017,229999,0.0211819241705839,Petrol,Individual,Manual
0.7837837837837824,145000,0.0296548632976001,Petrol,Individual,Manual
0.7297297297297334,275000,0.0466007415516323,Diesel,Individual,Manual
0.8378378378378386,850000,0.0220292180832856,Diesel,Dealer,Manual
0.8648648648648631,525000,0.0508372111151404,Petrol,Individual,Manual
0.8918918918918948,509999,0.0177927485197775,Diesel,Individual,Manual
0.4594594594594596,50000,0.025418393734092,Petrol,Individual,Manual
0.8648648648648631,300000,0.0593101502421566,Diesel,Individual,Manual
0.8108108108108141,235000,0.0220292180832856,Petrol,Dealer,Manual
0.8648648648648631,1750000,0.0540751448025296,Diesel,Dealer,Automatic
0.8648648648648631,225000,0.0304386101668491,Petrol,Individual,Manual
0.9729729729729756,675000,0.0042360459165517,Petrol,Individual,Manual
0.8648648648648631,415000,0.0119536225203943,Petrol,Trustmark Dealer,Manual
0.8648648648648631,575000,0.025418393734092,Diesel,Individual,Manual
0.7297297297297334,130000,0.0508372111151404,Petrol,Individual,Manual
0.8648648648648631,459999,0.0135562789562694,Diesel,Individual,Manual
0.8108108108108141,600000,0.0402460372063702,Diesel,Individual,Manual
0.7837837837837824,225000,0.0466007415516323,Petrol,Individual,Manual
0.7837837837837824,300000,0.0635466198056646,Diesel,Individual,Manual
0.7837837837837824,200000,0.038655242885273,Diesel,Dealer,Manual
0.6756756756756772,100000,0.025418393734092,Petrol,Individual,Manual
0.7297297297297334,150000,0.0466007415516323,Petrol,Individual,Manual
0.7297297297297334,380000,0.0360095676428622,Petrol,Individual,Manual
0.8918918918918948,875000,0.0169454546070759,Diesel,Individual,Manual
0.7837837837837824,310000,0.0296548632976001,Diesel,Individual,Manual
0.7837837837837824,125000,0.0508372111151404,Diesel,Individual,Manual
0.9459459459459438,400000,0.0127089850435678,Petrol,Individual,Automatic
0.8108108108108141,750000,0.0336066421064404,Diesel,Trustmark Dealer,Manual
0.9189189189189192,700000,0.0047079886259265,Petrol,Dealer,Manual
0.8108108108108141,450000,0.0508372111151404,Diesel,Individual,Manual
0.9729729729729756,500000,0.0084725154800597,Petrol,Individual,Manual
0.8108108108108141,320000,0.0466007415516323,Petrol,Individual,Manual
0.8648648648648631,370000,0.0720195589326808,Diesel,Individual,Manual
0.9189189189189192,625000,0.0156745137380234,Diesel,Individual,Automatic
0.7837837837837824,220000,0.0296548632976001,Diesel,Individual,Manual
0.7837837837837824,130000,0.0783742632779429,Diesel,Individual,Manual
0.7567567567567579,120000,0.0508372111151404,Diesel,Individual,Manual
0.8918918918918948,1150000,0.027179070484686,Petrol,Trustmark Dealer,Manual
0.8918918918918948,350000,0.0211819241705839,Petrol,Individual,Manual
0.7567567567567579,320000,0.0296548632976001,Diesel,Individual,Manual
0.8378378378378386,475000,0.0338913328611081,Diesel,Individual,Manual
0.8648648648648631,550000,0.0135562789562694,Diesel,Individual,Manual
0.8378378378378386,400000,0.0381278024246162,Diesel,Individual,Manual
0.8378378378378386,750000,0.0430014370104759,Diesel,Dealer,Manual
0.5945945945945965,80000,0.0239695211433722,Petrol,Dealer,Manual
0.7837837837837824,532000,0.0515908790504885,Diesel,Individual,Manual
0.8648648648648631,400000,0.0296548632976001,Petrol,Individual,Manual
0.7837837837837824,159000,0.0288075693848985,Diesel,Dealer,Manual
0.6756756756756772,795000,0.0417711662492332,Diesel,Dealer,Automatic
0.8108108108108141,350000,0.0296548632976001,Diesel,Individual,Manual
0.8108108108108141,300000,0.0105907502618138,Diesel,Individual,Manual
0.4324324324324351,70000,0.027536628515846,Petrol,Individual,Manual
0.9189189189189192,700000,0.0381278024246162,Diesel,Individual,Manual
0.8918918918918948,750000,0.0338913328611081,Diesel,Individual,Manual
0.8648648648648631,270000,0.0182163954761283,Petrol,Individual,Manual
0.8108108108108141,1010000,0.0508372111151404,Diesel,Individual,Manual
0.9189189189189192,300000,0.0127089850435678,Petrol,Individual,Manual
0.8648648648648631,490000,0.0296548632976001,Diesel,Individual,Manual
0.7567567567567579,320000,0.0508372111151404,Diesel,Individual,Manual
0.9189189189189192,660000,0.0338913328611081,Diesel,Individual,Manual
0.5945945945945965,110000,0.0466007415516323,Petrol,Individual,Manual
0.5945945945945965,92000,0.0423642719881243,Petrol,Individual,Manual
0.8648648648648631,400000,0.0105907502618138,Diesel,Individual,Manual
0.8918918918918948,509999,0.0169454546070759,Diesel,Individual,Manual
0.9729729729729756,1149000,0.0021178111347976,Petrol,Individual,Manual
0.8108108108108141,450000,0.0338913328611081,Diesel,Individual,Manual
0.9729729729729756,1145000,0.0084725154800597,Diesel,Individual,Manual
0.6756756756756772,150000,0.0508372111151404,Diesel,Individual,Manual
0.7297297297297334,600000,0.0427349630749312,Diesel,Individual,Automatic
0.8108108108108141,511000,0.0381278024246162,Petrol,Individual,Manual
0.621621621621621,150000,0.0318230884202035,Petrol,Individual,Manual
0.9189189189189192,595000,0.0508372111151404,Petrol,Individual,Manual
0.8378378378378386,520000,0.0296548632976001,Diesel,Individual,Manual
0.8378378378378386,351000,0.0105907502618138,Petrol,Individual,Manual
0.9189189189189192,265000,0.0423642719881243,Petrol,Individual,Manual
0.8648648648648631,750000,0.0313494511230033,Diesel,Individual,Manual
0.8378378378378386,425000,0.0579993865592072,Diesel,Individual,Manual
0.8918918918918948,700000,0.0338913328611081,Diesel,Dealer,Manual
0.7297297297297334,170000,0.0338913328611081,CNG,Individual,Manual
0.8918918918918948,425000,0.0105907502618138,Petrol,Individual,Manual
0.7837837837837824,750000,0.0508372111151404,Diesel,Individual,Manual
0.8648648648648631,1100000,0.0466007415516323,Diesel,Individual,Manual
0.8378378378378386,700000,0.0338913328611081,Diesel,Individual,Manual
0.8648648648648631,740000,0.0190636893888299,Diesel,Dealer,Automatic
0.621621621621621,300000,0.0338913328611081,Petrol,Individual,Manual
0.6486486486486527,440000,0.0944728476192735,Diesel,Individual,Manual
0.7837837837837824,287000,0.0508372111151404,Diesel,Individual,Manual
0.9459459459459438,550000,0.0338913328611081,Diesel,Individual,Manual
0.8918918918918948,725000,0.0508372111151404,Diesel,Individual,Manual
0.9459459459459438,1080000,0.0054222573943339,Petrol,Individual,Automatic
0.9459459459459438,2475000,0.0008468702657452,Diesel,Dealer,Automatic
0.8108108108108141,459999,0.0148272198253218,Petrol,Individual,Manual
0.8918918918918948,350000,0.0063542806983057,Petrol,Individual,Manual
0.8918918918918948,220000,0.0093198093927613,Petrol,Individual,Automatic
0.8648648648648631,625000,0.0050486007788325,Petrol,Trustmark Dealer,Manual
0.8918918918918948,1350000,0.0105907502618138,Diesel,Individual,Manual
0.7297297297297334,175000,0.025418393734092,Diesel,Individual,Manual
0.9189189189189192,282000,0.0063542806983057,Petrol,Individual,Manual
0.8918918918918948,720000,0.0338913328611081,Diesel,Individual,Manual
0.8918918918918948,280000,0.025418393734092,Petrol,Individual,Manual
0.9189189189189192,625000,0.0108186723243305,Petrol,Trustmark Dealer,Manual
0.621621621621621,75000,0.0423642719881243,Petrol,Individual,Manual
0.7567567567567579,1600000,0.0313494511230033,Diesel,Dealer,Automatic
0.9459459459459438,535000,0.0127089850435678,Petrol,Individual,Manual
0.8648648648648631,280000,0.0466007415516323,Petrol,Individual,Manual
0.9189189189189192,425000,0.0177927485197775,Petrol,Individual,Manual
0.7567567567567579,1190000,0.0745190759751505,Diesel,Dealer,Automatic
0.6756756756756772,280000,0.0317730980793541,Petrol,Individual,Manual
0.7297297297297334,340000,0.0466007415516323,Diesel,Individual,Manual
0.7837837837837824,450000,0.0152508667816726,Petrol,Dealer,Manual
0.8378378378378386,455000,0.0169454546070759,Diesel,Individual,Manual
0.9189189189189192,1100000,0.0283839224285477,Diesel,Individual,Automatic
0.9729729729729756,650000,0.0023808958946915,Petrol,Trustmark Dealer,Automatic
0.7027027027027017,150000,0.0508372111151404,Petrol,Individual,Manual
0.8108108108108141,400000,0.0296548632976001,Petrol,Individual,Manual
0.8378378378378386,240000,0.0211819241705839,Petrol,Individual,Manual
0.8918918918918948,500000,0.0338913328611081,Diesel,Individual,Manual
0.9729729729729756,470000,0.0042360459165517,CNG,Individual,Manual
0.4594594594594596,200000,0.0423642719881243,Diesel,Individual,Manual
0.7837837837837824,220000,0.1525137515802031,Petrol,Individual,Manual
0.9729729729729756,892000,0.0042360459165517,Diesel,Individual,Manual
1.0,1250000,0.0004655880050295,Petrol,Dealer,Manual
0.8378378378378386,300000,0.0508372111151404,Diesel,Individual,Manual
0.8918918918918948,335000,0.0072015746110073,Petrol,Individual,Manual
0.7837837837837824,170000,0.0381278024246162,Petrol,Individual,Manual
0.7297297297297334,150000,0.0338913328611081,Petrol,Individual,Manual
0.7297297297297334,140000,0.0423642719881243,Petrol,Individual,Manual
0.9729729729729756,600000,0.0105907502618138,Petrol,Individual,Manual
0.9459459459459438,780000,0.0127089850435678,Petrol,Individual,Manual
0.7837837837837824,130000,0.0127089850435678,Petrol,Individual,Manual
0.5405405405405403,150000,0.0561234778364858,Diesel,Individual,Manual
0.8648648648648631,409999,0.0078370450455335,Petrol,Individual,Manual
0.7567567567567579,300000,0.1270936632582857,LPG,Individual,Manual
0.8648648648648631,310000,0.0211819241705839,Petrol,Individual,Manual
0.8648648648648631,260000,0.0105907502618138,Petrol,Individual,Manual
0.9729729729729756,1295000,0.0038123989602009,Diesel,Dealer,Manual
0.8378378378378386,421000,0.0292312163412493,Diesel,Dealer,Manual
0.5405405405405403,110000,0.0381278024246162,Petrol,Individual,Manual
0.8378378378378386,750000,0.0211819241705839,Diesel,Individual,Manual
0.9189189189189192,1100000,0.0084725154800597,Petrol,Individual,Automatic
0.8918918918918948,540000,0.0160981606943743,Petrol,Individual,Manual
0.8108108108108141,250000,0.0127089850435678,Diesel,Individual,Manual
0.9189189189189192,620000,0.0078302666942319,Petrol,Individual,Manual
0.7837837837837824,185000,0.0296548632976001,LPG,Individual,Manual
0.8108108108108141,300000,0.0296548632976001,Diesel,Individual,Manual
0.9459459459459438,400000,0.0093198093927613,Petrol,Individual,Manual
0.9729729729729756,5150000,0.0084725154800597,Petrol,Dealer,Automatic
0.8108108108108141,430000,0.0372805085119146,Diesel,Individual,Manual
0.7567567567567579,220000,0.0423642719881243,Diesel,Individual,Manual
0.5945945945945965,110000,0.0190636893888299,Petrol,Individual,Manual
0.8648648648648631,425000,0.0296548632976001,Petrol,Individual,Manual
0.8648648648648631,565000,0.027536628515846,Diesel,Dealer,Manual
0.7837837837837824,540000,0.0381278024246162,Diesel,Individual,Manual
0.8378378378378386,480000,0.0232539814340957,Diesel,Dealer,Manual
0.8108108108108141,250000,0.0381278024246162,Petrol,Individual,Manual
0.4054054054054035,70000,0.0423642719881243,Petrol,Individual,Manual
0.9189189189189192,400000,0.0593101502421566,Diesel,Individual,Manual
0.9189189189189192,620000,0.0453298006825799,Diesel,Individual,Manual
0.9459459459459438,811000,0.0046596928729025,Petrol,Dealer,Manual
0.9189189189189192,950000,0.0148272198253218,Petrol,Individual,Manual
0.8648648648648631,625000,0.0050486007788325,Petrol,Trustmark Dealer,Manual
0.8108108108108141,350000,0.0156745137380234,Petrol,Dealer,Manual
0.9729729729729756,650000,0.0105907502618138,Diesel,Individual,Manual
0.8648648648648631,300000,0.0211819241705839,Petrol,Individual,Manual
0.7297297297297334,275000,0.0296548632976001,Petrol,Individual,Manual
0.7027027027027017,125000,0.0508372111151404,Diesel,Individual,Manual
0.9189189189189192,270000,0.0211819241705839,Petrol,Individual,Manual
0.9459459459459438,465000,0.0055069867856041,Petrol,Individual,Manual
0.6486486486486527,59259,0.0440588598135275,Diesel,Individual,Manual
0.8648648648648631,360000,0.0127089850435678,Petrol,Individual,Manual
0.9189189189189192,735000,0.0296548632976001,Diesel,Individual,Manual
0.9189189189189192,620000,0.0131326319999186,Diesel,Individual,Manual
0.567567567567572,90000,0.025418393734092,Petrol,Individual,Manual
0.7297297297297334,1200000,0.0148272198253218,Petrol,Individual,Automatic
0.9729729729729756,650000,0.0042360459165517,Petrol,Individual,Automatic
0.9459459459459438,950000,0.0127089850435678,Diesel,Individual,Manual
0.8918918918918948,1000000,0.047448035464334,Diesel,Dealer,Manual
0.9459459459459438,790000,0.0207582772142331,Diesel,Dealer,Manual
0.9459459459459438,285000,0.0059306337419549,Petrol,Individual,Manual
0.8378378378378386,325000,0.0603692676330336,Diesel,Individual,Manual
0.8918918918918948,35000,0.010167103305463,Petrol,Individual,Automatic
0.9459459459459438,480000,0.0086313830886913,Petrol,Dealer,Manual
0.8108108108108141,400000,0.0453298006825799,Diesel,Individual,Manual
0.8918918918918948,1044999,0.027536628515846,Diesel,Dealer,Manual
0.7567567567567579,200000,0.084728967623205,Diesel,Individual,Manual
0.8648648648648631,310000,0.0152190932599463,Petrol,Dealer,Manual
0.6486486486486527,180000,0.0792215571906445,Diesel,Individual,Manual
0.8918918918918948,750000,0.0286381106023581,Diesel,Individual,Automatic
0.8648648648648631,495000,0.0127089850435678,Petrol,Dealer,Manual
0.8378378378378386,415000,0.0305021572103017,Petrol,Dealer,Manual
0.9459459459459438,780000,0.0105907502618138,Diesel,Dealer,Manual
0.567567567567572,55000,0.0381278024246162,Diesel,Individual,Manual
0.8648648648648631,165000,0.0105907502618138,Petrol,Individual,Manual
0.8918918918918948,530000,0.0023143833225444,Petrol,Dealer,Manual
0.8108108108108141,750000,0.0336066421064404,Diesel,Trustmark Dealer,Manual
0.7297297297297334,180000,0.0508372111151404,Diesel,Individual,Manual
0.7027027027027017,145000,0.0635466198056646,Diesel,Individual,Manual
0.9189189189189192,2625000,0.0038123989602009,Diesel,Dealer,Automatic
0.9729729729729756,1100000,0.0211819241705839,Diesel,Individual,Manual
0.9729729729729756,950000,0.0072015746110073,Diesel,Individual,Manual
0.8378378378378386,465000,0.0381278024246162,Diesel,Individual,Manual
0.8648648648648631,371000,0.0169454546070759,Petrol,Individual,Manual
0.7567567567567579,120000,0.025418393734092,Petrol,Individual,Manual
0.9459459459459438,535000,0.0088961624364105,Petrol,Individual,Manual
0.7027027027027017,130000,0.0381278024246162,Petrol,Individual,Manual
0.7837837837837824,600000,0.084728967623205,Diesel,Individual,Manual
0.7297297297297334,220000,0.0423642719881243,Diesel,Individual,Manual
0.567567567567572,142000,0.0309258041666525,Petrol,Individual,Manual
0.7297297297297334,254999,0.0381278024246162,Petrol,Individual,Manual
0.8648648648648631,1400000,0.0720195589326808,Diesel,Individual,Manual
0.6756756756756772,150000,0.0211819241705839,Petrol,Individual,Manual
0.7297297297297334,148000,0.0423642719881243,Diesel,Individual,Manual
0.8918918918918948,240000,0.0211819241705839,Petrol,Individual,Manual
0.8918918918918948,300000,0.0063542806983057,Petrol,Individual,Manual
0.5945945945945965,150000,0.0635466198056646,Petrol,Individual,Manual
0.8918918918918948,120000,0.0025414580911484,Petrol,Individual,Manual
0.9729729729729756,740000,0.0160981606943743,Diesel,Individual,Automatic
0.8648648648648631,450000,0.0296548632976001,Petrol,Individual,Manual
0.8918918918918948,500000,0.0169454546070759,Diesel,Individual,Manual
0.8918918918918948,700000,0.0125395262610275,Diesel,Dealer,Manual
0.8378378378378386,600000,0.0211819241705839,Diesel,Individual,Manual
0.7567567567567579,300000,0.0584628563294549,Petrol,Individual,Manual
0.8918918918918948,2900000,0.0050833398292533,Diesel,Dealer,Automatic
0.8648648648648631,375000,0.025418393734092,LPG,Individual,Manual
0.8918918918918948,2500000,0.0127089850435678,Petrol,Individual,Automatic
0.8918918918918948,645000,0.0046596928729025,Petrol,Dealer,Automatic
1.0,1100000,0.0004232233093944,Petrol,Individual,Manual
0.7297297297297334,400000,0.0550736806786485,Diesel,Individual,Automatic
0.8918918918918948,260000,0.0508372111151404,Petrol,Individual,Manual
0.8918918918918948,540000,0.0065661041764811,Petrol,Individual,Manual
0.7567567567567579,321000,0.0344238570852411,Diesel,Dealer,Manual
1.0,650000,0.0030921991344045,Petrol,Individual,Manual
0.7567567567567579,250000,0.0508372111151404,Petrol,Individual,Manual
0.8648648648648631,2300000,0.0169454546070759,Diesel,Dealer,Automatic
0.9459459459459438,940000,0.0011222407873732,Diesel,Dealer,Manual
0.9459459459459438,490000,0.0105907502618138,Petrol,Individual,Manual
0.9189189189189192,650000,0.0296548632976001,Petrol,Individual,Manual
0.8648648648648631,82000,0.0080488685237089,Petrol,Individual,Manual
0.7297297297297334,200000,0.0423642719881243,Diesel,Individual,Manual
0.9189189189189192,625000,0.0108186723243305,Petrol,Trustmark Dealer,Manual
0.9729729729729756,500000,0.0042360459165517,Petrol,Individual,Manual
0.9189189189189192,2575000,0.0152508667816726,Diesel,Dealer,Automatic
0.8648648648648631,560000,0.0504135641587896,Diesel,Individual,Manual
0.7837837837837824,550000,0.0466007415516323,Diesel,Individual,Manual
0.7297297297297334,225000,0.0423642719881243,Diesel,Individual,Manual
0.8648648648648631,600000,0.0529554458968945,Diesel,Individual,Manual
0.7297297297297334,350000,0.0508372111151404,Petrol,Individual,Manual
0.7027027027027017,1100000,0.025418393734092,Diesel,Individual,Automatic
0.7297297297297334,220000,0.0406696841627211,Petrol,Individual,Manual
0.8108108108108141,210000,0.0407849161348485,Diesel,Individual,Manual
0.8378378378378386,280000,0.025418393734092,Diesel,Individual,Manual
0.9729729729729756,675000,0.0021178111347976,Petrol,Individual,Automatic
0.8108108108108141,250000,0.0338913328611081,Diesel,Individual,Manual
0.7297297297297334,750000,0.1059113154407453,Diesel,Individual,Manual
0.9189189189189192,330000,0.0381278024246162,Petrol,Individual,Manual
0.8918918918918948,2100000,0.0360095676428622,Diesel,Individual,Automatic
0.8918918918918948,400000,0.0288075693848985,Petrol,Individual,Manual
0.9729729729729756,5400000,0.0031769285256747,Diesel,Dealer,Automatic
0.7027027027027017,80000,0.0381278024246162,LPG,Individual,Manual
0.9459459459459438,1600000,0.0059306337419549,Diesel,Individual,Manual
0.9189189189189192,900000,0.0169454546070759,Diesel,Individual,Automatic
0.8918918918918948,280000,0.0423642719881243,Diesel,Individual,Manual
0.9189189189189192,640000,0.0381278024246162,Diesel,Individual,Manual
0.9729729729729756,5800000,0.0031769285256747,Diesel,Dealer,Automatic
0.9189189189189192,434999,0.0068910413920022,Petrol,Dealer,Manual
0.8378378378378386,250000,0.0381278024246162,Diesel,Individual,Manual
0.7567567567567579,165000,0.025418393734092,Petrol,Individual,Manual
0.7567567567567579,160000,0.025418393734092,Petrol,Individual,Manual
0.9459459459459438,450000,0.0148272198253218,Petrol,Individual,Manual
0.8648648648648631,600000,0.0466007415516323,Diesel,Individual,Manual
0.9729729729729756,700000,0.0080488685237089,Petrol,Individual,Manual
0.8108108108108141,370000,0.0381278024246162,Diesel,Individual,Manual
0.7567567567567579,45000,0.0042360459165517,Petrol,Individual,Manual
0.8108108108108141,250000,0.0423642719881243,Diesel,Individual,Manual
0.9189189189189192,660000,0.0127089850435678,Diesel,Individual,Manual
0.4594594594594596,65000,0.0381278024246162,Petrol,Individual,Manual
0.8648648648648631,55000,0.0245710998213904,Petrol,Individual,Manual
0.7837837837837824,220000,0.0317730980793541,Diesel,Individual,Manual
0.7027027027027017,250000,0.0203346302578823,Petrol,Individual,Manual
0.9189189189189192,495000,0.0237238059086888,Diesel,Individual,Manual
0.8108108108108141,175000,0.0321967450357049,Diesel,Individual,Manual
0.8378378378378386,825000,0.0699013241509267,Diesel,Individual,Manual
0.9459459459459438,490000,0.0118616911308662,Petrol,Dealer,Manual
0.9459459459459438,2550000,0.0076252215673581,Petrol,Dealer,Automatic
0.9729729729729756,1000000,0.0305021572103017,Diesel,Individual,Manual
0.7837837837837824,310000,0.0392657181493745,Diesel,Dealer,Manual
0.9459459459459438,764000,0.0105907502618138,Petrol,Individual,Manual
0.8648648648648631,750000,0.0296548632976001,Diesel,Individual,Automatic
0.7567567567567579,1375000,0.025418393734092,Diesel,Individual,Automatic
0.9459459459459438,730000,0.025418393734092,Diesel,Individual,Automatic
0.9459459459459438,950000,0.0216055711269347,Diesel,Individual,Manual
0.7837837837837824,275000,0.0393987432936686,Petrol,Individual,Manual
0.7837837837837824,180000,0.0338913328611081,Petrol,Individual,Manual
0.6756756756756772,250000,0.0381278024246162,Diesel,Individual,Manual
0.8108108108108141,615000,0.0508372111151404,Diesel,Individual,Manual
0.8378378378378386,206000,0.0508372111151404,Petrol,Individual,Manual
0.7837837837837824,180000,0.0169454546070759,Petrol,Individual,Manual
0.7027027027027017,330000,0.0762560284961888,Diesel,Individual,Manual
0.621621621621621,125000,0.084728967623205,Petrol,Individual,Automatic
0.7837837837837824,575000,0.0508372111151404,Diesel,Individual,Manual
0.9459459459459438,700000,0.0127089850435678,Petrol,Individual,Manual
0.8378378378378386,250000,0.0423642719881243,Petrol,Individual,Manual
0.8108108108108141,360000,0.0610047380675598,Diesel,Individual,Manual
0.8918918918918948,790000,0.0508372111151404,Diesel,Individual,Manual
0.7837837837837824,520000,0.0309258041666525,Diesel,Individual,Manual
0.7297297297297334,221000,0.0216055711269347,Petrol,Dealer,Manual
0.7837837837837824,195000,0.0693590560467977,Diesel,Dealer,Manual
0.9189189189189192,550000,0.0041292868835513,Petrol,Dealer,Manual
0.9729729729729756,350000,0.0063542806983057,Petrol,Individual,Automatic
0.9189189189189192,409999,0.0199109833015315,Petrol,Individual,Manual
0.9729729729729756,520000,0.0059306337419549,Petrol,Individual,Manual
0.7567567567567579,400000,0.0423642719881243,Diesel,Individual,Manual
0.9459459459459438,969999,0.0092651589353921,Diesel,Individual,Manual
0.8648648648648631,600000,0.0296548632976001,Diesel,Individual,Manual
0.8378378378378386,250000,0.0169454546070759,Petrol,Individual,Manual
0.8108108108108141,450000,0.0004232233093944,Diesel,Dealer,Manual
0.9459459459459438,600000,0.0295612373202465,Petrol,Dealer,Automatic
0.8648648648648631,200000,0.0296548632976001,Petrol,Individual,Manual
0.9729729729729756,5400000,0.0031769285256747,Diesel,Dealer,Automatic
0.8108108108108141,320000,0.0132923469024629,Petrol,Individual,Manual
0.7297297297297334,246000,0.0508372111151404,Diesel,Individual,Manual
0.7837837837837824,225000,0.0169454546070759,Petrol,Individual,Manual
0.8918918918918948,800000,0.0338913328611081,Diesel,Individual,Manual
0.621621621621621,55000,0.0851526145795558,Diesel,Individual,Manual
0.8648648648648631,425000,0.0317730980793541,Petrol,Dealer,Manual
0.7297297297297334,270000,0.0381278024246162,Diesel,Individual,Manual
0.7297297297297334,202999,0.0669357954564711,Diesel,Individual,Manual
0.8918918918918948,4090000,0.0296548632976001,Diesel,Dealer,Automatic
0.9189189189189192,325000,0.0069897511328319,Petrol,Individual,Manual
0.621621621621621,150000,0.0338913328611081,Petrol,Individual,Manual
0.7837837837837824,250000,0.0508372111151404,Diesel,Individual,Manual
0.8648648648648631,75000,0.0076252215673581,Petrol,Individual,Manual
0.9729729729729756,5400000,0.0031769285256747,Diesel,Dealer,Automatic
0.621621621621621,95000,0.0466007415516323,Petrol,Individual,Manual
0.8648648648648631,1100000,0.0296548632976001,Diesel,Individual,Manual
0.8108108108108141,600000,0.0395186353823159,Diesel,Dealer,Manual
0.8108108108108141,355000,0.0576155624167533,Diesel,Individual,Manual
0.9729729729729756,480000,0.0032192932213097,Petrol,Individual,Manual
0.7027027027027017,110000,0.0211819241705839,Petrol,Individual,Manual
0.9459459459459438,620000,0.0296548632976001,Diesel,Individual,Manual
0.8918918918918948,310000,0.0116498676526908,Petrol,Individual,Manual
0.7027027027027017,120000,0.0508372111151404,Diesel,Individual,Manual
0.6486486486486527,100000,0.0381278024246162,Diesel,Individual,Manual
0.8108108108108141,750000,0.0177876647563013,Diesel,Dealer,Manual
0.8918918918918948,600000,0.0258420406904428,Petrol,Individual,Manual
0.7837837837837824,400000,0.0296548632976001,Diesel,Individual,Manual
0.9189189189189192,1511000,0.0135562789562694,Diesel,Individual,Manual
0.9189189189189192,165000,0.0016941641784468,Petrol,Individual,Manual
0.8378378378378386,50000,0.0033887520038501,Petrol,Individual,Manual
0.7027027027027017,130000,0.0296548632976001,Petrol,Individual,Manual
0.9189189189189192,754000,0.0169454546070759,Diesel,Individual,Manual
0.9189189189189192,178000,0.0148272198253218,Petrol,Individual,Manual
0.8108108108108141,246000,0.0237238059086888,Diesel,Dealer,Manual
0.8648648648648631,300000,0.0042360459165517,Petrol,Individual,Manual
0.9189189189189192,800000,0.0296548632976001,Diesel,Individual,Manual
0.7567567567567579,550000,0.0338913328611081,Diesel,Individual,Manual
0.9459459459459438,401000,0.0043207753078218,Petrol,Dealer,Manual
0.9729729729729756,1250000,0.0027914097953954,Diesel,Dealer,Manual
0.7027027027027017,295000,0.0826107328414509,Diesel,Individual,Manual
0.7837837837837824,555000,0.0466007415516323,Diesel,Individual,Manual
0.8378378378378386,610000,0.0088961624364105,Petrol,Individual,Manual
0.7297297297297334,321000,0.025418393734092,Petrol,Individual,Automatic
0.8378378378378386,565000,0.0296548632976001,Petrol,Individual,Manual
0.7567567567567579,275000,0.0457534476389307,Diesel,Individual,Manual
0.8918918918918948,800000,0.0336795093829327,Diesel,Individual,Manual
0.7837837837837824,300000,0.0381278024246162,Diesel,Individual,Manual
0.9189189189189192,500000,0.0338913328611081,Diesel,Individual,Manual
0.8648648648648631,511000,0.0127089850435678,Petrol,Individual,Manual
0.7027027027027017,210000,0.0461770945952815,Diesel,Individual,Manual
0.8918918918918948,51000,0.010167103305463,Petrol,Individual,Manual
0.9729729729729756,434999,0.0082606920018843,Petrol,Dealer,Manual
0.9189189189189192,700000,0.0173292787495297,Diesel,Dealer,Manual
0.8378378378378386,490000,0.0351622737301606,Diesel,Dealer,Manual
0.9729729729729756,695000,0.0155897843467533,Diesel,Dealer,Manual
0.8918918918918948,1850000,0.0139799259126202,Diesel,Individual,Manual
0.7297297297297334,194000,0.2446192600073884,Petrol,Individual,Manual
0.8648648648648631,465000,0.0550736806786485,Diesel,Individual,Manual
0.7297297297297334,195000,0.0188696590828212,Petrol,Dealer,Manual
0.8378378378378386,320000,0.025418393734092,Diesel,Individual,Manual
0.7027027027027017,160000,0.0338913328611081,Petrol,Individual,Manual
0.7567567567567579,280000,0.0508372111151404,Diesel,Individual,Manual
0.9459459459459438,300000,0.0105907502618138,Petrol,Individual,Manual
0.9729729729729756,5500000,0.0036005754820255,Diesel,Dealer,Automatic
0.9189189189189192,500000,0.0182163954761283,Petrol,Individual,Manual
0.7567567567567579,400000,0.025418393734092,Petrol,Individual,Manual
0.7837837837837824,170000,0.025418393734092,Diesel,Individual,Manual
0.7567567567567579,450000,0.0542263867659469,Diesel,Individual,Manual
0.9459459459459438,295000,0.0084725154800597,Petrol,Individual,Manual
0.7567567567567579,500000,0.0148272198253218,Petrol,Individual,Manual
0.7837837837837824,350000,0.0614283850239106,Diesel,Individual,Manual
0.6756756756756772,375000,0.0423642719881243,Petrol,Individual,Manual
0.9729729729729756,539000,0.0010235310465435,Petrol,Individual,Manual
0.8918918918918948,651000,0.0179295864866788,Diesel,Dealer,Manual
0.7567567567567579,450000,0.0190636893888299,Diesel,Dealer,Manual
0.6756756756756772,125000,0.0432115659008259,Petrol,Individual,Manual
0.8108108108108141,425000,0.0096163622622069,Diesel,Dealer,Manual
0.9189189189189192,350000,0.0042360459165517,Petrol,Individual,Manual
0.9189189189189192,725000,0.0027744639171414,Petrol,Individual,Automatic
0.8108108108108141,525000,0.0317730980793541,Diesel,Individual,Automatic
0.8378378378378386,45000,0.0029651050474992,Petrol,Individual,Manual
0.7837837837837824,550000,0.0601574441548582,Diesel,Individual,Manual
0.8378378378378386,1700000,0.0338913328611081,Diesel,Individual,Manual
0.6486486486486527,100000,0.0296548632976001,Petrol,Individual,Manual
0.8378378378378386,600000,0.0211819241705839,Diesel,Individual,Manual
0.9189189189189192,700000,0.027536628515846,Diesel,Individual,Manual
0.8108108108108141,250000,0.0148272198253218,Petrol,Individual,Manual
0.7297297297297334,295000,0.1059113154407453,Diesel,Individual,Manual
0.8648648648648631,450000,0.0084725154800597,Diesel,Individual,Manual
0.9459459459459438,950000,0.0338913328611081,Diesel,Individual,Manual
0.8108108108108141,165000,0.0190636893888299,Petrol,Individual,Manual
0.7837837837837824,150000,0.0338913328611081,Diesel,Individual,Manual
0.8648648648648631,420000,0.0487189763333864,Diesel,Individual,Manual
0.9189189189189192,750000,0.0169454546070759,Diesel,Individual,Manual
0.5945945945945965,85000,0.0338913328611081,Petrol,Individual,Manual
0.9459459459459438,1300000,0.0148272198253218,Diesel,Individual,Manual
0.9189189189189192,3200000,0.0190636893888299,Diesel,Dealer,Automatic
0.9189189189189192,350000,0.0114380441745154,Petrol,Individual,Manual
0.9459459459459438,472000,0.0127089850435678,Petrol,Individual,Automatic
0.9189189189189192,670000,0.0203346302578823,Diesel,Individual,Manual
0.5405405405405403,130000,0.0316756592793934,CNG,Individual,Manual
0.5945945945945965,75000,0.0296548632976001,Petrol,Individual,Manual
0.7567567567567579,271000,0.0313973232290709,Petrol,Dealer,Manual
0.9189189189189192,525000,0.0080488685237089,Petrol,Dealer,Automatic
0.8108108108108141,200000,0.0241474528650396,Petrol,Individual,Manual
0.9459459459459438,900000,0.025418393734092,Diesel,Individual,Manual
0.8918918918918948,1100000,0.0398223902500194,Diesel,Individual,Manual
0.9189189189189192,2711000,0.0038123989602009,Diesel,Dealer,Automatic
0.8918918918918948,3000000,0.0169454546070759,Diesel,Individual,Automatic
0.9189189189189192,300000,0.0042360459165517,Petrol,Individual,Manual
0.8918918918918948,509999,0.0508372111151404,Diesel,Individual,Manual
0.9729729729729756,550000,0.0127089850435678,Petrol,Individual,Manual
0.7297297297297334,265000,0.0201499201849134,Petrol,Dealer,Manual
0.8648648648648631,575000,0.0241474528650396,Diesel,Individual,Manual
0.9459459459459438,600000,0.027536628515846,Diesel,Individual,Manual
0.7837837837837824,450000,0.0038123989602009,Petrol,Dealer,Manual
0.9729729729729756,530000,0.0040242224383763,Petrol,Individual,Manual
0.9189189189189192,600000,0.0279602754721968,Diesel,Individual,Manual
0.9459459459459438,500000,0.0021178111347976,Petrol,Individual,Automatic
0.567567567567572,198000,0.0466007415516323,Petrol,Individual,Manual
0.9459459459459438,217000,0.0105907502618138,Petrol,Individual,Manual
0.8108108108108141,400000,0.0296548632976001,Petrol,Individual,Manual
0.7027027027027017,140000,0.0338913328611081,Petrol,Individual,Manual
0.7297297297297334,105000,0.0381278024246162,Diesel,Individual,Manual
0.7027027027027017,300000,0.0063542806983057,Petrol,Individual,Manual
0.9729729729729756,779000,0.0029786617501025,Petrol,Trustmark Dealer,Automatic
0.7837837837837824,385000,0.0220292180832856,Diesel,Dealer,Manual
0.9729729729729756,500000,0.0063542806983057,Petrol,Individual,Manual
0.7027027027027017,150000,0.0466007415516323,Petrol,Individual,Manual
0.8108108108108141,175000,0.0508372111151404,Diesel,Individual,Manual
0.8108108108108141,475000,0.0338913328611081,Petrol,Individual,Manual
0.8648648648648631,400000,0.0466007415516323,Diesel,Individual,Manual
0.9459459459459438,1051000,0.0253612013949846,Diesel,Dealer,Manual
0.8918918918918948,400000,0.0338913328611081,Petrol,Individual,Manual
0.7837837837837824,610000,0.0381278024246162,Diesel,Individual,Manual
0.9189189189189192,750000,0.012285338087217,Diesel,Individual,Manual
0.8108108108108141,360000,0.088965437186713,Diesel,Individual,Manual
0.9189189189189192,800000,0.0165218076507251,Diesel,Individual,Manual
0.8378378378378386,850000,0.0508372111151404,Diesel,Individual,Manual
0.8648648648648631,350000,0.0338913328611081,Diesel,Individual,Manual
0.9459459459459438,775000,0.0211819241705839,Diesel,Individual,Manual
0.7837837837837824,300000,0.0508372111151404,Petrol,Individual,Manual
0.8378378378378386,150000,0.025418393734092,Petrol,Individual,Manual
0.8648648648648631,1400000,0.0720195589326808,Diesel,Individual,Manual
0.8378378378378386,480000,0.0427879189444751,Diesel,Dealer,Manual
0.8108108108108141,190000,0.0296548632976001,Petrol,Individual,Manual
0.8108108108108141,530000,0.0377041554682654,Petrol,Individual,Manual
0.8378378378378386,880000,0.0508372111151404,Diesel,Individual,Manual
0.8918918918918948,276000,0.025418393734092,Petrol,Individual,Manual
0.8648648648648631,295000,0.0381278024246162,Diesel,Individual,Manual
0.8918918918918948,2000000,0.0288452739640137,Petrol,Trustmark Dealer,Automatic
0.7297297297297334,180000,0.0792215571906445,Diesel,Dealer,Manual
0.9459459459459438,500000,0.0042360459165517,Petrol,Individual,Manual
0.7297297297297334,300000,0.0508372111151404,Diesel,Individual,Manual
0.9189189189189192,1700000,0.0317730980793541,Diesel,Individual,Automatic
0.7297297297297334,229999,0.0508372111151404,Diesel,Individual,Manual
0.8648648648648631,550000,0.025418393734092,Diesel,Individual,Manual
0.7567567567567579,100000,0.0338913328611081,Diesel,Individual,Manual
0.621621621621621,110000,0.0508372111151404,Diesel,Individual,Manual
0.4054054054054035,210000,0.0203303937883188,Diesel,Individual,Manual
0.8918918918918948,600000,0.0381278024246162,Diesel,Individual,Automatic
0.9189189189189192,2100000,0.0203346302578823,Diesel,Individual,Automatic
0.8378378378378386,1200000,0.0974383763137292,Diesel,Individual,Automatic
0.8648648648648631,600000,0.0211819241705839,Diesel,Individual,Manual
0.7027027027027017,142000,0.0466007415516323,Petrol,Individual,Manual
0.8918918918918948,305000,0.0169454546070759,Petrol,Individual,Manual
0.8108108108108141,225000,0.0296548632976001,Diesel,Individual,Manual
0.7297297297297334,300000,0.0423642719881243,Diesel,Individual,Manual
0.6756756756756772,120000,0.0176753983128683,Petrol,Individual,Manual
0.8648648648648631,225000,0.0291231863673798,Diesel,Dealer,Manual
0.9459459459459438,450000,0.0338913328611081,Petrol,Individual,Manual
0.8918918918918948,640000,0.0169454546070759,Diesel,Individual,Manual
0.4324324324324351,60000,0.0381278024246162,Petrol,Individual,Manual
0.8648648648648631,500000,0.0042360459165517,Petrol,Individual,Manual
0.8648648648648631,905000,0.0466007415516323,Diesel,Individual,Manual
0.8918918918918948,574000,0.0148272198253218,Petrol,Individual,Manual
0.9189189189189192,875000,0.0127089850435678,Diesel,Dealer,Automatic
0.8378378378378386,220000,0.0279602754721968,Petrol,Dealer,Manual
0.8648648648648631,575000,0.025418393734092,Diesel,Individual,Manual
0.8378378378378386,525000,0.0317730980793541,Diesel,Individual,Manual
0.6486486486486527,100000,0.0423642719881243,Petrol,Individual,Manual
0.8918918918918948,400000,0.0550736806786485,Diesel,Individual,Manual
0.8378378378378386,254999,0.0169454546070759,Petrol,Individual,Manual
0.7837837837837824,430000,0.0466007415516323,Diesel,Individual,Manual
0.8378378378378386,325000,0.0296548632976001,Diesel,Individual,Manual
0.7297297297297334,300000,0.025418393734092,Petrol,Individual,Manual
0.9459459459459438,600000,0.0105907502618138,Petrol,Individual,Manual
0.8108108108108141,229999,0.0194873363451807,Petrol,Individual,Manual
0.8648648648648631,750000,0.0194763215243156,Diesel,Trustmark Dealer,Manual
0.8648648648648631,600000,0.0266893346031444,Diesel,Individual,Manual
0.8108108108108141,350000,0.0678906956960858,Diesel,Dealer,Manual
0.7837837837837824,375000,0.0381278024246162,Diesel,Individual,Manual
0.7837837837837824,420000,0.0402460372063702,Diesel,Individual,Manual
0.8648648648648631,400000,0.0095316328709368,Petrol,Individual,Manual
0.6756756756756772,175000,0.027536628515846,Petrol,Dealer,Manual
0.8108108108108141,450000,0.0508372111151404,Diesel,Individual,Manual
0.9189189189189192,300000,0.025418393734092,Petrol,Individual,Manual
0.9189189189189192,590000,0.0415169780754227,Diesel,Individual,Manual
0.7567567567567579,1000000,0.0381278024246162,Diesel,Dealer,Automatic
0.8378378378378386,325000,0.0127089850435678,Petrol,Dealer,Manual
0.6756756756756772,180000,0.0188056883924123,Petrol,Individual,Manual
0.9459459459459438,655000,0.0082606920018843,Petrol,Individual,Manual
0.9459459459459438,850000,0.0508372111151404,Diesel,Individual,Manual
0.8648648648648631,540000,0.0133135292502804,Petrol,Dealer,Manual
0.9189189189189192,375000,0.0042360459165517,Petrol,Individual,Manual
0.621621621621621,282000,0.0542263867659469,Diesel,Individual,Manual
0.7567567567567579,550000,0.0338913328611081,Diesel,Individual,Manual
0.8648648648648631,700000,0.0105907502618138,Petrol,Individual,Manual
0.7567567567567579,800000,0.0834580267541525,Diesel,Individual,Manual
0.8378378378378386,560000,0.0305021572103017,Diesel,Dealer,Manual
0.7837837837837824,130000,0.0466007415516323,Petrol,Individual,Manual
0.8378378378378386,1200000,0.0571919154604025,Diesel,Individual,Automatic
0.7837837837837824,220000,0.0296548632976001,Diesel,Individual,Manual
0.7837837837837824,140000,0.0508372111151404,Diesel,Individual,Manual
0.6486486486486527,150000,0.0296548632976001,Petrol,Individual,Manual
0.7837837837837824,350000,0.0466007415516323,Diesel,Individual,Manual
0.7297297297297334,150000,0.0423642719881243,Petrol,Individual,Manual
0.9459459459459438,1200000,0.0148272198253218,Diesel,Individual,Manual
0.8378378378378386,630000,0.0402460372063702,Diesel,Individual,Manual
0.5135135135135158,96000,0.0508372111151404,Diesel,Individual,Manual
0.4864864864864842,39000,0.0178385023910634,Petrol,Individual,Manual
0.9189189189189192,625000,0.0108186723243305,Petrol,Trustmark Dealer,Manual
0.8108108108108141,2000000,0.0708430913348946,Diesel,Dealer,Automatic
0.8378378378378386,190000,0.0466007415516323,Diesel,Individual,Manual
0.8918918918918948,1025000,0.0296548632976001,Diesel,Individual,Manual
0.8108108108108141,300000,0.0296548632976001,Diesel,Individual,Manual
0.9189189189189192,1125000,0.0199109833015315,Diesel,Individual,Manual
0.9459459459459438,1200000,0.025418393734092,Diesel,Individual,Manual
0.8918918918918948,2000000,0.0288452739640137,Petrol,Trustmark Dealer,Automatic
0.8648648648648631,550000,0.0169454546070759,Diesel,Individual,Manual
0.9189189189189192,260000,0.0127089850435678,Petrol,Individual,Manual
0.8918918918918948,400000,0.0423642719881243,Diesel,Individual,Manual
0.6486486486486527,210000,0.0508372111151404,Petrol,Individual,Manual
0.9459459459459438,900000,0.0169454546070759,Diesel,Individual,Manual
0.6756756756756772,150000,0.0381278024246162,Petrol,Individual,Manual
0.8918918918918948,270000,0.0093198093927613,Petrol,Individual,Manual
0.8918918918918948,550000,0.0239330875051261,Petrol,Trustmark Dealer,Manual
0.9459459459459438,459999,0.0211819241705839,Petrol,Individual,Manual
0.9729729729729756,1520000,0.0042360459165517,Petrol,Individual,Manual
0.7567567567567579,400000,0.0321967450357049,Diesel,Individual,Manual
0.7837837837837824,185000,0.025418393734092,Petrol,Individual,Manual
0.7027027027027017,210000,0.025418393734092,Petrol,Individual,Manual
0.8648648648648631,1200000,0.0258420406904428,Diesel,Individual,Manual
0.7567567567567579,484999,0.0419406250317735,Diesel,Individual,Manual
0.9729729729729756,3800000,0.0084725154800597,Diesel,Individual,Automatic
0.9459459459459438,2475000,0.0008468702657452,Diesel,Dealer,Automatic
0.8648648648648631,320000,0.031696841627211,Diesel,Individual,Manual
0.8108108108108141,365000,0.0296548632976001,Diesel,Individual,Manual
0.8108108108108141,420000,0.0088961624364105,Petrol,Individual,Manual
0.9189189189189192,585000,0.0361963959506129,Diesel,Dealer,Manual
0.7837837837837824,325000,0.0169454546070759,Petrol,Dealer,Manual
0.8108108108108141,550000,0.0305021572103017,Petrol,Dealer,Manual
0.8108108108108141,434999,0.0508372111151404,Diesel,Individual,Manual
0.9189189189189192,750000,0.0169454546070759,Diesel,Individual,Automatic
0.7297297297297334,250000,0.0266893346031444,Petrol,Individual,Manual
0.9189189189189192,675000,0.0127089850435678,Diesel,Individual,Manual
0.8108108108108141,375000,0.027536628515846,Diesel,Dealer,Manual
0.7297297297297334,850000,0.0504135641587896,Petrol,Dealer,Automatic
0.6756756756756772,95000,0.0338913328611081,Petrol,Individual,Manual
0.8108108108108141,190000,0.0508372111151404,Diesel,Individual,Manual
0.9189189189189192,400000,0.0127089850435678,Diesel,Individual,Manual
0.6486486486486527,45000,0.0423642719881243,CNG,Individual,Manual
0.7027027027027017,90000,0.025418393734092,Diesel,Individual,Manual
0.8378378378378386,700000,0.1270936632582857,Diesel,Individual,Manual
0.9459459459459438,850000,0.0052951633074287,Petrol,Individual,Manual
0.7837837837837824,270000,0.0457534476389307,Diesel,Individual,Manual
0.8378378378378386,550000,0.0466007415516323,Diesel,Individual,Manual
0.7567567567567579,350000,0.0499899172024388,Diesel,Individual,Manual
0.9459459459459438,1050000,0.0055069867856041,Diesel,Individual,Manual
0.9459459459459438,650000,0.0161333233917514,Diesel,Dealer,Manual
0.567567567567572,120000,0.0423642719881243,Diesel,Individual,Manual
0.8648648648648631,1200000,0.0042360459165517,Diesel,Individual,Manual
0.6486486486486527,150000,0.0338913328611081,Petrol,Individual,Manual
0.7027027027027017,360000,0.025418393734092,Petrol,Individual,Automatic
0.9459459459459438,390000,0.0055578244203662,Petrol,Individual,Manual
0.9189189189189192,1050000,0.0194873363451807,Diesel,Individual,Automatic
0.8648648648648631,1125000,0.027536628515846,Diesel,Individual,Manual
0.7837837837837824,275000,0.0084725154800597,Petrol,Individual,Manual
0.9729729729729756,484999,0.0038123989602009,Petrol,Individual,Manual
0.9459459459459438,850000,0.0211819241705839,Diesel,Individual,Manual
0.9459459459459438,370000,0.0063542806983057,Petrol,Individual,Automatic
0.7567567567567579,160000,0.0241474528650396,Petrol,Individual,Manual
0.7567567567567579,500000,0.0421524485099489,Diesel,Individual,Manual
0.9189189189189192,229999,0.0338913328611081,Petrol,Individual,Manual
0.8918918918918948,500000,0.025418393734092,Petrol,Individual,Manual
0.8918918918918948,1295000,0.0194873363451807,Diesel,Dealer,Automatic
0.8648648648648631,750000,0.0508372111151404,Diesel,Individual,Manual
0.7837837837837824,300000,0.0338913328611081,Diesel,Individual,Manual
0.5945945945945965,80000,0.0169454546070759,Petrol,Individual,Manual
0.8648648648648631,1750000,0.0156745137380234,Diesel,Dealer,Automatic
0.8918918918918948,430000,0.0148272198253218,Diesel,Individual,Manual
0.6756756756756772,260000,0.0508372111151404,Petrol,Individual,Manual
0.8378378378378386,450000,0.0338913328611081,Diesel,Individual,Manual
0.9189189189189192,1150000,0.0114380441745154,Diesel,Individual,Manual
0.7837837837837824,550000,0.0393987432936686,Diesel,Individual,Manual
0.8378378378378386,400000,0.0508372111151404,Diesel,Individual,Manual
0.8108108108108141,450000,0.0186307221994394,Diesel,Dealer,Manual
0.8108108108108141,27000,0.0088961624364105,Petrol,Individual,Manual
0.567567567567572,125000,0.0466007415516323,Petrol,Individual,Manual
0.6486486486486527,300000,0.0423642719881243,Diesel,Individual,Manual
0.9729729729729756,2600000,0.0046596928729025,Diesel,Dealer,Automatic
0.9729729729729756,785000,0.0038123989602009,Petrol,Dealer,Manual
0.7027027027027017,420000,0.0423642719881243,Diesel,Individual,Manual
0.9729729729729756,925000,0.0211819241705839,Diesel,Individual,Manual
0.7837837837837824,180000,0.0508372111151404,Diesel,Individual,Manual
0.8378378378378386,1380000,0.0635466198056646,Diesel,Individual,Manual
0.9459459459459438,450000,0.0036005754820255,Petrol,Individual,Manual
0.7297297297297334,150000,0.0423642719881243,Diesel,Individual,Manual
0.7297297297297334,280000,0.148276011075826,Diesel,Individual,Manual
0.8918918918918948,565000,0.0305021572103017,Diesel,Dealer,Manual
0.8648648648648631,470000,0.0377041554682654,Diesel,Individual,Manual
0.8108108108108141,750000,0.0336066421064404,Diesel,Trustmark Dealer,Manual
0.621621621621621,189000,0.0393987432936686,Petrol,Individual,Manual
0.9189189189189192,655000,0.0533790928532453,Diesel,Individual,Manual
0.9459459459459438,875000,0.0105907502618138,Diesel,Individual,Manual
0.9189189189189192,775000,0.0135562789562694,Diesel,Dealer,Manual
0.6486486486486527,150000,0.0338913328611081,Petrol,Individual,Manual
0.9189189189189192,880000,0.0271129815594952,Diesel,Dealer,Manual
0.8648648648648631,451000,0.0423642719881243,Diesel,Individual,Manual
0.8108108108108141,850000,0.0466007415516323,Diesel,Individual,Manual
0.7567567567567579,229999,0.025418393734092,LPG,Individual,Manual
0.8108108108108141,150000,0.0338913328611081,Diesel,Individual,Manual
0.8648648648648631,380000,0.0072659689483726,Petrol,Individual,Manual
0.9189189189189192,830000,0.0148272198253218,Diesel,Individual,Manual
0.6486486486486527,900000,0.0325064309607974,Diesel,Dealer,Automatic
0.8378378378378386,580000,0.0296548632976001,Diesel,Individual,Manual
0.9729729729729756,3800000,0.0084725154800597,Diesel,Individual,Automatic
0.7567567567567579,180000,0.0296548632976001,Petrol,Individual,Manual
0.9459459459459438,575000,0.0296548632976001,Petrol,Individual,Manual
0.9729729729729756,725000,0.0072015746110073,Diesel,Individual,Manual
0.7837837837837824,525000,0.0571919154604025,Diesel,Individual,Manual
0.9459459459459438,350000,0.0169454546070759,Petrol,Individual,Manual
0.8378378378378386,520000,0.0296548632976001,Diesel,Individual,Manual
0.7027027027027017,240000,0.0381278024246162,Diesel,Individual,Manual
0.9729729729729756,925000,0.0211819241705839,Diesel,Dealer,Manual
0.8648648648648631,1500000,0.0196618788911972,Diesel,Individual,Manual
0.5945945945945965,130000,0.0593101502421566,Petrol,Individual,Manual
0.9189189189189192,1950000,0.0296548632976001,Diesel,Individual,Manual
0.5945945945945965,89000,0.0381278024246162,Petrol,Individual,Manual
0.9189189189189192,300000,0.0127089850435678,Petrol,Individual,Manual
0.7027027027027017,114999,0.025418393734092,Petrol,Individual,Manual
0.8378378378378386,525000,0.0466007415516323,Diesel,Individual,Manual
0.9189189189189192,800000,0.025418393734092,Diesel,Individual,Manual
0.5945945945945965,150000,0.0067177697868547,Petrol,Individual,Manual
0.8918918918918948,550000,0.0508372111151404,Diesel,Individual,Manual
0.7297297297297334,40000,0.0381278024246162,Petrol,Individual,Manual
0.8378378378378386,450000,0.0597337971985074,Diesel,Individual,Manual
0.7027027027027017,250000,0.025418393734092,Petrol,Individual,Manual
0.7567567567567579,365000,0.027536628515846,Diesel,Dealer,Manual
0.8918918918918948,325000,0.0296548632976001,Petrol,Individual,Manual
0.9459459459459438,575000,0.0296548632976001,Diesel,Individual,Manual
0.9459459459459438,710000,0.0177927485197775,Petrol,Individual,Manual
0.9189189189189192,300000,0.0211819241705839,Petrol,Individual,Manual
0.7297297297297334,465000,0.0326576729242146,Diesel,Individual,Manual
0.8108108108108141,250000,0.0466007415516323,Diesel,Individual,Manual
0.8378378378378386,525000,0.0508372111151404,Diesel,Individual,Manual
0.9189189189189192,4100000,0.0072015746110073,Petrol,Individual,Automatic
0.8378378378378386,335000,0.025418393734092,Petrol,Individual,Manual
0.8378378378378386,455999,0.0338913328611081,Diesel,Individual,Manual
0.9459459459459438,500000,0.0084725154800597,Petrol,Individual,Manual
0.9189189189189192,500000,0.0211819241705839,Diesel,Individual,Manual
0.7027027027027017,150000,0.0466007415516323,Diesel,Individual,Manual
0.9189189189189192,650000,0.0084725154800597,Diesel,Individual,Manual
0.7837837837837824,300000,0.0227388267351732,Petrol,Dealer,Manual
0.7567567567567579,160000,0.0360095676428622,Diesel,Individual,Manual
0.7297297297297334,160000,0.027536628515846,Petrol,Individual,Manual
0.6486486486486527,135000,0.0211819241705839,Petrol,Individual,Manual
0.8918918918918948,650000,0.0529554458968945,Diesel,Individual,Manual
0.7837837837837824,310000,0.0508372111151404,Diesel,Individual,Manual
0.9729729729729756,810000,0.0063542806983057,Petrol,Individual,Manual
0.8378378378378386,575000,0.0296548632976001,Diesel,Individual,Manual
0.7297297297297334,750000,0.0635466198056646,Diesel,Individual,Manual
0.8648648648648631,650000,0.0296548632976001,Diesel,Individual,Manual
0.8918918918918948,640000,0.0308355673649498,Diesel,Trustmark Dealer,Manual
0.9459459459459438,670000,0.0148272198253218,Diesel,Individual,Manual
0.8648648648648631,415000,0.0426104108697641,Diesel,Dealer,Manual
0.621621621621621,150000,0.0594372443290618,Petrol,Individual,Manual
0.7837837837837824,265000,0.025418393734092,Petrol,Individual,Manual
0.8918918918918948,190000,0.0296548632976001,Petrol,Individual,Manual
0.5945945945945965,105000,0.025263762595024,Petrol,Dealer,Manual
0.9189189189189192,1000000,0.0127089850435678,Diesel,Individual,Manual
0.7837837837837824,310000,0.036433214599213,Diesel,Individual,Manual
0.8918918918918948,650000,0.0148272198253218,Petrol,Individual,Manual
0.8648648648648631,640000,0.0097434563491122,Petrol,Individual,Manual
0.9189189189189192,250000,0.0194873363451807,Petrol,Individual,Manual
0.8378378378378386,260000,0.0160981606943743,Petrol,Individual,Manual
0.6486486486486527,300000,0.0656648545874187,Diesel,Individual,Manual
0.8108108108108141,409999,0.0148272198253218,Petrol,Individual,Manual
0.7837837837837824,325000,0.0504135641587896,Diesel,Individual,Manual
0.8108108108108141,500000,0.0490227312010899,Diesel,Individual,Manual
0.9729729729729756,700000,0.0067779276546565,Petrol,Individual,Manual
0.8378378378378386,500000,0.025418393734092,Diesel,Individual,Manual
0.8918918918918948,600000,0.0082585737671026,Petrol,Dealer,Manual
0.9729729729729756,300000,0.0148272198253218,Petrol,Individual,Manual
0.8648648648648631,1050000,0.025418393734092,Diesel,Individual,Manual
0.7027027027027017,150000,0.0466007415516323,Diesel,Individual,Manual
0.8918918918918948,2000000,0.0288452739640137,Petrol,Trustmark Dealer,Automatic
0.9459459459459438,3975000,0.0134715495649993,Diesel,Dealer,Automatic
0.8378378378378386,665000,0.0250413479429398,Diesel,Dealer,Manual
0.9189189189189192,550000,0.025418393734092,Diesel,Individual,Manual
0.9459459459459438,1150000,0.0148272198253218,Diesel,Individual,Manual
0.8108108108108141,210000,0.0508372111151404,Diesel,Individual,Manual
0.8108108108108141,475000,0.0182163954761283,Diesel,Dealer,Manual
0.6486486486486527,120000,0.0466007415516323,Petrol,Individual,Manual
0.6486486486486527,125000,0.0466007415516323,Diesel,Individual,Manual
0.8648648648648631,750000,0.0194763215243156,Diesel,Trustmark Dealer,Manual
0.7837837837837824,450000,0.0381977041724141,Diesel,Dealer,Manual
0.7837837837837824,265000,0.0283839224285477,Diesel,Individual,Manual
0.9729729729729756,894999,0.0040894640696543,Petrol,Dealer,Automatic
0.8108108108108141,700000,0.0323916226356263,Diesel,Individual,Manual
0.8108108108108141,219000,0.0226646885178118,Petrol,Individual,Manual
0.8918918918918948,250000,0.0466007415516323,Petrol,Individual,Manual
0.7837837837837824,225000,0.0466007415516323,Petrol,Individual,Manual
0.7837837837837824,225000,0.0463135089152265,Petrol,Individual,Manual
0.8918918918918948,750000,0.0351622737301606,Diesel,Individual,Manual
0.6486486486486527,225000,0.0211819241705839,Diesel,Dealer,Manual
0.7837837837837824,150000,0.0980475806369616,Diesel,Individual,Manual
0.9459459459459438,5830000,0.0127089850435678,Diesel,Individual,Automatic
0.7297297297297334,150000,0.0953201415319751,Diesel,Individual,Manual
0.8648648648648631,610000,0.0139799259126202,Petrol,Individual,Manual
0.5945945945945965,90000,0.027536628515846,Petrol,Individual,Manual
0.8378378378378386,425000,0.0296548632976001,Diesel,Individual,Manual
0.9459459459459438,810000,0.0125818909566626,Diesel,Individual,Manual
0.8918918918918948,385000,0.0084725154800597,Petrol,Individual,Manual
0.8648648648648631,160000,0.0296548632976001,Petrol,Individual,Manual
0.8648648648648631,575000,0.025418393734092,Diesel,Dealer,Manual
0.7837837837837824,150000,0.0211819241705839,Petrol,Individual,Manual
0.9729729729729756,420000,0.0063542806983057,Petrol,Individual,Manual
0.7567567567567579,300000,0.0466007415516323,Petrol,Individual,Manual
0.7027027027027017,380000,0.0508372111151404,Diesel,Individual,Manual
0.9459459459459438,500000,0.0105907502618138,Petrol,Individual,Manual
0.8918918918918948,430000,0.0084725154800597,Diesel,Individual,Manual
0.9189189189189192,390000,0.0105907502618138,Petrol,Individual,Manual
0.7837837837837824,150000,0.0169454546070759,Petrol,Individual,Manual
0.8648648648648631,615000,0.0466007415516323,Petrol,Individual,Manual
0.9189189189189192,350000,0.0127089850435678,Petrol,Individual,Manual
0.8108108108108141,450000,0.0177080191285073,Petrol,Individual,Manual
0.8918918918918948,275000,0.0677830893691727,Petrol,Individual,Manual
0.8648648648648631,465000,0.0267160243613945,Petrol,Dealer,Automatic
0.7837837837837824,200000,0.0160981606943743,Petrol,Dealer,Manual
0.9189189189189192,400000,0.0211819241705839,Diesel,Individual,Manual
0.9459459459459438,625000,0.0042360459165517,Petrol,Individual,Manual
0.7567567567567579,250000,0.0233552330566636,Diesel,Dealer,Manual
0.9189189189189192,1050000,0.025418393734092,Diesel,Individual,Manual
0.9189189189189192,229999,0.0169454546070759,Petrol,Individual,Manual
0.9459459459459438,680000,0.0084725154800597,Diesel,Individual,Manual
0.7567567567567579,650000,0.0508372111151404,Diesel,Individual,Manual
0.8108108108108141,180000,0.027536628515846,Petrol,Individual,Manual
0.8648648648648631,400000,0.0084725154800597,Petrol,Individual,Automatic
0.7567567567567579,320000,0.0423642719881243,Diesel,Individual,Manual
0.8108108108108141,650000,0.0194191291852082,Petrol,Dealer,Manual
0.8918918918918948,825000,0.0148272198253218,Diesel,Individual,Manual
0.8918918918918948,2000000,0.0288452739640137,Petrol,Trustmark Dealer,Automatic
0.567567567567572,120000,0.0508372111151404,Diesel,Individual,Manual
0.8648648648648631,480000,0.025418393734092,Diesel,Individual,Manual
0.8378378378378386,600000,0.0084725154800597,Petrol,Individual,Manual
0.8378378378378386,180000,0.0262656876467936,Petrol,Individual,Manual
0.7837837837837824,300000,0.0296548632976001,LPG,Individual,Manual
0.8108108108108141,300000,0.0508372111151404,Diesel,Individual,Manual
0.7567567567567579,830000,0.1270936632582857,Diesel,Individual,Manual
0.5945945945945965,70000,0.0290193928630739,Petrol,Dealer,Manual
0.9459459459459438,740000,0.0164442802577129,Diesel,Dealer,Manual
0.9459459459459438,750000,0.0211819241705839,Diesel,Individual,Manual
0.9459459459459438,445000,0.0139778076778385,Petrol,Dealer,Automatic
0.5135135135135158,120000,0.025418393734092,Petrol,Individual,Manual
0.9729729729729756,2700000,0.0042360459165517,Diesel,Individual,Automatic
0.7837837837837824,310000,0.0151555462164937,Petrol,Dealer,Manual
0.8648648648648631,822000,0.025418393734092,Diesel,Individual,Manual
0.8918918918918948,550000,0.0239330875051261,Petrol,Trustmark Dealer,Manual
0.7297297297297334,330000,0.0525317989405436,Diesel,Individual,Manual
0.5945945945945965,310000,0.084728967623205,Diesel,Individual,Manual
0.6486486486486527,150000,0.0355859206865114,Petrol,Individual,Manual
0.8918918918918948,1385000,0.025418393734092,Diesel,Dealer,Manual
0.8108108108108141,200000,0.010167103305463,Petrol,Individual,Manual
0.8378378378378386,475000,0.0169454546070759,Petrol,Dealer,Manual
0.7567567567567579,140000,0.0211819241705839,Petrol,Individual,Manual
0.8918918918918948,919999,0.0317730980793541,Diesel,Dealer,Manual
0.8378378378378386,600000,0.0211819241705839,Diesel,Individual,Manual
0.7837837837837824,95000,0.1122660197860074,Diesel,Individual,Manual
0.9189189189189192,700000,0.0961674354446767,Petrol,Individual,Manual
0.8918918918918948,515000,0.0169454546070759,Diesel,Individual,Manual
0.8648648648648631,1050000,0.0508372111151404,Diesel,Individual,Manual
0.621621621621621,160000,0.0403091606028665,Petrol,Dealer,Manual
0.621621621621621,70000,0.0447790596393239,Petrol,Individual,Manual
0.8378378378378386,350000,0.0466007415516323,Diesel,Individual,Manual
0.8918918918918948,400000,0.0105907502618138,Petrol,Individual,Manual
0.5945945945945965,100000,0.0508372111151404,Petrol,Individual,Manual
0.9189189189189192,325000,0.0078370450455335,Petrol,Dealer,Manual
0.8378378378378386,300000,0.0122607665637487,Petrol,Dealer,Automatic
0.9189189189189192,700000,0.0127089850435678,Petrol,Individual,Manual
0.8108108108108141,225000,0.0247164107274187,Petrol,Trustmark Dealer,Manual
0.9189189189189192,1350000,0.0063542806983057,Diesel,Individual,Automatic
0.9189189189189192,840000,0.0208485140159359,Diesel,Dealer,Manual
0.8378378378378386,280000,0.0381278024246162,Petrol,Individual,Manual
0.9189189189189192,400000,0.0053798926986988,Petrol,Individual,Manual
0.8648648648648631,380000,0.0105907502618138,Petrol,Individual,Manual
0.9459459459459438,700000,0.0063542806983057,Diesel,Dealer,Manual
0.7567567567567579,150000,0.0665121485001203,Petrol,Individual,Manual
0.5135135135135158,75000,0.0127089850435678,Petrol,Individual,Manual
0.9459459459459438,540000,0.0127089850435678,Diesel,Individual,Manual
0.8108108108108141,245000,0.0466007415516323,Petrol,Individual,Manual
0.8378378378378386,900000,0.0423642719881243,Diesel,Individual,Manual
0.9459459459459438,400000,0.0042360459165517,Petrol,Individual,Manual
0.8378378378378386,220000,0.0211819241705839,Petrol,Individual,Manual
0.7567567567567579,400000,0.0381278024246162,Diesel,Individual,Manual
0.8378378378378386,600000,0.0186400424324791,Diesel,Individual,Manual
1.0,852000,0.0004274597789579,Petrol,Dealer,Manual
0.4594594594594596,155000,0.0211819241705839,Diesel,Individual,Manual
0.6756756756756772,175000,0.025418393734092,Diesel,Individual,Manual
0.8918918918918948,675000,0.0215632064312997,Diesel,Dealer,Manual
0.9459459459459438,2475000,0.0008468702657452,Diesel,Dealer,Automatic
0.8918918918918948,525000,0.0169454546070759,Diesel,Individual,Manual
0.8648648648648631,281000,0.0018771796635904,Petrol,Dealer,Automatic
0.7567567567567579,400000,0.0305021572103017,Diesel,Individual,Manual
0.7567567567567579,400000,0.0940021758507678,Diesel,Dealer,Manual
0.9189189189189192,1100000,0.0375999383170031,Diesel,Dealer,Manual
0.9189189189189192,215000,0.014403572868971,Petrol,Dealer,Manual
0.7297297297297334,450000,0.0508372111151404,Diesel,Individual,Manual
0.7567567567567579,150000,0.0423642719881243,Petrol,Individual,Manual
0.9729729729729756,5400000,0.0031769285256747,Diesel,Dealer,Automatic
0.8108108108108141,480000,0.0338913328611081,Diesel,Individual,Manual
0.7297297297297334,145000,0.0296548632976001,Petrol,Individual,Manual
0.8648648648648631,1900000,0.0550736806786485,Diesel,Individual,Automatic
0.7837837837837824,300000,0.0508372111151404,Diesel,Individual,Manual
0.9459459459459438,450000,0.0021178111347976,Petrol,Individual,Manual
0.9459459459459438,229999,0.0127089850435678,Petrol,Individual,Manual
0.8378378378378386,650000,0.0381278024246162,Diesel,Individual,Manual
0.7297297297297334,200000,0.0315655110707422,Petrol,Dealer,Manual
0.9729729729729756,525000,0.0084725154800597,Petrol,Individual,Automatic
0.8918918918918948,625000,0.0228765119959872,Petrol,Dealer,Manual
0.8378378378378386,1800000,0.0211819241705839,Diesel,Individual,Manual
0.9189189189189192,850000,0.0148272198253218,Diesel,Individual,Automatic
0.9459459459459438,725000,0.0110143972181646,Petrol,Dealer,Automatic
0.8108108108108141,370000,0.0508372111151404,Petrol,Individual,Manual
0.621621621621621,45000,0.0508372111151404,Diesel,Individual,Manual
0.7837837837837824,110000,0.0508372111151404,Diesel,Individual,Manual
0.8648648648648631,350000,0.0105907502618138,Petrol,Individual,Manual
0.8648648648648631,600000,0.0457534476389307,Diesel,Individual,Manual
0.8648648648648631,575000,0.0211819241705839,Petrol,Individual,Automatic
0.8378378378378386,3500000,0.025418393734092,Diesel,Individual,Automatic
0.8918918918918948,350000,0.0105907502618138,Petrol,Individual,Manual
0.9729729729729756,650000,0.0023808958946915,Petrol,Trustmark Dealer,Automatic
0.8918918918918948,1350000,0.0296548632976001,Diesel,Individual,Manual
0.6756756756756772,650000,0.0296548632976001,Petrol,Individual,Automatic
0.9459459459459438,1220000,0.0046596928729025,Petrol,Individual,Manual
0.9189189189189192,711000,0.0148272198253218,Diesel,Individual,Manual
0.6486486486486527,150000,0.0508372111151404,Diesel,Individual,Manual
0.6486486486486527,90000,0.0185663278620741,Petrol,Dealer,Manual
0.8108108108108141,950000,0.0768876861081079,Diesel,Dealer,Manual
0.9189189189189192,280000,0.0122167072802882,Petrol,Individual,Manual
0.6486486486486527,150000,0.025418393734092,Petrol,Individual,Manual
0.8918918918918948,325000,0.0084725154800597,Petrol,Individual,Manual
0.9189189189189192,925000,0.0076252215673581,Petrol,Dealer,Automatic
0.7837837837837824,229999,0.0211819241705839,Petrol,Individual,Manual
0.6756756756756772,450000,0.0330440389484065,Diesel,Dealer,Manual
0.7297297297297334,290000,0.027536628515846,Petrol,Individual,Manual
0.567567567567572,155000,0.0338913328611081,Petrol,Individual,Manual
0.7297297297297334,300000,0.0461588777761585,Diesel,Individual,Manual
0.9729729729729756,500000,0.0127089850435678,Petrol,Individual,Manual
0.8918918918918948,1250000,0.0148272198253218,Diesel,Individual,Manual
0.8648648648648631,365000,0.0444825067698783,Diesel,Dealer,Manual
0.4864864864864842,65000,0.025418393734092,Petrol,Individual,Manual
0.8108108108108141,550000,0.0563446215477009,Diesel,Individual,Manual
0.8378378378378386,215000,0.0338913328611081,Diesel,Individual,Manual
0.9459459459459438,1035000,0.0063542806983057,Diesel,Individual,Manual
0.9189189189189192,660000,0.0283839224285477,Diesel,Individual,Manual
0.9459459459459438,300000,0.0131326319999186,Petrol,Individual,Manual
0.9729729729729756,700000,0.0072015746110073,Petrol,Individual,Manual
0.8918918918918948,560000,0.0211819241705839,Diesel,Individual,Manual
0.8918918918918948,735000,0.0105907502618138,Diesel,Individual,Manual
0.7837837837837824,180000,0.0296548632976001,Petrol,Individual,Manual
0.8378378378378386,300000,0.027536628515846,Petrol,Individual,Manual
0.8108108108108141,295000,0.0211819241705839,Diesel,Individual,Manual
0.7837837837837824,155000,0.0415169780754227,Diesel,Individual,Manual
0.621621621621621,215000,0.0381278024246162,Petrol,Individual,Manual
0.9459459459459438,1000000,0.0018191400305703,Petrol,Trustmark Dealer,Manual
0.7837837837837824,260000,0.0419406250317735,Petrol,Individual,Manual
0.8108108108108141,260000,0.027536628515846,Diesel,Individual,Manual
0.8648648648648631,459999,0.0665015573262115,Diesel,Individual,Manual
0.8648648648648631,411000,0.0101666796585066,Petrol,Dealer,Automatic
0.7567567567567579,204999,0.0423642719881243,Diesel,Individual,Manual
0.9459459459459438,775000,0.0148272198253218,Petrol,Individual,Manual
0.8648648648648631,1500000,0.0338913328611081,Diesel,Individual,Automatic
0.6756756756756772,250000,0.0466007415516323,Diesel,Individual,Manual
0.8648648648648631,260000,0.0148272198253218,Petrol,Individual,Manual
0.9189189189189192,780000,0.0169454546070759,Diesel,Individual,Manual
0.7567567567567579,300000,0.0296548632976001,Diesel,Individual,Manual
0.8918918918918948,724000,0.0207498042751061,Diesel,Dealer,Automatic
0.7837837837837824,400000,0.0423642719881243,Diesel,Individual,Manual
0.7837837837837824,730000,0.088965437186713,Diesel,Individual,Manual
0.7027027027027017,101000,0.0381278024246162,Petrol,Individual,Manual
0.8378378378378386,400000,0.0211819241705839,Petrol,Individual,Manual
0.7567567567567579,200000,0.0508372111151404,Diesel,Individual,Manual
0.8648648648648631,220000,0.0338913328611081,Petrol,Individual,Manual
0.621621621621621,275000,0.0338913328611081,Petrol,Individual,Automatic
0.8918918918918948,630000,0.023300158952338,Diesel,Dealer,Manual
0.7567567567567579,150000,0.025418393734092,Petrol,Individual,Manual
0.8648648648648631,500000,0.0211819241705839,Diesel,Individual,Manual
0.9729729729729756,675000,0.001181127714306,Petrol,Dealer,Manual
0.9189189189189192,560000,0.0220292180832856,Diesel,Individual,Manual
0.621621621621621,160000,0.0593101502421566,Petrol,Individual,Manual
0.8648648648648631,300000,0.0190636893888299,Petrol,Individual,Manual
0.5945945945945965,50000,0.0381278024246162,Petrol,Individual,Manual
0.621621621621621,80000,0.0148272198253218,Petrol,Individual,Manual
0.6486486486486527,170000,0.0466007415516323,Petrol,Individual,Manual
0.6486486486486527,250000,0.0211819241705839,Diesel,Individual,Manual
0.9459459459459438,1500000,0.0127089850435678,Diesel,Individual,Manual
0.7837837837837824,180000,0.0423642719881243,Petrol,Individual,Manual
1.0,810000,0.0063542806983057,Diesel,Individual,Manual
0.7297297297297334,600000,0.0466007415516323,Diesel,Individual,Manual
0.8918918918918948,330000,0.0211819241705839,Petrol,Individual,Manual
0.9459459459459438,310000,0.0084725154800597,Petrol,Individual,Manual
0.8918918918918948,565000,0.0305021572103017,Petrol,Dealer,Automatic
0.8378378378378386,235000,0.0296548632976001,CNG,Individual,Manual
0.8378378378378386,250000,0.0105907502618138,Petrol,Individual,Manual
0.7027027027027017,170000,0.0236255198148154,Diesel,Individual,Manual
0.5945945945945965,310000,0.0508372111151404,Diesel,Individual,Manual
0.8108108108108141,250000,0.0300785102539509,CNG,Individual,Manual
0.7567567567567579,430000,0.0508372111151404,Diesel,Individual,Manual
0.7837837837837824,50000,0.0055069867856041,Petrol,Individual,Manual
0.8378378378378386,475000,0.0351622737301606,Diesel,Individual,Manual
0.4864864864864842,85000,0.0296548632976001,Petrol,Individual,Manual
0.9729729729729756,974000,0.0063542806983057,Diesel,Individual,Manual
0.7837837837837824,525000,0.0508372111151404,Diesel,Individual,Manual
0.9459459459459438,475000,0.0169454546070759,Petrol,Individual,Manual
0.8108108108108141,190000,0.025418393734092,Petrol,Individual,Manual
0.9729729729729756,600000,0.0084725154800597,Petrol,Individual,Automatic
0.8918918918918948,600000,0.0057188102637795,Petrol,Individual,Manual
0.9189189189189192,282000,0.0063542806983057,Petrol,Individual,Manual
0.8378378378378386,750000,0.0508372111151404,Diesel,Individual,Manual
0.7837837837837824,325000,0.0199109833015315,Diesel,Dealer,Manual
0.8648648648648631,500000,0.0148272198253218,Petrol,Individual,Manual
0.8648648648648631,503000,0.0466007415516323,Diesel,Individual,Manual
0.9729729729729756,3800000,0.0084725154800597,Diesel,Individual,Automatic
0.8108108108108141,200000,0.0338913328611081,Petrol,Individual,Manual
0.7567567567567579,175000,0.0046596928729025,Petrol,Dealer,Manual
0.6756756756756772,129000,0.025418393734092,Petrol,Individual,Manual
0.8918918918918948,802999,0.0215445659652202,Diesel,Dealer,Manual
0.8918918918918948,535000,0.0135562789562694,Diesel,Individual,Manual
0.8378378378378386,400000,0.0466007415516323,Diesel,Individual,Manual
0.7297297297297334,180000,0.0326203919920557,Petrol,Individual,Manual
0.9729729729729756,960000,0.0084725154800597,Diesel,Individual,Manual
0.9459459459459438,475000,0.0127089850435678,Petrol,Individual,Manual
0.9189189189189192,720000,0.0296548632976001,Diesel,Individual,Manual
0.9459459459459438,660000,0.031455362862091,Diesel,Dealer,Manual
0.8648648648648631,350000,0.025418393734092,Petrol,Individual,Manual
0.7027027027027017,1200000,0.0190636893888299,Diesel,Individual,Automatic
0.9189189189189192,2711000,0.0038123989602009,Diesel,Dealer,Automatic
0.7837837837837824,193000,0.0190636893888299,Petrol,Individual,Manual
0.7297297297297334,114999,0.025418393734092,Petrol,Individual,Manual
0.9189189189189192,490000,0.0381278024246162,Diesel,Individual,Manual
0.8918918918918948,700000,0.036433214599213,Diesel,Individual,Manual
0.7567567567567579,390000,0.0635466198056646,Diesel,Individual,Manual
0.8918918918918948,525000,0.001479375171577,Petrol,Dealer,Manual
0.8108108108108141,750000,0.0336066421064404,Diesel,Trustmark Dealer,Manual
0.6486486486486527,138000,0.0508372111151404,Petrol,Individual,Manual
0.8378378378378386,400000,0.0508372111151404,Diesel,Individual,Manual
0.7297297297297334,80000,0.0338913328611081,Petrol,Individual,Manual
0.8918918918918948,2100000,0.0169454546070759,Petrol,Individual,Automatic
0.621621621621621,75000,0.0406696841627211,Petrol,Individual,Manual
0.8648648648648631,600000,0.0571919154604025,Diesel,Individual,Manual
0.9729729729729756,362000,0.0508372111151404,CNG,Individual,Manual
0.9189189189189192,800000,0.025418393734092,Diesel,Individual,Manual
0.8378378378378386,625000,0.0296548632976001,Diesel,Individual,Automatic
0.9189189189189192,750000,0.0381278024246162,Diesel,Individual,Manual
0.9729729729729756,4800000,0.0055065631386477,Diesel,Dealer,Automatic
0.621621621621621,121000,0.0296548632976001,Petrol,Individual,Manual
0.9189189189189192,891000,0.0338913328611081,Diesel,Individual,Manual
0.8918918918918948,950000,0.0317730980793541,Diesel,Individual,Automatic
0.7567567567567579,220000,0.027536628515846,Petrol,Individual,Automatic
0.621621621621621,350000,0.0381278024246162,Diesel,Individual,Manual
0.9729729729729756,5150000,0.0084725154800597,Petrol,Dealer,Automatic
0.4594594594594596,30000,0.0381278024246162,Petrol,Individual,Manual
0.9729729729729756,650000,0.0023808958946915,Petrol,Trustmark Dealer,Automatic
0.6756756756756772,305000,0.0927782597938703,Diesel,Individual,Manual
0.7567567567567579,350000,0.0381278024246162,Petrol,Individual,Manual
0.8108108108108141,170000,0.0466007415516323,Petrol,Individual,Manual
0.9459459459459438,800000,0.0127089850435678,Diesel,Individual,Manual
0.8648648648648631,400000,0.0296548632976001,Petrol,Individual,Automatic
0.9459459459459438,300000,0.0148272198253218,Petrol,Individual,Manual
0.6756756756756772,145000,0.0508372111151404,Petrol,Individual,Manual
0.9189189189189192,2600000,0.0199796141084603,Diesel,Trustmark Dealer,Automatic
0.9189189189189192,675000,0.0021178111347976,Petrol,Individual,Manual
0.8648648648648631,190000,0.0508372111151404,Petrol,Individual,Manual
0.9189189189189192,600000,0.0127089850435678,Diesel,Individual,Manual
0.7297297297297334,160000,0.0281483747208166,LPG,Individual,Manual
0.9189189189189192,700000,0.0063542806983057,Petrol,Individual,Automatic
0.7837837837837824,185000,0.0338913328611081,Diesel,Individual,Manual
0.7567567567567579,235000,0.0423642719881243,Diesel,Individual,Manual
1.0,2125000,0.002329634612973,Diesel,Dealer,Manual
0.8648648648648631,495000,0.0127089850435678,Petrol,Dealer,Manual
0.9189189189189192,750000,0.0211819241705839,Diesel,Individual,Manual
0.8918918918918948,725000,0.0127089850435678,Diesel,Individual,Manual
0.7837837837837824,200000,0.0127420295061632,Petrol,Dealer,Manual
0.8378378378378386,320000,0.0508372111151404,Diesel,Individual,Manual
0.621621621621621,90000,0.0381278024246162,Petrol,Individual,Manual
0.7297297297297334,150000,0.0656648545874187,Petrol,Individual,Manual
0.9459459459459438,2800000,0.0169454546070759,Diesel,Individual,Automatic
0.7567567567567579,195000,0.0508372111151404,Petrol,Individual,Manual
0.7297297297297334,80000,0.0211819241705839,Petrol,Individual,Manual
0.9729729729729756,725000,0.0105907502618138,Petrol,Individual,Manual
0.8648648648648631,48000,0.0097434563491122,Petrol,Individual,Manual
0.6486486486486527,300000,0.0466007415516323,Diesel,Individual,Manual
0.8378378378378386,240000,0.0211819241705839,Petrol,Individual,Manual
0.8648648648648631,260000,0.0148272198253218,Petrol,Individual,Manual
0.9459459459459438,5500000,0.0211819241705839,Diesel,Individual,Automatic
0.7837837837837824,370000,0.0288075693848985,Diesel,Individual,Manual
0.4324324324324351,80000,0.0111499642441968,Petrol,Individual,Manual
0.7567567567567579,75000,0.059521973720332,Diesel,Individual,Manual
0.6756756756756772,114999,0.0338913328611081,Petrol,Individual,Manual
0.7567567567567579,300000,0.0762560284961888,Diesel,Individual,Manual
0.7837837837837824,450000,0.0508372111151404,Diesel,Individual,Manual
0.7837837837837824,350000,0.0593101502421566,Diesel,Individual,Manual
0.8108108108108141,200000,0.0101692215402447,Petrol,Individual,Manual
0.8918918918918948,645000,0.0046596928729025,Petrol,Dealer,Automatic
0.7837837837837824,1300000,0.0593101502421566,Diesel,Individual,Automatic
0.567567567567572,79000,0.0338913328611081,Petrol,Individual,Manual
0.9189189189189192,1000000,0.025418393734092,Diesel,Individual,Automatic
0.8648648648648631,635000,0.0732904998017332,Diesel,Individual,Manual
0.8378378378378386,550000,0.0220292180832856,Diesel,Dealer,Manual
0.9729729729729756,906000,0.0127089850435678,Diesel,Individual,Manual
0.8648648648648631,300000,0.0211819241705839,Petrol,Individual,Manual
0.9729729729729756,675000,0.0021178111347976,Petrol,Individual,Manual
0.8378378378378386,755000,0.0124293780523763,Diesel,Individual,Manual
0.7837837837837824,300000,0.025418393734092,LPG,Individual,Manual
0.8918918918918948,500000,0.0606658205024791,Diesel,Individual,Manual
0.7567567567567579,215000,0.0211819241705839,Petrol,Individual,Manual
0.7837837837837824,340000,0.0392657181493745,Diesel,Dealer,Manual
0.7567567567567579,315000,0.0338913328611081,Petrol,Individual,Manual
0.8378378378378386,450000,0.0080488685237089,Petrol,Dealer,Manual
0.7027027027027017,500000,0.0508372111151404,Diesel,Individual,Manual
0.7567567567567579,225000,0.0338913328611081,Petrol,Individual,Manual
0.8108108108108141,479000,0.0732904998017332,Diesel,Individual,Manual
0.9459459459459438,698000,0.0117151092839688,Diesel,Dealer,Automatic
0.9459459459459438,2475000,0.0008468702657452,Diesel,Dealer,Automatic
0.8918918918918948,375000,0.0423642719881243,Diesel,Individual,Manual
0.8108108108108141,499000,0.0338913328611081,Diesel,Individual,Manual
0.7027027027027017,200000,0.0423642719881243,Diesel,Individual,Manual
0.9459459459459438,650000,0.0296548632976001,Petrol,Individual,Manual
0.7837837837837824,225000,0.0466007415516323,Petrol,Individual,Manual
0.8108108108108141,420000,0.0169454546070759,Diesel,Individual,Manual
0.9189189189189192,750000,0.0221516520536709,Diesel,Dealer,Manual
0.8378378378378386,700000,0.0432115659008259,Diesel,Dealer,Manual
0.8918918918918948,925000,0.0334676859047573,Diesel,Dealer,Manual
0.9729729729729756,500000,0.0005291350484821,Petrol,Individual,Manual
0.9459459459459438,448000,0.0127089850435678,Petrol,Individual,Automatic
0.7297297297297334,400000,0.0745877067820793,Diesel,Individual,Manual
0.8378378378378386,600000,0.0677830893691727,Diesel,Individual,Manual
0.9189189189189192,4100000,0.0072015746110073,Petrol,Individual,Automatic
0.8648648648648631,540000,0.0148272198253218,Petrol,Dealer,Manual
0.9459459459459438,650000,0.0347386267738098,Diesel,Individual,Automatic
0.7837837837837824,2349000,0.0631229728493138,Diesel,Individual,Automatic
0.7837837837837824,2500000,0.0203346302578823,Diesel,Dealer,Automatic
0.9189189189189192,550000,0.0084725154800597,Petrol,Individual,Manual
0.567567567567572,120000,0.0508372111151404,Diesel,Individual,Manual
0.7297297297297334,120000,0.0381278024246162,Petrol,Individual,Manual
0.9189189189189192,2700000,0.0127089850435678,Diesel,Individual,Automatic
0.9189189189189192,415000,0.0207434495707609,Petrol,Dealer,Manual
0.8648648648648631,265000,0.0203346302578823,Petrol,Dealer,Manual
0.6756756756756772,275000,0.0415169780754227,Petrol,Individual,Manual
0.9189189189189192,825000,0.0057607513124582,Petrol,Dealer,Automatic
0.9729729729729756,3800000,0.0084725154800597,Diesel,Individual,Automatic
0.8648648648648631,250000,0.01122622069634,Petrol,Individual,Manual
0.8378378378378386,310000,0.0381278024246162,Diesel,Individual,Manual
0.6486486486486527,175000,0.0338913328611081,Diesel,Individual,Manual
0.8918918918918948,400000,0.025418393734092,Petrol,Individual,Manual
0.9729729729729756,430000,0.0084725154800597,CNG,Individual,Manual
0.7027027027027017,150000,0.0508372111151404,Diesel,Individual,Manual
0.9729729729729756,1300000,0.0169454546070759,Diesel,Individual,Manual
0.7837837837837824,350000,0.0211819241705839,Petrol,Individual,Manual
0.8378378378378386,320000,0.0338913328611081,Petrol,Individual,Manual
0.7837837837837824,275000,0.0381278024246162,Diesel,Individual,Manual
0.9729729729729756,650000,0.0021178111347976,Diesel,Individual,Manual
0.7837837837837824,328000,0.0521081519841928,Petrol,Individual,Manual
0.8918918918918948,670000,0.0030091643309597,Petrol,Trustmark Dealer,Manual
0.8918918918918948,400000,0.019155620778358,Diesel,Dealer,Manual
0.6756756756756772,110000,0.0338913328611081,Petrol,Individual,Manual
0.7837837837837824,190000,0.0466007415516323,Diesel,Individual,Manual
0.567567567567572,315000,0.0466007415516323,Diesel,Individual,Manual
0.9729729729729756,300000,0.0211819241705839,Petrol,Individual,Manual
0.8648648648648631,640000,0.0097434563491122,Petrol,Individual,Manual
0.8918918918918948,525000,0.025418393734092,Diesel,Individual,Manual
0.9189189189189192,370000,0.0105907502618138,CNG,Individual,Manual
0.9459459459459438,580000,0.0508372111151404,Diesel,Individual,Manual
0.8108108108108141,425000,0.0720195589326808,Diesel,Dealer,Manual
0.8648648648648631,114999,0.0148272198253218,Petrol,Individual,Manual
0.7837837837837824,290000,0.0423642719881243,Diesel,Individual,Manual
0.9189189189189192,300000,0.0064182513887147,Petrol,Individual,Manual
0.8648648648648631,503000,0.0466007415516323,Diesel,Individual,Manual
0.9459459459459438,680000,0.0508372111151404,Diesel,Individual,Manual
0.9189189189189192,330000,0.0084725154800597,Petrol,Individual,Manual
0.6756756756756772,150000,0.0508372111151404,Diesel,Individual,Manual
0.9189189189189192,700000,0.0211637073514609,Diesel,Dealer,Manual
0.9189189189189192,325000,0.0021178111347976,Petrol,Individual,Manual
0.8378378378378386,650000,0.0296548632976001,Diesel,Individual,Manual
0.5945945945945965,50000,0.0338913328611081,Petrol,Individual,Manual
0.9189189189189192,650000,0.0207836960316142,Diesel,Individual,Manual
0.7027027027027017,175000,0.0576155624167533,Diesel,Individual,Manual
0.5405405405405403,45000,0.0148272198253218,Petrol,Individual,Manual
0.9729729729729756,869999,0.0063542806983057,Petrol,Dealer,Automatic
0.8108108108108141,500000,0.0296548632976001,Diesel,Individual,Manual
0.9189189189189192,775000,0.0423642719881243,Diesel,Individual,Manual
0.9189189189189192,625000,0.014403572868971,Diesel,Individual,Automatic
0.7837837837837824,376000,0.0110143972181646,Petrol,Individual,Manual
0.8918918918918948,300000,0.014403572868971,Petrol,Individual,Manual
0.8918918918918948,270000,0.0741377937144348,Diesel,Individual,Manual
0.8378378378378386,910000,0.0338913328611081,Diesel,Individual,Manual
0.7297297297297334,245000,0.0783742632779429,Diesel,Individual,Automatic
0.9459459459459438,975000,0.0021178111347976,Diesel,Individual,Manual
0.7027027027027017,220000,0.0508372111151404,Petrol,Individual,Manual
0.8108108108108141,430000,0.0338913328611081,Diesel,Individual,Manual
0.5945945945945965,95000,0.0508372111151404,Petrol,Individual,Manual
0.6486486486486527,245000,0.0512608580714912,Diesel,Individual,Manual
0.6756756756756772,400000,0.0423642719881243,Diesel,Individual,Manual
0.9459459459459438,310000,0.0029651050474992,Petrol,Individual,Manual
0.8648648648648631,302000,0.025418393734092,Diesel,Individual,Manual
0.7837837837837824,450000,0.0508372111151404,Diesel,Individual,Manual
0.9729729729729756,390000,0.0042360459165517,Petrol,Individual,Manual
0.8108108108108141,190000,0.0296548632976001,Diesel,Individual,Manual
0.8918918918918948,725000,0.0279602754721968,Diesel,Dealer,Manual
0.8648648648648631,520000,0.0296548632976001,Diesel,Individual,Manual
0.8648648648648631,3000000,0.0296548632976001,Diesel,Individual,Automatic
0.6756756756756772,375000,0.0578273858949287,Diesel,Individual,Manual
0.7027027027027017,185000,0.025418393734092,Diesel,Individual,Manual
0.7837837837837824,375000,0.013433844985884,Petrol,Dealer,Manual
0.4054054054054035,65000,0.025418393734092,Petrol,Dealer,Manual
0.8918918918918948,520000,0.012285338087217,Petrol,Individual,Manual
0.7837837837837824,300000,0.0169454546070759,Petrol,Individual,Manual
0.9189189189189192,735000,0.0296548632976001,Diesel,Individual,Manual
0.8648648648648631,400000,0.0423642719881243,Diesel,Individual,Manual
0.7567567567567579,200000,0.0423642719881243,Diesel,Individual,Manual
0.8918918918918948,400000,0.025418393734092,Diesel,Individual,Manual
0.7027027027027017,130000,0.0169454546070759,Petrol,Individual,Manual
0.8108108108108141,170000,0.0296548632976001,Petrol,Individual,Manual
0.8918918918918948,725000,0.0466007415516323,Diesel,Individual,Manual
0.9459459459459438,925000,0.0084725154800597,Petrol,Individual,Manual
0.9459459459459438,580000,0.0105907502618138,Petrol,Individual,Manual
0.8378378378378386,450000,0.0347386267738098,Diesel,Individual,Manual
0.8378378378378386,600000,0.0349504502519852,Diesel,Individual,Manual
0.8918918918918948,375000,0.0508372111151404,Petrol,Individual,Manual
0.9459459459459438,790000,0.0082907709357852,Diesel,Dealer,Manual
0.8918918918918948,650000,0.0211819241705839,Diesel,Individual,Automatic
0.7837837837837824,250000,0.0377041554682654,Diesel,Individual,Manual
0.8918918918918948,561000,0.0127089850435678,Diesel,Individual,Manual
0.7297297297297334,180000,0.0063542806983057,Petrol,Individual,Manual
0.8648648648648631,300000,0.0338913328611081,Petrol,Individual,Manual
0.7297297297297334,380000,0.0305021572103017,Diesel,Individual,Manual
0.567567567567572,81000,0.0338913328611081,Petrol,Individual,Manual
0.567567567567572,170000,0.0508372111151404,Petrol,Individual,Manual
0.7297297297297334,400000,0.0211819241705839,Petrol,Individual,Manual
0.6756756756756772,240000,0.0381278024246162,Petrol,Individual,Manual
0.7567567567567579,260000,0.0410933311190719,Diesel,Individual,Manual
0.9459459459459438,700000,0.008091233219344,Petrol,Individual,Manual
0.8918918918918948,190000,0.0338913328611081,Petrol,Individual,Manual
0.8918918918918948,315000,0.0218173946051101,Petrol,Individual,Manual
0.8108108108108141,500000,0.0224528650396364,Diesel,Individual,Manual
0.8378378378378386,570000,0.0313494511230033,Diesel,Dealer,Manual
0.8378378378378386,238000,0.025418393734092,Petrol,Individual,Manual
0.4594594594594596,65000,0.0423642719881243,Petrol,Individual,Manual
0.8648648648648631,350000,0.0247829232995658,Petrol,Individual,Manual
0.6486486486486527,95000,0.0296548632976001,Petrol,Individual,Manual
0.8918918918918948,1000000,0.027536628515846,Diesel,Individual,Manual
0.7837837837837824,545000,0.0381278024246162,Diesel,Individual,Manual
0.8918918918918948,229999,0.0160981606943743,Petrol,Individual,Manual
0.7837837837837824,204999,0.0508372111151404,Diesel,Individual,Manual
0.8648648648648631,425000,0.0296548632976001,Diesel,Individual,Manual
0.9189189189189192,445000,0.0114380441745154,Petrol,Individual,Manual
0.8918918918918948,1290000,0.0021178111347976,Diesel,Individual,Manual
0.8648648648648631,260000,0.0169454546070759,Petrol,Individual,Manual
0.8378378378378386,200000,0.0529554458968945,Diesel,Individual,Manual
0.8108108108108141,450000,0.0508372111151404,Diesel,Individual,Manual
0.7567567567567579,150000,0.0338913328611081,Petrol,Individual,Manual
0.8648648648648631,450000,0.0211819241705839,Diesel,Individual,Manual
0.8108108108108141,50000,0.0190636893888299,Petrol,Individual,Manual
0.9459459459459438,890000,0.0593101502421566,Diesel,Individual,Manual
0.7837837837837824,240000,0.0148272198253218,Petrol,Individual,Manual
0.7567567567567579,350000,0.0720195589326808,Diesel,Individual,Manual
0.8648648648648631,550000,0.0381278024246162,Diesel,Individual,Manual
0.6486486486486527,100000,0.025418393734092,Petrol,Individual,Manual
0.567567567567572,120000,0.0466007415516323,Petrol,Individual,Manual
0.9189189189189192,825000,0.0334676859047573,Diesel,Dealer,Manual
0.8648648648648631,370000,0.025418393734092,Diesel,Individual,Manual
0.8648648648648631,600000,0.0033747716542905,Petrol,Individual,Manual
0.9189189189189192,570000,0.0508372111151404,Diesel,Individual,Manual
0.5405405405405403,70000,0.0338913328611081,Petrol,Individual,Manual
0.9189189189189192,1100000,0.0190636893888299,Diesel,Individual,Manual
0.9459459459459438,746000,0.010167103305463,Diesel,Individual,Manual
0.9459459459459438,680000,0.0205888184316928,Petrol,Dealer,Manual
0.8648648648648631,750000,0.0296548632976001,Diesel,Individual,Manual
0.8648648648648631,560000,0.0182168191230846,Diesel,Dealer,Manual
0.8378378378378386,500000,0.0296548632976001,Petrol,Individual,Manual
0.7567567567567579,250000,0.0211819241705839,Petrol,Individual,Manual
0.8918918918918948,330000,0.0266893346031444,Diesel,Individual,Manual
0.7837837837837824,150000,0.0338913328611081,Petrol,Individual,Manual
0.8918918918918948,1200000,0.0381278024246162,Diesel,Individual,Manual
0.8378378378378386,375000,0.0139879752047909,Petrol,Dealer,Manual
0.7027027027027017,68000,0.0508372111151404,Petrol,Individual,Manual
0.8918918918918948,388000,0.0211819241705839,Petrol,Individual,Manual
0.7297297297297334,240000,0.0211819241705839,LPG,Dealer,Manual
0.9189189189189192,597000,0.0063542806983057,Diesel,Individual,Manual
0.6756756756756772,200000,0.0169454546070759,Petrol,Individual,Manual
0.7837837837837824,290000,0.0338913328611081,Petrol,Individual,Manual
0.9189189189189192,700000,0.0182163954761283,Petrol,Dealer,Manual
0.8918918918918948,370000,0.025418393734092,Petrol,Individual,Manual
0.7027027027027017,250000,0.0182163954761283,Diesel,Individual,Manual
0.7837837837837824,190000,0.0423642719881243,Petrol,Individual,Manual
0.9189189189189192,650000,0.0296548632976001,Diesel,Individual,Manual
0.9729729729729756,250000,0.0114380441745154,Petrol,Individual,Manual
0.8648648648648631,425000,0.0387632728591424,Diesel,Individual,Manual
0.8918918918918948,386000,0.0186400424324791,Petrol,Individual,Manual
0.9189189189189192,700000,0.0211819241705839,Diesel,Individual,Manual
0.8918918918918948,420000,0.004130134177464,Petrol,Individual,Manual
0.8108108108108141,185000,0.0360095676428622,Petrol,Individual,Manual
0.7297297297297334,222000,0.0296548632976001,Petrol,Individual,Manual
0.9189189189189192,310000,0.0148272198253218,Petrol,Individual,Manual
0.7837837837837824,385000,0.0220292180832856,Diesel,Dealer,Manual
0.8378378378378386,440000,0.0296548632976001,Diesel,Individual,Manual
0.9189189189189192,800000,0.0118828734786837,Diesel,Dealer,Manual
0.7027027027027017,175000,0.0235119824305134,Petrol,Dealer,Manual
0.8648648648648631,155000,0.025418393734092,CNG,Individual,Manual
0.9459459459459438,1100000,0.0296548632976001,Diesel,Individual,Manual
0.5405405405405403,75000,0.0241474528650396,Petrol,Individual,Manual
0.7837837837837824,310000,0.0423642719881243,Petrol,Individual,Manual
0.7027027027027017,220000,0.0529554458968945,Petrol,Individual,Manual
0.8378378378378386,300000,0.0127089850435678,Petrol,Individual,Manual
0.7567567567567579,270000,0.0169454546070759,Petrol,Individual,Manual
0.8648648648648631,975000,0.0423642719881243,Diesel,Individual,Manual
0.8648648648648631,745000,0.0179482269527582,Diesel,Dealer,Manual
0.9729729729729756,4950000,0.0127089850435678,Diesel,Dealer,Automatic
0.8648648648648631,600000,0.0296548632976001,Diesel,Individual,Manual
0.9459459459459438,500000,0.0148272198253218,Petrol,Individual,Manual
0.7837837837837824,300000,0.1249754284765316,Diesel,Individual,Manual
0.8378378378378386,780000,0.0292312163412493,Diesel,Dealer,Manual
0.6486486486486527,140000,0.0423642719881243,Petrol,Individual,Manual
0.9459459459459438,1150000,0.0207582772142331,Diesel,Individual,Automatic
0.8918918918918948,380000,0.0084725154800597,Petrol,Individual,Manual
0.8648648648648631,535000,0.0169454546070759,Diesel,Dealer,Manual
0.8648648648648631,590000,0.0338913328611081,Diesel,Individual,Manual
0.9189189189189192,774000,0.0007443477023083,Petrol,Dealer,Automatic
0.8648648648648631,416000,0.0169454546070759,Petrol,Individual,Automatic
0.9189189189189192,725000,0.0211819241705839,Diesel,Individual,Manual
0.6486486486486527,140000,0.0207582772142331,Petrol,Dealer,Manual
0.8918918918918948,305000,0.0169454546070759,Petrol,Individual,Manual
0.8378378378378386,409000,0.0296548632976001,Petrol,Individual,Manual
0.8378378378378386,350000,0.0338913328611081,Petrol,Individual,Manual
0.7297297297297334,195000,0.0338913328611081,CNG,Individual,Manual
0.9189189189189192,975000,0.0347386267738098,Diesel,Individual,Manual
0.7837837837837824,320000,0.0169454546070759,Petrol,Individual,Manual
0.7297297297297334,150000,0.0440588598135275,Petrol,Individual,Manual
0.8648648648648631,978999,0.0381278024246162,Diesel,Individual,Manual
0.9459459459459438,2475000,0.0008468702657452,Diesel,Dealer,Automatic
0.8918918918918948,450000,0.0271129815594952,Petrol,Individual,Manual
0.7027027027027017,550000,0.0423642719881243,Diesel,Individual,Manual
0.9729729729729756,500000,0.0046596928729025,Petrol,Individual,Manual
0.8108108108108141,466000,0.0404578606845456,Diesel,Individual,Manual
0.9189189189189192,2600000,0.0199796141084603,Diesel,Trustmark Dealer,Automatic
0.8378378378378386,800000,0.0660885015437695,Diesel,Individual,Manual
0.6756756756756772,130000,0.0508372111151404,Petrol,Individual,Manual
0.8918918918918948,535000,0.022283406257096,Diesel,Individual,Manual
0.7567567567567579,140000,0.0296548632976001,Diesel,Individual,Manual
0.9729729729729756,1100000,0.0148272198253218,Diesel,Individual,Automatic
0.9189189189189192,525000,0.0169454546070759,Petrol,Individual,Automatic
0.8108108108108141,1300000,0.0247829232995658,Diesel,Dealer,Automatic
0.9729729729729756,585000,0.0338913328611081,Petrol,Individual,Automatic
0.7837837837837824,480000,0.0266893346031444,Petrol,Dealer,Manual
0.7837837837837824,550000,0.0313494511230033,Diesel,Individual,Manual
0.8648648648648631,350000,0.0084725154800597,Petrol,Individual,Manual
0.8648648648648631,73000,0.0241474528650396,Petrol,Individual,Manual
0.8648648648648631,217000,0.0190636893888299,Petrol,Individual,Manual
0.9189189189189192,550000,0.005505715844735,Diesel,Dealer,Manual
0.8108108108108141,650000,0.0271129815594952,Diesel,Dealer,Automatic
0.8108108108108141,225000,0.0247164107274187,Petrol,Trustmark Dealer,Manual
0.8378378378378386,210000,0.0296548632976001,Petrol,Individual,Manual
0.7567567567567579,265000,0.0381278024246162,Diesel,Individual,Manual
0.9459459459459438,350000,0.0105907502618138,Petrol,Individual,Manual
0.9189189189189192,600000,0.0042360459165517,Petrol,Individual,Manual
0.7027027027027017,300000,0.0098544518516761,Petrol,Dealer,Manual
0.8108108108108141,750000,0.0336066421064404,Diesel,Trustmark Dealer,Manual
0.9459459459459438,450000,0.0317730980793541,Petrol,Individual,Manual
0.7837837837837824,75000,0.0126666203479327,Petrol,Individual,Manual
0.9189189189189192,450000,0.0169454546070759,Petrol,Individual,Automatic
0.7567567567567579,450000,0.0402460372063702,Diesel,Individual,Automatic
0.8108108108108141,305000,0.0677830893691727,Diesel,Individual,Manual
0.8108108108108141,1300000,0.0247829232995658,Diesel,Dealer,Automatic
0.8918918918918948,690000,0.0309258041666525,Diesel,Dealer,Manual
0.7837837837837824,140000,0.0084725154800597,Petrol,Individual,Manual
0.9189189189189192,450000,0.0238466635260305,Diesel,Dealer,Manual
0.7027027027027017,85000,0.0381278024246162,Petrol,Individual,Manual
0.8648648648648631,500000,0.0423642719881243,Diesel,Dealer,Manual
0.8918918918918948,60000,0.0084725154800597,Petrol,Individual,Manual
0.8648648648648631,740000,0.0190636893888299,Diesel,Dealer,Automatic
0.9459459459459438,600000,0.0295612373202465,Petrol,Dealer,Automatic
0.9189189189189192,1920000,0.0084725154800597,Diesel,Individual,Manual
0.8918918918918948,450000,0.023300158952338,Diesel,Individual,Manual
0.7837837837837824,925000,0.0406696841627211,Diesel,Dealer,Automatic
0.8108108108108141,450000,0.0618520319802614,Diesel,Individual,Manual
0.7567567567567579,300000,0.025418393734092,Diesel,Individual,Manual
0.7837837837837824,434999,0.0199109833015315,Petrol,Dealer,Manual
0.8648648648648631,650000,0.0169454546070759,Petrol,Individual,Manual
0.9729729729729756,860000,0.0027532815693238,Diesel,Individual,Automatic
0.6756756756756772,89999,0.0902363780557655,Diesel,Individual,Manual
0.7567567567567579,130000,0.0381278024246162,Diesel,Individual,Manual
0.6756756756756772,200000,0.0338913328611081,Petrol,Individual,Manual
0.7567567567567579,300000,0.027536628515846,Diesel,Individual,Manual
0.8648648648648631,1000000,0.0296548632976001,Diesel,Individual,Manual
0.7297297297297334,229999,0.0508372111151404,Petrol,Individual,Manual
0.8648648648648631,516000,0.0381278024246162,Petrol,Individual,Manual
0.7567567567567579,277000,0.0234708886757473,Petrol,Dealer,Manual
0.8378378378378386,210000,0.0169454546070759,Petrol,Individual,Manual
0.7027027027027017,250000,0.0508372111151404,Diesel,Individual,Manual
0.9189189189189192,1650000,0.0292833249168804,Diesel,Dealer,Manual
0.8648648648648631,371000,0.0084725154800597,Petrol,Dealer,Manual
0.8918918918918948,470000,0.0042360459165517,Petrol,Individual,Manual
0.9459459459459438,640000,0.0025418817381048,Petrol,Dealer,Manual
0.9729729729729756,550000,0.0216055711269347,Petrol,Individual,Manual
0.9189189189189192,575000,0.0114401624092971,Diesel,Dealer,Manual
0.8648648648648631,2600000,0.0423642719881243,Diesel,Individual,Automatic
0.9459459459459438,750000,0.010167103305463,Diesel,Individual,Manual
0.9189189189189192,270000,0.0112016491728716,Petrol,Individual,Manual
0.9189189189189192,1100000,0.0042360459165517,Petrol,Individual,Automatic
0.9189189189189192,800000,0.025418393734092,Diesel,Individual,Manual
0.8648648648648631,229999,0.0423642719881243,Petrol,Individual,Manual
0.8648648648648631,750000,0.0194763215243156,Diesel,Trustmark Dealer,Manual
0.9189189189189192,750000,0.0114380441745154,Diesel,Individual,Manual
0.7297297297297334,325000,0.0336189278681746,Diesel,Dealer,Manual
0.8108108108108141,425000,0.0084725154800597,Diesel,Dealer,Manual
0.7567567567567579,180000,0.0508372111151404,Diesel,Individual,Manual
0.9189189189189192,425000,0.0035378757324855,Petrol,Dealer,Manual
0.567567567567572,70000,0.0296548632976001,Petrol,Individual,Manual
0.9459459459459438,660000,0.0105907502618138,Diesel,Individual,Manual
0.8378378378378386,1200000,0.0571919154604025,Diesel,Individual,Automatic
0.7027027027027017,70000,0.025418393734092,Petrol,Individual,Manual
0.7027027027027017,150000,0.064817560674717,Diesel,Individual,Manual
0.9189189189189192,290000,0.0466007415516323,Petrol,Individual,Manual
0.7837837837837824,250000,0.0296548632976001,Petrol,Individual,Manual
0.8648648648648631,475000,0.0104212914792734,Petrol,Dealer,Manual
0.7567567567567579,225000,0.0381278024246162,Diesel,Individual,Manual
0.6486486486486527,190000,0.025418393734092,Petrol,Individual,Manual
0.8108108108108141,1000000,0.0317773345489176,Diesel,Dealer,Automatic
0.7837837837837824,225000,0.0466007415516323,Petrol,Individual,Manual
0.8648648648648631,600000,0.0508372111151404,Diesel,Individual,Manual
0.5135135135135158,35000,0.0317730980793541,Petrol,Individual,Manual
0.8918918918918948,645000,0.0508372111151404,Diesel,Individual,Manual
0.7297297297297334,250000,0.0338913328611081,Diesel,Individual,Manual
0.7027027027027017,200000,0.0745614406707856,Diesel,Individual,Manual
0.9189189189189192,1000000,0.0169454546070759,Diesel,Individual,Manual
0.4864864864864842,409999,0.0209103664715631,Petrol,Individual,Manual
0.8648648648648631,2350000,0.0199109833015315,Diesel,Dealer,Automatic
0.3513513513513544,250000,0.0148272198253218,Diesel,Individual,Manual
0.9189189189189192,1200000,0.0211819241705839,Diesel,Individual,Automatic
0.8648648648648631,500000,0.0245710998213904,Petrol,Individual,Manual
0.8918918918918948,310000,0.0063542806983057,Petrol,Individual,Manual
0.8918918918918948,509999,0.0148272198253218,Petrol,Individual,Manual
0.7027027027027017,150000,0.0296548632976001,Petrol,Individual,Manual
0.8918918918918948,1898999,0.0194873363451807,Diesel,Dealer,Automatic
0.8378378378378386,550000,0.0466007415516323,Diesel,Individual,Manual
0.9459459459459438,890000,0.0033887520038501,Petrol,Dealer,Manual
0.8648648648648631,590000,0.0211819241705839,Diesel,Individual,Manual
0.8648648648648631,650000,0.025418393734092,Petrol,Individual,Manual
0.7567567567567579,50000,0.0025414580911484,Petrol,Individual,Manual
0.9189189189189192,785000,0.010167103305463,Diesel,Individual,Manual
0.7567567567567579,250000,0.0296548632976001,Diesel,Individual,Manual
0.5135135135135158,145000,0.0423642719881243,Petrol,Individual,Manual
0.7567567567567579,250000,0.0296548632976001,Diesel,Individual,Manual
0.9189189189189192,520000,0.0044521058642906,Petrol,Dealer,Automatic
0.7837837837837824,165000,0.025418393734092,CNG,Individual,Manual
0.7567567567567579,180000,0.0152508667816726,Petrol,Dealer,Manual
0.7837837837837824,320000,0.0593101502421566,Diesel,Individual,Manual
0.9729729729729756,475000,0.0042360459165517,Petrol,Individual,Automatic
0.8918918918918948,2000000,0.0288452739640137,Petrol,Trustmark Dealer,Automatic
0.8648648648648631,155000,0.025418393734092,Petrol,Individual,Manual
0.7027027027027017,229999,0.0898127310994146,Diesel,Individual,Manual
0.9459459459459438,4000000,0.0042360459165517,Diesel,Dealer,Automatic
0.9459459459459438,530000,0.025418393734092,Diesel,Individual,Manual
0.7837837837837824,610000,0.0381278024246162,Diesel,Individual,Manual
0.8378378378378386,495000,0.0338913328611081,Diesel,Dealer,Manual
0.7027027027027017,95000,0.0508372111151404,Petrol,Individual,Manual
0.7837837837837824,285000,0.0292312163412493,Petrol,Individual,Manual
0.8918918918918948,750000,0.0025414580911484,Petrol,Dealer,Manual
0.8108108108108141,500000,0.025418393734092,Petrol,Individual,Automatic
0.9189189189189192,525000,0.0083551652731506,Petrol,Dealer,Automatic
0.8918918918918948,650000,0.0127089850435678,Diesel,Individual,Manual
0.9189189189189192,550000,0.0423642719881243,Diesel,Individual,Manual
0.6756756756756772,200000,0.0622756789366122,Diesel,Individual,Manual
0.8378378378378386,600000,0.0190636893888299,Diesel,Dealer,Manual
0.9729729729729756,779000,0.0029786617501025,Petrol,Trustmark Dealer,Automatic
0.9189189189189192,625000,0.0220292180832856,Petrol,Dealer,Manual
0.9729729729729756,670000,0.0008468702657452,Diesel,Individual,Manual
0.9729729729729756,695000,0.0155897843467533,Diesel,Dealer,Manual
0.7837837837837824,175000,0.025418393734092,Diesel,Individual,Manual
0.9189189189189192,400000,0.0063542806983057,Petrol,Individual,Manual
0.7567567567567579,270000,0.0296548632976001,Diesel,Individual,Manual
0.8648648648648631,250000,0.0211819241705839,Petrol,Individual,Manual
0.8918918918918948,285000,0.0381278024246162,Petrol,Individual,Manual
0.5945945945945965,125000,0.014403572868971,Petrol,Dealer,Manual
0.7567567567567579,150000,0.0296548632976001,Petrol,Individual,Manual
0.7837837837837824,325000,0.0635466198056646,Diesel,Individual,Manual
0.8108108108108141,925000,0.0317730980793541,Diesel,Individual,Manual
0.8918918918918948,1500000,0.0426184601619348,Diesel,Individual,Manual
0.9459459459459438,330000,0.0296548632976001,Petrol,Individual,Manual
0.6486486486486527,275000,0.084728967623205,Diesel,Individual,Manual
0.7567567567567579,204999,0.0296548632976001,Diesel,Individual,Manual
0.7297297297297334,75000,0.0249311997342886,Petrol,Dealer,Manual
0.8378378378378386,425000,0.0423642719881243,Diesel,Individual,Manual
0.9189189189189192,650000,0.0088961624364105,Petrol,Individual,Manual
0.8108108108108141,500000,0.0423642719881243,Diesel,Individual,Manual
0.9189189189189192,445000,0.0167336311289005,Petrol,Individual,Manual
0.9189189189189192,450000,0.0238466635260305,Diesel,Dealer,Manual
0.9729729729729756,5400000,0.0031769285256747,Diesel,Dealer,Automatic
0.9459459459459438,1150000,0.0111965654093954,Diesel,Dealer,Manual
0.8918918918918948,800000,0.0296548632976001,Diesel,Individual,Manual
0.8378378378378386,290000,0.0211819241705839,Petrol,Individual,Manual
0.7567567567567579,2150000,0.0211819241705839,Diesel,Individual,Manual
0.9189189189189192,950000,0.0063542806983057,Petrol,Individual,Automatic
0.7297297297297334,200000,0.0508372111151404,Petrol,Individual,Manual
0.8918918918918948,670000,0.0030091643309597,Petrol,Trustmark Dealer,Manual
0.9459459459459438,650000,0.0063542806983057,Petrol,Individual,Manual
0.6756756756756772,58000,0.0296548632976001,Petrol,Individual,Manual
0.7837837837837824,180000,0.025418393734092,Petrol,Individual,Manual
0.7837837837837824,80000,0.0296548632976001,Petrol,Individual,Manual
0.9729729729729756,450000,0.0042360459165517,CNG,Individual,Manual
0.9729729729729756,5500000,0.0036005754820255,Diesel,Dealer,Automatic
0.8108108108108141,550000,0.0426184601619348,Diesel,Individual,Manual
0.9729729729729756,220000,0.0381278024246162,Petrol,Individual,Manual
0.9189189189189192,620000,0.0258420406904428,Diesel,Individual,Manual
0.9459459459459438,975000,0.0019059876566222,Diesel,Dealer,Automatic
0.9729729729729756,779000,0.0029786617501025,Petrol,Trustmark Dealer,Automatic
0.8378378378378386,4000000,0.0199109833015315,Diesel,Individual,Automatic
0.7837837837837824,220000,0.0381278024246162,Petrol,Individual,Manual
0.7567567567567579,180000,0.0338913328611081,Diesel,Individual,Manual
1.0,350000,0.0004232233093944,Petrol,Individual,Manual
0.9459459459459438,3800000,0.0042360459165517,Diesel,Dealer,Automatic
0.8648648648648631,700000,0.0593101502421566,Diesel,Individual,Manual
0.8108108108108141,200000,0.0296548632976001,Petrol,Individual,Manual
0.9189189189189192,925000,0.0148272198253218,Diesel,Individual,Manual
0.8378378378378386,360000,0.0296548632976001,Diesel,Individual,Manual
0.8648648648648631,434999,0.0317730980793541,Diesel,Dealer,Manual
0.7837837837837824,280000,0.0508372111151404,Diesel,Individual,Manual
0.8108108108108141,225000,0.0247164107274187,Petrol,Trustmark Dealer,Manual
0.7027027027027017,130000,0.025418393734092,Petrol,Individual,Manual
0.9459459459459438,1040000,0.0177927485197775,Diesel,Individual,Manual
0.6486486486486527,200000,0.0508372111151404,Diesel,Individual,Manual
0.8378378378378386,260000,0.0169454546070759,Petrol,Individual,Manual
0.7837837837837824,400000,0.0466007415516323,Diesel,Individual,Manual
0.7837837837837824,270000,0.0127089850435678,Petrol,Individual,Manual
0.7027027027027017,199000,0.0296548632976001,Petrol,Individual,Manual
0.9459459459459438,850000,0.0063542806983057,Diesel,Individual,Manual
0.9459459459459438,950000,0.0090630793372128,Diesel,Dealer,Manual
0.6486486486486527,350000,0.0381278024246162,Petrol,Individual,Automatic
0.9189189189189192,3200000,0.0190636893888299,Diesel,Dealer,Automatic
0.7297297297297334,240000,0.0567682685040517,Diesel,Individual,Manual
0.8918918918918948,360000,0.0211819241705839,CNG,Individual,Manual
0.6486486486486527,200000,0.0508372111151404,Petrol,Individual,Manual
0.7297297297297334,350000,0.0466007415516323,Diesel,Individual,Manual
0.8918918918918948,400000,0.0296548632976001,Diesel,Individual,Manual
0.7297297297297334,350000,0.0703249711072775,Diesel,Individual,Manual
0.8648648648648631,400000,0.0169454546070759,Petrol,Individual,Automatic
0.9189189189189192,1490000,0.0093359079771027,Diesel,Individual,Manual
0.8648648648648631,509999,0.0347386267738098,Diesel,Individual,Manual
0.9729729729729756,5400000,0.0031769285256747,Diesel,Dealer,Automatic
0.8648648648648631,450000,0.0360095676428622,Diesel,Dealer,Manual
0.7027027027027017,114999,0.0449061537262291,Petrol,Individual,Manual
0.8648648648648631,484999,0.0127089850435678,Diesel,Individual,Manual
0.7837837837837824,380000,0.025418393734092,Diesel,Individual,Manual
0.9189189189189192,370000,0.0105907502618138,Petrol,Individual,Manual
0.9189189189189192,550000,0.005505715844735,Diesel,Dealer,Manual
0.7837837837837824,150000,0.0466007415516323,Diesel,Individual,Manual
0.9189189189189192,240000,0.0211819241705839,Petrol,Individual,Manual
0.8648648648648631,865000,0.0105060208705436,Petrol,Dealer,Manual
0.8648648648648631,2051000,0.0148272198253218,Diesel,Dealer,Automatic
0.8918918918918948,750000,0.0292312163412493,Diesel,Individual,Manual
0.7027027027027017,210000,0.0269011580813198,Petrol,Dealer,Automatic
0.9189189189189192,589000,0.0174673876573001,Diesel,Dealer,Manual
0.9729729729729756,1650000,0.0105907502618138,Diesel,Individual,Automatic
0.567567567567572,100000,0.0169454546070759,Petrol,Individual,Manual
0.8648648648648631,550000,0.0127089850435678,Diesel,Individual,Manual
0.9189189189189192,455000,0.0211819241705839,Diesel,Individual,Manual
0.8918918918918948,1800000,0.0127089850435678,Diesel,Individual,Automatic
0.7297297297297334,215000,0.0381278024246162,Petrol,Individual,Manual
0.6486486486486527,550000,0.0338913328611081,Petrol,Individual,Manual
0.9459459459459438,275000,0.0084725154800597,Petrol,Individual,Manual
0.8108108108108141,550000,0.0338913328611081,Diesel,Dealer,Manual
0.7837837837837824,229999,0.0703249711072775,Diesel,Individual,Manual
0.8648648648648631,310000,0.0127089850435678,Petrol,Individual,Manual
0.9189189189189192,600000,0.042237177901219,Diesel,Individual,Manual
0.7837837837837824,200000,0.0124971615653924,Petrol,Individual,Manual
0.9189189189189192,520000,0.0044521058642906,Petrol,Dealer,Automatic
1.0,399000,0.0021178111347976,CNG,Individual,Manual
0.8108108108108141,165000,0.0224528650396364,Petrol,Dealer,Manual
0.7837837837837824,150000,0.0148272198253218,Petrol,Individual,Manual
0.8648648648648631,600000,0.0211819241705839,Petrol,Individual,Manual
0.8378378378378386,450000,0.0296548632976001,Diesel,Individual,Manual
0.7297297297297334,200000,0.0741377937144348,Diesel,Individual,Manual
0.6486486486486527,100000,0.0211819241705839,Petrol,Individual,Manual
0.9459459459459438,2475000,0.0008468702657452,Diesel,Dealer,Automatic
0.9729729729729756,5500000,0.0036005754820255,Diesel,Dealer,Automatic
0.8918918918918948,105000,0.0025414580911484,Petrol,Individual,Manual
0.8108108108108141,380000,0.0296548632976001,Diesel,Individual,Manual
0.6756756756756772,91200,0.025418393734092,Petrol,Individual,Manual
0.7297297297297334,260000,0.025418393734092,Petrol,Individual,Manual
0.6756756756756772,95000,0.0508372111151404,Petrol,Individual,Manual
0.9189189189189192,750000,0.0508372111151404,Diesel,Individual,Manual
0.7567567567567579,135000,0.0211819241705839,Petrol,Individual,Manual
0.7297297297297334,130000,0.0211819241705839,Petrol,Individual,Manual
0.7837837837837824,960000,0.064817560674717,Diesel,Individual,Manual
1.0,808000,0.0021178111347976,Petrol,Individual,Manual
0.8378378378378386,250000,0.0191823105366081,Petrol,Dealer,Manual
0.8648648648648631,503000,0.0466007415516323,Diesel,Individual,Manual
0.7297297297297334,180000,0.0296548632976001,Petrol,Individual,Manual
0.9189189189189192,220000,0.0084725154800597,Petrol,Individual,Manual
0.7837837837837824,300000,0.0105907502618138,Diesel,Individual,Manual
0.9189189189189192,725000,0.0027744639171414,Petrol,Individual,Automatic
0.9189189189189192,450000,0.0238466635260305,Diesel,Dealer,Manual
0.8108108108108141,350000,0.027657367898406,Diesel,Dealer,Manual
0.9459459459459438,1525000,0.0211819241705839,Diesel,Individual,Manual
1.0,370000,0.0063542806983057,Petrol,Individual,Manual
0.7837837837837824,220000,0.1143842545677614,CNG,Individual,Manual
0.7297297297297334,320000,0.0571919154604025,Diesel,Individual,Manual
0.8378378378378386,114999,0.0029651050474992,Petrol,Individual,Manual
1.0,1050000,0.0084725154800597,Diesel,Individual,Manual
0.7027027027027017,200000,0.0296548632976001,Diesel,Individual,Manual
0.6756756756756772,375000,0.0381278024246162,Petrol,Individual,Manual
0.8108108108108141,750000,0.0336066421064404,Diesel,Trustmark Dealer,Manual
0.6486486486486527,100000,0.0423642719881243,Petrol,Individual,Manual
0.9189189189189192,660000,0.0283839224285477,Diesel,Individual,Manual
0.8648648648648631,210000,0.0211819241705839,Petrol,Individual,Manual
0.8108108108108141,225000,0.0338913328611081,Diesel,Individual,Manual
0.8918918918918948,780000,0.025418393734092,Diesel,Dealer,Manual
0.7027027027027017,80000,0.0466007415516323,Diesel,Individual,Manual
0.8918918918918948,1050000,0.0245710998213904,Diesel,Individual,Manual
0.8648648648648631,350000,0.012285338087217,Petrol,Individual,Manual
0.8648648648648631,610000,0.0127089850435678,Petrol,Dealer,Manual
0.8918918918918948,803999,0.025418393734092,Diesel,Individual,Manual
0.8918918918918948,2900000,0.0131326319999186,Diesel,Dealer,Automatic
0.7567567567567579,130000,0.025418393734092,Petrol,Individual,Manual
0.7297297297297334,130000,0.0423642719881243,Diesel,Individual,Manual
0.7837837837837824,350000,0.0508372111151404,Diesel,Individual,Manual
0.7567567567567579,550000,0.0309258041666525,Diesel,Dealer,Automatic
0.9189189189189192,2750000,0.0173691015634267,Diesel,Individual,Automatic
0.9189189189189192,1500000,0.0050833398292533,Diesel,Individual,Manual
0.7297297297297334,225000,0.0423642719881243,Petrol,Individual,Manual
0.7567567567567579,375000,0.0148272198253218,Diesel,Individual,Manual
0.9189189189189192,120000,0.0046596928729025,Petrol,Individual,Manual
0.7027027027027017,180000,0.0610047380675598,Diesel,Individual,Manual
0.8918918918918948,400000,0.0105907502618138,Petrol,Individual,Manual
0.9189189189189192,550000,0.0084259143148611,Petrol,Dealer,Automatic
0.8108108108108141,580000,0.0283839224285477,Diesel,Individual,Manual
0.9459459459459438,700000,0.0025414580911484,Petrol,Individual,Manual
0.567567567567572,45000,0.0326203919920557,Petrol,Individual,Manual
0.621621621621621,90000,0.025418393734092,Petrol,Individual,Manual
0.9459459459459438,2475000,0.0008468702657452,Diesel,Dealer,Automatic
0.8108108108108141,420000,0.0211819241705839,Diesel,Individual,Manual
0.7567567567567579,350000,0.0508372111151404,Diesel,Individual,Manual
0.8918918918918948,580000,0.0402460372063702,Diesel,Individual,Manual
0.9459459459459438,600000,0.0295612373202465,Petrol,Dealer,Automatic
0.7567567567567579,190000,0.0381278024246162,Diesel,Individual,Manual
0.9189189189189192,1025000,0.0038123989602009,Petrol,Dealer,Manual
0.9189189189189192,1748999,0.0139879752047909,Diesel,Dealer,Manual
0.7837837837837824,500000,0.0550736806786485,Diesel,Individual,Manual
0.9459459459459438,1600000,0.0148272198253218,Diesel,Individual,Automatic
0.8378378378378386,500000,0.0338913328611081,Diesel,Individual,Manual
0.9459459459459438,678000,0.0072015746110073,Petrol,Individual,Manual
0.6486486486486527,105000,0.025418393734092,Petrol,Individual,Manual
0.7297297297297334,630000,0.084728967623205,Diesel,Individual,Manual
0.9459459459459438,620000,0.0063542806983057,Petrol,Individual,Automatic
0.8918918918918948,72000,0.000211399831219,Petrol,Individual,Manual
0.8648648648648631,470000,0.0231828087454288,Diesel,Dealer,Manual
0.8918918918918948,540000,0.0084725154800597,Petrol,Individual,Manual
0.8378378378378386,250000,0.0211819241705839,Diesel,Individual,Manual
0.8918918918918948,45000,0.0004232233093944,Petrol,Individual,Manual
0.7837837837837824,270000,0.0338913328611081,Diesel,Individual,Manual
0.9459459459459438,775000,0.0199109833015315,Petrol,Dealer,Manual
0.8108108108108141,700000,0.0262656876467936,Diesel,Dealer,Manual
0.7027027027027017,250000,0.0533265606306578,Petrol,Individual,Manual
0.8378378378378386,210000,0.0296548632976001,Petrol,Individual,Manual
0.7567567567567579,400000,0.0593101502421566,Diesel,Individual,Manual
0.8378378378378386,300000,0.0159096377987981,Petrol,Dealer,Manual
0.6486486486486527,150000,0.0296548632976001,Petrol,Individual,Manual
0.8108108108108141,580000,0.0105907502618138,Diesel,Individual,Manual
0.9189189189189192,3200000,0.0190636893888299,Diesel,Dealer,Automatic
0.8108108108108141,65000,0.0067779276546565,Petrol,Individual,Manual
0.8378378378378386,550000,0.0169454546070759,Petrol,Individual,Manual
0.8918918918918948,850000,0.0245710998213904,Diesel,Individual,Manual
0.7837837837837824,352000,0.0461770945952815,Diesel,Individual,Manual
0.9459459459459438,1475000,0.004956245742348,Petrol,Dealer,Automatic
0.9189189189189192,860000,0.0169454546070759,Diesel,Individual,Manual
0.9729729729729756,500000,0.0021178111347976,Petrol,Individual,Manual
0.8108108108108141,340000,0.0296548632976001,Petrol,Individual,Manual
0.8648648648648631,292000,0.0296548632976001,Diesel,Individual,Manual
0.8648648648648631,600000,0.025418393734092,Diesel,Individual,Manual
0.9189189189189192,385000,0.0177927485197775,Petrol,Individual,Manual
0.9459459459459438,580000,0.0135562789562694,Petrol,Individual,Manual
0.7567567567567579,270000,0.0444825067698783,Diesel,Individual,Manual
0.8648648648648631,500000,0.049566270246088,Petrol,Individual,Manual
0.8378378378378386,1000000,0.0427879189444751,Diesel,Individual,Manual
0.7297297297297334,78692,0.0338913328611081,Petrol,Individual,Manual
0.7567567567567579,215000,0.0381278024246162,Diesel,Individual,Manual
0.6756756756756772,75000,0.0148272198253218,Petrol,Individual,Manual
0.8378378378378386,390000,0.0381278024246162,Diesel,Individual,Manual
0.6756756756756772,110000,0.0423642719881243,Petrol,Individual,Manual
0.7837837837837824,465000,0.0296845185845446,Diesel,Dealer,Automatic
0.6486486486486527,110000,0.0508372111151404,Petrol,Individual,Manual
0.7297297297297334,250000,0.0466007415516323,Diesel,Individual,Manual
0.6756756756756772,155000,0.0423642719881243,Diesel,Individual,Manual
0.8918918918918948,2000000,0.0288452739640137,Petrol,Trustmark Dealer,Automatic
0.8108108108108141,246000,0.0237238059086888,Diesel,Dealer,Manual
0.6486486486486527,100000,0.0220292180832856,Petrol,Individual,Manual
0.8378378378378386,300000,0.0250197419481659,Petrol,Dealer,Manual
0.7567567567567579,99000,0.0423642719881243,Petrol,Individual,Manual
0.7567567567567579,70000,0.0338913328611081,Diesel,Individual,Manual
0.9189189189189192,600000,0.0197021253520506,Diesel,Trustmark Dealer,Manual
0.8648648648648631,680000,0.0271129815594952,Petrol,Dealer,Automatic
0.7837837837837824,141000,0.0542263867659469,Petrol,Individual,Manual
0.7567567567567579,145000,0.0211819241705839,Petrol,Individual,Manual
0.8108108108108141,290000,0.0237238059086888,Diesel,Dealer,Manual
0.8918918918918948,1011000,0.0046512199337755,Petrol,Dealer,Manual
0.8378378378378386,350000,0.0105907502618138,Petrol,Individual,Manual
0.8378378378378386,465000,0.0338913328611081,Diesel,Individual,Manual
0.8918918918918948,425000,0.0211819241705839,Petrol,Individual,Manual
0.9459459459459438,500000,0.025418393734092,Petrol,Individual,Manual
0.9729729729729756,720000,0.0042360459165517,Petrol,Individual,Manual
0.9189189189189192,4500000,0.0338913328611081,Diesel,Individual,Automatic
0.8918918918918948,350000,0.0069897511328319,Petrol,Individual,Manual
0.9459459459459438,650000,0.0169454546070759,Diesel,Dealer,Manual
0.8648648648648631,800000,0.0296548632976001,Diesel,Individual,Manual
0.8378378378378386,635000,0.0056128985246918,Petrol,Dealer,Manual
0.8918918918918948,350000,0.0338913328611081,Petrol,Individual,Manual
0.7027027027027017,195000,0.0114401624092971,Petrol,Dealer,Manual
0.7297297297297334,700000,0.0690540302382251,Diesel,Individual,Manual
0.8648648648648631,600000,0.0338913328611081,Diesel,Individual,Manual
0.8108108108108141,470000,0.0347386267738098,Diesel,Dealer,Manual
0.8108108108108141,400000,0.0188518659106545,Diesel,Individual,Manual
0.8918918918918948,1473000,0.0097434563491122,Diesel,Dealer,Manual
0.8108108108108141,275000,0.0338913328611081,Petrol,Individual,Manual
0.8108108108108141,3750000,0.0237238059086888,Diesel,Dealer,Automatic
0.8648648648648631,650000,0.0211819241705839,Diesel,Individual,Automatic
0.8108108108108141,450000,0.0296548632976001,Diesel,Individual,Manual
0.7837837837837824,250000,0.0660885015437695,Diesel,Individual,Manual
0.8648648648648631,210000,0.0169454546070759,Petrol,Individual,Manual
0.7837837837837824,30000,0.025418393734092,Petrol,Individual,Manual
0.8378378378378386,225000,0.0148272198253218,Petrol,Individual,Manual
0.8918918918918948,450000,0.0491265247053959,Diesel,Individual,Manual
0.7297297297297334,160000,0.025418393734092,Petrol,Individual,Manual
0.7297297297297334,550000,0.0915073189248179,Diesel,Individual,Manual
0.7567567567567579,250000,0.0508372111151404,Diesel,Individual,Manual
0.7837837837837824,790000,0.0347386267738098,Diesel,Individual,Manual
0.9729729729729756,240000,0.0021178111347976,Petrol,Individual,Manual
0.7027027027027017,180000,0.025418393734092,Diesel,Individual,Manual
0.8108108108108141,1100000,0.0169454546070759,Petrol,Individual,Automatic
0.8648648648648631,500000,0.0296548632976001,Petrol,Individual,Manual
0.7567567567567579,350000,0.0313494511230033,Diesel,Individual,Manual
0.9459459459459438,825000,0.0302903337321263,Diesel,Dealer,Manual
0.7837837837837824,300000,0.0173691015634267,Petrol,Individual,Manual
0.8648648648648631,540000,0.0021178111347976,Petrol,Individual,Manual
0.9189189189189192,700000,0.0296548632976001,Diesel,Individual,Manual
0.7837837837837824,320000,0.0338913328611081,Diesel,Individual,Manual
0.9189189189189192,595000,0.0140222906082553,Petrol,Individual,Manual
0.7837837837837824,340000,0.0102941973923682,Petrol,Dealer,Manual
0.7567567567567579,300000,0.027536628515846,Diesel,Individual,Manual
0.9189189189189192,1025000,0.0038123989602009,Petrol,Dealer,Manual
0.8918918918918948,1859000,0.0169454546070759,Diesel,Individual,Automatic
0.9459459459459438,3200000,0.025418393734092,Diesel,Individual,Automatic
0.7027027027027017,100000,0.0338913328611081,Diesel,Individual,Manual
0.8378378378378386,180000,0.0238115008286534,Petrol,Dealer,Manual
0.8378378378378386,574000,0.0118955828873743,Petrol,Dealer,Automatic
0.8108108108108141,240000,0.0423642719881243,Diesel,Individual,Manual
1.0,619000,0.0006350467875698,Petrol,Individual,Manual
0.8648648648648631,580000,0.0063542806983057,Diesel,Individual,Manual
0.6486486486486527,80000,0.0508372111151404,Petrol,Individual,Manual
0.6756756756756772,140000,0.0228765119959872,Petrol,Dealer,Manual
0.8378378378378386,280000,0.0270451980464791,Petrol,Dealer,Manual
0.9189189189189192,365000,0.0330440389484065,CNG,Individual,Manual
0.5945945945945965,80000,0.0239695211433722,Petrol,Dealer,Manual
0.9459459459459438,600000,0.0032192932213097,Petrol,Individual,Automatic
0.7837837837837824,390000,0.0192560251070132,Diesel,Dealer,Manual
0.8648648648648631,475000,0.025418393734092,Diesel,Individual,Manual
0.9459459459459438,925000,0.0141324388169065,Diesel,Dealer,Manual
0.8918918918918948,600000,0.0508372111151404,Diesel,Individual,Manual
0.8108108108108141,350000,0.0381278024246162,Petrol,Individual,Manual
0.8918918918918948,375000,0.0146153963471464,Petrol,Individual,Manual
0.9459459459459438,600000,0.0295612373202465,Petrol,Dealer,Automatic
0.9729729729729756,667000,0.0031769285256747,Petrol,Individual,Manual
0.6756756756756772,210000,0.0508372111151404,Diesel,Individual,Manual
0.9459459459459438,850000,0.0211819241705839,Diesel,Individual,Manual
0.8648648648648631,400000,0.0166971974906543,Petrol,Dealer,Manual
0.8378378378378386,580000,0.0372805085119146,Diesel,Individual,Manual
0.9189189189189192,500000,0.0084725154800597,Petrol,Individual,Manual
0.5945945945945965,45000,0.0234802089087871,Petrol,Individual,Manual
0.8918918918918948,700000,0.0296548632976001,Diesel,Individual,Manual
0.9189189189189192,725000,0.0029227403518642,Petrol,Dealer,Manual
0.9459459459459438,700000,0.0211819241705839,Diesel,Individual,Manual
0.9189189189189192,635000,0.0169454546070759,Diesel,Individual,Manual
0.7567567567567579,350000,0.0338913328611081,Petrol,Individual,Manual
0.8108108108108141,245000,0.0296548632976001,Diesel,Individual,Manual
0.9729729729729756,1800000,0.0042360459165517,Diesel,Individual,Manual
0.9189189189189192,1800000,0.0063542806983057,Diesel,Dealer,Automatic
1.0,775000,0.0008468702657452,Petrol,Dealer,Manual
0.8108108108108141,800000,0.0787979102342937,Diesel,Individual,Manual
0.8648648648648631,315000,0.0190636893888299,Petrol,Individual,Manual
0.8648648648648631,750000,0.0194763215243156,Diesel,Trustmark Dealer,Manual
0.7297297297297334,200000,0.0466007415516323,Diesel,Individual,Manual
0.8648648648648631,509999,0.0834580267541525,Diesel,Individual,Manual
0.7567567567567579,325000,0.0245710998213904,Petrol,Individual,Manual
0.9189189189189192,570000,0.0186726632481181,Petrol,Dealer,Automatic
0.9459459459459438,2950000,0.0194873363451807,Diesel,Dealer,Manual
0.9189189189189192,600000,0.0127089850435678,Diesel,Individual,Manual
0.8378378378378386,350000,0.025418393734092,Diesel,Individual,Manual
0.9189189189189192,490000,0.0093198093927613,Diesel,Dealer,Manual
0.8108108108108141,484999,0.027536628515846,Diesel,Dealer,Manual
0.9189189189189192,2625000,0.0038123989602009,Diesel,Dealer,Automatic
0.567567567567572,70000,0.0669357954564711,Petrol,Individual,Manual
0.7027027027027017,114999,0.0381278024246162,Petrol,Individual,Manual
0.7837837837837824,470000,0.0910836719684671,Diesel,Individual,Manual
0.9459459459459438,1210000,0.0105907502618138,Diesel,Individual,Manual
0.8918918918918948,800000,0.0338913328611081,Diesel,Individual,Manual
0.8648648648648631,1650000,0.038551449380967,Diesel,Dealer,Automatic
0.9459459459459438,700000,0.0042360459165517,Petrol,Individual,Manual
0.9189189189189192,850000,0.0127089850435678,Petrol,Dealer,Automatic
0.8918918918918948,325000,0.0211819241705839,Petrol,Individual,Manual
0.9459459459459438,875000,0.0006096279701888,Petrol,Individual,Manual
0.7297297297297334,275000,0.0211819241705839,LPG,Individual,Manual
0.9189189189189192,600000,0.025418393734092,Diesel,Individual,Manual
0.8918918918918948,825000,0.0245710998213904,Diesel,Dealer,Manual
0.7567567567567579,235000,0.025418393734092,Petrol,Individual,Manual
0.9459459459459438,2475000,0.0008468702657452,Diesel,Dealer,Automatic
0.7297297297297334,170000,0.0381278024246162,Petrol,Individual,Manual
0.9459459459459438,740000,0.0164442802577129,Diesel,Dealer,Manual
0.8378378378378386,500000,0.0381278024246162,Diesel,Individual,Manual
0.8918918918918948,500000,0.0084725154800597,Petrol,Individual,Manual
0.7837837837837824,800000,0.0677830893691727,Diesel,Dealer,Manual
0.8648648648648631,600000,0.025418393734092,Diesel,Individual,Manual
0.6756756756756772,200000,0.0338913328611081,Diesel,Individual,Manual
0.8378378378378386,225000,0.0148272198253218,Petrol,Individual,Manual
0.8918918918918948,685000,0.0271129815594952,Diesel,Dealer,Manual
0.8918918918918948,380000,0.0423642719881243,Diesel,Individual,Manual
0.8648648648648631,850000,0.0355859206865114,Diesel,Dealer,Manual
0.567567567567572,90000,0.0466007415516323,Petrol,Individual,Manual
0.7567567567567579,90000,0.0381278024246162,Petrol,Individual,Manual
0.8918918918918948,500000,0.025418393734092,Diesel,Individual,Manual
0.9189189189189192,650000,0.0508372111151404,Diesel,Individual,Manual
0.5945945945945965,150000,0.0635466198056646,Diesel,Individual,Manual
0.9189189189189192,775000,0.0135562789562694,Diesel,Dealer,Manual
0.7027027027027017,200000,0.0224528650396364,Petrol,Individual,Manual
0.7837837837837824,345000,0.0581451211121918,Diesel,Individual,Manual
0.7837837837837824,280000,0.0296548632976001,Diesel,Individual,Manual
0.8108108108108141,620000,0.0296548632976001,Diesel,Individual,Manual
0.7837837837837824,280000,0.0661139203611505,Diesel,Individual,Manual
0.8918918918918948,340000,0.0127089850435678,Petrol,Individual,Manual
0.9189189189189192,650000,0.0068626570459267,Diesel,Individual,Manual
0.8648648648648631,480000,0.0381278024246162,Diesel,Individual,Manual
0.7837837837837824,750000,0.0381278024246162,Diesel,Individual,Manual
0.8648648648648631,330000,0.0593101502421566,Diesel,Individual,Manual
0.8918918918918948,550000,0.0036378564141843,Petrol,Individual,Manual
0.8918918918918948,2900000,0.0131326319999186,Diesel,Dealer,Automatic
0.8918918918918948,310000,0.0048715163510779,Petrol,Individual,Manual
0.8648648648648631,540000,0.0021178111347976,Petrol,Individual,Manual
0.9189189189189192,625000,0.0108186723243305,Petrol,Trustmark Dealer,Manual
0.9729729729729756,1075000,0.0036429401776605,Diesel,Dealer,Manual
0.9459459459459438,500000,0.0296548632976001,Diesel,Individual,Manual
0.621621621621621,10000,0.0390738060781476,Petrol,Individual,Manual
0.9459459459459438,1600000,0.0169454546070759,Diesel,Individual,Automatic
0.8918918918918948,60000,0.0063542806983057,Petrol,Individual,Manual
0.8378378378378386,250000,0.0423642719881243,Petrol,Individual,Manual
0.7297297297297334,140000,0.0169454546070759,Petrol,Individual,Manual
0.7567567567567579,300000,0.0466007415516323,Diesel,Individual,Manual
0.7567567567567579,45000,0.010167103305463,Petrol,Individual,Manual
0.6486486486486527,225000,0.0508372111151404,Diesel,Individual,Manual
0.9189189189189192,450000,0.0084725154800597,Petrol,Individual,Manual
0.7837837837837824,415000,0.0338913328611081,Diesel,Individual,Manual
0.6756756756756772,125000,0.0360095676428622,Petrol,Individual,Manual
0.9189189189189192,750000,0.0169454546070759,Diesel,Individual,Manual
0.8378378378378386,495000,0.0741377937144348,Diesel,Individual,Manual
0.7837837837837824,450000,0.0381977041724141,Diesel,Dealer,Manual
0.567567567567572,170000,0.0508372111151404,Petrol,Individual,Manual
0.8918918918918948,240000,0.0381278024246162,Diesel,Individual,Manual
0.7837837837837824,140000,0.0317730980793541,Diesel,Individual,Manual
0.9729729729729756,580000,0.0148272198253218,Petrol,Individual,Manual
0.8108108108108141,450000,0.0004232233093944,Diesel,Dealer,Manual
0.7027027027027017,400000,0.0584628563294549,Diesel,Individual,Manual
0.9189189189189192,459999,0.0211819241705839,Diesel,Individual,Manual
0.7567567567567579,90000,0.0228765119959872,Diesel,Individual,Manual
0.8108108108108141,310000,0.0296548632976001,Diesel,Individual,Manual
0.7567567567567579,240000,0.0305021572103017,Diesel,Individual,Manual
0.8648648648648631,240000,0.023300158952338,Diesel,Individual,Manual
0.9189189189189192,450000,0.0238466635260305,Diesel,Dealer,Manual
0.8378378378378386,455000,0.0236602588652362,Diesel,Dealer,Manual
0.9189189189189192,45000,0.0016941641784468,Petrol,Individual,Automatic
0.7297297297297334,225000,0.025418393734092,Petrol,Individual,Manual
0.8108108108108141,280000,0.0338913328611081,Diesel,Individual,Manual
0.6486486486486527,80000,0.0466007415516323,Petrol,Individual,Manual
0.9189189189189192,1300000,0.0169454546070759,Diesel,Individual,Automatic
0.8378378378378386,330000,0.0093198093927613,Petrol,Individual,Manual
0.8378378378378386,312000,0.0338913328611081,Petrol,Individual,Manual
0.6756756756756772,725000,0.0338913328611081,Diesel,Individual,Automatic
0.8648648648648631,800000,0.0063542806983057,Diesel,Individual,Manual
0.9729729729729756,975000,0.0127089850435678,Diesel,Individual,Manual
0.9459459459459438,1700000,0.0063542806983057,Diesel,Individual,Manual
0.7567567567567579,380000,0.0665121485001203,Diesel,Individual,Manual
0.8108108108108141,325000,0.0635466198056646,Petrol,Individual,Manual
0.8918918918918948,665000,0.0194873363451807,Diesel,Dealer,Manual
0.7837837837837824,215000,0.0296548632976001,Petrol,Individual,Manual
0.8108108108108141,695000,0.0169458782540322,Petrol,Dealer,Manual
0.7567567567567579,750000,0.1232808406511284,Diesel,Individual,Manual
0.8918918918918948,535000,0.022283406257096,Diesel,Individual,Manual
0.6756756756756772,120000,0.0508372111151404,Diesel,Individual,Manual
0.8108108108108141,375000,0.0338913328611081,Diesel,Individual,Manual
0.8918918918918948,75000,0.0029651050474992,Petrol,Individual,Manual
0.8918918918918948,600000,0.0305021572103017,Diesel,Individual,Manual
0.9729729729729756,295000,0.0042360459165517,Petrol,Individual,Manual
0.7837837837837824,620000,0.0338913328611081,Diesel,Individual,Manual
0.8108108108108141,495000,0.0423642719881243,Diesel,Individual,Manual
0.6756756756756772,20000,0.025418393734092,Petrol,Individual,Manual
0.9459459459459438,625000,0.0211819241705839,Petrol,Individual,Automatic
0.7567567567567579,420000,0.0423642719881243,Diesel,Individual,Manual
0.9189189189189192,415000,0.0138401224170245,Petrol,Dealer,Automatic
0.7297297297297334,200000,0.0330440389484065,Diesel,Dealer,Manual
0.7837837837837824,450000,0.0635466198056646,Diesel,Individual,Manual
0.9729729729729756,5500000,0.0036005754820255,Diesel,Dealer,Automatic
0.7297297297297334,285000,0.0334676859047573,Petrol,Individual,Manual
0.8108108108108141,300000,0.0381278024246162,Diesel,Individual,Manual
0.9459459459459438,900000,0.0105907502618138,Petrol,Individual,Manual
0.567567567567572,195000,0.0508372111151404,Diesel,Individual,Manual
0.7297297297297334,180000,0.0423642719881243,Diesel,Individual,Manual
0.7297297297297334,180000,0.0224528650396364,Petrol,Individual,Manual
0.8108108108108141,450000,0.0317730980793541,Diesel,Individual,Manual
0.8108108108108141,750000,0.0336066421064404,Diesel,Trustmark Dealer,Manual
0.8648648648648631,360000,0.0169454546070759,Petrol,Individual,Manual
0.9459459459459438,520000,0.025418393734092,Petrol,Individual,Manual
0.8918918918918948,1165000,0.0211819241705839,Diesel,Individual,Manual
0.8648648648648631,851000,0.0227290828551771,Diesel,Dealer,Manual
0.7027027027027017,210000,0.0317730980793541,Diesel,Individual,Manual
0.9189189189189192,450000,0.0238466635260305,Diesel,Dealer,Manual
0.9459459459459438,650000,0.0211819241705839,Diesel,Individual,Manual
0.5945945945945965,80000,0.0239695211433722,Petrol,Dealer,Manual
0.8918918918918948,825000,0.009085108978943,Petrol,Dealer,Manual
0.9729729729729756,556000,0.010167103305463,Petrol,Individual,Manual
0.8648648648648631,503000,0.0466007415516323,Diesel,Individual,Manual
0.8648648648648631,550000,0.0097434563491122,Diesel,Individual,Manual
0.8378378378378386,360000,0.0296548632976001,Diesel,Individual,Manual
0.8918918918918948,1290000,0.0211819241705839,Diesel,Individual,Automatic
0.4594594594594596,60000,0.0169454546070759,Petrol,Individual,Manual
0.9189189189189192,445000,0.0105907502618138,Petrol,Individual,Manual
0.9189189189189192,660000,0.025418393734092,Diesel,Individual,Manual
0.8378378378378386,1549000,0.0178838326153929,Diesel,Dealer,Automatic
0.8648648648648631,380000,0.0084725154800597,CNG,Individual,Manual
0.8108108108108141,345000,0.0423642719881243,Diesel,Individual,Manual
0.9459459459459438,624000,0.0062191373192298,Diesel,Dealer,Manual
0.8648648648648631,503000,0.0466007415516323,Diesel,Individual,Manual
0.8378378378378386,300000,0.0635466198056646,Diesel,Individual,Manual
0.8918918918918948,562000,0.0107343665800167,Petrol,Individual,Manual
0.8648648648648631,795000,0.0148272198253218,Petrol,Individual,Manual
0.8918918918918948,699000,0.0167349020697695,Diesel,Dealer,Manual
0.9189189189189192,710000,0.025418393734092,Diesel,Individual,Manual
0.9189189189189192,350000,0.0084725154800597,Petrol,Individual,Manual
0.7837837837837824,355000,0.0381278024246162,Petrol,Individual,Manual
0.9189189189189192,725000,0.0148272198253218,Petrol,Individual,Automatic
0.8648648648648631,1650000,0.038551449380967,Diesel,Dealer,Automatic
0.9459459459459438,790000,0.0173225003982281,Diesel,Dealer,Manual
0.5135135135135158,210000,0.1165024893495155,Diesel,Individual,Manual
0.8648648648648631,525000,0.0567682685040517,Diesel,Individual,Manual
0.7837837837837824,380000,0.0296548632976001,Diesel,Individual,Manual
0.9189189189189192,1650000,0.023300158952338,Diesel,Dealer,Manual
0.8648648648648631,525000,0.0338913328611081,Diesel,Individual,Manual
0.7837837837837824,350000,0.0466007415516323,Petrol,Individual,Manual
0.7567567567567579,665000,0.113113313698709,Diesel,Individual,Manual
0.8108108108108141,350000,0.0169454546070759,Petrol,Individual,Manual
1.0,550000,0.025418393734092,Diesel,Individual,Manual
0.8378378378378386,500000,0.1236947437274831,Diesel,Individual,Manual
0.7837837837837824,380000,0.0614283850239106,Diesel,Individual,Manual
0.7567567567567579,130000,0.025418393734092,Petrol,Individual,Manual
0.9459459459459438,1085000,0.0063542806983057,Diesel,Individual,Manual
0.8918918918918948,645000,0.0046596928729025,Petrol,Dealer,Automatic
0.9189189189189192,830000,0.0148272198253218,Diesel,Individual,Manual
0.8378378378378386,300000,0.0618520319802614,Diesel,Individual,Manual
0.7837837837837824,449000,0.0381278024246162,Diesel,Individual,Manual
0.7567567567567579,40000,0.0080488685237089,Petrol,Individual,Manual
0.8378378378378386,310000,0.0148272198253218,Petrol,Individual,Manual
0.9459459459459438,950000,0.0084725154800597,Diesel,Individual,Manual
0.6756756756756772,120000,0.0395389704362207,Petrol,Individual,Manual
0.7837837837837824,275000,0.0410933311190719,LPG,Individual,Manual
0.8378378378378386,1850000,0.0263660919754488,Petrol,Dealer,Automatic
0.8648648648648631,1000000,0.0104636561749085,Diesel,Individual,Manual
0.9459459459459438,425000,0.0063542806983057,Petrol,Individual,Manual
0.7837837837837824,650000,0.0338913328611081,Diesel,Individual,Manual
0.8648648648648631,649000,0.0165218076507251,Petrol,Dealer,Manual
0.8378378378378386,95000,0.0211819241705839,Petrol,Individual,Manual
0.8918918918918948,250000,0.0127089850435678,Petrol,Individual,Manual
0.5405405405405403,50000,0.0330855563501289,Petrol,Individual,Manual
1.0,811999,0.0004274597789579,Petrol,Dealer,Manual
0.8378378378378386,110000,0.1059113154407453,Diesel,Individual,Manual
0.7027027027027017,140000,0.0338913328611081,Petrol,Individual,Manual
0.8108108108108141,225000,0.0247164107274187,Petrol,Trustmark Dealer,Manual
0.9459459459459438,260000,0.0127089850435678,Petrol,Individual,Manual
0.8648648648648631,850000,0.0274518991245759,Diesel,Individual,Manual
0.6486486486486527,85000,0.0635466198056646,Diesel,Individual,Manual
0.7567567567567579,130000,0.0228765119959872,Diesel,Individual,Manual
0.8648648648648631,650000,0.0211819241705839,Diesel,Individual,Automatic
0.7837837837837824,300000,0.0296548632976001,Diesel,Individual,Manual
0.9459459459459438,600000,0.0008468702657452,Petrol,Individual,Manual
0.5135135135135158,140000,0.0211819241705839,Petrol,Individual,Manual
0.8918918918918948,350000,0.0296548632976001,Petrol,Individual,Manual
0.8378378378378386,650000,0.0211819241705839,Diesel,Individual,Manual
0.8648648648648631,1100000,0.0221431791145439,Diesel,Individual,Manual
0.9459459459459438,310000,0.0084725154800597,Petrol,Individual,Manual
0.8648648648648631,440000,0.0119464205221364,Petrol,Dealer,Manual
0.9189189189189192,450000,0.0238466635260305,Diesel,Dealer,Manual
0.7567567567567579,450000,0.0406696841627211,Diesel,Individual,Manual
0.9189189189189192,790000,0.0014548036481086,Petrol,Dealer,Manual
0.6486486486486527,125000,0.0211819241705839,Petrol,Individual,Manual
0.8918918918918948,270000,0.025418393734092,Petrol,Individual,Manual
0.621621621621621,100000,0.0508372111151404,Petrol,Individual,Manual
0.9459459459459438,875000,0.0042360459165517,Petrol,Individual,Automatic
0.9189189189189192,316000,0.0105907502618138,Petrol,Individual,Manual
0.8918918918918948,300000,0.0169454546070759,Petrol,Individual,Manual
0.9459459459459438,1405000,0.0063542806983057,Petrol,Individual,Manual
0.9729729729729756,5150000,0.0084725154800597,Petrol,Dealer,Automatic
0.8108108108108141,92800,0.0105907502618138,Petrol,Individual,Manual
0.9189189189189192,2900000,0.0169454546070759,Diesel,Individual,Automatic
0.6486486486486527,95000,0.0338913328611081,Petrol,Individual,Manual
0.9729729729729756,1125000,0.0014823407002714,Petrol,Dealer,Automatic
0.5405405405405403,70000,0.025418393734092,Petrol,Individual,Manual
0.4324324324324351,70000,0.0296548632976001,Petrol,Individual,Manual
0.8918918918918948,420000,0.0466007415516323,Diesel,Individual,Manual
0.9189189189189192,1380000,0.0211819241705839,Diesel,Individual,Automatic
0.8108108108108141,480000,0.0466007415516323,Diesel,Individual,Manual
0.9729729729729756,800000,0.0042360459165517,Diesel,Individual,Manual
0.7837837837837824,140000,0.0508372111151404,Diesel,Individual,Manual
0.8918918918918948,850000,0.0148272198253218,Diesel,Individual,Manual
0.9189189189189192,950000,0.0211819241705839,Diesel,Individual,Manual
0.9189189189189192,459999,0.0296548632976001,Petrol,Individual,Manual
0.8918918918918948,320000,0.0338913328611081,CNG,Individual,Manual
0.9189189189189192,450000,0.0063542806983057,Petrol,Individual,Automatic
0.8918918918918948,700000,0.0466007415516323,Diesel,Individual,Manual
0.8918918918918948,550000,0.0239330875051261,Petrol,Trustmark Dealer,Manual
0.9189189189189192,235000,0.0105907502618138,Petrol,Individual,Manual
0.9729729729729756,950000,0.0084725154800597,Diesel,Individual,Manual
0.8918918918918948,425000,0.0057188102637795,Petrol,Individual,Manual
0.7297297297297334,352000,0.0305779900154885,Diesel,Dealer,Manual
0.7567567567567579,210000,0.0910836719684671,Diesel,Individual,Manual
0.9729729729729756,660000,0.0042360459165517,Petrol,Individual,Automatic
0.9729729729729756,1450000,0.0093198093927613,Petrol,Dealer,Automatic
0.8918918918918948,800000,0.0296548632976001,Diesel,Individual,Manual
0.9729729729729756,3200000,0.0084725154800597,Diesel,Individual,Automatic
0.7837837837837824,240000,0.0169454546070759,Petrol,Dealer,Manual
0.7567567567567579,320000,0.0741377937144348,Diesel,Individual,Manual
0.9729729729729756,3800000,0.0084725154800597,Diesel,Individual,Automatic
0.9729729729729756,490000,0.0143730702881138,Petrol,Dealer,Manual
0.8378378378378386,350000,0.0359180599002904,Diesel,Dealer,Manual
0.8648648648648631,525000,0.025418393734092,Diesel,Individual,Manual
0.8918918918918948,300000,0.025418393734092,Diesel,Individual,Manual
0.8108108108108141,240000,0.025418393734092,Petrol,Individual,Manual
0.8108108108108141,450000,0.0402460372063702,Diesel,Dealer,Manual
0.9189189189189192,400000,0.0211819241705839,Diesel,Individual,Manual
0.9189189189189192,500000,0.0169454546070759,Diesel,Individual,Manual
0.7837837837837824,490000,0.0177927485197775,Diesel,Dealer,Automatic
0.8918918918918948,445000,0.0266893346031444,Diesel,Dealer,Manual
0.8378378378378386,190000,0.0169454546070759,Petrol,Individual,Manual
0.9459459459459438,850000,0.0127089850435678,Diesel,Individual,Manual
0.8918918918918948,200000,0.0224528650396364,Petrol,Individual,Manual
0.7567567567567579,190000,0.0391869198154932,Petrol,Individual,Manual
0.9459459459459438,1500000,0.0148272198253218,Diesel,Individual,Manual
0.4324324324324351,40000,0.0423642719881243,Petrol,Individual,Manual
0.8648648648648631,350000,0.0196385783085979,Petrol,Individual,Manual
0.8648648648648631,550000,0.0211819241705839,Diesel,Dealer,Manual
0.7567567567567579,225000,0.0084725154800597,Petrol,Individual,Manual
0.7837837837837824,350000,0.0148272198253218,Petrol,Individual,Manual
0.8378378378378386,600000,0.0529554458968945,Diesel,Individual,Manual
0.9459459459459438,2475000,0.0008468702657452,Diesel,Dealer,Automatic
0.8108108108108141,409999,0.0423642719881243,Diesel,Individual,Manual
0.9729729729729756,1050000,0.0084725154800597,Diesel,Individual,Manual
0.9729729729729756,450000,0.0105907502618138,Petrol,Individual,Manual
1.0,1030000,0.0004274597789579,Petrol,Dealer,Manual
0.7567567567567579,280000,0.0360095676428622,Diesel,Individual,Manual
0.8648648648648631,423000,0.025418393734092,Petrol,Individual,Manual
0.8648648648648631,484999,0.0423642719881243,Diesel,Individual,Manual
0.3783783783783789,300000,0.0789622852533578,Petrol,Individual,Manual
0.9729729729729756,1270000,0.0084725154800597,Petrol,Individual,Automatic
0.9189189189189192,365000,0.0330440389484065,CNG,Individual,Manual
0.7297297297297334,315000,0.0508372111151404,Diesel,Individual,Manual
0.7837837837837824,330000,0.0211819241705839,Diesel,Individual,Manual
0.621621621621621,52000,0.0508372111151404,Petrol,Individual,Manual
0.9189189189189192,500000,0.0169454546070759,Diesel,Individual,Manual
0.6756756756756772,65000,0.0466007415516323,Diesel,Individual,Manual
0.6486486486486527,225000,0.0508372111151404,Diesel,Individual,Manual
0.9459459459459438,270000,0.0084725154800597,Petrol,Individual,Manual
0.5405405405405403,70000,0.0508372111151404,Petrol,Individual,Manual
0.7567567567567579,220000,0.0508372111151404,Diesel,Individual,Manual
0.8378378378378386,715000,0.0991329641391324,Diesel,Individual,Manual
0.8378378378378386,320000,0.0063542806983057,Petrol,Individual,Manual
0.8108108108108141,500000,0.0491866825731977,Diesel,Dealer,Manual
0.9459459459459438,815000,0.0177927485197775,Diesel,Individual,Manual
0.9729729729729756,550000,0.0042360459165517,Petrol,Individual,Manual
0.6756756756756772,122000,0.025418393734092,Diesel,Individual,Manual
0.8918918918918948,262000,0.0211819241705839,Petrol,Individual,Manual
0.9459459459459438,670000,0.0393987432936686,Diesel,Individual,Manual
0.8108108108108141,180000,0.025418393734092,Petrol,Individual,Manual
0.7837837837837824,280000,0.0296548632976001,Petrol,Individual,Manual
0.8378378378378386,1964999,0.0118616911308662,Diesel,Dealer,Automatic
0.9189189189189192,800000,0.0296548632976001,Diesel,Individual,Manual
0.8648648648648631,434999,0.0105907502618138,Petrol,Individual,Manual
0.7027027027027017,150000,0.0508372111151404,Diesel,Individual,Manual
0.8108108108108141,190000,0.0508372111151404,Diesel,Individual,Manual
0.7567567567567579,425000,0.0508372111151404,Diesel,Individual,Manual
0.9189189189189192,2400000,0.0127089850435678,Diesel,Individual,Automatic
0.8378378378378386,229999,0.027536628515846,Petrol,Dealer,Manual
0.7837837837837824,400000,0.0423642719881243,Diesel,Individual,Manual
0.7837837837837824,580000,0.0296548632976001,Diesel,Individual,Manual
0.8648648648648631,335000,0.0508372111151404,Petrol,Individual,Manual
0.9459459459459438,500000,0.0127089850435678,Petrol,Individual,Manual
0.7297297297297334,360000,0.0677830893691727,Diesel,Individual,Manual
0.8378378378378386,135000,0.0069897511328319,Petrol,Individual,Manual
0.8108108108108141,850000,0.084728967623205,Diesel,Individual,Automatic
0.9189189189189192,880000,0.0271129815594952,Diesel,Dealer,Manual
0.7297297297297334,250000,0.0423642719881243,Diesel,Individual,Manual
0.9189189189189192,520000,0.0044521058642906,Petrol,Dealer,Automatic
0.8918918918918948,645000,0.0046596928729025,Petrol,Dealer,Automatic
0.8378378378378386,395000,0.0220292180832856,Petrol,Dealer,Manual
0.8108108108108141,335000,0.0338913328611081,Diesel,Dealer,Manual
0.9459459459459438,800000,0.0157427208979959,Diesel,Dealer,Manual
0.8378378378378386,620000,0.0338913328611081,Diesel,Dealer,Manual
0.8648648648648631,300000,0.0148272198253218,Petrol,Individual,Manual
0.8108108108108141,1425000,0.0249947467777412,Diesel,Dealer,Automatic
0.9189189189189192,1150000,0.0184392337751688,Diesel,Dealer,Manual
0.7837837837837824,265000,0.0552329719342364,Diesel,Dealer,Manual
0.8918918918918948,400000,0.0593101502421566,Diesel,Individual,Manual
0.9189189189189192,370000,0.0338913328611081,Diesel,Individual,Manual
0.9459459459459438,335000,0.0127089850435678,Petrol,Individual,Manual
0.8918918918918948,2000000,0.0288452739640137,Petrol,Trustmark Dealer,Automatic
0.8918918918918948,420000,0.0188264470932735,Petrol,Individual,Manual
0.6756756756756772,350000,0.0593101502421566,Diesel,Individual,Manual
0.7567567567567579,300000,0.0338913328611081,Diesel,Individual,Manual
0.9459459459459438,500000,0.0211819241705839,Diesel,Individual,Manual
0.6756756756756772,830000,0.025418393734092,Diesel,Individual,Automatic
0.7567567567567579,227000,0.0312816676099872,Petrol,Individual,Manual
0.7837837837837824,250000,0.0381278024246162,Petrol,Individual,Manual
0.7027027027027017,125000,0.025418393734092,Petrol,Individual,Manual
0.9459459459459438,750000,0.0169454546070759,Diesel,Individual,Manual
0.6756756756756772,50000,0.0508372111151404,Diesel,Individual,Manual
0.6756756756756772,110000,0.0206210156003755,Petrol,Individual,Manual
0.8918918918918948,550000,0.0190636893888299,Petrol,Individual,Manual
0.5945945945945965,140000,0.0338913328611081,Petrol,Individual,Manual
0.9459459459459438,570000,0.0084725154800597,Petrol,Individual,Manual
0.9729729729729756,1000000,0.0063542806983057,Diesel,Individual,Manual
0.9729729729729756,977000,0.0127089850435678,Diesel,Individual,Manual
0.8648648648648631,430000,0.084728967623205,Diesel,Individual,Manual
0.9459459459459438,530000,0.027536628515846,Petrol,Individual,Manual
0.7567567567567579,120000,0.0084725154800597,Petrol,Individual,Manual
0.5135135135135158,56000,0.025418393734092,Petrol,Individual,Manual
0.9729729729729756,425000,0.0063542806983057,Petrol,Individual,Manual
0.8378378378378386,1875000,0.0330440389484065,Diesel,Dealer,Automatic
0.7297297297297334,100000,0.0508372111151404,Petrol,Individual,Manual
0.9189189189189192,650000,0.0068626570459267,Diesel,Individual,Manual
0.8378378378378386,350000,0.0423642719881243,Diesel,Individual,Manual
0.567567567567572,90000,0.042366390222906,Petrol,Dealer,Manual
0.9189189189189192,365000,0.0330440389484065,CNG,Individual,Manual
0.7837837837837824,680000,0.0393987432936686,Diesel,Dealer,Manual
0.8378378378378386,560000,0.0381278024246162,Diesel,Individual,Manual
0.7837837837837824,330000,0.0169454546070759,Diesel,Individual,Manual
0.6756756756756772,400000,0.0148272198253218,Petrol,Individual,Manual
0.9189189189189192,800000,0.025418393734092,Diesel,Individual,Manual
0.9729729729729756,650000,0.0023808958946915,Petrol,Trustmark Dealer,Automatic
0.7297297297297334,300000,0.025418393734092,Diesel,Individual,Manual
0.9189189189189192,1000000,0.025418393734092,Diesel,Individual,Manual
0.9189189189189192,220000,0.0169454546070759,Petrol,Individual,Manual
0.7567567567567579,265000,0.025418393734092,Diesel,Individual,Manual
0.8378378378378386,500000,0.0326203919920557,Diesel,Dealer,Manual
0.8378378378378386,500000,0.0508372111151404,Diesel,Individual,Manual
0.8918918918918948,500000,0.0127089850435678,Diesel,Individual,Manual
0.7567567567567579,455000,0.0381278024246162,Diesel,Individual,Manual
0.8648648648648631,525000,0.1050640215280437,Diesel,Individual,Manual
0.5945945945945965,100000,0.0508372111151404,Diesel,Individual,Manual
0.8108108108108141,411000,0.0262656876467936,Petrol,Dealer,Manual
0.8108108108108141,475000,0.032747486078961,Diesel,Dealer,Manual
0.7567567567567579,180000,0.0923546128375195,Diesel,Individual,Manual
0.8918918918918948,650000,0.0042360459165517,Diesel,Individual,Manual
0.7837837837837824,400000,0.0247405586039307,Diesel,Individual,Manual
0.8918918918918948,575000,0.0224528650396364,Diesel,Dealer,Manual
0.9189189189189192,300000,0.0033887520038501,Petrol,Individual,Manual
0.9459459459459438,430000,0.0070274557119471,Petrol,Trustmark Dealer,Manual
0.8108108108108141,409999,0.0381278024246162,Diesel,Individual,Manual
0.8378378378378386,380000,0.0296548632976001,Diesel,Individual,Manual
0.8918918918918948,2000000,0.0288452739640137,Petrol,Trustmark Dealer,Automatic
0.9189189189189192,700000,0.025418393734092,Diesel,Individual,Manual
0.9729729729729756,525000,0.0067779276546565,Diesel,Individual,Manual
0.7297297297297334,142000,0.0208430066055033,Petrol,Individual,Manual
0.6486486486486527,12000,0.0224528650396364,Petrol,Individual,Manual
0.3513513513513544,42000,0.0296548632976001,Petrol,Individual,Manual
0.9189189189189192,600000,0.0197021253520506,Diesel,Trustmark Dealer,Manual
0.8918918918918948,520000,0.0173691015634267,Diesel,Individual,Manual
0.7837837837837824,100000,0.0127089850435678,Petrol,Individual,Manual
0.9459459459459438,275000,0.0084725154800597,Petrol,Individual,Automatic
0.567567567567572,105000,0.0406696841627211,Petrol,Individual,Manual
0.7567567567567579,129000,0.0338913328611081,Petrol,Individual,Manual
0.8648648648648631,400000,0.0169551984870719,Petrol,Dealer,Manual
0.8918918918918948,450000,0.0063542806983057,Petrol,Individual,Manual
0.9729729729729756,3800000,0.0084725154800597,Diesel,Individual,Automatic
0.8108108108108141,370000,0.0338913328611081,Diesel,Individual,Manual
0.8108108108108141,330000,0.0576155624167533,Diesel,Individual,Manual
0.7567567567567579,400000,0.0508372111151404,Diesel,Individual,Manual
0.8918918918918948,310000,0.0105907502618138,Petrol,Individual,Manual
0.7837837837837824,900000,0.0457534476389307,Diesel,Dealer,Automatic
0.7297297297297334,140000,0.025418393734092,Petrol,Individual,Manual
0.9729729729729756,660000,0.0148272198253218,Diesel,Individual,Manual
0.6486486486486527,123000,0.0211819241705839,Petrol,Individual,Manual
0.9189189189189192,735000,0.0296548632976001,Diesel,Individual,Manual
0.8918918918918948,950000,0.0381278024246162,Diesel,Individual,Manual
0.8918918918918948,400000,0.0148272198253218,Diesel,Individual,Manual
0.7567567567567579,300000,0.0271129815594952,Petrol,Individual,Manual
0.7567567567567579,260000,0.0413898839885174,Petrol,Individual,Manual
0.9459459459459438,360000,0.01122622069634,Petrol,Individual,Manual
0.4594594594594596,80000,0.0296548632976001,Petrol,Individual,Manual
0.7297297297297334,270000,0.0783742632779429,Diesel,Individual,Manual
0.8648648648648631,615000,0.0305021572103017,Diesel,Individual,Manual
0.8918918918918948,220000,0.0148272198253218,Petrol,Individual,Manual
0.8648648648648631,235000,0.0084725154800597,Petrol,Individual,Manual
0.8108108108108141,270000,0.0338913328611081,CNG,Individual,Manual
0.9729729729729756,800000,0.0063542806983057,Diesel,Individual,Manual
0.8648648648648631,503000,0.0466007415516323,Diesel,Individual,Manual
0.8918918918918948,2280000,0.0508372111151404,Diesel,Individual,Automatic
0.8918918918918948,670000,0.0030091643309597,Petrol,Trustmark Dealer,Manual
0.7837837837837824,60000,0.0190636893888299,Petrol,Individual,Manual
0.9189189189189192,819999,0.0127089850435678,Petrol,Dealer,Manual
0.8648648648648631,650000,0.0211819241705839,Diesel,Individual,Manual
0.9459459459459438,975000,0.0152508667816726,Diesel,Dealer,Manual
0.8918918918918948,540000,0.0169454546070759,Diesel,Individual,Manual
0.8108108108108141,360000,0.0296548632976001,Diesel,Individual,Manual
0.6486486486486527,200000,0.0338913328611081,Petrol,Individual,Manual
0.7027027027027017,140000,0.0423642719881243,Petrol,Individual,Manual
0.7297297297297334,99000,0.0338913328611081,Diesel,Individual,Manual
0.8378378378378386,160000,0.0381278024246162,Diesel,Individual,Manual
0.9729729729729756,660000,0.0029651050474992,Petrol,Individual,Manual
0.9729729729729756,779000,0.0029786617501025,Petrol,Trustmark Dealer,Automatic
0.8378378378378386,750000,0.0211819241705839,Diesel,Individual,Manual
0.6756756756756772,95000,0.0296548632976001,Petrol,Individual,Manual
0.7837837837837824,1750000,0.0491392341140864,Diesel,Dealer,Automatic
0.9189189189189192,685000,0.0305021572103017,Diesel,Dealer,Manual
0.9729729729729756,4500000,0.0088961624364105,Diesel,Dealer,Automatic
0.9729729729729756,5400000,0.0031769285256747,Diesel,Dealer,Automatic
0.5945945945945965,100000,0.0508372111151404,Petrol,Individual,Manual
0.8918918918918948,550000,0.0239330875051261,Petrol,Trustmark Dealer,Manual
1.0,265000,0.0296548632976001,Petrol,Individual,Manual
0.9459459459459438,3000000,0.0084725154800597,Diesel,Individual,Automatic
0.6486486486486527,118000,0.0466007415516323,Petrol,Individual,Manual
0.9189189189189192,3200000,0.0190636893888299,Diesel,Dealer,Automatic
0.8108108108108141,1689999,0.0211819241705839,Diesel,Dealer,Automatic
1.0,1050000,0.0042360459165517,Diesel,Individual,Manual
0.6486486486486527,160000,0.0508372111151404,Diesel,Individual,Manual
0.9729729729729756,779000,0.0029786617501025,Petrol,Trustmark Dealer,Automatic
0.9729729729729756,600000,0.0338913328611081,Petrol,Individual,Manual
0.8378378378378386,550000,0.0211819241705839,Diesel,Individual,Manual
0.7027027027027017,265000,0.0508372111151404,Diesel,Individual,Manual
0.8918918918918948,550000,0.0105907502618138,Petrol,Individual,Manual
0.9189189189189192,600000,0.0224528650396364,Petrol,Individual,Manual
0.9729729729729756,650000,0.0023808958946915,Petrol,Trustmark Dealer,Automatic
0.9459459459459438,530000,0.025418393734092,Diesel,Individual,Manual
0.8108108108108141,170000,0.0148272198253218,Petrol,Individual,Manual
0.9459459459459438,655000,0.0105907502618138,Petrol,Individual,Manual
0.8648648648648631,503000,0.0466007415516323,Diesel,Individual,Manual
0.7567567567567579,450000,0.0423642719881243,Diesel,Individual,Manual
0.8648648648648631,480000,0.0127089850435678,Diesel,Individual,Manual
0.9189189189189192,950000,0.010167103305463,Diesel,Dealer,Manual
0.7297297297297334,88000,0.0339976682471522,CNG,Dealer,Manual
0.9189189189189192,940000,0.0245287351257553,Diesel,Dealer,Manual
0.8648648648648631,550000,0.0211819241705839,Petrol,Individual,Manual
0.9459459459459438,620000,0.0063542806983057,Petrol,Individual,Automatic
0.8648648648648631,299000,0.0069897511328319,Petrol,Individual,Manual
0.7567567567567579,140000,0.025418393734092,Diesel,Individual,Manual
0.8378378378378386,200000,0.0423642719881243,Diesel,Individual,Manual
0.9189189189189192,850000,0.0322556319626377,Diesel,Individual,Manual
0.9729729729729756,950000,0.0067923316511724,Diesel,Dealer,Manual
0.6756756756756772,700000,0.1101477850042534,Diesel,Individual,Manual
0.8918918918918948,260000,0.0190636893888299,Petrol,Individual,Manual
0.7567567567567579,400000,0.025418393734092,Petrol,Individual,Manual
0.7567567567567579,1075000,0.0677830893691727,Diesel,Individual,Manual
0.9729729729729756,3256000,0.0072015746110073,Diesel,Dealer,Automatic
0.9189189189189192,550000,0.0160981606943743,Petrol,Dealer,Manual
0.9189189189189192,625000,0.0305021572103017,Diesel,Individual,Manual
0.7297297297297334,150000,0.0953201415319751,Diesel,Individual,Manual
0.8378378378378386,480000,0.0296548632976001,Diesel,Individual,Manual
0.8918918918918948,680000,0.0423642719881243,Diesel,Individual,Manual
0.8918918918918948,550000,0.0508372111151404,Diesel,Individual,Manual
0.5945945945945965,100000,0.0127089850435678,Petrol,Individual,Manual
1.0,250999,0.0127089850435678,Petrol,Individual,Manual
0.9459459459459438,3200000,0.0211819241705839,Diesel,Individual,Manual
0.7027027027027017,500000,0.0338913328611081,Diesel,Individual,Manual
0.9729729729729756,325000,0.0062271866114005,Petrol,Individual,Manual
0.8108108108108141,250000,0.0169454546070759,Petrol,Individual,Manual
0.8378378378378386,300000,0.0042360459165517,Petrol,Individual,Manual
0.567567567567572,70000,0.0381278024246162,Petrol,Individual,Manual
0.7027027027027017,175000,0.0338913328611081,Diesel,Individual,Manual
0.9189189189189192,1550000,0.0370686850337392,Diesel,Individual,Manual
0.9459459459459438,890000,0.023300158952338,Diesel,Dealer,Manual
0.6756756756756772,130000,0.0508372111151404,Petrol,Individual,Manual
0.9189189189189192,250000,0.0127089850435678,Petrol,Individual,Manual
0.3783783783783789,150000,0.0508372111151404,Diesel,Individual,Manual
0.9189189189189192,3200000,0.0190636893888299,Diesel,Dealer,Automatic
0.8648648648648631,300000,0.0282801289242417,Diesel,Dealer,Manual
0.7297297297297334,125000,0.0508372111151404,Diesel,Individual,Manual
0.8378378378378386,750000,0.0296548632976001,Diesel,Individual,Manual
0.9459459459459438,950000,0.0117007052874529,Diesel,Dealer,Manual
0.9729729729729756,300000,0.0508372111151404,CNG,Individual,Manual
0.7297297297297334,225000,0.0338913328611081,Petrol,Individual,Manual
0.3783783783783789,57000,0.0466007415516323,Diesel,Individual,Manual
0.8108108108108141,550000,0.0508372111151404,Diesel,Individual,Manual
0.6486486486486527,300000,0.0508372111151404,Diesel,Individual,Manual
0.9189189189189192,290000,0.0118616911308662,Petrol,Individual,Manual
0.8378378378378386,750000,0.025418393734092,Diesel,Individual,Manual
0.6756756756756772,300000,0.0508372111151404,Diesel,Individual,Manual
0.8918918918918948,315000,0.025418393734092,Petrol,Individual,Manual
0.5945945945945965,130000,0.0508372111151404,Petrol,Individual,Manual
0.5945945945945965,125000,0.0296548632976001,Petrol,Individual,Manual
0.7297297297297334,240000,0.025418393734092,Petrol,Individual,Manual
0.8648648648648631,375000,0.023300158952338,Petrol,Individual,Manual
0.9729729729729756,1100000,0.0169454546070759,Diesel,Individual,Manual
0.8648648648648631,400000,0.025418393734092,Petrol,Individual,Manual
0.9459459459459438,420000,0.010167103305463,Petrol,Individual,Automatic
0.8918918918918948,700000,0.0148272198253218,Diesel,Individual,Manual
0.9189189189189192,710000,0.0296548632976001,Diesel,Individual,Manual
0.6486486486486527,155000,0.027536628515846,Petrol,Dealer,Manual
0.8918918918918948,580000,0.0135562789562694,Petrol,Dealer,Automatic
0.7567567567567579,250000,0.0338913328611081,Diesel,Individual,Manual
0.9189189189189192,1250000,0.0139799259126202,Diesel,Individual,Manual
0.8918918918918948,819999,0.0165218076507251,Diesel,Dealer,Manual
0.8108108108108141,800000,0.0423642719881243,Diesel,Individual,Manual
0.9729729729729756,800000,0.0042360459165517,Petrol,Individual,Automatic
0.8918918918918948,610000,0.0423642719881243,Diesel,Individual,Manual
0.7567567567567579,290000,0.025418393734092,Diesel,Individual,Manual
0.7297297297297334,105000,0.0508372111151404,Diesel,Individual,Manual
0.8648648648648631,315000,0.012285338087217,Petrol,Individual,Manual
0.8918918918918948,1000000,0.0211819241705839,Diesel,Individual,Manual
0.9189189189189192,280000,0.0131326319999186,Petrol,Individual,Manual
0.9459459459459438,625000,0.0290015996909071,Petrol,Dealer,Manual
0.7297297297297334,380000,0.0826107328414509,Diesel,Individual,Automatic
0.8108108108108141,415000,0.0436335182693513,Diesel,Individual,Manual
0.7297297297297334,409999,0.025418393734092,Petrol,Individual,Manual
0.9729729729729756,835000,0.0042360459165517,Petrol,Individual,Automatic
0.8108108108108141,550000,0.0381278024246162,Diesel,Individual,Manual
0.7837837837837824,330000,0.0211819241705839,Petrol,Individual,Manual
0.621621621621621,110000,0.0508372111151404,Diesel,Individual,Manual
0.7837837837837824,285000,0.0754087345834872,Diesel,Individual,Manual
0.8918918918918948,750000,0.0338913328611081,Diesel,Individual,Manual
0.9729729729729756,5150000,0.0084725154800597,Petrol,Dealer,Automatic
0.7027027027027017,120000,0.0296548632976001,Petrol,Individual,Manual
0.9459459459459438,183000,0.0169454546070759,Petrol,Individual,Manual
0.8648648648648631,1000000,0.0211819241705839,Diesel,Individual,Manual
0.7027027027027017,420000,0.1470427747858888,Diesel,Dealer,Manual
0.9459459459459438,600000,0.0295612373202465,Petrol,Dealer,Automatic
0.8918918918918948,570000,0.0614283850239106,Diesel,Individual,Manual
0.621621621621621,90000,0.0169454546070759,Petrol,Individual,Manual
0.7027027027027017,340000,0.0906600250121163,Petrol,Individual,Manual
0.7837837837837824,340000,0.0466007415516323,Diesel,Individual,Manual
