year,selling_price,km_driven,fuel,seller_type,transmission
0.8378378378378386,335000,0.011438044174515433,Petrol,Dealer,Manual
0.8108108108108141,475000,0.018216395476128338,Diesel,Dealer,Manual
0.9189189189189193,725000,0.002922740351864216,Petrol,Dealer,Manual
0.7567567567567579,285000,0.0022025405260678445,Petrol,Dealer,Manual
0.8378378378378386,459999,0.017983389650135396,Diesel,Dealer,Manual
0.9459459459459438,925000,0.00087694919964617,Diesel,Dealer,Manual
0.8648648648648631,675000,0.007962444544613414,Petrol,Dealer,Manual
0.8648648648648631,650000,0.01416167045689477,Diesel,Dealer,Manual
0.8918918918918948,875000,0.008588171099143555,Diesel,Dealer,Manual
0.8648648648648631,745000,0.01794822695275828,Diesel,Dealer,Manual
0.9189189189189193,285000,0.0009040626048526216,Petrol,Dealer,Manual
0.8648648648648631,685000,0.021605571126934793,Diesel,Dealer,Manual
0.8648648648648631,750000,0.006354280698305751,Petrol,Dealer,Automatic
0.8648648648648631,610000,0.011014397218164626,Petrol,Dealer,Manual
0.7027027027027017,225000,0.03280128924241757,Petrol,Dealer,Manual
0.8918918918918948,775000,0.018216395476128338,Diesel,Dealer,Manual
0.8648648648648631,725000,0.017656334199832573,Diesel,Dealer,Manual
0.8918918918918948,775000,0.018216395476128338,Diesel,Dealer,Manual
0.8648648648648631,325000,0.01503904330349729,CNG,Dealer,Manual
0.7297297297297334,265000,0.017556353518133783,Petrol,Dealer,Manual
0.8918918918918948,285000,0.010590750261813818,Petrol,Dealer,Manual
0.9189189189189193,490000,0.0010163290482855854,Petrol,Dealer,Manual
0.7567567567567579,440000,0.021181924170583986,Petrol,Dealer,Automatic
0.8378378378378386,250000,0.01918231053660818,Petrol,Dealer,Manual
0.8108108108108141,290000,0.024096191583321186,Petrol,Dealer,Manual
0.7567567567567579,300000,0.008472515480059785,Petrol,Dealer,Manual
0.8108108108108141,415000,0.02335862223231443,Petrol,Dealer,Manual
0.9189189189189193,600000,0.006862657045926719,Petrol,Individual,Manual
0.7297297297297334,195000,0.01886965908282128,Petrol,Dealer,Manual
0.8648648648648631,745000,0.019063689388829953,Diesel,Dealer,Manual
0.7837837837837824,310000,0.0217915521407728,Diesel,Dealer,Manual
0.7567567567567579,235000,0.022961241387257376,Petrol,Dealer,Manual
0.8378378378378386,495000,0.016521807650725112,Diesel,Dealer,Manual
0.8378378378378386,600000,0.019063689388829953,Diesel,Dealer,Manual
0.8378378378378386,550000,0.019063689388829953,Diesel,Dealer,Manual
0.7567567567567579,295000,0.021181076876671284,CNG,Dealer,Manual
0.8648648648648631,465000,0.02065956747340344,Petrol,Dealer,Manual
0.8918918918918948,300000,0.0042695140261034305,Petrol,Dealer,Manual
0.5405405405405403,225000,0.026265687646793667,Petrol,Dealer,Manual
0.8918918918918948,585000,0.010389094310590834,Petrol,Dealer,Automatic
0.6756756756756772,195000,0.02457109982139044,Petrol,Dealer,Manual
0.8378378378378386,550000,0.01939413401478358,Diesel,Dealer,Manual
0.7837837837837824,125000,0.021181924170583986,Petrol,Dealer,Manual
0.8378378378378386,750000,0.006354280698305751,Petrol,Dealer,Automatic
0.8108108108108141,265000,0.02733836174027391,Petrol,Dealer,Manual
0.621621621621621,105000,0.02753662851584609,Petrol,Dealer,Manual
0.8648648648648631,580000,0.01095932311383902,Petrol,Dealer,Manual
0.9189189189189193,775000,0.015674513738023498,Petrol,Dealer,Automatic
0.7837837837837824,1490000,0.044358378211667576,Diesel,Dealer,Automatic
0.8648648648648631,2300000,0.01694545460707592,Diesel,Dealer,Automatic
0.9189189189189193,1800000,0.006354280698305751,Diesel,Dealer,Automatic
0.8108108108108141,1600000,0.057191915460402566,Diesel,Individual,Automatic
0.5945945945945965,275000,0.03812780242461626,Petrol,Individual,Manual
0.7027027027027017,360000,0.02965486329760012,Petrol,Dealer,Automatic
0.7297297297297334,475000,0.021181924170583986,Petrol,Dealer,Manual
0.8378378378378386,409999,0.016727276424555255,Petrol,Dealer,Manual
0.8378378378378386,1998999,0.017369101563426727,Diesel,Dealer,Automatic
0.8108108108108141,695000,0.01694587825403227,Petrol,Dealer,Manual
0.8648648648648631,450000,0.017194559017410193,Petrol,Dealer,Manual
0.8378378378378386,1875000,0.03304403894840658,Diesel,Dealer,Automatic
0.8648648648648631,2350000,0.019910983301531567,Diesel,Dealer,Automatic
0.9189189189189193,3300000,0.0025414580911484897,Diesel,Dealer,Automatic
0.8378378378378386,475000,0.019063689388829953,Diesel,Dealer,Manual
0.9189189189189193,1975000,0.004659692872902524,Petrol,Dealer,Automatic
0.7297297297297334,925000,0.024994746777741248,Diesel,Dealer,Manual
0.7567567567567579,434999,0.037280508511914646,Petrol,Dealer,Manual
0.8918918918918948,1425000,0.00508333982925333,Petrol,Dealer,Manual
0.8378378378378386,395000,0.03007851025395093,Diesel,Dealer,Manual
0.7567567567567579,450000,0.019063689388829953,Diesel,Dealer,Manual
0.8108108108108141,745000,0.02372422955564518,Petrol,Dealer,Manual
0.7567567567567579,265000,0.018216395476128338,Petrol,Dealer,Manual
0.8378378378378386,490000,0.03516227373016061,Diesel,Dealer,Manual
0.8648648648648631,395000,0.015250866781672694,Petrol,Dealer,Manual
0.8108108108108141,550000,0.030502157210301736,Petrol,Dealer,Manual
0.567567567567572,150000,0.05725715709168059,Petrol,Dealer,Automatic
0.7297297297297334,525000,0.033891332861108195,Petrol,Dealer,Automatic
0.7837837837837824,1450000,0.03770415546826546,Diesel,Dealer,Automatic
0.8918918918918948,1473000,0.009743456349112205,Diesel,Dealer,Manual
0.8648648648648631,475000,0.01694545460707592,Diesel,Dealer,Manual
0.9189189189189193,2300000,0.006354280698305751,Diesel,Dealer,Automatic
0.8648648648648631,1250000,0.016098160694374305,Diesel,Dealer,Manual
0.5945945945945965,349000,0.08353258861847032,Diesel,Dealer,Manual
0.621621621621621,250000,0.060157444154858214,Petrol,Individual,Automatic
0.7837837837837824,590000,0.023723805908688826,Petrol,Dealer,Manual
0.8108108108108141,345000,0.019910983301531567,Petrol,Dealer,Manual
0.8378378378378386,475000,0.01694545460707592,Petrol,Dealer,Manual
0.7027027027027017,380000,0.026265687646793667,Petrol,Dealer,Manual
0.5945945945945965,351000,0.03177309807935416,Petrol,Dealer,Manual
0.8648648648648631,2300000,0.01694545460707592,Diesel,Dealer,Automatic
0.6756756756756772,400000,0.03770415546826546,Petrol,Dealer,Automatic
0.7837837837837824,585000,0.030502157210301736,Petrol,Dealer,Manual
0.8918918918918948,2075000,0.012285338087217046,Diesel,Dealer,Automatic
0.9189189189189193,1700000,0.0036853048732956683,Petrol,Dealer,Manual
0.8108108108108141,705000,0.019063689388829953,Petrol,Dealer,Manual
0.7297297297297334,965000,0.021192091697536407,Diesel,Dealer,Manual
0.8918918918918948,175000,0.0012705172220960695,Petrol,Individual,Manual
0.9189189189189193,170000,0.0005926820919347787,Petrol,Individual,Manual
0.9189189189189193,165000,0.0016941641784468764,Petrol,Individual,Manual
0.9189189189189193,145000,0.0005079527006646172,Petrol,Individual,Manual
0.9189189189189193,135000,0.001736528874081957,Petrol,Individual,Manual
0.8648648648648631,135000,0.009192715305856157,Petrol,Individual,Manual
0.8378378378378386,135000,0.006989751132831961,Petrol,Individual,Manual
0.8108108108108141,125000,0.006354280698305751,Petrol,Individual,Manual
0.8918918918918948,120000,0.0076252215673581715,Petrol,Individual,Manual
0.9189189189189193,120000,0.004659692872902524,Petrol,Individual,Manual
0.8918918918918948,120000,0.0025414580911484897,Petrol,Individual,Manual
0.8918918918918948,114999,0.0036853048732956683,Petrol,Individual,Manual
0.8378378378378386,114999,0.0029651050474992966,Petrol,Individual,Manual
0.8918918918918948,114999,0.014827219825321886,Petrol,Individual,Manual
0.8648648648648631,111000,0.007413398089182768,Petrol,Individual,Manual
0.8108108108108141,110000,0.013979925912620273,Petrol,Individual,Manual
0.8648648648648631,110000,0.005930633741954944,Petrol,Individual,Manual
0.8648648648648631,110000,0.011014397218164626,Petrol,Individual,Manual
0.8108108108108141,105000,0.0022872699173380057,Petrol,Individual,Manual
0.8918918918918948,105000,0.0024143640042432477,Petrol,Individual,Manual
0.7567567567567579,105000,0.002922740351864216,Petrol,Individual,Manual
0.8918918918918948,105000,0.0025414580911484897,Petrol,Individual,Manual
0.8108108108108141,100000,0.019699159823356162,Petrol,Individual,Manual
0.7837837837837824,95000,0.004871516351077927,Petrol,Individual,Manual
0.7027027027027017,90000,0.01694545460707592,Petrol,Individual,Manual
0.9189189189189193,90000,0.000550317396299698,Petrol,Individual,Manual
0.8918918918918948,75000,0.0029651050474992966,Petrol,Individual,Manual
0.9189189189189193,80000,0.0012705172220960695,Petrol,Individual,Manual
0.9189189189189193,78000,0.0021178111347976833,Petrol,Individual,Manual
0.9189189189189193,75000,0.004659692872902524,Petrol,Individual,Manual
0.8648648648648631,75000,0.0076252215673581715,Petrol,Individual,Manual
0.9189189189189193,75000,0.001482340700271473,Petrol,Individual,Manual
0.8918918918918948,72000,0.00021139983121905257,Petrol,Individual,Manual
0.9189189189189193,65000,0.004998610437983169,Petrol,Individual,Manual
0.8648648648648631,65000,0.0021178111347976833,Petrol,Individual,Manual
0.8108108108108141,65000,0.006777927654656558,Petrol,Individual,Manual
0.8918918918918948,60000,0.006354280698305751,Petrol,Individual,Manual
0.8648648648648631,60000,0.007032115828467042,Petrol,Individual,Manual
0.8108108108108141,60000,0.013556278956269466,Petrol,Individual,Manual
0.8918918918918948,60000,0.008472515480059785,Petrol,Individual,Manual
0.8648648648648631,60000,0.012285338087217046,Petrol,Individual,Manual
0.8918918918918948,60000,0.010590750261813818,Petrol,Individual,Manual
0.8378378378378386,60000,0.010590750261813818,Petrol,Individual,Manual
0.7837837837837824,60000,0.008048868523708978,Petrol,Individual,Manual
0.8378378378378386,55000,0.006354280698305751,Petrol,Individual,Manual
0.8648648648648631,55000,0.02457109982139044,Petrol,Individual,Manual
0.7297297297297334,52000,0.019063689388829953,Petrol,Individual,Manual
0.8918918918918948,51000,0.010167103305463011,Petrol,Individual,Manual
0.7567567567567579,50000,0.0025414580911484897,Petrol,Individual,Manual
0.8918918918918948,50000,0.013132631999918659,Petrol,Individual,Manual
0.7837837837837824,50000,0.0055069867856041375,Petrol,Individual,Manual
0.8108108108108141,50000,0.019063689388829953,Petrol,Individual,Manual
0.8378378378378386,50000,0.0033887520038501035,Petrol,Individual,Manual
0.9189189189189193,48000,0.0018212582653521184,Petrol,Individual,Automatic
0.9189189189189193,48000,0.006354280698305751,Petrol,Individual,Manual
0.8648648648648631,48000,0.009743456349112205,Petrol,Individual,Manual
0.9189189189189193,48000,0.0036429401776605875,Petrol,Individual,Manual
0.9189189189189193,45000,0.0016941641784468764,Petrol,Individual,Automatic
0.7567567567567579,45000,0.010167103305463011,Petrol,Individual,Manual
0.8378378378378386,45000,0.009743456349112205,Petrol,Individual,Manual
0.7837837837837824,45000,0.006142457220130348,Petrol,Individual,Manual
0.7297297297297334,45000,0.011438044174515433,Petrol,Individual,Manual
0.8918918918918948,45000,0.005930633741954944,Petrol,Individual,Manual
0.8918918918918948,45000,0.00021139983121905257,Petrol,Individual,Automatic
0.8918918918918948,45000,0.000423223309394456,Petrol,Individual,Manual
0.8378378378378386,42000,0.01779274851977753,Petrol,Individual,Manual
0.8108108108108141,42000,0.00508333982925333,Petrol,Individual,Manual
0.8648648648648631,40000,0.005930633741954944,Petrol,Individual,Manual
0.7837837837837824,40000,0.0023296346129730865,Petrol,Individual,Manual
0.8648648648648631,40000,0.0028380109605940546,Petrol,Individual,Manual
0.8378378378378386,40000,0.005803539655049702,Petrol,Individual,Manual
0.9189189189189193,40000,0.000550317396299698,Petrol,Individual,Automatic
0.7567567567567579,38000,0.03177309807935416,Petrol,Individual,Manual
0.7567567567567579,35000,0.012708985043567853,Petrol,Individual,Manual
0.8918918918918948,35000,0.010167103305463011,Petrol,Individual,Automatic
0.8378378378378386,35000,0.008048868523708978,Petrol,Individual,Automatic
0.7297297297297334,31000,0.0902363780557655,Petrol,Individual,Manual
0.7837837837837824,30000,0.025418393734092055,Petrol,Individual,Manual
0.8918918918918948,30000,0.021181924170583986,Petrol,Individual,Manual
0.8108108108108141,30000,0.012708985043567853,Petrol,Individual,Manual
0.8108108108108141,27000,0.00889616243641059,Petrol,Individual,Manual
0.6756756756756772,25000,0.011014397218164626,Petrol,Individual,Manual
0.6756756756756772,25000,0.000804505570110182,Petrol,Individual,Automatic
0.8108108108108141,25000,0.013556278956269466,Petrol,Individual,Manual
0.8108108108108141,25000,0.0076252215673581715,Petrol,Individual,Manual
0.5945945945945965,20000,0.02330015895233802,Petrol,Individual,Manual
0.6756756756756772,20000,0.025418393734092055,Petrol,Individual,Manual
0.7837837837837824,20000,0.010590750261813818,Petrol,Individual,Manual
0.6486486486486527,20000,0.02075827721423318,Petrol,Individual,Manual
0.8108108108108141,20000,0.010167103305463011,Petrol,Individual,Manual
0.6756756756756772,20000,0.021181924170583986,Petrol,Individual,Manual
0.8648648648648631,18000,0.014827219825321886,Petrol,Individual,Manual
0.6756756756756772,17000,0.21182305452844705,Petrol,Individual,Automatic
0.7297297297297334,16000,0.013979925912620273,Petrol,Individual,Manual
0.7567567567567579,15000,0.014827219825321886,Petrol,Individual,Manual
0.6486486486486527,12000,0.022452865039636408,Petrol,Individual,Manual
0.621621621621621,10000,0.03907380607814761,Petrol,Individual,Manual
0.7297297297297334,325000,0.02457109982139044,Diesel,Dealer,Manual
0.8648648648648631,440000,0.011946420522136401,Petrol,Dealer,Manual
0.7567567567567579,295000,0.022647742639557777,Petrol,Dealer,Manual
0.8648648648648631,275000,0.011981159572557167,Petrol,Dealer,Manual
0.8918918918918948,525000,0.0014793751715770174,Petrol,Dealer,Manual
0.9189189189189193,575000,0.005286266721345367,Petrol,Dealer,Manual
0.9189189189189193,790000,0.0014548036481086706,Petrol,Dealer,Manual
0.7837837837837824,310000,0.015155546216493761,Petrol,Dealer,Manual
0.8648648648648631,1175000,0.01844304659777602,Diesel,Dealer,Manual
0.8918918918918948,1125000,0.00960407650047279,Petrol,Dealer,Manual
0.7567567567567579,290000,0.013388514761554546,Petrol,Dealer,Manual
0.9189189189189193,525000,0.008520811233083776,Petrol,Dealer,Manual
0.7837837837837824,450000,0.015293231477307774,Petrol,Dealer,Manual
0.8918918918918948,315000,0.006354280698305751,Petrol,Dealer,Manual
0.8378378378378386,645000,0.019096733851425317,Petrol,Dealer,Manual
0.7837837837837824,450000,0.015250866781672694,Petrol,Dealer,Manual
0.9189189189189193,350000,0.016304900409073498,Petrol,Dealer,Manual
0.8378378378378386,600000,0.03288813686846948,Diesel,Dealer,Manual
0.8648648648648631,825000,0.02600345018081252,Diesel,Dealer,Manual
0.8108108108108141,511000,0.015334748879030153,Petrol,Dealer,Automatic
0.8648648648648631,525000,0.01045433594186886,Petrol,Dealer,Manual
0.7567567567567579,254999,0.024147452865039633,Petrol,Dealer,Manual
0.7837837837837824,495000,0.025418393734092055,Diesel,Dealer,Manual
0.7837837837837824,310000,0.022085139481523908,Diesel,Dealer,Manual
0.8108108108108141,615000,0.019063689388829953,Diesel,Dealer,Manual
0.9189189189189193,925000,0.006354704345262102,Petrol,Dealer,Manual
0.8648648648648631,1145000,0.005464622089969057,Petrol,Dealer,Automatic
0.8108108108108141,390000,0.022452865039636408,Diesel,Dealer,Manual
0.8648648648648631,550000,0.0019025984809714733,Petrol,Dealer,Manual
0.9189189189189193,910000,0.006414014919151214,Petrol,Dealer,Manual
0.8918918918918948,310000,0.005019369138844359,Petrol,Dealer,Manual
0.8648648648648631,1125000,0.028807569384898507,Diesel,Dealer,Manual
0.8108108108108141,480000,0.025520492650572598,Petrol,Dealer,Manual
0.7837837837837824,200000,0.010043822041164926,Petrol,Dealer,Manual
0.7837837837837824,535000,0.013692693276214425,Diesel,Dealer,Manual
0.8918918918918948,625000,0.0029651050474992966,Petrol,Dealer,Manual
0.8108108108108141,595000,0.02075827721423318,Diesel,Dealer,Manual
0.7837837837837824,520000,0.03007851025395093,Diesel,Dealer,Manual
0.7837837837837824,375000,0.014827219825321886,Petrol,Dealer,Manual
0.8648648648648631,595000,0.015250866781672694,Petrol,Dealer,Manual
0.8918918918918948,525000,0.007201574611007364,Petrol,Dealer,Manual
0.8918918918918948,1290000,0.01522290608255354,Diesel,Dealer,Manual
0.8648648648648631,540000,0.013313529250280454,Petrol,Dealer,Automatic
0.8378378378378386,720000,0.02033463025788237,Diesel,Dealer,Manual
0.8108108108108141,525000,0.02297903455942411,Petrol,Dealer,Manual
0.7837837837837824,300000,0.0227388267351732,Petrol,Dealer,Manual
0.8918918918918948,1025000,0.020996366803702333,Petrol,Dealer,Manual
0.8648648648648631,850000,0.017082716220933578,Petrol,Dealer,Manual
0.8648648648648631,840000,0.010590750261813818,Petrol,Dealer,Manual
0.8378378378378386,390000,0.015273743717315637,Petrol,Dealer,Manual
0.8918918918918948,915000,0.012379811358483275,Petrol,Dealer,Manual
0.8918918918918948,550000,0.0023719993086081673,Petrol,Dealer,Manual
0.8648648648648631,400000,0.016955198487071988,Petrol,Dealer,Manual
0.8918918918918948,660000,0.006778774948569259,Petrol,Dealer,Manual
0.9189189189189193,650000,0.008980891827680753,Petrol,Dealer,Manual
0.8378378378378386,365000,0.014827219825321886,Petrol,Dealer,Manual
0.8918918918918948,835000,0.008232731302765228,Diesel,Dealer,Manual
0.9189189189189193,480000,0.008048868523708978,Petrol,Dealer,Manual
0.8648648648648631,670000,0.00797600124721664,Petrol,Dealer,Manual
0.7567567567567579,409999,0.02937567995336494,Petrol,Dealer,Manual
0.7027027027027017,300000,0.02946930593071847,Petrol,Dealer,Manual
0.8648648648648631,750000,0.011692232348325917,Petrol,Dealer,Manual
0.7297297297297334,225000,0.025928041022582074,Petrol,Dealer,Manual
0.8918918918918948,1090000,0.01302799120170001,Petrol,Dealer,Automatic
0.8648648648648631,865000,0.010506020870543658,Petrol,Dealer,Manual
0.8648648648648631,969999,0.009226607062364221,Petrol,Dealer,Manual
0.8378378378378386,625000,0.01699883412357612,Petrol,Dealer,Manual
0.8648648648648631,525000,0.006127629576658069,Petrol,Dealer,Manual
0.621621621621621,210000,0.021375107182679955,Petrol,Dealer,Manual
0.8378378378378386,825000,0.026689334603144474,Diesel,Dealer,Manual
0.8918918918918948,899000,0.003816635429764418,Petrol,Dealer,Manual
0.8108108108108141,350000,0.004151316525281556,Petrol,Dealer,Manual
0.8918918918918948,740000,0.006379275868730449,Petrol,Dealer,Automatic
0.8918918918918948,565000,0.012102746249029848,Petrol,Dealer,Manual
0.8648648648648631,575000,0.018640042432479145,Petrol,Dealer,Automatic
0.8648648648648631,840000,0.014403572868971079,Petrol,Dealer,Manual
0.8918918918918948,1011000,0.004651219933775507,Petrol,Dealer,Manual
0.8378378378378386,450000,0.008048868523708978,Petrol,Dealer,Manual
0.8648648648648631,540000,0.013313529250280454,Petrol,Dealer,Manual
0.8918918918918948,640000,0.00508333982925333,Petrol,Dealer,Manual
0.7297297297297334,325000,0.016098160694374305,Petrol,Dealer,Manual
0.8378378378378386,375000,0.013987975204790937,Petrol,Dealer,Manual
0.8648648648648631,855000,0.025450590902774715,Diesel,Dealer,Manual
0.8918918918918948,950000,0.01439848910549487,Diesel,Dealer,Manual
0.8648648648648631,400000,0.025418393734092055,Petrol,Dealer,Manual
0.7027027027027017,335000,0.037252547812795495,Petrol,Dealer,Manual
0.9189189189189193,1150000,0.0038123989602009104,Diesel,Dealer,Manual
0.8918918918918948,530000,0.0023143833225444574,Petrol,Dealer,Manual
0.6486486486486527,60000,0.02965486329760012,Petrol,Individual,Manual
0.6486486486486527,135000,0.021181924170583986,Petrol,Individual,Manual
0.9189189189189193,250000,0.01948733634518076,Petrol,Individual,Manual
0.8378378378378386,450000,0.0597337971985074,Diesel,Individual,Manual
0.6486486486486527,140000,0.0529554458968945,Petrol,Individual,Manual
0.8378378378378386,240000,0.025418393734092055,Petrol,Individual,Manual
0.8648648648648631,850000,0.010590750261813818,Petrol,Individual,Manual
0.9189189189189193,365000,0.03304403894840658,CNG,Individual,Manual
0.8648648648648631,260000,0.014827219825321886,Petrol,Individual,Manual
0.8378378378378386,250000,0.04236427198812433,Petrol,Individual,Manual
0.9459459459459438,1650000,0.010590750261813818,Petrol,Dealer,Automatic
0.6486486486486527,60000,0.02965486329760012,Petrol,Individual,Manual
0.6486486486486527,135000,0.021181924170583986,Petrol,Individual,Manual
0.7837837837837824,600000,0.04236427198812433,Diesel,Individual,Manual
0.9189189189189193,250000,0.01948733634518076,Petrol,Individual,Manual
0.8378378378378386,450000,0.0597337971985074,Diesel,Individual,Manual
0.6486486486486527,140000,0.0529554458968945,Petrol,Individual,Manual
0.8918918918918948,550000,0.010590750261813818,Petrol,Individual,Manual
0.8378378378378386,240000,0.025418393734092055,Petrol,Individual,Manual
0.8648648648648631,850000,0.010590750261813818,Petrol,Individual,Manual
0.9189189189189193,365000,0.03304403894840658,CNG,Individual,Manual
0.8648648648648631,260000,0.014827219825321886,Petrol,Individual,Manual
0.8378378378378386,250000,0.04236427198812433,Petrol,Individual,Manual
0.9459459459459438,1650000,0.010590750261813818,Petrol,Dealer,Automatic
0.8648648648648631,585000,0.010167103305463011,Petrol,Dealer,Manual
0.9729729729729755,1195000,0.0021178111347976833,Diesel,Dealer,Manual
0.8108108108108141,390000,0.013979925912620273,Diesel,Individual,Manual
0.8378378378378386,1964999,0.011861691130866239,Diesel,Dealer,Automatic
0.8108108108108141,1425000,0.024994746777741248,Diesel,Dealer,Automatic
0.9459459459459438,975000,0.0019059876566222798,Diesel,Dealer,Automatic
0.7567567567567579,1190000,0.07451907597515056,Diesel,Dealer,Automatic
0.9459459459459438,930000,0.006142457220130348,Petrol,Dealer,Manual
0.9459459459459438,525000,0.006354280698305751,Petrol,Individual,Manual
0.8108108108108141,1735000,0.021181924170583986,Diesel,Dealer,Automatic
0.7837837837837824,1375000,0.014318843477700918,Diesel,Dealer,Automatic
0.7567567567567579,450000,0.055243139461188855,Diesel,Dealer,Automatic
0.8918918918918948,900000,0.021181924170583986,Petrol,Individual,Automatic
0.8648648648648631,1300000,0.033891332861108195,Diesel,Individual,Manual
0.9729729729729755,1400000,0.004236045916551717,Petrol,Individual,Manual
0.7297297297297334,850000,0.050413564158789656,Petrol,Dealer,Automatic
0.8378378378378386,229999,0.025418393734092055,Petrol,Individual,Manual
0.8108108108108141,1550000,0.032112015644434805,Diesel,Dealer,Automatic
0.7027027027027017,1250000,0.03304403894840658,Diesel,Dealer,Automatic
0.7837837837837824,625000,0.01694545460707592,Diesel,Individual,Manual
0.8378378378378386,1050000,0.021181924170583986,Diesel,Individual,Manual
0.8378378378378386,560000,0.03134945112300335,Diesel,Individual,Manual
0.8378378378378386,290000,0.02711298155949528,Petrol,Individual,Manual
0.7837837837837824,275000,0.025418393734092055,Petrol,Individual,Manual
0.7027027027027017,411000,0.05083721111514047,Diesel,Individual,Manual
0.7027027027027017,150000,0.033467685904757384,Petrol,Individual,Manual
0.9729729729729755,500000,0.006354280698305751,Petrol,Individual,Manual
0.621621621621621,100000,0.033891332861108195,Petrol,Individual,Manual
0.9189189189189193,725000,0.007837045045533574,Diesel,Dealer,Manual
0.9459459459459438,401000,0.004320775307821878,Petrol,Dealer,Manual
0.9459459459459438,750000,0.012285338087217046,Diesel,Dealer,Manual
0.9459459459459438,310000,0.011861691130866239,Petrol,Dealer,Manual
0.8918918918918948,665000,0.01948733634518076,Diesel,Dealer,Manual
0.8378378378378386,465000,0.02965486329760012,Diesel,Dealer,Manual
0.3513513513513544,250000,0.014827219825321886,Diesel,Individual,Manual
0.8378378378378386,675000,0.03812780242461626,Diesel,Dealer,Manual
0.8108108108108141,300000,0.033891332861108195,Petrol,Dealer,Manual
0.5945945945945965,70000,0.033891332861108195,Diesel,Individual,Manual
0.8378378378378386,240000,0.031052898253557785,Petrol,Dealer,Manual
0.8378378378378386,525000,0.038975096337317876,Diesel,Dealer,Manual
0.7027027027027017,151000,0.028283941746848913,Petrol,Dealer,Manual
0.7027027027027017,140000,0.04236427198812433,Petrol,Individual,Manual
0.7297297297297334,280000,0.14827601107582603,Diesel,Individual,Manual
0.7567567567567579,350000,0.09743837631372922,Diesel,Individual,Manual
0.9459459459459438,300000,0.013132631999918659,Petrol,Individual,Manual
0.6486486486486527,100000,0.016521807650725112,Diesel,Individual,Manual
0.7027027027027017,500000,0.05083721111514047,Diesel,Individual,Manual
0.621621621621621,130000,0.046600741551632394,Petrol,Individual,Manual
0.9189189189189193,925000,0.014827219825321886,Diesel,Individual,Manual
0.9459459459459438,750000,0.025418393734092055,Diesel,Individual,Manual
0.6486486486486527,200000,0.022876511995987215,Petrol,Individual,Automatic
0.7297297297297334,248000,0.026689334603144474,Petrol,Individual,Manual
0.8378378378378386,450000,0.05083721111514047,Diesel,Individual,Manual
0.5945945945945965,80000,0.05083721111514047,Petrol,Individual,Manual
0.8378378378378386,650000,0.032196745035704966,Petrol,Individual,Manual
0.8648648648648631,450000,0.033891332861108195,Diesel,Individual,Manual
0.9729729729729755,650000,0.010590750261813818,Diesel,Individual,Manual
0.8918918918918948,495000,0.005065546657086597,Petrol,Dealer,Manual
0.8648648648648631,371000,0.008472515480059785,Petrol,Dealer,Manual
0.9189189189189193,1025000,0.0038123989602009104,Petrol,Dealer,Manual
0.9189189189189193,8150000,0.0027532815693238934,Diesel,Dealer,Automatic
0.8648648648648631,750000,0.02965486329760012,Diesel,Individual,Manual
0.6486486486486527,80000,0.02457109982139044,Petrol,Dealer,Manual
0.8108108108108141,325000,0.026350417038063827,Diesel,Dealer,Manual
0.8378378378378386,1470000,0.014403572868971079,Diesel,Dealer,Automatic
0.8648648648648631,350000,0.022452865039636408,Diesel,Individual,Manual
0.8108108108108141,2800000,0.02075827721423318,Diesel,Dealer,Automatic
0.9189189189189193,210000,0.006354280698305751,Petrol,Dealer,Manual
0.8108108108108141,450000,0.021181924170583986,Petrol,Individual,Manual
0.7027027027027017,210000,0.02690115808131988,Petrol,Dealer,Automatic
0.9459459459459438,4500000,0.004151316525281556,Petrol,Dealer,Automatic
0.9459459459459438,1975000,0.00889616243641059,Diesel,Dealer,Automatic
0.6756756756756772,175000,0.012358629010665735,Petrol,Dealer,Manual
0.7837837837837824,2500000,0.02033463025788237,Diesel,Dealer,Automatic
0.9189189189189193,628000,0.05083721111514047,Diesel,Individual,Manual
0.7297297297297334,600000,0.04236427198812433,Diesel,Individual,Manual
0.9189189189189193,399000,0.012708985043567853,Petrol,Individual,Manual
0.9459459459459438,750000,0.03685686155556384,Diesel,Individual,Manual
0.9729729729729755,750000,0.006354280698305751,Petrol,Individual,Manual
0.9189189189189193,315000,0.006777927654656558,Petrol,Individual,Manual
0.7837837837837824,600000,0.025418393734092055,Diesel,Individual,Manual
0.7297297297297334,100000,0.025418393734092055,Petrol,Individual,Manual
0.7567567567567579,250000,0.046600741551632394,Petrol,Individual,Manual
0.9189189189189193,350000,0.010590750261813818,Petrol,Individual,Manual
0.8918918918918948,780000,0.025418393734092055,Diesel,Individual,Manual
0.8378378378378386,434000,0.033615962339480165,Diesel,Individual,Manual
0.8918918918918948,690000,0.033891332861108195,Petrol,Individual,Automatic
0.8378378378378386,555000,0.03812780242461626,Diesel,Individual,Manual
0.8108108108108141,165000,0.025418393734092055,Diesel,Individual,Manual
0.567567567567572,95000,0.021181924170583986,Petrol,Individual,Manual
0.9459459459459438,550000,0.008472515480059785,Petrol,Individual,Manual
0.7837837837837824,100000,0.021181924170583986,Petrol,Individual,Manual
0.7837837837837824,500000,0.04236427198812433,Diesel,Individual,Manual
0.8918918918918948,800000,0.02965486329760012,Diesel,Individual,Manual
0.8918918918918948,840000,0.02965486329760012,Diesel,Individual,Manual
0.8918918918918948,490000,0.021181924170583986,Petrol,Individual,Manual
0.7297297297297334,125000,0.034314979817459,Diesel,Individual,Manual
0.7837837837837824,400000,0.05083721111514047,Diesel,Individual,Manual
0.8648648648648631,1000000,0.0015247053959065537,Diesel,Dealer,Manual
0.8648648648648631,530000,0.006045865714082364,Petrol,Dealer,Manual
0.9189189189189193,840000,0.0208485140159359,Diesel,Dealer,Manual
0.4054054054054035,40000,0.01694545460707592,Petrol,Individual,Manual
0.7837837837837824,130000,0.033891332861108195,Petrol,Individual,Manual
0.8648648648648631,200000,0.02965486329760012,Petrol,Individual,Manual
0.7567567567567579,120000,0.02965486329760012,Diesel,Individual,Manual
0.5405405405405403,75000,0.024147452865039633,Petrol,Individual,Manual
0.5945945945945965,100000,0.012708985043567853,Petrol,Individual,Manual
0.8108108108108141,280000,0.0013721924916202633,Petrol,Individual,Manual
0.8648648648648631,540000,0.0021178111347976833,Petrol,Individual,Manual
0.9459459459459438,700000,0.004236045916551717,Petrol,Individual,Manual
0.8648648648648631,525000,0.04236427198812433,Diesel,Individual,Manual
0.8918918918918948,430000,0.033891332861108195,Diesel,Individual,Manual
0.5135135135135158,65000,0.02965486329760012,Petrol,Individual,Manual
0.9459459459459438,800000,0.014827219825321886,Diesel,Individual,Manual
0.6486486486486527,75000,0.04829532937703562,Petrol,Individual,Manual
0.6756756756756772,210000,0.02277992048993923,Petrol,Individual,Manual
0.7837837837837824,195000,0.0593101502421566,Diesel,Individual,Manual
0.8648648648648631,400000,0.05083721111514047,Diesel,Individual,Manual
0.7837837837837824,170000,0.025418393734092055,Petrol,Individual,Manual
0.8918918918918948,225000,0.010590750261813818,Petrol,Individual,Manual
0.8378378378378386,210000,0.03812780242461626,LPG,Individual,Manual
1.0,240000,0.05083721111514047,Petrol,Individual,Manual
0.8648648648648631,300000,0.07413779371443484,Diesel,Individual,Manual
0.7567567567567579,99000,0.04236427198812433,Petrol,Individual,Manual
0.8378378378378386,620000,0.015250866781672694,Petrol,Individual,Manual
0.8108108108108141,500000,0.012708985043567853,Diesel,Individual,Manual
0.7297297297297334,2550000,0.01694545460707592,Petrol,Individual,Automatic
0.8108108108108141,260000,0.02965486329760012,Petrol,Individual,Manual
0.9189189189189193,550000,0.025418393734092055,Petrol,Individual,Manual
0.7567567567567579,150000,0.06587667806559411,Diesel,Individual,Manual
0.7567567567567579,350000,0.021181924170583986,Petrol,Individual,Automatic
0.8918918918918948,320000,0.01694545460707592,Petrol,Individual,Manual
0.8648648648648631,400000,0.04236427198812433,Diesel,Individual,Manual
0.7837837837837824,175000,0.033891332861108195,Petrol,Individual,Manual
0.7567567567567579,120000,0.03812780242461626,Petrol,Individual,Manual
0.8108108108108141,320000,0.03812780242461626,Diesel,Individual,Manual
0.621621621621621,70000,0.046600741551632394,Petrol,Individual,Manual
0.9729729729729755,810000,0.006354280698305751,Petrol,Individual,Manual
0.6486486486486527,95000,0.04236427198812433,Petrol,Individual,Manual
1.0,282000,0.01694545460707592,CNG,Individual,Manual
0.567567567567572,80000,0.025418393734092055,Petrol,Individual,Manual
0.8108108108108141,72000,0.010590750261813818,Petrol,Individual,Manual
0.8918918918918948,600000,0.010590750261813818,Petrol,Individual,Manual
0.8648648648648631,640000,0.009743456349112205,Petrol,Individual,Manual
0.9459459459459438,380000,0.009385474670995774,Petrol,Individual,Manual
0.9459459459459438,650000,0.02965486329760012,Petrol,Individual,Manual
0.7027027027027017,150000,0.025418393734092055,Petrol,Individual,Manual
0.7027027027027017,280000,0.046600741551632394,Petrol,Individual,Manual
0.9459459459459438,430000,0.012708985043567853,Petrol,Individual,Manual
0.9729729729729755,800000,0.006354280698305751,Diesel,Individual,Manual
0.5405405405405403,75000,0.04236427198812433,Diesel,Individual,Manual
0.9189189189189193,390000,0.010167103305463011,Petrol,Individual,Manual
0.5945945945945965,100000,0.05083721111514047,Petrol,Individual,Manual
0.8108108108108141,1500000,0.014827219825321886,Diesel,Individual,Automatic
0.6486486486486527,175000,0.03320502479181989,Petrol,Individual,Manual
0.7837837837837824,434999,0.046600741551632394,Diesel,Individual,Manual
0.7297297297297334,170000,0.03812780242461626,Diesel,Individual,Manual
0.7567567567567579,190000,0.03812780242461626,Diesel,Individual,Manual
0.7027027027027017,250000,0.06354661980566467,Diesel,Individual,Manual
0.7027027027027017,229999,0.09743837631372922,Diesel,Individual,Manual
0.621621621621621,140000,0.02965486329760012,Petrol,Individual,Manual
0.7837837837837824,280000,0.046600741551632394,Petrol,Individual,Manual
0.7837837837837824,150000,0.025418393734092055,Diesel,Individual,Manual
0.8648648648648631,650000,0.021181924170583986,Diesel,Individual,Automatic
0.8378378378378386,210000,0.01694545460707592,Petrol,Individual,Manual
0.9189189189189193,2900000,0.01694545460707592,Diesel,Individual,Automatic
0.8108108108108141,425000,0.008472515480059785,Diesel,Dealer,Manual
0.8378378378378386,265000,0.02330015895233802,Petrol,Dealer,Manual
0.8108108108108141,365000,0.02330015895233802,Petrol,Dealer,Manual
0.8378378378378386,350000,0.018216395476128338,Petrol,Dealer,Manual
0.8918918918918948,685000,0.025418393734092055,Diesel,Individual,Manual
0.9459459459459438,940000,0.0011222407873732873,Diesel,Dealer,Manual
0.9189189189189193,1000000,0.01694545460707592,Diesel,Individual,Manual
0.8918918918918948,450000,0.049126524705395906,Diesel,Individual,Manual
0.9189189189189193,800000,0.01694545460707592,Diesel,Individual,Manual
0.7837837837837824,385000,0.02457109982139044,Diesel,Dealer,Manual
0.8108108108108141,2000000,0.006354280698305751,Diesel,Individual,Automatic
0.7837837837837824,235000,0.022876511995987215,Petrol,Dealer,Manual
0.9189189189189193,640000,0.023723805908688826,Diesel,Dealer,Manual
0.621621621621621,52000,0.05083721111514047,Petrol,Individual,Manual
0.7027027027027017,80000,0.03812780242461626,LPG,Individual,Manual
0.6756756756756772,120000,0.03812780242461626,Petrol,Individual,Manual
0.6756756756756772,89999,0.0902363780557655,Diesel,Individual,Manual
0.7837837837837824,180000,0.05083721111514047,Diesel,Individual,Manual
0.7837837837837824,285000,0.033891332861108195,Diesel,Individual,Manual
0.8648648648648631,390000,0.03812780242461626,Petrol,Individual,Manual
0.6756756756756772,125000,0.033891332861108195,Petrol,Individual,Manual
0.6756756756756772,225000,0.025418393734092055,Petrol,Individual,Manual
0.7567567567567579,175000,0.058886503285805795,Petrol,Individual,Manual
0.7567567567567579,1075000,0.06778308936917274,Diesel,Individual,Manual
0.8378378378378386,300000,0.06354661980566467,Diesel,Individual,Manual
0.7297297297297334,700000,0.06905403023822515,Diesel,Individual,Manual
0.7027027027027017,90000,0.05083721111514047,Diesel,Dealer,Manual
0.7567567567567579,120000,0.05083721111514047,Diesel,Individual,Manual
0.7837837837837824,220000,0.04236427198812433,Diesel,Individual,Manual
0.8648648648648631,300000,0.0593101502421566,Diesel,Dealer,Manual
0.7297297297297334,180000,0.03685686155556384,Diesel,Dealer,Manual
0.8108108108108141,170000,0.02965486329760012,Petrol,Individual,Manual
0.8648648648648631,300000,0.021181924170583986,Petrol,Individual,Manual
0.8378378378378386,1050000,0.02965486329760012,Diesel,Individual,Manual
0.8378378378378386,300000,0.06354661980566467,Diesel,Individual,Manual
0.9459459459459438,465000,0.010590750261813818,Diesel,Individual,Manual
0.7567567567567579,130000,0.033891332861108195,Diesel,Individual,Manual
0.9459459459459438,500000,0.013556278956269466,Petrol,Individual,Manual
0.9459459459459438,200000,0.004236045916551717,Petrol,Individual,Manual
0.9189189189189193,625000,0.0220292180832856,Petrol,Dealer,Manual
0.621621621621621,110000,0.05083721111514047,Diesel,Individual,Manual
0.9729729729729755,800000,0.004761368142426717,Petrol,Individual,Manual
0.9189189189189193,490000,0.027960275472196896,Diesel,Dealer,Manual
0.9189189189189193,880000,0.02711298155949528,Diesel,Dealer,Manual
0.8108108108108141,290000,0.02075827721423318,Petrol,Individual,Manual
0.621621621621621,115999,0.04236427198812433,Diesel,Individual,Manual
0.9459459459459438,360000,0.01122622069634003,Petrol,Individual,Manual
0.5135135135135158,65000,0.04236427198812433,Petrol,Individual,Manual
0.9189189189189193,685000,0.030502157210301736,Diesel,Dealer,Manual
0.7027027027027017,300000,0.021181924170583986,Petrol,Individual,Manual
0.9189189189189193,680000,0.018640042432479145,Diesel,Dealer,Manual
0.9189189189189193,1000000,0.025418393734092055,Diesel,Individual,Manual
0.5135135135135158,100000,0.05083721111514047,Diesel,Individual,Manual
0.7297297297297334,160000,0.05507368067864853,Diesel,Individual,Manual
0.8378378378378386,600000,0.008472515480059785,Petrol,Individual,Manual
0.7027027027027017,180000,0.025418393734092055,Diesel,Individual,Manual
0.6486486486486527,100000,0.08261073284145097,Petrol,Individual,Manual
0.7297297297297334,120000,0.03812780242461626,Petrol,Individual,Manual
0.621621621621621,130000,0.033891332861108195,Petrol,Individual,Manual
0.7567567567567579,160000,0.0656648545874187,Petrol,Individual,Manual
0.9729729729729755,860000,0.014827219825321886,Diesel,Individual,Manual
0.9459459459459438,650000,0.008472515480059785,Petrol,Individual,Manual
0.7297297297297334,100000,0.033891332861108195,Petrol,Individual,Manual
0.7027027027027017,300000,0.021181924170583986,Petrol,Individual,Manual
0.7297297297297334,270000,0.046600741551632394,Petrol,Individual,Manual
0.8108108108108141,550000,0.012285338087217046,Diesel,Individual,Manual
0.8108108108108141,450000,0.05083721111514047,Diesel,Individual,Manual
0.7567567567567579,430000,0.02965486329760012,Diesel,Individual,Manual
0.8108108108108141,350000,0.01694545460707592,Petrol,Individual,Manual
0.9189189189189193,350000,0.008472515480059785,Petrol,Individual,Manual
0.8108108108108141,229999,0.021181924170583986,Petrol,Individual,Manual
0.8108108108108141,110000,0.021181924170583986,Petrol,Individual,Manual
0.7837837837837824,395000,0.02075827721423318,Petrol,Individual,Manual
0.7567567567567579,650000,0.02965486329760012,Diesel,Individual,Automatic
0.7567567567567579,350000,0.03812780242461626,Diesel,Individual,Manual
1.0,1400000,0.010590750261813818,Diesel,Dealer,Manual
0.9459459459459438,360000,0.0016941641784468764,Petrol,Individual,Manual
0.9459459459459438,1300000,0.004236045916551717,Diesel,Individual,Manual
0.9459459459459438,229999,0.012708985043567853,Petrol,Individual,Manual
0.8378378378378386,315000,0.017369101563426727,Petrol,Dealer,Manual
0.7837837837837824,125000,0.011861691130866239,Petrol,Individual,Manual
0.9729729729729755,700000,0.006777927654656558,Petrol,Individual,Manual
0.8648648648648631,160000,0.02965486329760012,Petrol,Individual,Manual
0.9189189189189193,530000,0.004588520184235588,Petrol,Dealer,Manual
0.9459459459459438,624000,0.0062191373192298435,Diesel,Dealer,Manual
0.7027027027027017,250000,0.021181924170583986,Petrol,Individual,Manual
0.8918918918918948,585000,0.021605571126934793,Diesel,Dealer,Manual
0.8648648648648631,500000,0.010590750261813818,Petrol,Individual,Manual
0.8378378378378386,350000,0.012708985043567853,Petrol,Individual,Manual
0.8378378378378386,495000,0.033891332861108195,Diesel,Dealer,Manual
0.9189189189189193,500000,0.021181924170583986,Petrol,Individual,Manual
0.8648648648648631,430000,0.084728967623205,Diesel,Individual,Manual
0.8108108108108141,345000,0.018640042432479145,Petrol,Dealer,Manual
0.8648648648648631,500000,0.004236045916551717,Petrol,Individual,Manual
0.9729729729729755,425000,0.008303056697519462,Petrol,Individual,Manual
0.5945945945945965,80000,0.01694545460707592,Petrol,Individual,Manual
0.7567567567567579,106000,0.021181924170583986,Diesel,Individual,Manual
0.7027027027027017,180000,0.019796598623316848,Petrol,Individual,Manual
0.8648648648648631,250000,0.01694545460707592,Petrol,Individual,Manual
0.7567567567567579,350000,0.033891332861108195,Diesel,Individual,Manual
0.5135135135135158,60000,0.033891332861108195,Petrol,Individual,Manual
0.9459459459459438,900000,0.010167103305463011,Diesel,Individual,Manual
0.9189189189189193,700000,0.00896818241899023,Diesel,Dealer,Manual
0.8108108108108141,2000000,0.07084309133489461,Diesel,Dealer,Automatic
0.7567567567567579,1375000,0.025418393734092055,Diesel,Individual,Automatic
0.8918918918918948,1800000,0.05992020185930176,Diesel,Dealer,Manual
0.6486486486486527,160000,0.05083721111514047,Diesel,Individual,Manual
0.7837837837837824,525000,0.0593101502421566,Petrol,Individual,Automatic
0.7837837837837824,850000,0.09015757972188425,Diesel,Dealer,Manual
0.9729729729729755,800000,0.012708985043567853,Diesel,Individual,Manual
0.9189189189189193,700000,0.037549524329197406,Diesel,Dealer,Manual
0.9459459459459438,800000,0.010590750261813818,Diesel,Individual,Manual
0.9189189189189193,575000,0.008472515480059785,Petrol,Individual,Manual
0.7837837837837824,350000,0.046600741551632394,Diesel,Individual,Manual
0.6486486486486527,370000,0.04236427198812433,Diesel,Individual,Manual
0.621621621621621,80000,0.05083721111514047,Petrol,Individual,Manual
0.5405405405405403,50000,0.05083721111514047,Diesel,Individual,Manual
0.8378378378378386,300000,0.014827219825321886,Petrol,Individual,Manual
0.5135135135135158,125000,0.01694545460707592,Petrol,Individual,Manual
0.8648648648648631,490000,0.025418393734092055,Diesel,Individual,Manual
0.7837837837837824,300000,0.021181924170583986,Diesel,Individual,Manual
0.8108108108108141,55000,0.010590750261813818,Petrol,Individual,Manual
0.8918918918918948,350000,0.010590750261813818,Petrol,Individual,Manual
0.9729729729729755,755000,0.0033887520038501035,Diesel,Individual,Manual
0.9189189189189193,720000,0.025418393734092055,Diesel,Individual,Manual
0.621621621621621,229999,0.084728967623205,Diesel,Individual,Manual
0.9459459459459438,1100000,0.008472515480059785,Diesel,Individual,Manual
0.8108108108108141,400000,0.04236427198812433,Petrol,Individual,Manual
0.8648648648648631,350000,0.02965486329760012,Diesel,Individual,Manual
0.7837837837837824,159000,0.028807569384898507,Diesel,Dealer,Manual
0.9189189189189193,550000,0.016098160694374305,Petrol,Dealer,Manual
0.8108108108108141,335000,0.033891332861108195,Diesel,Dealer,Manual
0.8378378378378386,185000,0.030502157210301736,CNG,Dealer,Manual
0.7837837837837824,229999,0.03177309807935416,CNG,Dealer,Manual
0.8378378378378386,225000,0.018216395476128338,Petrol,Dealer,Manual
0.6486486486486527,250000,0.05083721111514047,Petrol,Individual,Manual
0.8648648648648631,400000,0.04236427198812433,Diesel,Individual,Manual
0.8378378378378386,470000,0.06905403023822515,Diesel,Individual,Manual
0.7567567567567579,145000,0.010590750261813818,Petrol,Individual,Manual
0.6486486486486527,100000,0.03812780242461626,Petrol,Individual,Manual
0.8378378378378386,500000,0.02965486329760012,Diesel,Individual,Manual
0.7297297297297334,130000,0.04151697807542271,CNG,Individual,Manual
0.7297297297297334,240000,0.034706853252083496,Diesel,Individual,Manual
0.8108108108108141,150000,0.033891332861108195,Diesel,Individual,Manual
0.9189189189189193,270000,0.01694545460707592,Petrol,Individual,Manual
0.8378378378378386,400000,0.03812780242461626,Diesel,Individual,Manual
0.7837837837837824,200000,0.01948733634518076,Petrol,Individual,Manual
0.7837837837837824,550000,0.033891332861108195,Diesel,Individual,Manual
0.9459459459459438,325000,0.014827219825321886,Petrol,Individual,Manual
0.9189189189189193,860000,0.03477251853031787,Diesel,Individual,Automatic
0.7837837837837824,600000,0.084728967623205,Diesel,Individual,Manual
0.7027027027027017,125000,0.02965486329760012,Petrol,Individual,Manual
0.45945945945945965,60000,0.01694545460707592,Petrol,Individual,Manual
0.7297297297297334,300000,0.05083721111514047,Diesel,Individual,Manual
0.6486486486486527,190000,0.025418393734092055,Petrol,Individual,Manual
0.8108108108108141,400000,0.046600741551632394,Diesel,Individual,Manual
0.7567567567567579,260000,0.04109333111907191,Diesel,Individual,Manual
0.9189189189189193,400000,0.012708985043567853,Petrol,Individual,Manual
0.7297297297297334,250000,0.01694545460707592,Petrol,Individual,Manual
0.9729729729729755,600000,0.004236045916551717,Petrol,Individual,Manual
0.7297297297297334,175000,0.022049129490234087,Petrol,Individual,Manual
0.7567567567567579,450000,0.084728967623205,Diesel,Individual,Manual
0.9729729729729755,350000,0.006354280698305751,Petrol,Individual,Automatic
0.9459459459459438,800000,0.021181924170583986,Diesel,Individual,Manual
0.7567567567567579,250000,0.02965486329760012,Petrol,Individual,Manual
0.9729729729729755,600000,0.004236045916551717,Petrol,Individual,Manual
0.9189189189189193,600000,0.03812780242461626,Diesel,Individual,Manual
0.8918918918918948,130000,0.01694545460707592,Petrol,Individual,Manual
0.621621621621621,90000,0.026269500469400825,Petrol,Individual,Manual
0.9189189189189193,595000,0.014022290608255354,Petrol,Individual,Manual
0.8378378378378386,190000,0.01694545460707592,Petrol,Individual,Manual
0.4324324324324351,50000,0.05083721111514047,Petrol,Individual,Manual
0.6486486486486527,95000,0.033891332861108195,Petrol,Individual,Manual
0.8918918918918948,1000000,0.02965486329760012,Diesel,Individual,Manual
0.621621621621621,220000,0.09320190675022114,Petrol,Individual,Manual
0.7297297297297334,400000,0.021181924170583986,Diesel,Individual,Manual
0.8648648648648631,315000,0.019063689388829953,Petrol,Individual,Manual
0.8378378378378386,1000000,0.046600741551632394,Diesel,Individual,Manual
0.8378378378378386,500000,0.02075827721423318,Diesel,Individual,Manual
0.9459459459459438,1600000,0.014827219825321886,Diesel,Individual,Automatic
0.6486486486486527,70000,0.07625602849618887,Petrol,Individual,Manual
0.6486486486486527,105000,0.025418393734092055,Petrol,Individual,Manual
0.6756756756756772,400000,0.046600741551632394,Diesel,Individual,Manual
0.567567567567572,80000,0.025418393734092055,Petrol,Individual,Manual
0.8918918918918948,300000,0.012708985043567853,Petrol,Individual,Manual
0.9189189189189193,409999,0.01694545460707592,Diesel,Individual,Manual
0.7027027027027017,250000,0.02965486329760012,Petrol,Individual,Manual
0.7297297297297334,250000,0.05083721111514047,Diesel,Individual,Manual
0.8648648648648631,1400000,0.05083721111514047,Diesel,Individual,Manual
0.9459459459459438,475000,0.008472515480059785,Petrol,Individual,Manual
0.9459459459459438,475000,0.009319809392761398,Petrol,Individual,Manual
0.6756756756756772,75000,0.014827219825321886,Petrol,Individual,Manual
0.8108108108108141,200000,0.05083721111514047,Diesel,Individual,Manual
0.9729729729729755,575000,0.0033887520038501035,Petrol,Individual,Manual
0.7567567567567579,150000,0.01694545460707592,Diesel,Individual,Manual
0.9459459459459438,850000,0.004236045916551717,Diesel,Individual,Manual
0.9729729729729755,350000,0.012708985043567853,Petrol,Individual,Manual
0.7567567567567579,550000,0.022876511995987215,Diesel,Individual,Manual
0.9189189189189193,330000,0.03413577715492261,Petrol,Individual,Manual
0.9189189189189193,1044999,0.010590750261813818,Diesel,Individual,Manual
0.7567567567567579,300000,0.054014563287771516,Diesel,Individual,Manual
0.8648648648648631,235000,0.017328007808660697,Petrol,Dealer,Manual
0.7567567567567579,120000,0.025418393734092055,Petrol,Individual,Manual
0.567567567567572,275000,0.00944181971619043,Diesel,Dealer,Manual
0.7567567567567579,270000,0.07625602849618887,Diesel,Individual,Manual
0.8648648648648631,500000,0.012708985043567853,Diesel,Individual,Manual
0.8648648648648631,400000,0.026134357090324918,Petrol,Dealer,Manual
0.8648648648648631,600000,0.02731802668636907,Petrol,Dealer,Manual
0.7837837837837824,1350000,0.03812780242461626,Diesel,Individual,Automatic
0.8108108108108141,400000,0.03218657750875255,Diesel,Dealer,Manual
0.7567567567567579,220000,0.02965486329760012,Diesel,Individual,Manual
0.7837837837837824,300000,0.0364171160148717,Petrol,Dealer,Manual
0.9459459459459438,250000,0.05083721111514047,Petrol,Individual,Manual
0.8648648648648631,600000,0.05083721111514047,Diesel,Individual,Manual
0.7837837837837824,285000,0.03177309807935416,Petrol,Individual,Automatic
0.7027027027027017,350000,0.02416228050851191,Petrol,Dealer,Manual
0.7567567567567579,170000,0.02965486329760012,Diesel,Individual,Manual
0.8648648648648631,229999,0.019063689388829953,Petrol,Individual,Manual
0.8108108108108141,500000,0.03054621649376222,Diesel,Dealer,Manual
0.7567567567567579,75000,0.006354280698305751,Petrol,Individual,Manual
0.8918918918918948,600000,0.012708985043567853,Petrol,Individual,Manual
0.7567567567567579,220000,0.033891332861108195,Diesel,Individual,Manual
0.7027027027027017,150000,0.06947767719457597,Diesel,Individual,Manual
0.621621621621621,65000,0.0527177799543817,Petrol,Individual,Manual
0.621621621621621,120000,0.03262039199205577,Petrol,Individual,Manual
0.8378378378378386,240000,0.03812780242461626,Diesel,Individual,Manual
0.9189189189189193,390000,0.012708985043567853,Petrol,Individual,Manual
0.7837837837837824,180000,0.021181924170583986,Petrol,Individual,Manual
0.7837837837837824,320000,0.033891332861108195,Diesel,Individual,Manual
0.9459459459459438,310000,0.0021178111347976833,Petrol,Individual,Manual
0.9459459459459438,420000,0.010167103305463011,Petrol,Individual,Automatic
0.9729729729729755,550000,0.004236045916551717,Petrol,Individual,Manual
0.8918918918918948,550000,0.03304403894840658,Diesel,Individual,Manual
0.9459459459459438,760000,0.021181924170583986,Diesel,Individual,Manual
0.4864864864864842,43000,0.04236427198812433,Petrol,Individual,Manual
0.9459459459459438,250000,0.008472515480059785,Petrol,Individual,Manual
0.9729729729729755,500000,0.0005291350484821577,Petrol,Individual,Manual
0.8648648648648631,380000,0.007265968948372687,Petrol,Individual,Manual
0.9729729729729755,1850000,0.0021178111347976833,Diesel,Individual,Automatic
0.7837837837837824,350000,0.03262039199205577,Diesel,Individual,Manual
0.6756756756756772,195000,0.03812780242461626,Diesel,Individual,Manual
0.8648648648648631,1125000,0.02753662851584609,Diesel,Individual,Manual
0.7567567567567579,133000,0.033891332861108195,Diesel,Individual,Manual
0.8108108108108141,200000,0.010169221540244766,Petrol,Individual,Manual
0.9459459459459438,940000,0.008472515480059785,Diesel,Individual,Manual
0.8378378378378386,400000,0.05083721111514047,Diesel,Individual,Manual
0.5945945945945965,110000,0.033891332861108195,Petrol,Individual,Manual
0.7837837837837824,490000,0.04236427198812433,Diesel,Individual,Manual
0.7027027027027017,140000,0.05083721111514047,Petrol,Individual,Manual
0.7567567567567579,175000,0.06312297284931385,Diesel,Individual,Manual
0.5945945945945965,90000,0.02753662851584609,Petrol,Individual,Manual
0.7027027027027017,275000,0.04236427198812433,Diesel,Individual,Manual
0.7567567567567579,300000,0.02753662851584609,Diesel,Individual,Manual
0.9459459459459438,270000,0.008048868523708978,Petrol,Individual,Manual
0.7297297297297334,130000,0.033891332861108195,Petrol,Individual,Manual
0.7837837837837824,352000,0.04617709459528159,Diesel,Individual,Manual
0.7837837837837824,180000,0.03812780242461626,LPG,Individual,Manual
0.7837837837837824,150000,0.03812780242461626,Petrol,Individual,Manual
0.7567567567567579,300000,0.02753662851584609,Diesel,Individual,Manual
0.7297297297297334,300000,0.046600741551632394,Diesel,Individual,Manual
0.6486486486486527,225000,0.05083721111514047,Diesel,Individual,Manual
0.8378378378378386,600000,0.018640042432479145,Diesel,Individual,Manual
0.8648648648648631,500000,0.033891332861108195,Petrol,Individual,Manual
0.8918918918918948,600000,0.02584204069044286,Petrol,Individual,Manual
0.7567567567567579,450000,0.04236427198812433,Diesel,Individual,Manual
0.7027027027027017,270000,0.011706212697885493,Petrol,Individual,Manual
0.7297297297297334,310000,0.04236427198812433,Diesel,Individual,Manual
0.9729729729729755,700000,0.005331596945674903,Petrol,Dealer,Manual
0.9459459459459438,650000,0.01613332339175142,Diesel,Dealer,Manual
0.7837837837837824,400000,0.023439115154021084,Diesel,Dealer,Manual
0.7837837837837824,425000,0.03458272469387271,Diesel,Dealer,Manual
0.8918918918918948,600000,0.06575000762564522,Diesel,Dealer,Manual
0.8108108108108141,600000,0.03951863538231596,Diesel,Dealer,Manual
0.7027027027027017,300000,0.09229996238015027,Diesel,Dealer,Manual
0.7837837837837824,450000,0.038197704172414144,Diesel,Dealer,Manual
0.8378378378378386,750000,0.04300143701047594,Diesel,Dealer,Manual
0.7297297297297334,325000,0.036440416597471,Diesel,Dealer,Manual
0.8108108108108141,900000,0.036024818933290854,Diesel,Dealer,Manual
0.621621621621621,180000,0.03858788301921324,Petrol,Dealer,Manual
0.8108108108108141,350000,0.06789069569608584,Diesel,Dealer,Manual
0.8108108108108141,600000,0.053180402430716776,Diesel,Dealer,Manual
0.9729729729729755,900000,0.025418393734092055,Diesel,Individual,Manual
0.621621621621621,350000,0.04236427198812433,Diesel,Individual,Manual
0.8108108108108141,280000,0.03812780242461626,Diesel,Individual,Manual
0.7027027027027017,225000,0.05083721111514047,Diesel,Individual,Manual
0.8378378378378386,520000,0.03473862677380981,Diesel,Individual,Manual
0.8918918918918948,509999,0.025418393734092055,Diesel,Individual,Manual
0.9729729729729755,556000,0.010167103305463011,Petrol,Individual,Manual
0.8378378378378386,225000,0.05083721111514047,Diesel,Individual,Manual
0.8108108108108141,325000,0.02753662851584609,Diesel,Dealer,Manual
0.8648648648648631,850000,0.03558592068651142,Diesel,Dealer,Manual
0.8108108108108141,350000,0.03177309807935416,Diesel,Dealer,Manual
0.6486486486486527,225000,0.021181924170583986,Diesel,Dealer,Manual
0.7567567567567579,135000,0.021181924170583986,Petrol,Individual,Manual
0.6486486486486527,140000,0.02075827721423318,Petrol,Dealer,Manual
0.8918918918918948,665000,0.23724187190949544,Diesel,Dealer,Manual
0.8648648648648631,275000,0.006085264881022989,Petrol,Dealer,Manual
0.9189189189189193,2750000,0.017369101563426727,Diesel,Individual,Automatic
0.8108108108108141,484999,0.02753662851584609,Diesel,Dealer,Manual
0.8648648648648631,565000,0.02753662851584609,Diesel,Dealer,Manual
0.8108108108108141,425000,0.02587720338781998,Diesel,Dealer,Manual
0.8108108108108141,925000,0.03177309807935416,Diesel,Individual,Manual
0.7837837837837824,565000,0.030502157210301736,Diesel,Dealer,Manual
0.8378378378378386,525000,0.02753662851584609,Diesel,Dealer,Manual
0.9189189189189193,1650000,0.02330015895233802,Diesel,Dealer,Manual
0.8648648648648631,295000,0.00889616243641059,Petrol,Dealer,Manual
0.7837837837837824,2050000,0.02811405931735224,Petrol,Dealer,Automatic
0.9459459459459438,1475000,0.004956245742348088,Petrol,Dealer,Automatic
0.9189189189189193,1100000,0.004236045916551717,Petrol,Individual,Automatic
0.8918918918918948,670000,0.003009164330959781,Petrol,Trustmark Dealer,Manual
0.8648648648648631,750000,0.019476321524315637,Diesel,Trustmark Dealer,Manual
0.8648648648648631,760000,0.023444198917497293,Petrol,Trustmark Dealer,Manual
0.9189189189189193,850000,0.008472515480059785,Petrol,Dealer,Automatic
0.8648648648648631,390000,0.026089874159908082,Diesel,Trustmark Dealer,Manual
0.8918918918918948,450000,0.016697621137610696,Petrol,Trustmark Dealer,Automatic
0.8918918918918948,770000,0.027397672314163023,Diesel,Trustmark Dealer,Manual
0.8648648648648631,1150000,0.023145104166313626,Diesel,Trustmark Dealer,Automatic
0.8648648648648631,775000,0.028180995536455665,Petrol,Trustmark Dealer,Manual
0.8918918918918948,2150000,0.018216395476128338,Diesel,Dealer,Automatic
0.8108108108108141,450000,0.000423223309394456,Diesel,Dealer,Manual
0.9459459459459438,3800000,0.004236045916551717,Diesel,Dealer,Automatic
0.8108108108108141,1580000,0.03643321459921303,Diesel,Dealer,Automatic
0.9729729729729755,4950000,0.012708985043567853,Diesel,Dealer,Automatic
0.8918918918918948,535000,0.022283406257096083,Diesel,Individual,Manual
0.7837837837837824,225000,0.046600741551632394,Petrol,Individual,Manual
0.9189189189189193,550000,0.008425914314861196,Petrol,Dealer,Automatic
0.8918918918918948,670000,0.003009164330959781,Petrol,Trustmark Dealer,Manual
0.8648648648648631,625000,0.005048600778832565,Petrol,Trustmark Dealer,Manual
0.9189189189189193,520000,0.004452105864290628,Petrol,Dealer,Automatic
0.8918918918918948,239000,0.017369101563426727,Petrol,Dealer,Manual
0.9189189189189193,2600000,0.019979614108460397,Diesel,Trustmark Dealer,Automatic
0.8648648648648631,750000,0.019476321524315637,Diesel,Trustmark Dealer,Manual
0.7837837837837824,229999,0.021107362306266246,Petrol,Dealer,Manual
0.8108108108108141,1300000,0.024782923299565843,Diesel,Dealer,Automatic
0.5945945945945965,80000,0.023969521143372294,Petrol,Dealer,Manual
0.7837837837837824,385000,0.0220292180832856,Diesel,Dealer,Manual
0.8648648648648631,760000,0.023444198917497293,Petrol,Trustmark Dealer,Manual
0.9189189189189193,600000,0.01970212535205062,Diesel,Trustmark Dealer,Manual
0.8108108108108141,450000,0.000423223309394456,Diesel,Dealer,Manual
0.9459459459459438,3800000,0.004236045916551717,Diesel,Dealer,Automatic
0.8108108108108141,1580000,0.03643321459921303,Diesel,Dealer,Automatic
0.9729729729729755,4950000,0.012708985043567853,Diesel,Dealer,Automatic
0.8918918918918948,535000,0.022283406257096083,Diesel,Individual,Manual
0.7837837837837824,225000,0.046600741551632394,Petrol,Individual,Manual
0.9189189189189193,550000,0.008425914314861196,Petrol,Dealer,Automatic
0.8918918918918948,670000,0.003009164330959781,Petrol,Trustmark Dealer,Manual
0.8648648648648631,625000,0.005048600778832565,Petrol,Trustmark Dealer,Manual
0.9189189189189193,520000,0.004452105864290628,Petrol,Dealer,Automatic
0.8918918918918948,239000,0.017369101563426727,Petrol,Dealer,Manual
0.9189189189189193,2600000,0.019979614108460397,Diesel,Trustmark Dealer,Automatic
0.8648648648648631,750000,0.019476321524315637,Diesel,Trustmark Dealer,Manual
0.7837837837837824,229999,0.021107362306266246,Petrol,Dealer,Manual
0.8108108108108141,1300000,0.024782923299565843,Diesel,Dealer,Automatic
0.5945945945945965,80000,0.023969521143372294,Petrol,Dealer,Manual
0.7837837837837824,385000,0.0220292180832856,Diesel,Dealer,Manual
0.8648648648648631,760000,0.023444198917497293,Petrol,Trustmark Dealer,Manual
0.9189189189189193,600000,0.01970212535205062,Diesel,Trustmark Dealer,Manual
0.8108108108108141,450000,0.000423223309394456,Diesel,Dealer,Manual
0.9459459459459438,3800000,0.004236045916551717,Diesel,Dealer,Automatic
0.8108108108108141,1580000,0.03643321459921303,Diesel,Dealer,Automatic
0.9729729729729755,4950000,0.012708985043567853,Diesel,Dealer,Automatic
0.8918918918918948,535000,0.022283406257096083,Diesel,Individual,Manual
0.7837837837837824,225000,0.046600741551632394,Petrol,Individual,Manual
0.9189189189189193,550000,0.008425914314861196,Petrol,Dealer,Automatic
0.8918918918918948,670000,0.003009164330959781,Petrol,Trustmark Dealer,Manual
0.8648648648648631,625000,0.005048600778832565,Petrol,Trustmark Dealer,Manual
0.9189189189189193,520000,0.004452105864290628,Petrol,Dealer,Automatic
0.9189189189189193,2600000,0.019979614108460397,Diesel,Trustmark Dealer,Automatic
0.8648648648648631,750000,0.019476321524315637,Diesel,Trustmark Dealer,Manual
0.8108108108108141,1300000,0.024782923299565843,Diesel,Dealer,Automatic
0.5945945945945965,80000,0.023969521143372294,Petrol,Dealer,Manual
0.7837837837837824,385000,0.0220292180832856,Diesel,Dealer,Manual
0.8648648648648631,760000,0.023444198917497293,Petrol,Trustmark Dealer,Manual
0.9189189189189193,600000,0.01970212535205062,Diesel,Trustmark Dealer,Manual
0.8108108108108141,450000,0.000423223309394456,Diesel,Dealer,Manual
0.9459459459459438,3800000,0.004236045916551717,Diesel,Dealer,Automatic
0.8108108108108141,1580000,0.03643321459921303,Diesel,Dealer,Automatic
0.9729729729729755,4950000,0.012708985043567853,Diesel,Dealer,Automatic
0.8918918918918948,535000,0.022283406257096083,Diesel,Individual,Manual
0.7837837837837824,225000,0.046600741551632394,Petrol,Individual,Manual
0.8918918918918948,670000,0.003009164330959781,Petrol,Trustmark Dealer,Manual
0.8648648648648631,625000,0.005048600778832565,Petrol,Trustmark Dealer,Manual
0.9189189189189193,520000,0.004452105864290628,Petrol,Dealer,Automatic
0.8918918918918948,239000,0.017369101563426727,Petrol,Dealer,Manual
0.9189189189189193,2600000,0.019979614108460397,Diesel,Trustmark Dealer,Automatic
0.8648648648648631,750000,0.019476321524315637,Diesel,Trustmark Dealer,Manual
0.7837837837837824,229999,0.021107362306266246,Petrol,Dealer,Manual
0.8108108108108141,1300000,0.024782923299565843,Diesel,Dealer,Automatic
0.5945945945945965,80000,0.023969521143372294,Petrol,Dealer,Manual
0.7837837837837824,385000,0.0220292180832856,Diesel,Dealer,Manual
0.8648648648648631,760000,0.023444198917497293,Petrol,Trustmark Dealer,Manual
0.9189189189189193,600000,0.01970212535205062,Diesel,Trustmark Dealer,Manual
0.8108108108108141,350000,0.021181924170583986,Petrol,Individual,Manual
0.8378378378378386,114999,0.012708985043567853,Petrol,Individual,Manual
0.8108108108108141,380000,0.021181924170583986,Petrol,Individual,Manual
0.3243243243243228,95000,0.04236427198812433,Petrol,Individual,Manual
0.8918918918918948,900000,0.014827219825321886,Diesel,Individual,Manual
0.7837837837837824,200999,0.03812780242461626,Petrol,Individual,Manual
0.8378378378378386,229999,0.004850757650216738,Petrol,Individual,Manual
0.9729729729729755,800000,0.025418393734092055,Diesel,Individual,Manual
0.7837837837837824,150000,0.07286685284538241,Diesel,Individual,Manual
0.9459459459459438,600000,0.025418393734092055,Diesel,Individual,Manual
0.5945945945945965,150000,0.06354661980566467,Diesel,Individual,Manual
0.9729729729729755,380000,0.0021178111347976833,Petrol,Individual,Manual
0.621621621621621,80000,0.028175488126023104,Petrol,Individual,Manual
0.6486486486486527,225000,0.02330015895233802,Petrol,Individual,Manual
0.7837837837837824,75000,0.012666620347932771,Petrol,Individual,Manual
0.9189189189189193,1600000,0.0012705172220960695,Diesel,Individual,Manual
0.7837837837837824,185000,0.03600956764286223,Diesel,Individual,Manual
0.7567567567567579,425000,0.021181924170583986,Diesel,Individual,Manual
0.7297297297297334,100000,0.05083721111514047,Diesel,Individual,Manual
0.6756756756756772,140000,0.03812780242461626,Petrol,Individual,Manual
0.9189189189189193,710000,0.0033887520038501035,Petrol,Individual,Automatic
0.8648648648648631,450000,0.0033463873082150227,Petrol,Individual,Automatic
0.9189189189189193,210000,0.021181924170583986,Petrol,Individual,Manual
0.8918918918918948,270000,0.010590750261813818,Petrol,Individual,Manual
0.7027027027027017,110000,0.008472515480059785,Petrol,Individual,Manual
0.9459459459459438,540000,0.007413398089182768,Petrol,Individual,Manual
0.6756756756756772,145000,0.010590750261813818,Petrol,Individual,Manual
0.8108108108108141,360000,0.08748267283948526,Diesel,Individual,Manual
0.8108108108108141,250000,0.03753469668572513,LPG,Individual,Manual
0.6756756756756772,250000,0.04236427198812433,Diesel,Individual,Manual
0.7567567567567579,150000,0.07879791023429371,Diesel,Individual,Manual
0.7297297297297334,140000,0.025418393734092055,Petrol,Individual,Manual
0.9729729729729755,925000,0.004659692872902524,Petrol,Individual,Manual
0.9189189189189193,969999,0.012708985043567853,Diesel,Individual,Manual
0.6486486486486527,90000,0.033891332861108195,CNG,Individual,Manual
0.4864864864864842,55000,0.025418393734092055,Petrol,Individual,Manual
0.9729729729729755,900000,0.006354280698305751,Diesel,Individual,Manual
0.7567567567567579,135000,0.03812780242461626,Petrol,Individual,Manual
0.7837837837837824,180000,0.05083721111514047,Petrol,Individual,Manual
0.8108108108108141,495000,0.04236427198812433,Diesel,Individual,Manual
0.7027027027027017,400000,0.058462856329454985,Diesel,Individual,Manual
0.6756756756756772,250000,0.046600741551632394,Diesel,Individual,Manual
0.8648648648648631,138000,0.05083721111514047,Petrol,Individual,Manual
0.7567567567567579,311000,0.02965486329760012,Petrol,Individual,Automatic
0.8648648648648631,190000,0.02965486329760012,Petrol,Individual,Manual
0.7567567567567579,311000,0.0593101502421566,Diesel,Individual,Manual
0.7027027027027017,300000,0.006354280698305751,Petrol,Individual,Manual
0.9459459459459438,600000,0.008472515480059785,Petrol,Individual,Manual
0.7027027027027017,550000,0.04236427198812433,Diesel,Individual,Manual
0.8648648648648631,600000,0.02965486329760012,Petrol,Individual,Automatic
0.9459459459459438,195000,0.0021178111347976833,Petrol,Individual,Manual
0.8108108108108141,58000,0.011850676310001118,Petrol,Individual,Manual
0.9459459459459438,183000,0.01694545460707592,Petrol,Individual,Manual
0.6486486486486527,95000,0.033891332861108195,Petrol,Individual,Manual
0.8108108108108141,250000,0.016098160694374305,Petrol,Individual,Manual
0.8108108108108141,250000,0.016098160694374305,Petrol,Individual,Manual
0.8378378378378386,400000,0.014827219825321886,Petrol,Individual,Manual
0.7837837837837824,409999,0.025418393734092055,Diesel,Individual,Manual
0.567567567567572,120000,0.05083721111514047,Diesel,Individual,Manual
0.9459459459459438,600000,0.0076252215673581715,Petrol,Individual,Automatic
0.8918918918918948,600000,0.004236045916551717,Petrol,Individual,Manual
0.8648648648648631,825000,0.03812780242461626,Diesel,Individual,Manual
0.8918918918918948,625000,0.033891332861108195,Diesel,Individual,Manual
1.0,700000,0.0005926820919347787,Diesel,Individual,Manual
0.7567567567567579,114999,0.025418393734092055,Petrol,Individual,Manual
0.7027027027027017,150000,0.022452865039636408,Petrol,Individual,Manual
0.7297297297297334,250000,0.04236427198812433,Diesel,Dealer,Manual
0.7837837837837824,390000,0.03643321459921303,Diesel,Dealer,Manual
0.8648648648648631,650000,0.04236427198812433,Diesel,Individual,Manual
0.8918918918918948,600000,0.012708985043567853,Diesel,Individual,Manual
0.7567567567567579,250000,0.05083721111514047,Petrol,Individual,Manual
0.7567567567567579,229999,0.025418393734092055,LPG,Individual,Manual
0.8918918918918948,299000,0.021181924170583986,Diesel,Individual,Manual
0.7297297297297334,330000,0.05253179894054369,Diesel,Individual,Manual
0.7837837837837824,180000,0.04236427198812433,Petrol,Individual,Manual
0.9189189189189193,475000,0.01779274851977753,Petrol,Individual,Manual
0.8648648648648631,325000,0.04236427198812433,Diesel,Individual,Manual
0.8918918918918948,639000,0.011948538756918155,Petrol,Dealer,Manual
0.9189189189189193,415000,0.013840122417024507,Petrol,Dealer,Automatic
0.8918918918918948,1199000,0.012748384210508477,Diesel,Dealer,Automatic
0.8108108108108141,525000,0.02382039741473681,CNG,Dealer,Manual
0.8108108108108141,425000,0.025129890156817155,Petrol,Dealer,Manual
0.8918918918918948,699000,0.016734902069769568,Diesel,Dealer,Manual
0.8108108108108141,325000,0.014953890265270778,Petrol,Dealer,Manual
0.7567567567567579,275000,0.021896616585947798,Petrol,Dealer,Manual
0.7567567567567579,269000,0.03230646959739983,Petrol,Dealer,Automatic
0.8108108108108141,399000,0.018660801133340336,Diesel,Dealer,Manual
0.9189189189189193,475000,0.01910054667403247,Diesel,Dealer,Manual
0.7567567567567579,249000,0.017422057432970577,Petrol,Dealer,Manual
0.8378378378378386,1549000,0.017883832615392954,Diesel,Dealer,Automatic
0.7567567567567579,254999,0.02296378326899548,Petrol,Dealer,Manual
0.7837837837837824,269000,0.022260952968409492,Petrol,Dealer,Manual
0.8378378378378386,665000,0.025041347942939836,Diesel,Dealer,Manual
0.8378378378378386,299000,0.02311587252632542,Petrol,Dealer,Manual
0.7297297297297334,265000,0.02014992018491342,Petrol,Dealer,Manual
0.7297297297297334,211000,0.019124270903588116,Petrol,Dealer,Manual
0.8108108108108141,599000,0.026106396391205763,Petrol,Dealer,Automatic
0.6486486486486527,55000,0.08261073284145097,Diesel,Individual,Manual
0.8378378378378386,550000,0.021181924170583986,Diesel,Individual,Manual
0.9459459459459438,4000000,0.028807569384898507,Diesel,Individual,Automatic
0.7297297297297334,220000,0.05083721111514047,Diesel,Individual,Manual
0.9729729729729755,500000,0.008472515480059785,Petrol,Individual,Manual
0.7297297297297334,140000,0.012708985043567853,Petrol,Individual,Manual
0.8108108108108141,325000,0.025418393734092055,Diesel,Individual,Manual
0.7297297297297334,210000,0.03812780242461626,Petrol,Individual,Manual
0.6756756756756772,110000,0.03812780242461626,Petrol,Individual,Manual
0.9729729729729755,1200000,0.010590750261813818,Diesel,Individual,Manual
0.9189189189189193,229999,0.01694545460707592,Petrol,Individual,Manual
0.7837837837837824,225000,0.046600741551632394,Petrol,Individual,Manual
0.621621621621621,165000,0.05592097459135015,Petrol,Individual,Manual
0.9459459459459438,525000,0.004651219933775507,Petrol,Dealer,Automatic
0.9459459459459438,325000,0.008738989415604442,Petrol,Dealer,Manual
0.8648648648648631,400000,0.012708985043567853,Petrol,Individual,Automatic
0.8648648648648631,550000,0.029562508261115648,Petrol,Dealer,Manual
0.5405405405405403,98000,0.022876511995987215,Petrol,Individual,Manual
0.8108108108108141,900000,0.026966399712597903,Diesel,Dealer,Manual
0.9189189189189193,700000,0.025418393734092055,Diesel,Individual,Manual
0.8648648648648631,890000,0.0220292180832856,Diesel,Dealer,Manual
0.8648648648648631,490000,0.025157850855936307,Diesel,Dealer,Manual
0.8648648648648631,525000,0.029815001847100727,Petrol,Dealer,Manual
0.8108108108108141,330000,0.023480208908787114,Petrol,Dealer,Manual
0.8108108108108141,550000,0.03321900514137946,Diesel,Dealer,Manual
0.9459459459459438,790000,0.017322500398228136,Diesel,Dealer,Manual
0.8648648648648631,350000,0.014752234314047794,Petrol,Dealer,Manual
0.9189189189189193,1700000,0.03177309807935416,Diesel,Individual,Automatic
0.9189189189189193,750000,0.02353104654354921,Diesel,Dealer,Manual
0.8378378378378386,409999,0.023952998912074613,Diesel,Dealer,Manual
0.8918918918918948,220000,0.018512948345573904,Petrol,Individual,Manual
0.7027027027027017,68000,0.05083721111514047,Petrol,Individual,Manual
0.8378378378378386,600000,0.011642665654432872,Diesel,Dealer,Manual
0.9729729729729755,470000,0.0033887520038501035,Petrol,Individual,Manual
0.6756756756756772,150000,0.012708985043567853,Petrol,Individual,Manual
0.8378378378378386,180000,0.023811500828653444,Petrol,Dealer,Manual
0.621621621621621,80000,0.02965486329760012,Petrol,Individual,Manual
0.9729729729729755,300000,0.021181924170583986,Petrol,Individual,Manual
0.9189189189189193,2800000,0.008472515480059785,Diesel,Individual,Automatic
0.9189189189189193,1330000,0.038634060537455474,Diesel,Dealer,Manual
0.7567567567567579,220000,0.026967670653466953,Diesel,Dealer,Manual
0.8108108108108141,250000,0.025418393734092055,Diesel,Individual,Manual
0.8918918918918948,919999,0.03177309807935416,Diesel,Dealer,Manual
0.7837837837837824,450000,0.01948733634518076,Diesel,Individual,Manual
0.8918918918918948,770000,0.004236045916551717,Petrol,Individual,Automatic
0.9459459459459438,550000,0.033891332861108195,Diesel,Individual,Manual
0.7567567567567579,320000,0.04236427198812433,Diesel,Individual,Manual
0.8108108108108141,400000,0.014827219825321886,Petrol,Individual,Manual
0.9189189189189193,450000,0.021181924170583986,Petrol,Individual,Automatic
0.7567567567567579,220000,0.03812780242461626,Diesel,Individual,Manual
0.7837837837837824,400000,0.06354661980566467,Diesel,Individual,Manual
0.8108108108108141,530000,0.03770415546826546,Petrol,Individual,Manual
0.8378378378378386,390000,0.025418393734092055,Diesel,Individual,Manual
0.7837837837837824,185000,0.04236427198812433,Diesel,Individual,Manual
0.7837837837837824,300000,0.04236427198812433,Petrol,Individual,Manual
0.8378378378378386,575000,0.03812780242461626,Diesel,Individual,Manual
0.8378378378378386,300000,0.03177309807935416,Petrol,Individual,Manual
0.9189189189189193,425000,0.015250866781672694,Diesel,Dealer,Manual
0.8918918918918948,350000,0.00508333982925333,Petrol,Individual,Manual
0.9189189189189193,550000,0.005505715844735085,Diesel,Dealer,Manual
0.8648648648648631,600000,0.025418393734092055,Diesel,Individual,Manual
0.8108108108108141,300000,0.010590750261813818,Diesel,Individual,Manual
0.9459459459459438,1150000,0.011196565409395473,Diesel,Dealer,Manual
0.8648648648648631,475000,0.010421291479273497,Petrol,Dealer,Manual
0.7567567567567579,260000,0.012065465316870977,Petrol,Dealer,Manual
0.8108108108108141,350000,0.04236427198812433,Petrol,Individual,Manual
0.8108108108108141,750000,0.017787664756301322,Diesel,Dealer,Manual
0.7027027027027017,180000,0.012867852652199405,Petrol,Dealer,Manual
0.9189189189189193,350000,0.0032438647447781276,Petrol,Dealer,Automatic
0.9189189189189193,325000,0.007837045045533574,Petrol,Dealer,Manual
0.8378378378378386,300000,0.0122607665637487,Petrol,Dealer,Automatic
0.9189189189189193,400000,0.021181924170583986,Diesel,Individual,Manual
0.7837837837837824,711000,0.02270705321344689,Diesel,Dealer,Manual
0.8378378378378386,500000,0.010590750261813818,Petrol,Individual,Manual
0.6486486486486527,250000,0.033891332861108195,Diesel,Individual,Manual
0.9189189189189193,150000,0.021181924170583986,Petrol,Individual,Manual
0.8918918918918948,610000,0.006354280698305751,Diesel,Individual,Manual
0.9459459459459438,450000,0.0021178111347976833,Petrol,Individual,Manual
0.9189189189189193,744000,0.04490615372622917,Diesel,Individual,Manual
0.6756756756756772,120000,0.04236427198812433,Petrol,Individual,Manual
0.8918918918918948,220000,0.025418393734092055,Petrol,Individual,Manual
0.7837837837837824,480000,0.05083721111514047,Diesel,Individual,Manual
0.9189189189189193,370000,0.03473862677380981,Petrol,Individual,Automatic
0.8108108108108141,125000,0.08684720240495904,Petrol,Individual,Manual
0.7567567567567579,260000,0.0529554458968945,Diesel,Individual,Manual
0.8648648648648631,350000,0.05507368067864853,Diesel,Individual,Manual
0.7837837837837824,170000,0.04109333111907191,CNG,Individual,Manual
0.8648648648648631,350000,0.03812780242461626,Petrol,Individual,Manual
0.7027027027027017,250000,0.025418393734092055,Petrol,Individual,Manual
0.8108108108108141,170000,0.025418393734092055,Diesel,Individual,Manual
0.9459459459459438,1300000,0.014827219825321886,Diesel,Individual,Manual
0.9729729729729755,550000,0.010590750261813818,Petrol,Individual,Manual
0.9189189189189193,400000,0.006354280698305751,Petrol,Individual,Manual
0.7567567567567579,120000,0.008472515480059785,Petrol,Individual,Manual
0.7567567567567579,120000,0.008472515480059785,Petrol,Individual,Manual
0.7297297297297334,275000,0.02965486329760012,Petrol,Individual,Manual
0.8918918918918948,285000,0.03812780242461626,Petrol,Individual,Manual
0.8918918918918948,900000,0.033891332861108195,Diesel,Individual,Manual
0.8378378378378386,2500000,0.03367950938293279,Diesel,Individual,Automatic
0.8108108108108141,620000,0.02965486329760012,Diesel,Individual,Manual
0.9459459459459438,1700000,0.0021178111347976833,Diesel,Individual,Manual
0.9459459459459438,650000,0.006354280698305751,Petrol,Individual,Manual
0.8378378378378386,500000,0.014827219825321886,Petrol,Individual,Manual
0.7027027027027017,250000,0.05083721111514047,Diesel,Individual,Manual
0.8648648648648631,320000,0.025418393734092055,Petrol,Individual,Manual
0.8108108108108141,450000,0.05083721111514047,Diesel,Individual,Manual
0.8918918918918948,350000,0.03812780242461626,Diesel,Individual,Manual
0.8648648648648631,400000,0.03812780242461626,Petrol,Individual,Manual
0.9459459459459438,200000,0.004236045916551717,Petrol,Individual,Manual
0.7027027027027017,250000,0.030502157210301736,Diesel,Individual,Manual
0.7567567567567579,550000,0.08345802675415259,Petrol,Individual,Manual
0.4324324324324351,85000,0.02965486329760012,Petrol,Individual,Manual
0.4864864864864842,52000,0.021181924170583986,Petrol,Individual,Manual
0.9189189189189193,1200000,0.021181924170583986,Diesel,Individual,Automatic
0.7567567567567579,450000,0.025418393734092055,Petrol,Individual,Automatic
0.9459459459459438,615000,0.01694545460707592,Petrol,Individual,Manual
0.7837837837837824,400000,0.025418393734092055,Diesel,Individual,Manual
0.8108108108108141,60000,0.01694545460707592,Petrol,Individual,Manual
0.9189189189189193,500000,0.0038806061201733903,Petrol,Individual,Manual
0.8648648648648631,600000,0.019063689388829953,Petrol,Individual,Manual
0.7297297297297334,110000,0.046600741551632394,Petrol,Individual,Manual
0.8108108108108141,175000,0.033891332861108195,Petrol,Individual,Manual
0.7567567567567579,325000,0.04236427198812433,Diesel,Individual,Manual
0.9189189189189193,425000,0.03812780242461626,Diesel,Individual,Manual
0.7027027027027017,160000,0.02965486329760012,CNG,Individual,Manual
0.6486486486486527,100000,0.033891332861108195,Petrol,Individual,Manual
0.8378378378378386,390000,0.046600741551632394,Diesel,Individual,Manual
0.9189189189189193,400000,0.021181924170583986,Petrol,Individual,Manual
0.9459459459459438,509999,0.0021178111347976833,Petrol,Individual,Manual
0.6756756756756772,150000,0.03812780242461626,Petrol,Individual,Manual
0.7027027027027017,110000,0.05083721111514047,Petrol,Individual,Manual
0.8108108108108141,450000,0.033891332861108195,Diesel,Individual,Manual
0.9189189189189193,400000,0.016098160694374305,Petrol,Individual,Manual
0.7027027027027017,140000,0.05083721111514047,Petrol,Individual,Manual
0.7567567567567579,130000,0.03812780242461626,Diesel,Individual,Manual
0.9189189189189193,160000,0.021181924170583986,Petrol,Individual,Manual
0.8918918918918948,150000,0.025418393734092055,Petrol,Individual,Manual
0.8108108108108141,500000,0.04236427198812433,Diesel,Individual,Manual
0.7567567567567579,40000,0.008048868523708978,Petrol,Individual,Manual
0.621621621621621,140000,0.084728967623205,Diesel,Individual,Manual
0.8648648648648631,227000,0.02965486329760012,Diesel,Individual,Manual
0.7837837837837824,155000,0.00808148933934799,Petrol,Individual,Manual
0.8918918918918948,210000,0.012708985043567853,Petrol,Individual,Manual
0.7027027027027017,140000,0.033891332861108195,Petrol,Individual,Manual
0.8648648648648631,940000,0.05422638676594692,Diesel,Individual,Manual
0.8108108108108141,750000,0.033891332861108195,Diesel,Individual,Manual
0.8918918918918948,610000,0.04236427198812433,Diesel,Individual,Manual
0.8648648648648631,450000,0.021181924170583986,Diesel,Individual,Manual
0.7837837837837824,409999,0.023723805908688826,Diesel,Individual,Manual
0.9459459459459438,300000,0.00444786939472712,Petrol,Individual,Manual
0.7297297297297334,210000,0.025418393734092055,Petrol,Individual,Manual
0.621621621621621,90000,0.05083721111514047,Petrol,Individual,Manual
0.7297297297297334,222000,0.02965486329760012,Petrol,Individual,Manual
0.8108108108108141,450000,0.02965486329760012,Diesel,Individual,Manual
0.8108108108108141,450000,0.000423223309394456,Diesel,Dealer,Manual
0.8108108108108141,1580000,0.03643321459921303,Diesel,Dealer,Automatic
0.9729729729729755,4950000,0.012708985043567853,Diesel,Dealer,Automatic
0.8918918918918948,535000,0.022283406257096083,Diesel,Individual,Manual
0.7837837837837824,225000,0.046600741551632394,Petrol,Individual,Manual
0.9189189189189193,550000,0.008425914314861196,Petrol,Dealer,Automatic
0.8918918918918948,670000,0.003009164330959781,Petrol,Trustmark Dealer,Manual
0.9189189189189193,520000,0.004452105864290628,Petrol,Dealer,Automatic
0.8918918918918948,239000,0.017369101563426727,Petrol,Dealer,Manual
0.9189189189189193,2600000,0.019979614108460397,Diesel,Trustmark Dealer,Automatic
0.8648648648648631,750000,0.019476321524315637,Diesel,Trustmark Dealer,Manual
0.7837837837837824,229999,0.021107362306266246,Petrol,Dealer,Manual
0.8108108108108141,1300000,0.024782923299565843,Diesel,Dealer,Automatic
0.5945945945945965,80000,0.023969521143372294,Petrol,Dealer,Manual
0.8648648648648631,760000,0.023444198917497293,Petrol,Trustmark Dealer,Manual
0.9189189189189193,600000,0.01970212535205062,Diesel,Trustmark Dealer,Manual
0.8108108108108141,450000,0.000423223309394456,Diesel,Dealer,Manual
0.9459459459459438,3800000,0.004236045916551717,Diesel,Dealer,Automatic
0.8108108108108141,1580000,0.03643321459921303,Diesel,Dealer,Automatic
0.8918918918918948,535000,0.022283406257096083,Diesel,Individual,Manual
0.7837837837837824,225000,0.046600741551632394,Petrol,Individual,Manual
0.9189189189189193,550000,0.008425914314861196,Petrol,Dealer,Automatic
0.8918918918918948,670000,0.003009164330959781,Petrol,Trustmark Dealer,Manual
0.8648648648648631,625000,0.005048600778832565,Petrol,Trustmark Dealer,Manual
0.9189189189189193,520000,0.004452105864290628,Petrol,Dealer,Automatic
0.8918918918918948,239000,0.017369101563426727,Petrol,Dealer,Manual
0.9189189189189193,2600000,0.019979614108460397,Diesel,Trustmark Dealer,Automatic
0.8648648648648631,750000,0.019476321524315637,Diesel,Trustmark Dealer,Manual
0.7837837837837824,229999,0.021107362306266246,Petrol,Dealer,Manual
0.8108108108108141,1300000,0.024782923299565843,Diesel,Dealer,Automatic
0.5945945945945965,80000,0.023969521143372294,Petrol,Dealer,Manual
0.7837837837837824,385000,0.0220292180832856,Diesel,Dealer,Manual
0.8648648648648631,760000,0.023444198917497293,Petrol,Trustmark Dealer,Manual
0.9189189189189193,600000,0.01970212535205062,Diesel,Trustmark Dealer,Manual
0.7837837837837824,735000,0.023427253039243263,Diesel,Dealer,Automatic
0.7837837837837824,285000,0.03147654520990859,Diesel,Dealer,Manual
0.7297297297297334,350000,0.020665498530792352,Petrol,Dealer,Manual
0.7297297297297334,290000,0.03711952266850134,Diesel,Dealer,Automatic
0.9189189189189193,890000,0.017038233290516746,Diesel,Dealer,Automatic
0.9189189189189193,425000,0.0035378757324855876,Petrol,Dealer,Manual
0.9189189189189193,525000,0.004128015942682261,Petrol,Dealer,Automatic
0.9189189189189193,550000,0.004129286883551314,Petrol,Dealer,Manual
0.9459459459459438,1490000,0.008766526467767245,Diesel,Dealer,Manual
0.8648648648648631,490000,0.013166523756426724,Petrol,Dealer,Manual
0.8378378378378386,260000,0.015930820146615735,Petrol,Dealer,Manual
0.8378378378378386,455000,0.023660258865236206,Diesel,Dealer,Manual
0.7297297297297334,75000,0.024931199734288628,Petrol,Dealer,Manual
0.8648648648648631,421000,0.010098896145490532,Petrol,Dealer,Manual
0.8918918918918948,550000,0.022876511995987215,Diesel,Dealer,Manual
0.7837837837837824,390000,0.019256025107013217,Diesel,Dealer,Manual
0.8648648648648631,599000,0.01989276648240848,Diesel,Dealer,Automatic
0.8918918918918948,250000,0.010590750261813818,Petrol,Individual,Manual
0.7837837837837824,600000,0.046600741551632394,Diesel,Individual,Manual
0.6756756756756772,280000,0.08049249805969694,Diesel,Individual,Manual
0.9459459459459438,2700000,0.010590750261813818,Diesel,Individual,Automatic
0.6756756756756772,80000,0.03812780242461626,Petrol,Individual,Manual
0.9729729729729755,350000,0.0021178111347976833,Petrol,Individual,Manual
0.8648648648648631,475000,0.025418393734092055,Diesel,Individual,Manual
1.0,4700000,0.0006350467875698593,Diesel,Individual,Automatic
0.9459459459459438,500000,0.021181924170583986,Diesel,Individual,Manual
0.8378378378378386,250000,0.05083721111514047,Diesel,Individual,Manual
0.5945945945945965,100000,0.05083721111514047,Diesel,Individual,Manual
0.9729729729729755,350000,0.0021178111347976833,Petrol,Individual,Manual
0.8378378378378386,4000000,0.019910983301531567,Diesel,Individual,Automatic
0.9189189189189193,1900000,0.008472515480059785,Petrol,Individual,Automatic
0.5945945945945965,95000,0.05083721111514047,Petrol,Individual,Manual
0.8648648648648631,409999,0.02457109982139044,Diesel,Individual,Manual
0.9459459459459438,1050000,0.014827219825321886,Diesel,Individual,Manual
0.9189189189189193,320000,0.012708985043567853,Petrol,Individual,Manual
0.9729729729729755,1000000,0.004236045916551717,Diesel,Individual,Manual
0.9189189189189193,1770000,0.010590750261813818,Diesel,Individual,Manual
0.9459459459459438,950000,0.008472515480059785,Diesel,Individual,Manual
0.9459459459459438,750000,0.021181924170583986,Diesel,Individual,Manual
0.8378378378378386,220000,0.01779274851977753,Petrol,Individual,Manual
0.9189189189189193,1000000,0.021181924170583986,Diesel,Individual,Manual
0.9189189189189193,660000,0.04914262328973724,Diesel,Individual,Manual
0.8648648648648631,716000,0.04236427198812433,Diesel,Individual,Manual
0.8648648648648631,675000,0.027960275472196896,Petrol,Individual,Manual
0.7297297297297334,385000,0.046600741551632394,Diesel,Individual,Manual
0.8378378378378386,325000,0.02965486329760012,Diesel,Individual,Manual
0.6486486486486527,400000,0.046600741551632394,Diesel,Individual,Automatic
0.8378378378378386,250000,0.010590750261813818,Diesel,Individual,Manual
0.9459459459459438,4000000,0.028807569384898507,Petrol,Individual,Automatic
0.8378378378378386,210000,0.008472515480059785,Petrol,Individual,Manual
0.7567567567567579,147000,0.046600741551632394,Petrol,Individual,Manual
0.9459459459459438,725000,0.011162673652887407,Diesel,Individual,Manual
0.7837837837837824,550000,0.03812780242461626,Diesel,Individual,Manual
0.8918918918918948,475000,0.010590750261813818,Petrol,Individual,Manual
0.8378378378378386,250000,0.021181924170583986,Petrol,Individual,Manual
0.621621621621621,70000,0.025418393734092055,Petrol,Individual,Manual
0.7837837837837824,160000,0.02965486329760012,Petrol,Individual,Manual
0.7567567567567579,1000000,0.03812780242461626,Diesel,Individual,Automatic
0.4864864864864842,68000,0.02965486329760012,Petrol,Individual,Manual
0.9189189189189193,500000,0.01122622069634003,Petrol,Individual,Manual
0.8108108108108141,170000,0.025418393734092055,Diesel,Individual,Manual
0.9459459459459438,1300000,0.014827219825321886,Diesel,Individual,Manual
1.0,1050000,0.004236045916551717,Diesel,Individual,Manual
0.7027027027027017,300000,0.006354280698305751,Petrol,Individual,Manual
0.8918918918918948,600000,0.010590750261813818,Petrol,Individual,Manual
0.9189189189189193,900000,0.021181924170583986,Diesel,Individual,Manual
0.9729729729729755,550000,0.010590750261813818,Petrol,Individual,Manual
0.6486486486486527,100000,0.0220292180832856,Petrol,Individual,Manual
0.9189189189189193,400000,0.006354280698305751,Petrol,Individual,Manual
0.7567567567567579,120000,0.008472515480059785,Petrol,Individual,Manual
0.7567567567567579,140000,0.025418393734092055,Diesel,Individual,Manual
0.8648648648648631,640000,0.009743456349112205,Petrol,Individual,Manual
0.7567567567567579,120000,0.008472515480059785,Petrol,Individual,Manual
0.9459459459459438,650000,0.02965486329760012,Petrol,Individual,Manual
0.7027027027027017,150000,0.025418393734092055,Petrol,Individual,Manual
0.9459459459459438,550000,0.014827219825321886,Petrol,Individual,Manual
0.7837837837837824,650000,0.030096303426117663,Diesel,Dealer,Manual
0.7837837837837824,1025000,0.07111719091565358,Diesel,Dealer,Manual
0.7567567567567579,195000,0.05658355843108281,Diesel,Dealer,Manual
0.9459459459459438,3800000,0.004236045916551717,Diesel,Dealer,Automatic
0.8108108108108141,1490000,0.01694545460707592,Diesel,Dealer,Automatic
0.9729729729729755,4950000,0.012708985043567853,Diesel,Dealer,Automatic
0.9459459459459438,1140000,0.009759554933453535,Petrol,Trustmark Dealer,Automatic
0.7567567567567579,95000,0.02965486329760012,Diesel,Individual,Manual
0.9189189189189193,3050000,0.012708985043567853,Diesel,Individual,Automatic
0.9189189189189193,550000,0.008425914314861196,Petrol,Dealer,Automatic
0.8648648648648631,625000,0.005048600778832565,Petrol,Trustmark Dealer,Manual
0.9189189189189193,520000,0.004452105864290628,Petrol,Dealer,Automatic
0.9189189189189193,2600000,0.019979614108460397,Diesel,Trustmark Dealer,Automatic
0.7837837837837824,229999,0.021107362306266246,Petrol,Dealer,Manual
0.8108108108108141,1300000,0.024782923299565843,Diesel,Dealer,Automatic
0.9189189189189193,585000,0.01847397282558963,Petrol,Trustmark Dealer,Manual
0.8108108108108141,280000,0.0220292180832856,Diesel,Dealer,Manual
0.8918918918918948,725000,0.020850208603761303,Petrol,Trustmark Dealer,Manual
0.8648648648648631,300000,0.03812780242461626,Diesel,Individual,Manual
0.8648648648648631,375000,0.02965486329760012,Petrol,Individual,Manual
0.5405405405405403,310000,0.03812780242461626,Petrol,Individual,Manual
0.7567567567567579,375000,0.08049249805969694,Diesel,Individual,Manual
0.8918918918918948,1950000,0.04490615372622917,Diesel,Individual,Automatic
0.7837837837837824,400000,0.033891332861108195,Diesel,Individual,Manual
0.8378378378378386,550000,0.033891332861108195,Diesel,Individual,Manual
0.9459459459459438,270000,0.008472515480059785,Petrol,Individual,Manual
0.7837837837837824,555000,0.046600741551632394,Diesel,Individual,Manual
0.8108108108108141,500000,0.025418393734092055,Diesel,Individual,Manual
0.7297297297297334,400000,0.05507368067864853,Diesel,Individual,Automatic
0.9189189189189193,280000,0.012216707280288215,Petrol,Individual,Manual
0.6756756756756772,80000,0.084728967623205,Petrol,Individual,Manual
0.621621621621621,55000,0.04236427198812433,Diesel,Individual,Manual
0.8378378378378386,250000,0.021181924170583986,Petrol,Individual,Manual
0.7297297297297334,250000,0.08049249805969694,Diesel,Individual,Manual
0.6486486486486527,95000,0.04236427198812433,Diesel,Individual,Manual
0.8378378378378386,725000,0.057191915460402566,Diesel,Individual,Manual
0.8648648648648631,320000,0.021181924170583986,Diesel,Individual,Manual
0.8378378378378386,1200000,0.057191915460402566,Diesel,Individual,Automatic
0.7837837837837824,160000,0.021181924170583986,Diesel,Individual,Manual
0.9459459459459438,790000,0.008290770935785289,Diesel,Dealer,Manual
0.9459459459459438,1200000,0.01253952626102753,Petrol,Dealer,Manual
0.7567567567567579,175000,0.02965486329760012,Petrol,Individual,Manual
0.9459459459459438,950000,0.006354280698305751,Diesel,Individual,Automatic
0.9729729729729755,340000,0.021181924170583986,Petrol,Individual,Manual
0.9189189189189193,825000,0.005718810263779541,Diesel,Individual,Manual
0.9459459459459438,3100000,0.009319809392761398,Petrol,Individual,Automatic
0.9459459459459438,780000,0.010590750261813818,Diesel,Dealer,Manual
0.7297297297297334,350000,0.033891332861108195,Petrol,Individual,Automatic
0.8918918918918948,245000,0.025418393734092055,Petrol,Individual,Manual
0.9459459459459438,790000,0.02075827721423318,Diesel,Dealer,Manual
0.9459459459459438,680000,0.020588818431692857,Petrol,Dealer,Manual
0.9189189189189193,540000,0.008472515480059785,Petrol,Individual,Manual
0.8918918918918948,425000,0.010590750261813818,Petrol,Individual,Manual
0.6756756756756772,140000,0.05083721111514047,Petrol,Individual,Manual
0.9729729729729755,1100000,0.012708985043567853,Diesel,Individual,Manual
0.8108108108108141,1580000,0.03643321459921303,Diesel,Dealer,Automatic
0.8648648648648631,1750000,0.05407514480252968,Diesel,Dealer,Automatic
0.9459459459459438,400000,0.022876511995987215,Petrol,Dealer,Manual
0.8378378378378386,1750000,0.043361536923374126,Diesel,Dealer,Automatic
0.8378378378378386,1850000,0.02636609197544881,Petrol,Dealer,Automatic
0.5945945945945965,114999,0.03812780242461626,Petrol,Dealer,Manual
0.9459459459459438,950000,0.00906307933721281,Diesel,Dealer,Manual
0.8648648648648631,310000,0.01384690076832612,Petrol,Dealer,Manual
0.621621621621621,575000,0.0004236469563508068,Diesel,Dealer,Manual
0.9189189189189193,490000,0.009319809392761398,Diesel,Dealer,Manual
0.9189189189189193,480000,0.02256343689524397,Petrol,Dealer,Manual
0.8918918918918948,3500000,0.022452865039636408,Diesel,Dealer,Automatic
0.9459459459459438,370000,0.004236045916551717,Petrol,Dealer,Manual
0.9189189189189193,835000,0.005930633741954944,Diesel,Dealer,Manual
0.9189189189189193,650000,0.018640042432479145,Petrol,Dealer,Manual
0.8378378378378386,670000,0.016900971676659084,Diesel,Dealer,Manual
0.9189189189189193,950000,0.030925804166652544,Diesel,Dealer,Automatic
0.8378378378378386,690000,0.007201574611007364,Petrol,Dealer,Manual
0.9189189189189193,670000,0.007875596918561498,Petrol,Dealer,Manual
0.9189189189189193,925000,0.011338910786729344,Diesel,Dealer,Manual
0.8648648648648631,250000,0.012708985043567853,Petrol,Individual,Manual
0.8918918918918948,509999,0.01779274851977753,Diesel,Individual,Manual
0.8378378378378386,520000,0.046600741551632394,Diesel,Individual,Manual
0.5945945945945965,100000,0.04236427198812433,Diesel,Individual,Manual
0.621621621621621,85000,0.1270936632582857,Diesel,Individual,Manual
0.7027027027027017,130000,0.046600741551632394,Diesel,Individual,Manual
0.9459459459459438,950000,0.011700705287452932,Diesel,Dealer,Manual
0.8648648648648631,450000,0.02965486329760012,Petrol,Individual,Manual
0.7837837837837824,320000,0.021181924170583986,Petrol,Individual,Manual
0.8648648648648631,480000,0.021181924170583986,Diesel,Individual,Manual
0.8378378378378386,2490000,0.01948733634518076,Diesel,Individual,Automatic
0.7837837837837824,790000,0.03473862677380981,Diesel,Individual,Manual
0.8918918918918948,120000,0.05083721111514047,Petrol,Individual,Manual
0.621621621621621,75000,0.033891332861108195,Petrol,Individual,Manual
0.7297297297297334,99000,0.02965486329760012,Petrol,Individual,Manual
0.9459459459459438,1015000,0.008472515480059785,Diesel,Individual,Manual
0.8108108108108141,250000,0.084728967623205,Diesel,Individual,Manual
0.7567567567567579,520000,0.05083721111514047,Diesel,Individual,Manual
0.9459459459459438,1100000,0.012708985043567853,Diesel,Individual,Automatic
0.5945945945945965,200000,0.09447284761927356,Diesel,Individual,Manual
0.8918918918918948,525000,0.025418393734092055,Diesel,Individual,Manual
0.8918918918918948,500000,0.01694545460707592,Petrol,Individual,Manual
0.8918918918918948,675000,0.06834526888025026,Diesel,Individual,Manual
0.7027027027027017,150000,0.025418393734092055,Petrol,Individual,Manual
0.6486486486486527,250000,0.021181924170583986,Diesel,Individual,Manual
0.9459459459459438,450000,0.0025414580911484897,Petrol,Individual,Manual
0.7027027027027017,150000,0.028807569384898507,Petrol,Individual,Manual
0.7837837837837824,200000,0.03600956764286223,Diesel,Individual,Manual
0.7567567567567579,525000,0.02965486329760012,Diesel,Individual,Automatic
0.4324324324324351,60000,0.014827219825321886,Petrol,Individual,Manual
0.7297297297297334,180000,0.04236427198812433,Diesel,Individual,Manual
0.8648648648648631,475000,0.046600741551632394,Diesel,Individual,Manual
0.7297297297297334,380000,0.08261073284145097,Diesel,Individual,Automatic
0.8648648648648631,285000,0.01948733634518076,Petrol,Individual,Manual
0.6756756756756772,91200,0.025418393734092055,Petrol,Individual,Manual
0.9189189189189193,250000,0.01948733634518076,Petrol,Individual,Manual
0.8648648648648631,400000,0.01779274851977753,Diesel,Individual,Manual
0.621621621621621,160000,0.03812780242461626,Petrol,Individual,Automatic
0.7837837837837824,409999,0.05083721111514047,Diesel,Individual,Manual
0.8108108108108141,425000,0.030502157210301736,Diesel,Individual,Manual
0.8108108108108141,250000,0.03007851025395093,CNG,Individual,Manual
0.7027027027027017,200000,0.046600741551632394,Petrol,Individual,Manual
0.8108108108108141,250000,0.03007851025395093,CNG,Individual,Manual
0.9189189189189193,260000,0.012708985043567853,Petrol,Dealer,Manual
0.6486486486486527,155000,0.02753662851584609,Petrol,Dealer,Manual
0.8648648648648631,450000,0.016098160694374305,Diesel,Individual,Manual
0.7837837837837824,220000,0.03812780242461626,Petrol,Individual,Manual
0.9459459459459438,285000,0.012708985043567853,Petrol,Dealer,Manual
0.9459459459459438,725000,0.011014397218164626,Petrol,Dealer,Automatic
0.8918918918918948,625000,0.012708985043567853,Petrol,Dealer,Manual
0.8918918918918948,550000,0.009743456349112205,Petrol,Dealer,Manual
0.7837837837837824,240000,0.01694545460707592,Petrol,Dealer,Manual
0.8378378378378386,600000,0.011438044174515433,Diesel,Dealer,Manual
0.7837837837837824,350000,0.02753662851584609,Diesel,Dealer,Manual
0.8648648648648631,245000,0.013556278956269466,Petrol,Dealer,Manual
0.8918918918918948,600000,0.023723805908688826,Diesel,Dealer,Manual
0.9189189189189193,2400000,0.012708985043567853,Diesel,Individual,Automatic
0.8378378378378386,620000,0.033891332861108195,Diesel,Dealer,Manual
0.8378378378378386,395000,0.0220292180832856,Petrol,Dealer,Manual
0.8378378378378386,635000,0.005612898524691839,Petrol,Dealer,Manual
0.7567567567567579,180000,0.015250866781672694,Petrol,Dealer,Manual
0.8648648648648631,484999,0.030925804166652544,Diesel,Dealer,Manual
0.567567567567572,110000,0.025418393734092055,Petrol,Individual,Manual
0.621621621621621,150000,0.025418393734092055,Petrol,Individual,Manual
0.7837837837837824,400000,0.046600741551632394,Diesel,Individual,Manual
0.7837837837837824,200000,0.02965486329760012,Diesel,Individual,Manual
0.8108108108108141,302000,0.025418393734092055,Diesel,Individual,Manual
0.7567567567567579,215000,0.03812780242461626,Diesel,Individual,Manual
0.567567567567572,155000,0.033891332861108195,Petrol,Individual,Manual
0.8378378378378386,1000000,0.04278791894447514,Diesel,Individual,Manual
0.9459459459459438,550000,0.018640042432479145,Diesel,Individual,Manual
0.621621621621621,200000,0.019063689388829953,Petrol,Individual,Manual
0.9189189189189193,750000,0.05083721111514047,Diesel,Individual,Manual
0.5945945945945965,90000,0.03812780242461626,Petrol,Individual,Manual
0.6486486486486527,80000,0.05083721111514047,Petrol,Individual,Manual
0.8108108108108141,229999,0.005718810263779541,Petrol,Individual,Manual
0.9189189189189193,350000,0.004236045916551717,Petrol,Individual,Manual
0.8648648648648631,325000,0.010590750261813818,Petrol,Individual,Manual
0.9459459459459438,450000,0.0036005754820255067,Petrol,Individual,Manual
0.7837837837837824,250000,0.05083721111514047,Diesel,Individual,Manual
0.7837837837837824,225000,0.05083721111514047,Diesel,Individual,Manual
0.7027027027027017,150000,0.03823201957587856,Petrol,Individual,Manual
0.6756756756756772,110000,0.03812780242461626,Petrol,Individual,Manual
0.7297297297297334,150000,0.01694545460707592,Petrol,Individual,Manual
0.45945945945945965,165000,0.025418393734092055,Petrol,Individual,Manual
0.9189189189189193,610000,0.013556278956269466,Diesel,Individual,Manual
0.8648648648648631,375000,0.030502157210301736,Diesel,Individual,Manual
0.8108108108108141,390000,0.03812780242461626,Diesel,Individual,Manual
0.9189189189189193,600000,0.004236045916551717,Petrol,Individual,Manual
0.8378378378378386,204999,0.010590750261813818,Petrol,Individual,Manual
0.7027027027027017,270000,0.033891332861108195,Diesel,Individual,Manual
0.9189189189189193,375000,0.004236045916551717,Petrol,Individual,Manual
1.0,700000,0.00046558800502953664,Petrol,Individual,Manual
0.9189189189189193,455000,0.01694545460707592,Petrol,Individual,Manual
0.9189189189189193,375000,0.004236045916551717,Petrol,Individual,Manual
0.8378378378378386,341000,0.013340642655486906,Petrol,Individual,Manual
0.8378378378378386,200000,0.04539038219733814,Diesel,Individual,Manual
0.9189189189189193,450000,0.006354280698305751,Petrol,Individual,Automatic
0.7837837837837824,170000,0.021181924170583986,Petrol,Individual,Manual
0.9189189189189193,1900000,0.04236427198812433,Diesel,Individual,Manual
0.8918918918918948,500000,0.025418393734092055,Diesel,Individual,Manual
0.8918918918918948,819999,0.03600956764286223,Diesel,Individual,Manual
0.8378378378378386,351000,0.01694545460707592,Petrol,Individual,Manual
0.6756756756756772,250000,0.03473862677380981,Diesel,Individual,Manual
0.6756756756756772,120000,0.02965486329760012,Petrol,Individual,Manual
0.7027027027027017,180000,0.02965486329760012,Petrol,Individual,Manual
0.8918918918918948,430000,0.008472515480059785,Diesel,Individual,Manual
0.7837837837837824,75000,0.014827219825321886,Petrol,Individual,Manual
0.9189189189189193,750000,0.033891332861108195,Diesel,Individual,Manual
0.7567567567567579,60000,0.01694545460707592,Petrol,Individual,Manual
0.8648648648648631,1500000,0.01966187889119729,Diesel,Individual,Manual
0.7567567567567579,390000,0.06354661980566467,Diesel,Individual,Manual
0.8918918918918948,630000,0.021181924170583986,Diesel,Individual,Manual
0.9459459459459438,1085000,0.006354280698305751,Diesel,Individual,Manual
0.7837837837837824,190000,0.025418393734092055,Petrol,Individual,Manual
0.9459459459459438,550000,0.010590750261813818,Petrol,Individual,Automatic
0.7837837837837824,200000,0.03812780242461626,Petrol,Individual,Manual
0.7567567567567579,165000,0.025418393734092055,Petrol,Individual,Manual
0.8108108108108141,260000,0.02753662851584609,Diesel,Individual,Manual
0.7567567567567579,151000,0.01694545460707592,Petrol,Individual,Manual
0.9459459459459438,780000,0.021181924170583986,Diesel,Individual,Manual
0.7837837837837824,175000,0.033891332861108195,Diesel,Individual,Manual
0.7297297297297334,170000,0.04554162416075538,Diesel,Dealer,Manual
0.8108108108108141,210000,0.057191915460402566,Diesel,Dealer,Manual
0.6486486486486527,90000,0.018566327862074104,Petrol,Dealer,Manual
0.8918918918918948,535000,0.023655175101759997,Petrol,Dealer,Manual
0.6486486486486527,195000,0.04782084478592272,Diesel,Dealer,Manual
0.7567567567567579,140000,0.03812780242461626,Diesel,Individual,Manual
0.7837837837837824,350000,0.01694545460707592,Petrol,Individual,Manual
0.8108108108108141,425000,0.027960275472196896,Petrol,Individual,Manual
0.9189189189189193,300000,0.012836079130473094,Petrol,Individual,Manual
0.8108108108108141,340000,0.03600956764286223,Diesel,Individual,Manual
0.7027027027027017,250000,0.03417051620534337,Petrol,Dealer,Manual
0.6756756756756772,170000,0.034452241431316664,Petrol,Dealer,Manual
0.8108108108108141,315000,0.054177243719010226,Diesel,Dealer,Manual
0.8648648648648631,200000,0.021181924170583986,Petrol,Individual,Manual
0.8918918918918948,300000,0.010590750261813818,Petrol,Individual,Manual
0.8648648648648631,300000,0.028280128924241754,Diesel,Dealer,Manual
0.8108108108108141,380000,0.052143738328526354,Petrol,Dealer,Manual
0.7027027027027017,250000,0.34171278769864805,Petrol,Dealer,Manual
0.7297297297297334,260000,0.021181924170583986,Petrol,Individual,Manual
0.6756756756756772,150000,0.021181924170583986,Petrol,Individual,Manual
0.621621621621621,85000,0.025418393734092055,Petrol,Individual,Manual
0.8648648648648631,280000,0.006354280698305751,Petrol,Individual,Manual
0.8918918918918948,850000,0.01694545460707592,Diesel,Individual,Manual
0.9189189189189193,375000,0.008472515480059785,Petrol,Individual,Manual
0.621621621621621,125000,0.05083721111514047,Diesel,Individual,Manual
0.7837837837837824,250000,0.046600741551632394,Diesel,Individual,Manual
0.8378378378378386,715000,0.09913296413913243,Diesel,Individual,Manual
0.7567567567567579,220000,0.02965486329760012,Diesel,Individual,Manual
0.7297297297297334,110000,0.046600741551632394,Diesel,Individual,Manual
0.6486486486486527,150000,0.03558592068651142,Petrol,Individual,Manual
0.7837837837837824,300000,0.0720195589326808,Diesel,Individual,Manual
0.9189189189189193,220000,0.01694545460707592,Petrol,Individual,Manual
0.621621621621621,75000,0.0406696841627211,Petrol,Individual,Manual
0.7027027027027017,100000,0.008472515480059785,Diesel,Individual,Manual
0.8918918918918948,380000,0.006354280698305751,Petrol,Individual,Manual
0.6486486486486527,100000,0.021181924170583986,Petrol,Individual,Manual
0.7297297297297334,480000,0.033891332861108195,Petrol,Individual,Manual
0.8108108108108141,190000,0.02965486329760012,Diesel,Individual,Manual
0.7837837837837824,190000,0.05507368067864853,Diesel,Individual,Manual
0.9189189189189193,650000,0.00805479958109789,Petrol,Dealer,Manual
0.7027027027027017,300000,0.009854451851676117,Petrol,Dealer,Manual
0.8918918918918948,700000,0.01253952626102753,Diesel,Dealer,Manual
0.8648648648648631,310000,0.015219093259946383,Petrol,Dealer,Manual
0.9459459459459438,500000,0.00508333982925333,Petrol,Individual,Manual
0.8108108108108141,415000,0.01727208641042239,Petrol,Dealer,Manual
0.8648648648648631,395000,0.012920808521743255,Petrol,Dealer,Automatic
0.8378378378378386,430000,0.01779274851977753,Petrol,Dealer,Manual
0.6486486486486527,215000,0.023639076517418665,Petrol,Dealer,Manual
0.8378378378378386,550000,0.028201330590360504,Diesel,Dealer,Manual
0.8378378378378386,415000,0.034466645427832586,Diesel,Dealer,Manual
0.8648648648648631,450000,0.03503306140847362,Diesel,Dealer,Manual
0.8378378378378386,285000,0.028931697943109295,Diesel,Dealer,Manual
0.8918918918918948,580000,0.013556278956269466,Petrol,Dealer,Automatic
0.8378378378378386,300000,0.08075558281959079,Diesel,Dealer,Manual
0.9459459459459438,1200000,0.025418393734092055,Diesel,Individual,Manual
0.621621621621621,78000,0.027409534428940847,Petrol,Individual,Manual
0.5135135135135158,65000,0.04236427198812433,Petrol,Individual,Manual
0.8918918918918948,400000,0.03747962258139953,Diesel,Individual,Manual
0.8918918918918948,850000,0.03177309807935416,Diesel,Individual,Manual
0.8108108108108141,450000,0.05083721111514047,Diesel,Individual,Manual
0.7837837837837824,2500000,0.014827219825321886,Diesel,Individual,Automatic
0.9189189189189193,3200000,0.024147452865039633,Diesel,Individual,Automatic
1.0,350000,0.000423223309394456,Petrol,Individual,Manual
0.8108108108108141,285000,0.05083721111514047,Diesel,Individual,Manual
0.8378378378378386,550000,0.03812780242461626,Diesel,Dealer,Manual
0.9459459459459438,580000,0.02965486329760012,Diesel,Individual,Manual
0.8108108108108141,75000,0.010590750261813818,Petrol,Individual,Manual
0.7027027027027017,185000,0.025418393734092055,Diesel,Individual,Manual
0.6486486486486527,110000,0.03812780242461626,Petrol,Individual,Manual
0.567567567567572,180000,0.084728967623205,Petrol,Individual,Manual
0.7297297297297334,350000,0.046600741551632394,Diesel,Individual,Manual
0.5945945945945965,60000,0.053379092853245304,Petrol,Individual,Manual
0.9459459459459438,695000,0.02965486329760012,Diesel,Individual,Manual
0.9729729729729755,2700000,0.0021178111347976833,Diesel,Individual,Automatic
0.6486486486486527,135000,0.03142697851601555,Petrol,Individual,Manual
0.8648648648648631,640000,0.02965486329760012,Diesel,Individual,Manual
0.8378378378378386,160000,0.03812780242461626,Petrol,Individual,Manual
0.567567567567572,80000,0.01948733634518076,Petrol,Individual,Manual
0.8108108108108141,340000,0.046600741551632394,Diesel,Individual,Manual
0.7837837837837824,110000,0.033891332861108195,Diesel,Individual,Manual
0.8108108108108141,250000,0.03812780242461626,Diesel,Individual,Manual
0.9189189189189193,1300000,0.02965486329760012,Diesel,Individual,Manual
0.8378378378378386,250000,0.0,Diesel,Individual,Manual
0.8108108108108141,240000,0.02965486329760012,Petrol,Individual,Manual
0.6486486486486527,225000,0.05083721111514047,Diesel,Individual,Manual
0.8648648648648631,275000,0.025418393734092055,Petrol,Individual,Manual
0.7837837837837824,320000,0.05083721111514047,Diesel,Individual,Manual
0.6756756756756772,75000,0.05083721111514047,Petrol,Individual,Manual
0.6486486486486527,85000,0.021181924170583986,Petrol,Individual,Manual
0.7027027027027017,90000,0.05083721111514047,Diesel,Individual,Manual
0.6486486486486527,85000,0.033891332861108195,Petrol,Individual,Manual
0.6756756756756772,350000,0.033891332861108195,Diesel,Individual,Manual
0.7027027027027017,355000,0.04236427198812433,Diesel,Individual,Automatic
1.0,619000,0.0006350467875698593,Petrol,Individual,Manual
0.9459459459459438,1700000,0.021181924170583986,Diesel,Individual,Manual
0.621621621621621,55000,0.04236427198812433,Diesel,Individual,Manual
0.621621621621621,95000,0.035336392629220795,Petrol,Individual,Manual
0.7567567567567579,300000,0.05083721111514047,Diesel,Individual,Manual
0.621621621621621,81000,0.035336392629220795,Petrol,Individual,Manual
0.8648648648648631,1000000,0.033891332861108195,Diesel,Individual,Automatic
0.9729729729729755,925000,0.021181924170583986,Diesel,Individual,Manual
0.8648648648648631,450000,0.01694545460707592,Diesel,Individual,Manual
0.8378378378378386,600000,0.005621371463818855,Diesel,Individual,Manual
0.621621621621621,85000,0.04236427198812433,Petrol,Individual,Automatic
0.8918918918918948,700000,0.021181924170583986,Diesel,Individual,Manual
0.9189189189189193,486000,0.01122622069634003,Petrol,Individual,Manual
0.8108108108108141,400000,0.03812780242461626,Diesel,Individual,Manual
0.6756756756756772,120000,0.04236427198812433,Petrol,Individual,Manual
0.9459459459459438,275000,0.014827219825321886,Petrol,Individual,Manual
0.8918918918918948,580000,0.024147452865039633,Diesel,Individual,Manual
0.8648648648648631,375000,0.02965486329760012,Petrol,Individual,Manual
0.8648648648648631,229999,0.04236427198812433,Petrol,Individual,Manual
0.7297297297297334,110000,0.037280508511914646,Petrol,Individual,Manual
0.9189189189189193,600000,0.025418393734092055,Diesel,Individual,Manual
0.7027027027027017,120000,0.032196745035704966,Petrol,Individual,Manual
0.7297297297297334,200000,0.04236427198812433,Diesel,Individual,Manual
0.7837837837837824,450000,0.046600741551632394,Diesel,Individual,Manual
0.7837837837837824,550000,0.033891332861108195,Diesel,Individual,Manual
0.7837837837837824,220000,0.033891332861108195,Petrol,Individual,Manual
0.4864864864864842,40000,0.012708985043567853,Petrol,Individual,Manual
0.9189189189189193,300000,0.008472515480059785,Petrol,Individual,Automatic
0.9459459459459438,630000,0.01694545460707592,Diesel,Individual,Manual
0.9189189189189193,610000,0.01694545460707592,Diesel,Individual,Manual
0.9729729729729755,660000,0.0029651050474992966,Petrol,Individual,Manual
0.7837837837837824,220000,0.033891332861108195,LPG,Individual,Manual
0.7567567567567579,138000,0.03812780242461626,Diesel,Individual,Manual
0.8108108108108141,210000,0.0058331949419942585,Diesel,Individual,Manual
0.5945945945945965,125000,0.014403572868971079,Petrol,Dealer,Manual
0.6756756756756772,125000,0.04321156590082594,Petrol,Dealer,Manual
0.8378378378378386,725000,0.046600741551632394,Diesel,Individual,Manual
0.7567567567567579,170000,0.03812780242461626,Petrol,Individual,Manual
0.8648648648648631,1200000,0.02965486329760012,Diesel,Individual,Manual
0.5405405405405403,70000,0.03812780242461626,Petrol,Individual,Manual
0.6486486486486527,100000,0.02965486329760012,Petrol,Individual,Manual
0.621621621621621,300000,0.033891332861108195,Petrol,Individual,Manual
0.8648648648648631,530000,0.04236427198812433,Diesel,Individual,Manual
0.6486486486486527,100000,0.06058109111120902,Petrol,Individual,Manual
0.7297297297297334,350000,0.048718976333386434,Petrol,Individual,Manual
0.7567567567567579,165000,0.04236427198812433,Diesel,Individual,Manual
0.9729729729729755,475000,0.05083721111514047,Diesel,Individual,Manual
0.8108108108108141,350000,0.01779274851977753,Diesel,Individual,Manual
0.8918918918918948,229999,0.016098160694374305,Petrol,Individual,Manual
0.9459459459459438,800000,0.014827219825321886,Diesel,Individual,Manual
0.8378378378378386,475000,0.05083721111514047,Diesel,Individual,Manual
0.8378378378378386,425000,0.0579993865592072,Diesel,Individual,Manual
0.8648648648648631,660000,0.04109333111907191,Diesel,Individual,Manual
0.9729729729729755,610000,0.004236045916551717,Petrol,Individual,Automatic
0.8108108108108141,240000,0.021181924170583986,Petrol,Individual,Manual
0.7567567567567579,550000,0.05083721111514047,Diesel,Individual,Manual
0.7297297297297334,100000,0.05083721111514047,Petrol,Individual,Manual
0.7297297297297334,350000,0.03812780242461626,Diesel,Individual,Manual
0.8108108108108141,200000,0.05083721111514047,Petrol,Individual,Manual
0.9729729729729755,720000,0.0012705172220960695,Petrol,Individual,Automatic
0.8378378378378386,350000,0.05634462154770095,Diesel,Individual,Manual
0.8918918918918948,400000,0.010590750261813818,Petrol,Individual,Manual
0.9189189189189193,570000,0.014827219825321886,Petrol,Individual,Manual
0.8648648648648631,130000,0.02965486329760012,Petrol,Individual,Manual
0.8918918918918948,210000,0.0220292180832856,Petrol,Individual,Manual
0.9459459459459438,800000,0.0220292180832856,Diesel,Individual,Manual
0.9189189189189193,700000,0.016521807650725112,Diesel,Individual,Manual
0.8378378378378386,495000,0.03812780242461626,Diesel,Individual,Manual
0.9729729729729755,650000,0.0033887520038501035,Petrol,Individual,Manual
0.45945945945945965,155000,0.021181924170583986,Diesel,Individual,Manual
0.6486486486486527,75000,0.03812780242461626,Petrol,Individual,Manual
0.8648648648648631,350000,0.02612080038772169,Diesel,Dealer,Manual
0.7297297297297334,90000,0.021181924170583986,Petrol,Individual,Manual
0.8918918918918948,600000,0.033891332861108195,Diesel,Individual,Manual
0.7297297297297334,400000,0.0783742632779429,Diesel,Individual,Manual
0.8378378378378386,370000,0.024147452865039633,Diesel,Individual,Manual
0.45945945945945965,50000,0.025418393734092055,Petrol,Individual,Manual
0.567567567567572,125000,0.05083721111514047,Petrol,Individual,Manual
0.9459459459459438,1800000,0.011014397218164626,Diesel,Individual,Automatic
0.9729729729729755,650000,0.008472515480059785,Petrol,Individual,Automatic
0.9189189189189193,800000,0.012963173217378337,Petrol,Individual,Automatic
1.0,802000,0.0021178111347976833,Petrol,Individual,Manual
0.8648648648648631,2300000,0.014827219825321886,Diesel,Individual,Automatic
0.8918918918918948,430000,0.014827219825321886,Diesel,Individual,Manual
0.7567567567567579,450000,0.09955661109548325,Diesel,Individual,Automatic
0.8108108108108141,250000,0.03685686155556384,Petrol,Individual,Manual
0.8378378378378386,550000,0.030502157210301736,Petrol,Individual,Manual
0.6486486486486527,140000,0.04236427198812433,Petrol,Individual,Manual
0.7837837837837824,287000,0.02965486329760012,Diesel,Individual,Manual
0.8918918918918948,675000,0.025418393734092055,Diesel,Individual,Manual
0.7567567567567579,235000,0.03156127460117875,Petrol,Individual,Manual
0.8648648648648631,434999,0.01694545460707592,Petrol,Individual,Automatic
0.567567567567572,225000,0.0947524546104651,Diesel,Individual,Automatic
0.621621621621621,160000,0.0593101502421566,Petrol,Individual,Manual
1.0,600000,0.0021178111347976833,Petrol,Individual,Manual
0.8918918918918948,470000,0.04236427198812433,Diesel,Individual,Manual
0.7567567567567579,300000,0.04236427198812433,Petrol,Individual,Manual
0.9459459459459438,600000,0.0008468702657452627,Petrol,Individual,Manual
1.0,640000,0.0016941641784468764,Petrol,Individual,Automatic
0.621621621621621,50000,0.05083721111514047,Diesel,Individual,Manual
0.8648648648648631,600000,0.014827219825321886,Petrol,Individual,Manual
0.8378378378378386,290000,0.012285338087217046,LPG,Individual,Manual
0.8648648648648631,600000,0.012708985043567853,Petrol,Individual,Manual
0.7837837837837824,190000,0.05083721111514047,Diesel,Individual,Manual
0.9189189189189193,325000,0.006354280698305751,Petrol,Individual,Manual
0.621621621621621,200000,0.03124608126565375,Diesel,Individual,Manual
0.9459459459459438,2800000,0.01694545460707592,Diesel,Individual,Automatic
0.7567567567567579,125000,0.025418393734092055,Petrol,Individual,Manual
0.6756756756756772,155000,0.025418393734092055,Petrol,Individual,Manual
0.8648648648648631,550000,0.03812780242461626,Diesel,Individual,Manual
0.7027027027027017,130000,0.02965486329760012,Petrol,Individual,Manual
0.5135135135135158,80000,0.02965486329760012,Petrol,Individual,Manual
0.8648648648648631,500000,0.033891332861108195,Diesel,Individual,Manual
0.9729729729729755,250000,0.011438044174515433,Petrol,Individual,Manual
0.7837837837837824,580000,0.02965486329760012,Diesel,Individual,Manual
0.5135135135135158,60000,0.021181924170583986,Petrol,Individual,Manual
0.7837837837837824,300000,0.0783742632779429,Diesel,Individual,Manual
0.8378378378378386,200000,0.03812780242461626,Diesel,Individual,Manual
0.9189189189189193,1200000,0.00694738643719688,Diesel,Individual,Manual
0.8648648648648631,350000,0.033891332861108195,Diesel,Individual,Manual
0.7837837837837824,600000,0.033891332861108195,Diesel,Individual,Manual
0.9729729729729755,650000,0.0016941641784468764,Petrol,Individual,Manual
0.6756756756756772,120000,0.01694545460707592,Petrol,Individual,Manual
0.7297297297297334,180000,0.05083721111514047,Diesel,Individual,Manual
0.9459459459459438,950000,0.017536442111185293,Petrol,Individual,Automatic
0.7837837837837824,250999,0.014827219825321886,Diesel,Individual,Manual
0.7837837837837824,385000,0.0220292180832856,Diesel,Dealer,Manual
0.7027027027027017,1250000,0.019910983301531567,Diesel,Dealer,Automatic
0.8108108108108141,165000,0.021181924170583986,Petrol,Individual,Manual
0.8648648648648631,700000,0.02033463025788237,Petrol,Dealer,Manual
0.8648648648648631,750000,0.022452865039636408,Diesel,Dealer,Manual
0.6756756756756772,89999,0.0902363780557655,Diesel,Individual,Manual
0.9459459459459438,290000,0.006354280698305751,Petrol,Dealer,Automatic
0.8378378378378386,45000,0.0029651050474992966,Petrol,Individual,Manual
0.8108108108108141,675000,0.037280508511914646,Diesel,Dealer,Automatic
0.8648648648648631,530000,0.02330015895233802,Diesel,Dealer,Manual
0.8378378378378386,1485000,0.02033463025788237,Diesel,Dealer,Automatic
0.8378378378378386,325000,0.03008444131133984,Diesel,Dealer,Manual
0.8648648648648631,400000,0.025418393734092055,Diesel,Dealer,Manual
0.9189189189189193,380000,0.03007851025395093,Diesel,Dealer,Manual
0.8918918918918948,750000,0.019063689388829953,Petrol,Dealer,Automatic
0.7027027027027017,110000,0.008472515480059785,Petrol,Individual,Manual
0.9729729729729755,1825000,0.005930633741954944,Diesel,Dealer,Manual
0.9729729729729755,3256000,0.007201574611007364,Diesel,Dealer,Automatic
0.8648648648648631,370000,0.025418393734092055,Diesel,Dealer,Manual
0.8108108108108141,210000,0.033891332861108195,Diesel,Individual,Manual
0.6486486486486527,175000,0.07667967545253968,Diesel,Individual,Manual
0.7837837837837824,575000,0.0379371612942584,Diesel,Individual,Manual
0.7297297297297334,320000,0.03812780242461626,Diesel,Individual,Manual
0.8108108108108141,500000,0.08049249805969694,Diesel,Individual,Manual
0.8108108108108141,380000,0.03516227373016061,Diesel,Dealer,Manual
0.5945945945945965,120000,0.008472515480059785,Petrol,Individual,Manual
0.9459459459459438,395000,0.008472515480059785,Petrol,Individual,Manual
0.7297297297297334,360000,0.06778308936917274,Diesel,Individual,Manual
0.8648648648648631,451000,0.04236427198812433,Diesel,Individual,Manual
0.7297297297297334,175000,0.019063689388829953,Petrol,Individual,Manual
0.7027027027027017,170000,0.018978959997559792,Petrol,Individual,Manual
0.621621621621621,100000,0.01694545460707592,Petrol,Individual,Manual
0.8378378378378386,150000,0.05083721111514047,Petrol,Individual,Manual
0.7567567567567579,149000,0.004236045916551717,Diesel,Individual,Manual
0.7567567567567579,160000,0.033891332861108195,Diesel,Individual,Manual
0.9459459459459438,434999,0.004236045916551717,Petrol,Individual,Manual
0.8378378378378386,800000,0.06608850154376951,Diesel,Individual,Manual
0.7297297297297334,819999,0.05083721111514047,Diesel,Individual,Manual
0.6486486486486527,163000,0.04236427198812433,Petrol,Individual,Manual
0.4864864864864842,350000,0.04236427198812433,Diesel,Individual,Manual
0.621621621621621,75000,0.04236427198812433,Petrol,Individual,Manual
0.7837837837837824,180000,0.025418393734092055,Petrol,Individual,Manual
0.9189189189189193,675000,0.012708985043567853,Diesel,Individual,Manual
0.8108108108108141,400000,0.0720195589326808,Diesel,Individual,Manual
0.8108108108108141,434999,0.04236427198812433,Diesel,Individual,Manual
0.621621621621621,100000,0.046600741551632394,Petrol,Individual,Manual
0.8648648648648631,419000,0.0720195589326808,Diesel,Individual,Manual
0.7027027027027017,200000,0.04236427198812433,Petrol,Individual,Manual
0.8378378378378386,400000,0.014827219825321886,Diesel,Individual,Manual
0.9459459459459438,790000,0.01694545460707592,Diesel,Individual,Manual
0.8648648648648631,500000,0.03812780242461626,Diesel,Individual,Manual
0.7837837837837824,275000,0.05083721111514047,Diesel,Individual,Manual
0.7837837837837824,450000,0.05083721111514047,Diesel,Individual,Manual
1.0,1400000,0.010590750261813818,Diesel,Dealer,Manual
0.8648648648648631,800000,0.006354280698305751,Diesel,Individual,Manual
0.8918918918918948,585000,0.021605571126934793,Diesel,Dealer,Manual
0.8378378378378386,350000,0.012708985043567853,Petrol,Individual,Manual
0.8378378378378386,495000,0.033891332861108195,Diesel,Dealer,Manual
0.9189189189189193,500000,0.021181924170583986,Petrol,Individual,Manual
0.8648648648648631,500000,0.004236045916551717,Petrol,Individual,Manual
0.8918918918918948,360000,0.013979925912620273,Petrol,Dealer,Manual
0.7297297297297334,210000,0.010590750261813818,Petrol,Individual,Manual
0.8378378378378386,220000,0.027960275472196896,Petrol,Dealer,Manual
0.7027027027027017,250000,0.02033463025788237,Petrol,Individual,Manual
0.8918918918918948,990000,0.06185203198026144,Diesel,Dealer,Manual
0.8108108108108141,220000,0.04236427198812433,Diesel,Individual,Manual
0.7837837837837824,1800000,0.021181924170583986,Diesel,Individual,Automatic
0.8378378378378386,530000,0.021181924170583986,Petrol,Individual,Manual
0.8918918918918948,575000,0.021181924170583986,Diesel,Individual,Manual
0.7837837837837824,400000,0.041940625031773524,Diesel,Dealer,Manual
0.8918918918918948,680000,0.021181924170583986,Diesel,Individual,Manual
0.8378378378378386,1000000,0.033891332861108195,Diesel,Individual,Automatic
0.8918918918918948,260000,0.019063689388829953,Petrol,Individual,Manual
0.7297297297297334,150000,0.021181924170583986,Petrol,Individual,Manual
0.6756756756756772,180000,0.02965486329760012,Petrol,Individual,Manual
0.8378378378378386,346000,0.015893115567500515,Diesel,Individual,Manual
0.8648648648648631,450000,0.008472515480059785,Diesel,Individual,Manual
0.9729729729729755,500000,0.0021178111347976833,Petrol,Individual,Manual
0.9729729729729755,700000,0.0033887520038501035,Diesel,Individual,Manual
0.9729729729729755,280000,0.010963559583402529,Petrol,Individual,Manual
0.9729729729729755,475000,0.004236045916551717,Petrol,Individual,Automatic
0.7027027027027017,300000,0.021181924170583986,Diesel,Individual,Manual
0.8378378378378386,200999,0.01694545460707592,Petrol,Individual,Manual
0.7027027027027017,200000,0.04236427198812433,Diesel,Individual,Manual
0.7027027027027017,210000,0.033891332861108195,Petrol,Individual,Manual
0.7837837837837824,160000,0.046600741551632394,Diesel,Individual,Manual
0.7027027027027017,175000,0.05761556241675337,Diesel,Individual,Manual
0.7837837837837824,320000,0.033891332861108195,Diesel,Individual,Manual
0.7027027027027017,110000,0.021181924170583986,Petrol,Individual,Manual
0.7837837837837824,700000,0.004236045916551717,Petrol,Individual,Manual
0.7027027027027017,135000,0.03812780242461626,Diesel,Individual,Manual
0.8648648648648631,500000,0.046600741551632394,Diesel,Individual,Manual
0.7837837837837824,550000,0.05083721111514047,Diesel,Individual,Manual
0.8378378378378386,1050000,0.03812780242461626,Diesel,Individual,Manual
0.8918918918918948,500000,0.008472515480059785,Petrol,Individual,Manual
0.7567567567567579,180000,0.03812780242461626,Diesel,Individual,Manual
0.7297297297297334,170000,0.021181924170583986,Petrol,Individual,Manual
0.9729729729729755,484999,0.0038123989602009104,Petrol,Individual,Manual
0.7567567567567579,150000,0.02965486329760012,Petrol,Individual,Manual
0.9459459459459438,380000,0.010590750261813818,Petrol,Individual,Manual
0.9729729729729755,480000,0.004236045916551717,Petrol,Individual,Manual
0.7027027027027017,135000,0.03812780242461626,Diesel,Individual,Manual
0.7567567567567579,290000,0.025418393734092055,Diesel,Individual,Manual
0.8108108108108141,350000,0.02965486329760012,Petrol,Individual,Manual
0.8378378378378386,110000,0.010590750261813818,Petrol,Individual,Manual
0.5405405405405403,70000,0.033891332861108195,Petrol,Individual,Manual
0.7567567567567579,300000,0.02965486329760012,Petrol,Individual,Automatic
0.9189189189189193,180000,0.025418393734092055,Petrol,Individual,Manual
1.0,300000,0.008472515480059785,Petrol,Individual,Manual
0.9189189189189193,509000,0.025418393734092055,Petrol,Individual,Manual
0.8918918918918948,650000,0.033891332861108195,Diesel,Individual,Manual
0.8648648648648631,450000,0.02965486329760012,Diesel,Individual,Manual
0.4324324324324351,170000,0.0008553432048722788,Diesel,Individual,Manual
0.6486486486486527,210000,0.04236427198812433,Diesel,Individual,Manual
0.8108108108108141,360000,0.033891332861108195,Diesel,Individual,Manual
0.7567567567567579,495000,0.05083721111514047,Diesel,Individual,Manual
0.621621621621621,105000,0.04236427198812433,Petrol,Individual,Manual
0.7297297297297334,270000,0.025418393734092055,Petrol,Individual,Manual
0.7297297297297334,130000,0.046600741551632394,Petrol,Individual,Manual
0.8378378378378386,700000,0.03812780242461626,Diesel,Individual,Manual
0.7837837837837824,400000,0.01694545460707592,Diesel,Individual,Manual
0.7027027027027017,250000,0.025418393734092055,Petrol,Individual,Manual
0.8108108108108141,325000,0.03982239025001949,Diesel,Individual,Manual
0.9459459459459438,1380000,0.010590750261813818,Diesel,Individual,Manual
0.6486486486486527,90000,0.03812780242461626,Petrol,Individual,Manual
0.8918918918918948,1000000,0.01694545460707592,Diesel,Individual,Manual
0.7297297297297334,145000,0.03812780242461626,CNG,Individual,Manual
1.0,250000,0.00046558800502953664,Petrol,Individual,Manual
0.7567567567567579,256000,0.02965486329760012,Diesel,Individual,Manual
0.5945945945945965,70000,0.05083721111514047,Diesel,Individual,Manual
0.45945945945945965,50000,0.03749233199009005,Petrol,Individual,Manual
0.8918918918918948,240000,0.02965486329760012,Petrol,Individual,Manual
0.7297297297297334,97000,0.05422638676594692,Petrol,Individual,Manual
0.7837837837837824,130000,0.05083721111514047,Diesel,Individual,Manual
0.7027027027027017,199000,0.022256292851889632,Petrol,Individual,Manual
0.621621621621621,125000,0.02965486329760012,Petrol,Individual,Automatic
0.8648648648648631,420000,0.025418393734092055,Diesel,Individual,Manual
0.8918918918918948,525000,0.046600741551632394,Diesel,Individual,Manual
0.6756756756756772,125000,0.03600956764286223,Petrol,Individual,Manual
0.7837837837837824,330000,0.03643321459921303,Diesel,Individual,Manual
0.7297297297297334,110000,0.021181924170583986,Petrol,Individual,Manual
0.9729729729729755,450000,0.0008256879179277224,Petrol,Individual,Manual
0.5945945945945965,85000,0.050159375984979174,Petrol,Individual,Manual
0.6486486486486527,229999,0.02965486329760012,Petrol,Individual,Manual
0.7837837837837824,250000,0.025418393734092055,Petrol,Individual,Manual
0.9189189189189193,600000,0.01970212535205062,Diesel,Trustmark Dealer,Manual
0.9189189189189193,650000,0.0027448086301968774,Petrol,Trustmark Dealer,Manual
0.9189189189189193,750000,0.013588899771908478,Diesel,Trustmark Dealer,Manual
0.9459459459459438,850000,0.008094198748038515,Petrol,Trustmark Dealer,Manual
0.9189189189189193,315000,0.0078239119898867,Petrol,Trustmark Dealer,Manual
0.8648648648648631,415000,0.011953622520394364,Petrol,Trustmark Dealer,Manual
0.8918918918918948,640000,0.03083556736494982,Diesel,Trustmark Dealer,Manual
0.9189189189189193,780000,0.01315932175816876,Petrol,Trustmark Dealer,Manual
0.9189189189189193,2595000,0.03373924360377825,Diesel,Trustmark Dealer,Automatic
0.8648648648648631,850000,0.024864263515185198,Diesel,Trustmark Dealer,Manual
0.8648648648648631,900000,0.023208651209766246,Diesel,Trustmark Dealer,Manual
0.8918918918918948,1150000,0.027179070484686006,Petrol,Trustmark Dealer,Manual
0.6486486486486527,75000,0.022876511995987215,Petrol,Individual,Manual
0.7837837837837824,215000,0.04109333111907191,Diesel,Individual,Manual
0.7027027027027017,130000,0.05083721111514047,Petrol,Individual,Automatic
0.9729729729729755,400000,0.006777927654656558,Petrol,Individual,Automatic
0.9729729729729755,550000,0.025418393734092055,Petrol,Individual,Automatic
0.8918918918918948,245000,0.0220292180832856,Petrol,Dealer,Manual
0.7297297297297334,320000,0.046600741551632394,Diesel,Individual,Manual
0.5945945945945965,120000,0.04236427198812433,Petrol,Individual,Manual
0.9189189189189193,950000,0.014827219825321886,Petrol,Individual,Manual
0.9189189189189193,350000,0.02033463025788237,Petrol,Individual,Manual
0.5945945945945965,100000,0.008472515480059785,Petrol,Individual,Manual
0.9189189189189193,350000,0.012708985043567853,Petrol,Individual,Manual
0.5945945945945965,80000,0.01694545460707592,Petrol,Individual,Manual
0.8108108108108141,370000,0.025418393734092055,Petrol,Individual,Manual
0.7837837837837824,160000,0.02965486329760012,Petrol,Individual,Manual
0.7027027027027017,130000,0.05083721111514047,Diesel,Individual,Manual
0.8918918918918948,250000,0.012708985043567853,Petrol,Individual,Manual
0.7837837837837824,270000,0.033891332861108195,Diesel,Individual,Manual
0.9729729729729755,2600000,0.004024222438376314,Diesel,Individual,Automatic
0.8108108108108141,160000,0.033891332861108195,Petrol,Individual,Manual
0.8918918918918948,229999,0.033891332861108195,Petrol,Individual,Manual
0.9189189189189193,750000,0.012285338087217046,Diesel,Individual,Manual
0.7567567567567579,195000,0.05083721111514047,Diesel,Individual,Manual
0.8648648648648631,320000,0.025418393734092055,Petrol,Individual,Manual
0.9459459459459438,1100000,0.008472515480059785,Diesel,Individual,Manual
0.8918918918918948,270000,0.009319809392761398,Petrol,Individual,Manual
0.7837837837837824,300000,0.021181924170583986,Petrol,Individual,Manual
0.7837837837837824,200000,0.021181924170583986,Diesel,Individual,Manual
0.6486486486486527,120000,0.03447003460348339,Petrol,Individual,Manual
0.621621621621621,95000,0.046600741551632394,Petrol,Individual,Manual
0.8108108108108141,400000,0.04236427198812433,Petrol,Individual,Manual
0.621621621621621,229999,0.1270936632582857,Diesel,Individual,Manual
0.8918918918918948,430000,0.008472515480059785,Diesel,Individual,Manual
0.7837837837837824,300000,0.03812780242461626,Diesel,Individual,Manual
0.8108108108108141,350000,0.02965486329760012,Petrol,Individual,Manual
0.8108108108108141,450000,0.05083721111514047,Diesel,Individual,Manual
0.8918918918918948,200000,0.022452865039636408,Petrol,Individual,Manual
0.9189189189189193,250000,0.012708985043567853,Petrol,Individual,Manual
0.7837837837837824,368000,0.03812780242461626,Petrol,Individual,Manual
0.7837837837837824,368000,0.03812780242461626,Petrol,Individual,Manual
0.8378378378378386,650000,0.1033694337026405,Diesel,Individual,Manual
0.37837837837837895,150000,0.05083721111514047,Diesel,Individual,Manual
0.7837837837837824,180000,0.025418393734092055,LPG,Individual,Manual
0.9189189189189193,525000,0.006354280698305751,Petrol,Individual,Manual
0.9459459459459438,850000,0.012708985043567853,Diesel,Individual,Manual
0.7567567567567579,350000,0.13217742673449537,Diesel,Individual,Manual
0.6486486486486527,75000,0.022876511995987215,Petrol,Individual,Manual
0.5945945945945965,160000,0.028383922428547703,Petrol,Individual,Manual
0.9189189189189193,500000,0.01694545460707592,Diesel,Individual,Manual
0.8648648648648631,350000,0.04236427198812433,Diesel,Individual,Manual
0.5945945945945965,70000,0.033891332861108195,Petrol,Individual,Manual
0.8378378378378386,750000,0.06142838502391063,Diesel,Individual,Manual
0.8648648648648631,430000,0.030925804166652544,Diesel,Individual,Manual
0.7567567567567579,260000,0.03812780242461626,Diesel,Individual,Manual
0.7567567567567579,229999,0.04236427198812433,CNG,Individual,Manual
0.8108108108108141,700000,0.084728967623205,Diesel,Individual,Manual
1.0,545000,0.0030921991344045386,Petrol,Individual,Manual
0.9189189189189193,200000,0.012708985043567853,Petrol,Individual,Manual
0.8648648648648631,500000,0.05083721111514047,Diesel,Individual,Manual
0.6756756756756772,70000,0.03812780242461626,Petrol,Individual,Manual
0.8108108108108141,580000,0.010590750261813818,Diesel,Individual,Manual
0.7837837837837824,160000,0.02965486329760012,CNG,Individual,Manual
0.9459459459459438,450000,0.0025414580911484897,Petrol,Individual,Manual
0.7297297297297334,160000,0.015250866781672694,Petrol,Individual,Manual
0.8918918918918948,760000,0.02075827721423318,Diesel,Individual,Manual
0.8648648648648631,300000,0.009319809392761398,Petrol,Individual,Manual
0.4054054054054035,50000,0.014827219825321886,LPG,Individual,Manual
0.9729729729729755,800000,0.010167103305463011,Diesel,Individual,Manual
0.9459459459459438,680000,0.008472515480059785,Diesel,Individual,Manual
0.7027027027027017,85000,0.021181924170583986,LPG,Individual,Manual
0.8918918918918948,1300000,0.02965486329760012,Diesel,Individual,Manual
0.8918918918918948,500000,0.025418393734092055,Petrol,Individual,Manual
0.8648648648648631,3500000,0.014827219825321886,Diesel,Individual,Automatic
0.6756756756756772,145000,0.025418393734092055,Petrol,Individual,Manual
0.9189189189189193,600000,0.025418393734092055,Diesel,Individual,Manual
0.8648648648648631,400000,0.02965486329760012,Petrol,Individual,Manual
0.6486486486486527,130000,0.057191915460402566,Petrol,Individual,Manual
0.4864864864864842,45000,0.03073050291977482,Petrol,Individual,Manual
0.9189189189189193,641000,0.010590750261813818,Petrol,Individual,Manual
0.8648648648648631,650000,0.021181924170583986,Diesel,Individual,Manual
1.0,784000,4.2364695635080676e-05,Diesel,Dealer,Manual
1.0,635000,4.2364695635080676e-05,Petrol,Dealer,Manual
1.0,1000000,4.2364695635080676e-05,Diesel,Dealer,Manual
0.8108108108108141,324000,0.012708985043567853,Petrol,Individual,Manual
0.9459459459459438,200000,0.014827219825321886,Petrol,Individual,Manual
0.8648648648648631,320000,0.025418393734092055,Diesel,Individual,Manual
0.8648648648648631,300000,0.008684338958235189,Petrol,Individual,Manual
0.8108108108108141,180000,0.084728967623205,Diesel,Individual,Manual
0.6756756756756772,500000,0.06524120763106789,Diesel,Individual,Manual
0.7027027027027017,125000,0.021181924170583986,Petrol,Individual,Manual
0.8648648648648631,800000,0.057191915460402566,Diesel,Individual,Manual
0.7027027027027017,420000,0.04236427198812433,Diesel,Individual,Manual
0.9189189189189193,875000,0.01694545460707592,Diesel,Individual,Manual
0.8378378378378386,580000,0.02965486329760012,Diesel,Individual,Manual
0.7567567567567579,350000,0.05634462154770095,Diesel,Individual,Manual
0.567567567567572,120000,0.046600741551632394,Petrol,Individual,Manual
0.8108108108108141,150000,0.07625602849618887,Diesel,Individual,Manual
0.8378378378378386,400000,0.006354280698305751,Petrol,Individual,Automatic
0.5945945945945965,250000,0.02965486329760012,Petrol,Individual,Manual
0.6756756756756772,120000,0.017675398312868358,Petrol,Individual,Manual
0.7297297297297334,250000,0.02965486329760012,Petrol,Individual,Manual
0.7837837837837824,175000,0.008472515480059785,Petrol,Individual,Manual
0.8108108108108141,450000,0.000423223309394456,Diesel,Dealer,Manual
0.9459459459459438,590000,0.011162673652887407,Diesel,Dealer,Manual
0.8648648648648631,225000,0.029123186367379858,Diesel,Dealer,Manual
0.8918918918918948,900000,0.019910983301531567,Diesel,Individual,Manual
0.9189189189189193,375000,0.011560478144900816,Petrol,Dealer,Automatic
0.8918918918918948,320000,0.010447557590567246,Petrol,Dealer,Manual
0.8108108108108141,525000,0.015674513738023498,Diesel,Dealer,Manual
0.8378378378378386,650000,0.011965484635172186,Diesel,Dealer,Manual
0.9189189189189193,575000,0.011440162409297187,Diesel,Dealer,Manual
0.8378378378378386,355000,0.016617975509816744,Petrol,Dealer,Manual
0.8918918918918948,470000,0.013288110432899406,Diesel,Dealer,Manual
0.6756756756756772,221000,0.014830609000972692,Petrol,Dealer,Manual
0.7027027027027017,195000,0.011440162409297187,Petrol,Dealer,Manual
0.567567567567572,90000,0.04236639022290608,Petrol,Dealer,Manual
0.8108108108108141,580000,0.019175532185306564,Diesel,Dealer,Manual
0.8378378378378386,325000,0.016561206817665736,Petrol,Dealer,Manual
0.8108108108108141,495000,0.019165788305310495,Petrol,Dealer,Manual
0.9459459459459438,375000,0.0011726547751790331,Petrol,Dealer,Manual
0.7567567567567579,211000,0.018270622286541242,Diesel,Dealer,Manual
0.7297297297297334,270000,0.046600741551632394,Petrol,Individual,Manual
0.567567567567572,70000,0.021181924170583986,Petrol,Individual,Manual
0.7297297297297334,225000,0.025418393734092055,Petrol,Individual,Manual
0.8378378378378386,420000,0.02965486329760012,Diesel,Individual,Manual
0.8648648648648631,280000,0.009427839366630855,Petrol,Individual,Manual
0.8108108108108141,400000,0.02508498357944397,Petrol,Individual,Manual
0.8648648648648631,850000,0.02330015895233802,Diesel,Individual,Manual
0.7567567567567579,550000,0.033891332861108195,Diesel,Individual,Manual
0.7567567567567579,550000,0.033891332861108195,Diesel,Individual,Manual
0.8378378378378386,350000,0.0720195589326808,Diesel,Individual,Manual
0.7567567567567579,350000,0.0720195589326808,Diesel,Individual,Manual
0.6486486486486527,170000,0.02965486329760012,Petrol,Individual,Manual
1.0,828999,0.00042745977895796404,Petrol,Dealer,Manual
1.0,1119000,0.00042745977895796404,Petrol,Dealer,Manual
1.0,746000,0.00047024812154939554,Petrol,Dealer,Manual
1.0,1030000,0.00042745977895796404,Petrol,Dealer,Manual
1.0,1334000,0.00042745977895796404,Diesel,Dealer,Manual
1.0,811999,0.00042745977895796404,Petrol,Dealer,Manual
1.0,1331000,0.00042745977895796404,Diesel,Dealer,Manual
1.0,852000,0.00042745977895796404,Petrol,Dealer,Manual
0.621621621621621,45000,0.05083721111514047,Diesel,Individual,Manual
0.8108108108108141,430000,0.02965486329760012,Diesel,Individual,Manual
0.7567567567567579,140000,0.025418393734092055,Diesel,Individual,Manual
0.8648648648648631,830000,0.02965486329760012,Diesel,Individual,Manual
0.7027027027027017,409999,0.046600741551632394,Diesel,Individual,Manual
0.7837837837837824,190000,0.033891332861108195,Diesel,Individual,Manual
0.6486486486486527,200000,0.033891332861108195,Petrol,Individual,Manual
0.9729729729729755,850000,0.021181924170583986,Diesel,Individual,Manual
0.7567567567567579,95000,0.048718976333386434,Diesel,Individual,Manual
0.8108108108108141,213000,0.033891332861108195,Petrol,Individual,Manual
0.9459459459459438,660000,0.010590750261813818,Diesel,Individual,Manual
0.9189189189189193,415000,0.0207434495707609,Petrol,Dealer,Manual
0.9729729729729755,1100000,0.002188136529551917,Petrol,Dealer,Manual
0.7837837837837824,650000,0.0323196026530467,Diesel,Dealer,Manual
0.8918918918918948,969999,0.02965486329760012,Diesel,Individual,Automatic
0.8918918918918948,1250000,0.014827219825321886,Diesel,Individual,Manual
0.9189189189189193,715000,0.010590750261813818,Diesel,Individual,Automatic
0.9189189189189193,715000,0.010590750261813818,Diesel,Individual,Automatic
0.8918918918918948,565000,0.019910983301531567,Diesel,Dealer,Manual
0.6486486486486527,199000,0.033370670751753054,Diesel,Dealer,Manual
0.7297297297297334,325000,0.03361892786817462,Diesel,Dealer,Manual
0.7837837837837824,409999,0.011861691130866239,Diesel,Individual,Manual
0.7837837837837824,500000,0.030502157210301736,Diesel,Dealer,Automatic
0.7567567567567579,225000,0.03250854919557916,Diesel,Dealer,Manual
0.6486486486486527,135000,0.02965486329760012,Petrol,Individual,Manual
0.7837837837837824,750000,0.033891332861108195,Diesel,Individual,Automatic
0.7027027027027017,155000,0.025418393734092055,LPG,Individual,Manual
0.7837837837837824,335000,0.03262039199205577,Diesel,Dealer,Manual
0.5945945945945965,114999,0.039248348624164146,Diesel,Dealer,Manual
0.6486486486486527,699000,0.04314759521041697,Diesel,Dealer,Manual
0.567567567567572,110000,0.05083721111514047,Diesel,Individual,Manual
0.7837837837837824,300000,0.033891332861108195,Petrol,Individual,Manual
0.8378378378378386,700000,0.02965486329760012,Diesel,Individual,Manual
0.9189189189189193,700000,0.05083721111514047,Diesel,Individual,Manual
0.8108108108108141,210000,0.01779274851977753,Petrol,Individual,Manual
0.7837837837837824,600000,0.05083721111514047,Diesel,Individual,Manual
0.7027027027027017,70000,0.025418393734092055,Petrol,Individual,Manual
0.9459459459459438,950000,0.02965486329760012,Diesel,Individual,Manual
0.8378378378378386,800000,0.008472515480059785,Diesel,Individual,Manual
0.7837837837837824,700000,0.05083721111514047,Diesel,Individual,Manual
0.8918918918918948,265000,0.01694545460707592,Petrol,Individual,Manual
0.7567567567567579,175000,0.03812780242461626,Diesel,Individual,Manual
0.8108108108108141,950000,0.033891332861108195,Diesel,Individual,Manual
0.7027027027027017,250000,0.084728967623205,Diesel,Individual,Manual
0.8648648648648631,630000,0.021181924170583986,Diesel,Individual,Manual
0.7837837837837824,35000,0.014827219825321886,Petrol,Individual,Manual
0.8108108108108141,450000,0.000423223309394456,Diesel,Dealer,Manual
0.9459459459459438,3800000,0.004236045916551717,Diesel,Dealer,Automatic
0.8108108108108141,1580000,0.03643321459921303,Diesel,Dealer,Automatic
0.9729729729729755,4950000,0.012708985043567853,Diesel,Dealer,Automatic
0.8918918918918948,535000,0.022283406257096083,Diesel,Individual,Manual
0.7837837837837824,225000,0.046600741551632394,Petrol,Individual,Manual
0.9189189189189193,550000,0.008425914314861196,Petrol,Dealer,Automatic
0.8918918918918948,670000,0.003009164330959781,Petrol,Trustmark Dealer,Manual
0.8648648648648631,625000,0.005048600778832565,Petrol,Trustmark Dealer,Manual
0.9189189189189193,520000,0.004452105864290628,Petrol,Dealer,Automatic
0.8918918918918948,239000,0.017369101563426727,Petrol,Dealer,Manual
0.9189189189189193,2600000,0.019979614108460397,Diesel,Trustmark Dealer,Automatic
0.8648648648648631,750000,0.019476321524315637,Diesel,Trustmark Dealer,Manual
0.7837837837837824,229999,0.021107362306266246,Petrol,Dealer,Manual
0.8108108108108141,1300000,0.024782923299565843,Diesel,Dealer,Automatic
0.5945945945945965,80000,0.023969521143372294,Petrol,Dealer,Manual
0.7837837837837824,385000,0.0220292180832856,Diesel,Dealer,Manual
0.8648648648648631,760000,0.023444198917497293,Petrol,Trustmark Dealer,Manual
0.9189189189189193,600000,0.01970212535205062,Diesel,Trustmark Dealer,Manual
0.8378378378378386,330000,0.084728967623205,Diesel,Individual,Manual
0.7027027027027017,150000,0.05083721111514047,Petrol,Individual,Manual
0.6756756756756772,105000,0.03812780242461626,Diesel,Individual,Manual
0.8108108108108141,185000,0.02753662851584609,Diesel,Individual,Manual
0.8378378378378386,260000,0.021181924170583986,Diesel,Individual,Manual
0.7837837837837824,450000,0.013979925912620273,Diesel,Individual,Manual
0.8918918918918948,500000,0.016098160694374305,Petrol,Individual,Manual
0.7837837837837824,260000,0.01694545460707592,Petrol,Individual,Manual
0.7837837837837824,265000,0.02330015895233802,Diesel,Individual,Manual
0.8918918918918948,869999,0.033891332861108195,Diesel,Individual,Manual
0.9459459459459438,690000,0.01694545460707592,Petrol,Individual,Manual
0.7567567567567579,825000,0.05083721111514047,Diesel,Individual,Manual
0.621621621621621,300000,0.05083721111514047,Diesel,Individual,Manual
0.5945945945945965,100000,0.04236427198812433,Petrol,Individual,Manual
0.8648648648648631,530000,0.03262039199205577,Diesel,Individual,Manual
0.8918918918918948,360000,0.012708985043567853,Petrol,Individual,Manual
0.8648648648648631,220000,0.01694545460707592,Petrol,Individual,Manual
0.9189189189189193,178000,0.014827219825321886,Petrol,Individual,Manual
0.9459459459459438,515000,0.0021178111347976833,Diesel,Individual,Manual
0.8378378378378386,300000,0.014827219825321886,Petrol,Individual,Manual
0.6756756756756772,105000,0.03812780242461626,Diesel,Individual,Manual
0.8108108108108141,185000,0.02753662851584609,Diesel,Individual,Manual
0.7837837837837824,150000,0.033891332861108195,Diesel,Individual,Manual
0.8378378378378386,260000,0.021181924170583986,Diesel,Individual,Manual
0.7837837837837824,450000,0.013979925912620273,Diesel,Individual,Manual
0.8918918918918948,500000,0.016098160694374305,Petrol,Individual,Manual
0.7837837837837824,260000,0.01694545460707592,Petrol,Individual,Manual
0.7837837837837824,265000,0.02330015895233802,Diesel,Individual,Manual
0.9189189189189193,750000,0.006354280698305751,Petrol,Individual,Manual
0.9189189189189193,800000,0.011014397218164626,Diesel,Individual,Manual
0.7837837837837824,950000,0.033891332861108195,Diesel,Individual,Manual
0.9459459459459438,690000,0.01694545460707592,Petrol,Individual,Manual
0.8108108108108141,170000,0.02965486329760012,Petrol,Individual,Manual
0.621621621621621,160000,0.02678677340310516,Petrol,Individual,Manual
0.621621621621621,300000,0.05083721111514047,Diesel,Individual,Manual
0.8648648648648631,315000,0.019063689388829953,Petrol,Individual,Manual
0.621621621621621,90000,0.01694545460707592,Petrol,Individual,Manual
0.5945945945945965,100000,0.04236427198812433,Petrol,Individual,Manual
0.6756756756756772,65000,0.046600741551632394,Petrol,Individual,Manual
0.9459459459459438,700000,0.010590750261813818,Diesel,Individual,Manual
0.5945945945945965,150000,0.019910983301531567,Petrol,Individual,Manual
0.8108108108108141,450000,0.025418393734092055,Diesel,Individual,Manual
0.7297297297297334,229999,0.05083721111514047,Diesel,Individual,Manual
0.6756756756756772,111000,0.05083721111514047,Diesel,Individual,Manual
0.7837837837837824,250000,0.0593101502421566,Diesel,Individual,Manual
0.9729729729729755,750000,0.0004236469563508068,Diesel,Dealer,Manual
0.9189189189189193,774000,0.0007443477023083675,Petrol,Dealer,Automatic
0.9459459459459438,711000,0.0006147117336650205,Petrol,Dealer,Automatic
0.9189189189189193,600000,0.014878904753996685,Diesel,Dealer,Manual
0.8648648648648631,455000,0.03923818109721173,Diesel,Dealer,Manual
0.8648648648648631,225000,0.03905897843467533,Petrol,Dealer,Manual
0.9729729729729755,650000,0.0021178111347976833,Diesel,Individual,Manual
0.8918918918918948,875000,0.03134945112300335,Diesel,Individual,Automatic
0.9189189189189193,750000,0.01694545460707592,Diesel,Individual,Automatic
0.9729729729729755,725000,0.009319809392761398,Diesel,Individual,Automatic
0.6486486486486527,100000,0.04236427198812433,Petrol,Individual,Manual
0.9729729729729755,1100000,0.01694545460707592,Diesel,Individual,Manual
0.9189189189189193,2700000,0.012708985043567853,Diesel,Individual,Automatic
0.8918918918918948,280000,0.009743456349112205,Petrol,Individual,Manual
0.7027027027027017,150000,0.012708985043567853,Diesel,Individual,Manual
0.7297297297297334,200000,0.021181924170583986,Petrol,Individual,Manual
0.7297297297297334,148000,0.04236427198812433,Diesel,Individual,Manual
0.7567567567567579,254999,0.02965486329760012,Petrol,Individual,Manual
0.8108108108108141,360000,0.025418393734092055,Petrol,Individual,Manual
0.9729729729729755,300000,0.006354280698305751,Petrol,Individual,Manual
0.9459459459459438,800000,0.01694545460707592,Petrol,Individual,Manual
0.45945945945945965,60000,0.021181924170583986,Petrol,Individual,Manual
0.7297297297297334,80000,0.021181924170583986,Petrol,Individual,Manual
0.9459459459459438,500000,0.0033887520038501035,Petrol,Individual,Manual
0.8108108108108141,250000,0.014827219825321886,Petrol,Individual,Manual
0.7297297297297334,250000,0.033891332861108195,Diesel,Individual,Manual
0.5945945945945965,125000,0.021181924170583986,Petrol,Individual,Manual
0.5135135135135158,100000,0.033891332861108195,Petrol,Individual,Manual
0.7297297297297334,480000,0.03812780242461626,Diesel,Individual,Manual
0.7297297297297334,130000,0.02965486329760012,Petrol,Individual,Manual
0.621621621621621,57000,0.033891332861108195,Diesel,Individual,Manual
0.5945945945945965,75000,0.025418393734092055,Petrol,Individual,Manual
0.5405405405405403,60000,0.014827219825321886,Petrol,Individual,Manual
0.6756756756756772,125000,0.02965486329760012,Petrol,Individual,Manual
0.567567567567572,105000,0.04236427198812433,Petrol,Individual,Manual
0.6756756756756772,125000,0.06439391371836628,LPG,Individual,Manual
0.4054054054054035,69000,0.02965486329760012,Petrol,Individual,Manual
0.7837837837837824,130000,0.03812780242461626,Diesel,Individual,Manual
0.9729729729729755,630000,0.01694545460707592,Petrol,Individual,Manual
0.8918918918918948,330000,0.021181924170583986,Petrol,Individual,Manual
0.8378378378378386,340000,0.006354280698305751,Petrol,Individual,Manual
0.621621621621621,60000,0.05083721111514047,Petrol,Individual,Manual
0.8378378378378386,550000,0.03318045326835154,Diesel,Individual,Manual
0.8378378378378386,480000,0.046600741551632394,Diesel,Individual,Manual
0.8108108108108141,315000,0.033891332861108195,Diesel,Individual,Manual
0.7837837837837824,165000,0.05083721111514047,Diesel,Individual,Manual
0.8918918918918948,170000,0.0529554458968945,Petrol,Individual,Manual
0.9459459459459438,465000,0.0055069867856041375,Petrol,Individual,Manual
0.7837837837837824,120000,0.033891332861108195,Diesel,Individual,Manual
0.6756756756756772,220000,0.02300741890549961,Petrol,Individual,Manual
0.7567567567567579,180000,0.02965486329760012,Diesel,Individual,Manual
0.621621621621621,150000,0.014657761042781563,Petrol,Individual,Manual
0.8918918918918948,520000,0.010590750261813818,Petrol,Individual,Manual
0.8108108108108141,430000,0.033891332861108195,Diesel,Individual,Manual
0.7027027027027017,300000,0.02330015895233802,Diesel,Individual,Manual
1.0,1000000,0.0021178111347976833,Diesel,Individual,Manual
0.9189189189189193,725000,0.012708985043567853,Diesel,Individual,Manual
0.7567567567567579,500000,0.013132631999918659,Diesel,Individual,Manual
0.7567567567567579,250000,0.021181924170583986,Petrol,Individual,Manual
0.9459459459459438,700000,0.01619009208390243,Diesel,Individual,Manual
0.7567567567567579,185000,0.021181924170583986,Petrol,Individual,Manual
0.7567567567567579,200000,0.05083721111514047,Diesel,Individual,Manual
0.567567567567572,315000,0.046600741551632394,Diesel,Individual,Manual
0.9729729729729755,1100000,0.01694545460707592,Diesel,Individual,Manual
0.4864864864864842,52000,0.021181924170583986,Petrol,Individual,Manual
0.9189189189189193,600000,0.004236045916551717,Petrol,Individual,Manual
0.8648648648648631,451000,0.04236427198812433,Diesel,Individual,Manual
0.8918918918918948,370000,0.025418393734092055,Petrol,Individual,Manual
0.9189189189189193,2700000,0.012708985043567853,Diesel,Individual,Automatic
0.8918918918918948,280000,0.009743456349112205,Petrol,Individual,Manual
0.9189189189189193,350000,0.012708985043567853,Petrol,Individual,Manual
0.7567567567567579,250000,0.021181924170583986,Petrol,Individual,Manual
0.8378378378378386,204999,0.010590750261813818,Petrol,Individual,Manual
0.9729729729729755,500000,0.006354280698305751,Petrol,Individual,Manual
0.7027027027027017,150000,0.012708985043567853,Diesel,Individual,Manual
0.7297297297297334,175000,0.019063689388829953,Petrol,Individual,Manual
0.7027027027027017,170000,0.018978959997559792,Petrol,Individual,Manual
0.7297297297297334,200000,0.021181924170583986,Petrol,Individual,Manual
0.9459459459459438,800000,0.0220292180832856,Diesel,Individual,Manual
0.9189189189189193,1200000,0.021181924170583986,Diesel,Individual,Automatic
0.6756756756756772,400000,0.014827219825321886,Petrol,Individual,Manual
0.7297297297297334,148000,0.04236427198812433,Diesel,Individual,Manual
0.8378378378378386,200000,0.04236427198812433,Diesel,Individual,Manual
0.8918918918918948,284000,0.01694545460707592,Diesel,Individual,Manual
0.6486486486486527,80000,0.025418393734092055,Petrol,Individual,Manual
0.8378378378378386,170000,0.03262039199205577,Petrol,Individual,Manual
0.7567567567567579,150000,0.025418393734092055,Petrol,Individual,Manual
0.7297297297297334,110000,0.03265131821986938,Petrol,Individual,Manual
0.8918918918918948,400000,0.02965486329760012,Diesel,Individual,Manual
0.8108108108108141,275000,0.03812780242461626,LPG,Individual,Manual
0.8108108108108141,800000,0.07879791023429371,Diesel,Individual,Manual
0.8378378378378386,550000,0.03812780242461626,Diesel,Individual,Manual
0.6486486486486527,125000,0.04236427198812433,Petrol,Individual,Manual
0.7297297297297334,135000,0.033891332861108195,Petrol,Individual,Manual
0.7837837837837824,349000,0.06354661980566467,Diesel,Individual,Manual
0.8378378378378386,458000,0.033891332861108195,Diesel,Individual,Manual
0.9459459459459438,300000,0.014827219825321886,Petrol,Individual,Manual
0.6756756756756772,95000,0.02965486329760012,Petrol,Individual,Manual
0.9459459459459438,850000,0.021181924170583986,Diesel,Individual,Manual
0.9729729729729755,750000,0.010590750261813818,Diesel,Individual,Manual
0.8108108108108141,190000,0.05083721111514047,Diesel,Individual,Manual
0.7027027027027017,150000,0.02965486329760012,Petrol,Individual,Manual
0.7027027027027017,114999,0.04490615372622917,Petrol,Individual,Manual
0.7297297297297334,320000,0.05083721111514047,Petrol,Individual,Manual
0.9729729729729755,300000,0.05083721111514047,CNG,Individual,Manual
0.8918918918918948,275000,0.06778308936917274,Petrol,Individual,Manual
0.7297297297297334,140000,0.05083721111514047,Petrol,Individual,Manual
1.0,830000,0.004236045916551717,Petrol,Individual,Manual
0.8108108108108141,380000,0.021181924170583986,Petrol,Individual,Manual
0.7297297297297334,150000,0.03812780242461626,Petrol,Individual,Manual
0.6756756756756772,50000,0.02965486329760012,Petrol,Individual,Manual
0.6756756756756772,155000,0.04236427198812433,Diesel,Individual,Manual
0.6756756756756772,155000,0.04236427198812433,Diesel,Individual,Manual
0.7297297297297334,300000,0.033891332861108195,Petrol,Individual,Manual
0.9459459459459438,300000,0.007025337477165429,Petrol,Dealer,Manual
0.8918918918918948,385000,0.016098160694374305,Diesel,Dealer,Manual
0.7297297297297334,221000,0.021605571126934793,Petrol,Dealer,Manual
0.8918918918918948,381000,0.016098160694374305,Diesel,Dealer,Manual
0.8648648648648631,250999,0.014827219825321886,Petrol,Dealer,Manual
0.5135135135135158,60000,0.05083721111514047,Petrol,Individual,Manual
0.8918918918918948,380000,0.016098160694374305,Diesel,Dealer,Manual
0.6756756756756772,180000,0.06100473806755983,Diesel,Individual,Manual
0.9189189189189193,751000,0.02711298155949528,Diesel,Dealer,Manual
0.8648648648648631,1250000,0.025418393734092055,Diesel,Dealer,Automatic
0.8378378378378386,229999,0.02753662851584609,Petrol,Dealer,Manual
0.9729729729729755,1250000,0.010167103305463011,Diesel,Individual,Manual
0.8378378378378386,780000,0.02457109982139044,Diesel,Dealer,Manual
0.8918918918918948,245000,0.028807569384898507,Petrol,Dealer,Manual
0.7567567567567579,321000,0.03442385708524116,Diesel,Dealer,Manual
0.8108108108108141,400000,0.03177309807935416,Diesel,Dealer,Manual
0.8108108108108141,370000,0.03812780242461626,Petrol,Individual,Manual
0.6486486486486527,175000,0.033891332861108195,Diesel,Individual,Manual
0.4054054054054035,1000000,0.014827219825321886,Petrol,Individual,Automatic
0.8378378378378386,291000,0.03812780242461626,Diesel,Individual,Manual
0.8108108108108141,92800,0.010590750261813818,Petrol,Individual,Manual
0.8108108108108141,335000,0.046600741551632394,Diesel,Individual,Manual
0.8108108108108141,170000,0.014827219825321886,Petrol,Individual,Manual
0.9729729729729755,295000,0.004236045916551717,Petrol,Individual,Manual
0.9729729729729755,375000,0.004236045916551717,Petrol,Individual,Manual
0.7837837837837824,215000,0.02965486329760012,Petrol,Individual,Manual
0.7027027027027017,150000,0.046600741551632394,Diesel,Individual,Manual
0.5405405405405403,60000,0.0021178111347976833,Petrol,Individual,Manual
0.621621621621621,52000,0.05083721111514047,Petrol,Individual,Manual
0.7027027027027017,80000,0.03812780242461626,LPG,Individual,Manual
0.7837837837837824,140000,0.02965486329760012,Petrol,Individual,Manual
0.6756756756756772,120000,0.03812780242461626,Petrol,Individual,Manual
0.621621621621621,110000,0.05083721111514047,Diesel,Individual,Manual
0.8918918918918948,450000,0.021181924170583986,Diesel,Individual,Manual
0.9459459459459438,1150000,0.02457109982139044,Diesel,Individual,Manual
0.9459459459459438,650000,0.006354280698305751,Diesel,Individual,Manual
0.8648648648648631,300000,0.025418393734092055,Petrol,Individual,Manual
0.8648648648648631,73000,0.024147452865039633,Petrol,Individual,Manual
0.8648648648648631,400000,0.03685686155556384,Diesel,Individual,Manual
0.9189189189189193,300000,0.02965486329760012,Petrol,Individual,Manual
0.7837837837837824,300000,0.012708985043567853,Petrol,Individual,Automatic
0.7027027027027017,200000,0.04236427198812433,Petrol,Individual,Manual
0.9729729729729755,580000,0.01694545460707592,Petrol,Individual,Manual
0.9189189189189193,550000,0.0016590014810697593,Petrol,Individual,Manual
0.6486486486486527,190000,0.06778308936917274,Diesel,Individual,Manual
0.9189189189189193,450000,0.014827219825321886,Diesel,Individual,Manual
0.8378378378378386,220000,0.02965486329760012,Petrol,Individual,Manual
0.9729729729729755,650000,0.005718810263779541,Petrol,Individual,Manual
0.8378378378378386,300000,0.025019741948165943,Petrol,Dealer,Manual
0.8108108108108141,200000,0.02965486329760012,Petrol,Individual,Manual
0.7837837837837824,285000,0.016538329882022793,Petrol,Dealer,Manual
0.8378378378378386,335000,0.01399390626217985,Petrol,Dealer,Manual
0.7567567567567579,370000,0.023371331641004956,Petrol,Individual,Manual
0.8108108108108141,375000,0.01738647108863711,Petrol,Dealer,Manual
0.7027027027027017,235000,0.028412306774623204,Petrol,Dealer,Manual
0.8108108108108141,345000,0.027988236171316048,Petrol,Dealer,Automatic
0.8108108108108141,365000,0.03477336582423057,Diesel,Dealer,Manual
0.8378378378378386,400000,0.02033463025788237,Petrol,Individual,Manual
0.8648648648648631,250000,0.012708985043567853,Petrol,Individual,Manual
0.7837837837837824,465000,0.02968451858454468,Diesel,Dealer,Automatic
0.9189189189189193,300000,0.004236045916551717,Petrol,Individual,Manual
0.9459459459459438,655000,0.010590750261813818,Petrol,Individual,Manual
0.8918918918918948,350000,0.012708985043567853,CNG,Individual,Manual
0.8648648648648631,500000,0.021181924170583986,Petrol,Dealer,Automatic
0.8648648648648631,465000,0.026716024361394575,Petrol,Dealer,Automatic
0.6756756756756772,263000,0.02965486329760012,Diesel,Individual,Manual
0.7837837837837824,250000,0.03812780242461626,Petrol,Individual,Manual
0.4324324324324351,60000,0.03812780242461626,Petrol,Individual,Manual
0.5945945945945965,70000,0.03812780242461626,Petrol,Individual,Manual
0.8918918918918948,250000,0.012708985043567853,Petrol,Individual,Manual
0.8918918918918948,229999,0.033891332861108195,Petrol,Individual,Manual
0.7567567567567579,195000,0.05083721111514047,Diesel,Individual,Manual
0.8918918918918948,270000,0.009319809392761398,Petrol,Individual,Manual
0.9189189189189193,650000,0.0593101502421566,Diesel,Individual,Manual
0.8378378378378386,370000,0.033891332861108195,Diesel,Individual,Manual
0.8918918918918948,509999,0.01694545460707592,Diesel,Individual,Manual
0.7567567567567579,280000,0.013979925912620273,Petrol,Individual,Manual
0.7297297297297334,180000,0.01694545460707592,Petrol,Individual,Manual
0.8108108108108141,400000,0.045329800682579975,Diesel,Individual,Manual
0.7297297297297334,210000,0.025418393734092055,Petrol,Individual,Manual
0.621621621621621,90000,0.05083721111514047,Petrol,Individual,Manual
0.7297297297297334,222000,0.02965486329760012,Petrol,Individual,Manual
0.8648648648648631,240000,0.021181924170583986,Petrol,Individual,Manual
0.8108108108108141,450000,0.02965486329760012,Diesel,Individual,Manual
0.9189189189189193,650000,0.0025414580911484897,Petrol,Individual,Manual
0.7297297297297334,200000,0.03304403894840658,Diesel,Dealer,Manual
0.7567567567567579,210000,0.030502157210301736,Diesel,Dealer,Manual
0.7567567567567579,450000,0.05727664485167273,Diesel,Dealer,Manual
0.7567567567567579,220000,0.02457109982139044,Petrol,Dealer,Manual
0.8108108108108141,325000,0.03304403894840658,Diesel,Dealer,Manual
0.9459459459459438,450000,0.019063689388829953,Petrol,Individual,Manual
0.9189189189189193,825000,0.014827219825321886,Diesel,Individual,Manual
0.6486486486486527,125000,0.032196745035704966,Petrol,Dealer,Manual
0.8648648648648631,434999,0.04236427198812433,Diesel,Individual,Manual
0.7567567567567579,484999,0.041940625031773524,Diesel,Individual,Manual
0.7027027027027017,175000,0.033891332861108195,Diesel,Individual,Manual
0.621621621621621,220000,0.05083721111514047,Petrol,Individual,Manual
1.0,1250000,0.00046558800502953664,Petrol,Dealer,Manual
0.9189189189189193,215000,0.014403572868971079,Petrol,Dealer,Manual
0.8378378378378386,625000,0.028807569384898507,Diesel,Dealer,Manual
0.9459459459459438,615000,0.006354280698305751,Diesel,Individual,Manual
0.7837837837837824,130000,0.02457109982139044,Diesel,Dealer,Manual
0.8108108108108141,175000,0.021309018257489227,Diesel,Individual,Manual
0.7567567567567579,150000,0.02965486329760012,Diesel,Individual,Manual
0.7567567567567579,195000,0.025418393734092055,Diesel,Individual,Manual
1.0,550000,0.03812780242461626,Diesel,Individual,Manual
0.7297297297297334,400000,0.033891332861108195,Petrol,Individual,Manual
0.9729729729729755,1350000,0.006354280698305751,Diesel,Individual,Manual
0.8648648648648631,217000,0.019063689388829953,Petrol,Individual,Manual
0.7567567567567579,290000,0.05507368067864853,Diesel,Individual,Manual
0.9459459459459438,700000,0.033891332861108195,Diesel,Individual,Manual
0.8378378378378386,175000,0.01694545460707592,Petrol,Individual,Manual
0.9189189189189193,575000,0.033891332861108195,Diesel,Individual,Manual
0.8918918918918948,380000,0.04236427198812433,Diesel,Individual,Manual
0.8108108108108141,350000,0.06423462246277838,Diesel,Individual,Manual
0.7837837837837824,450000,0.06778308936917274,Diesel,Individual,Manual
0.5945945945945965,130000,0.046600741551632394,CNG,Individual,Manual
0.8648648648648631,320000,0.031696841627211016,Diesel,Individual,Manual
0.8378378378378386,550000,0.03473862677380981,Diesel,Individual,Manual
0.8648648648648631,370000,0.021181924170583986,Petrol,Individual,Manual
0.7297297297297334,114999,0.02965486329760012,Petrol,Individual,Manual
1.0,1100000,0.000423223309394456,Petrol,Individual,Manual
0.621621621621621,170000,0.0720195589326808,Diesel,Individual,Manual
0.6756756756756772,80000,0.06354661980566467,Diesel,Individual,Manual
0.9729729729729755,950000,0.007201574611007364,Diesel,Individual,Manual
0.8378378378378386,425000,0.06354661980566467,Diesel,Individual,Manual
0.8648648648648631,500000,0.033891332861108195,Diesel,Individual,Manual
0.5945945945945965,70000,0.0720195589326808,Petrol,Individual,Manual
0.8108108108108141,349000,0.05083721111514047,Diesel,Individual,Manual
0.7837837837837824,330000,0.03812780242461626,Petrol,Individual,Manual
0.7297297297297334,120000,0.03812780242461626,Petrol,Individual,Manual
0.8108108108108141,430000,0.04236427198812433,Diesel,Individual,Manual
0.8378378378378386,390000,0.03812780242461626,Diesel,Individual,Manual
0.7297297297297334,350000,0.07879791023429371,Diesel,Individual,Automatic
0.7027027027027017,100000,0.028289872804237823,Diesel,Individual,Manual
0.8378378378378386,190000,0.021181924170583986,Petrol,Individual,Manual
0.8378378378378386,315000,0.046600741551632394,Diesel,Individual,Manual
0.8648648648648631,300000,0.025418393734092055,Diesel,Individual,Manual
0.8918918918918948,280000,0.01694545460707592,Petrol,Individual,Manual
0.9189189189189193,1650000,0.02330015895233802,Diesel,Dealer,Manual
0.8648648648648631,295000,0.00889616243641059,Petrol,Dealer,Manual
0.7837837837837824,2050000,0.02811405931735224,Petrol,Dealer,Automatic
0.9459459459459438,1475000,0.004956245742348088,Petrol,Dealer,Automatic
0.9189189189189193,1100000,0.004236045916551717,Petrol,Individual,Automatic
0.8378378378378386,4400000,0.04236427198812433,Diesel,Individual,Automatic
0.8918918918918948,670000,0.003009164330959781,Petrol,Trustmark Dealer,Manual
0.8648648648648631,750000,0.019476321524315637,Diesel,Trustmark Dealer,Manual
0.8648648648648631,760000,0.023444198917497293,Petrol,Trustmark Dealer,Manual
0.9189189189189193,850000,0.008472515480059785,Petrol,Dealer,Automatic
0.8648648648648631,390000,0.026089874159908082,Diesel,Trustmark Dealer,Manual
0.8918918918918948,450000,0.016697621137610696,Petrol,Trustmark Dealer,Automatic
0.8378378378378386,425000,0.012562403196670473,Petrol,Trustmark Dealer,Manual
0.8918918918918948,770000,0.027397672314163023,Diesel,Trustmark Dealer,Manual
0.8648648648648631,1150000,0.023145104166313626,Diesel,Trustmark Dealer,Automatic
0.8648648648648631,775000,0.028180995536455665,Petrol,Trustmark Dealer,Manual
0.9459459459459438,1725000,0.01015608848459789,Diesel,Dealer,Automatic
0.9459459459459438,539000,0.004236045916551717,Petrol,Individual,Manual
0.9189189189189193,420000,0.021181924170583986,Petrol,Individual,Manual
0.4864864864864842,85000,0.02965486329760012,Petrol,Individual,Manual
0.567567567567572,142000,0.030925804166652544,Petrol,Individual,Manual
0.8378378378378386,180000,0.032196745035704966,Petrol,Individual,Manual
0.8378378378378386,400000,0.05083721111514047,Diesel,Individual,Manual
0.7027027027027017,360000,0.0720195589326808,Diesel,Individual,Automatic
0.5405405405405403,85000,0.046600741551632394,Petrol,Individual,Manual
0.8918918918918948,350000,0.026858793385684795,Petrol,Individual,Manual
0.8648648648648631,380000,0.010590750261813818,Petrol,Individual,Manual
0.7027027027027017,140000,0.033891332861108195,Petrol,Individual,Manual
0.7837837837837824,200000,0.03812780242461626,Petrol,Individual,Manual
0.7567567567567579,150000,0.06651214850012031,Petrol,Individual,Manual
0.7837837837837824,150000,0.033891332861108195,Diesel,Individual,Manual
0.621621621621621,90000,0.01694545460707592,Petrol,Individual,Manual
0.6486486486486527,300000,0.04236427198812433,Diesel,Individual,Manual
0.9189189189189193,280000,0.021181924170583986,Petrol,Individual,Manual
0.7567567567567579,200000,0.01694545460707592,Petrol,Individual,Manual
0.7027027027027017,110000,0.016309984172549707,Petrol,Individual,Manual
0.6756756756756772,140000,0.04402539170397584,Petrol,Individual,Manual
1.0,1050000,0.004236045916551717,Diesel,Individual,Manual
0.9459459459459438,1150000,0.00628014248094436,Petrol,Dealer,Manual
0.8918918918918948,910000,0.018376110378672594,Diesel,Dealer,Manual
0.7297297297297334,160000,0.04334162551642564,Diesel,Dealer,Manual
0.567567567567572,105000,0.033467685904757384,Petrol,Individual,Manual
0.8378378378378386,1200000,0.057191915460402566,Diesel,Individual,Automatic
0.9459459459459438,300000,0.00444786939472712,Petrol,Individual,Manual
0.567567567567572,70000,0.03812780242461626,Petrol,Individual,Manual
0.7837837837837824,160000,0.046600741551632394,Diesel,Individual,Manual
0.7837837837837824,160000,0.021181924170583986,Diesel,Individual,Manual
0.8108108108108141,225000,0.033891332861108195,Diesel,Individual,Manual
0.9459459459459438,790000,0.008290770935785289,Diesel,Dealer,Manual
0.5135135135135158,145000,0.04236427198812433,Petrol,Individual,Manual
0.9459459459459438,1200000,0.01253952626102753,Petrol,Dealer,Manual
0.8918918918918948,210000,0.012708985043567853,Petrol,Individual,Manual
0.6756756756756772,110000,0.06524120763106789,Diesel,Individual,Manual
0.7567567567567579,175000,0.02965486329760012,Petrol,Individual,Manual
0.9459459459459438,950000,0.006354280698305751,Diesel,Individual,Automatic
0.9189189189189193,650000,0.01694545460707592,Diesel,Individual,Manual
0.9729729729729755,550000,0.021605571126934793,Petrol,Individual,Manual
0.6756756756756772,85000,0.05083721111514047,Petrol,Individual,Manual
0.9729729729729755,340000,0.021181924170583986,Petrol,Individual,Manual
0.8918918918918948,509999,0.014827219825321886,Petrol,Individual,Manual
0.8108108108108141,450000,0.000423223309394456,Diesel,Dealer,Manual
0.9459459459459438,3800000,0.004236045916551717,Diesel,Dealer,Automatic
0.8108108108108141,1580000,0.03643321459921303,Diesel,Dealer,Automatic
0.9729729729729755,4950000,0.012708985043567853,Diesel,Dealer,Automatic
0.8918918918918948,535000,0.022283406257096083,Diesel,Individual,Manual
0.7837837837837824,225000,0.046600741551632394,Petrol,Individual,Manual
0.9189189189189193,550000,0.008425914314861196,Petrol,Dealer,Automatic
0.8918918918918948,670000,0.003009164330959781,Petrol,Trustmark Dealer,Manual
0.8648648648648631,625000,0.005048600778832565,Petrol,Trustmark Dealer,Manual
0.9189189189189193,520000,0.004452105864290628,Petrol,Dealer,Automatic
0.8918918918918948,239000,0.017369101563426727,Petrol,Dealer,Manual
0.9189189189189193,2600000,0.019979614108460397,Diesel,Trustmark Dealer,Automatic
0.8648648648648631,750000,0.019476321524315637,Diesel,Trustmark Dealer,Manual
0.7837837837837824,229999,0.021107362306266246,Petrol,Dealer,Manual
0.8108108108108141,1300000,0.024782923299565843,Diesel,Dealer,Automatic
0.5945945945945965,80000,0.023969521143372294,Petrol,Dealer,Manual
0.7837837837837824,385000,0.0220292180832856,Diesel,Dealer,Manual
0.8648648648648631,760000,0.023444198917497293,Petrol,Trustmark Dealer,Manual
0.9189189189189193,600000,0.01970212535205062,Diesel,Trustmark Dealer,Manual
0.8108108108108141,450000,0.000423223309394456,Diesel,Dealer,Manual
0.9459459459459438,3800000,0.004236045916551717,Diesel,Dealer,Automatic
0.8108108108108141,1580000,0.03643321459921303,Diesel,Dealer,Automatic
0.9729729729729755,4950000,0.012708985043567853,Diesel,Dealer,Automatic
0.8918918918918948,535000,0.022283406257096083,Diesel,Individual,Manual
0.7837837837837824,225000,0.046600741551632394,Petrol,Individual,Manual
0.9189189189189193,550000,0.008425914314861196,Petrol,Dealer,Automatic
0.8918918918918948,670000,0.003009164330959781,Petrol,Trustmark Dealer,Manual
0.8648648648648631,625000,0.005048600778832565,Petrol,Trustmark Dealer,Manual
0.9189189189189193,520000,0.004452105864290628,Petrol,Dealer,Automatic
0.8918918918918948,239000,0.017369101563426727,Petrol,Dealer,Manual
0.9189189189189193,2600000,0.019979614108460397,Diesel,Trustmark Dealer,Automatic
0.8648648648648631,750000,0.019476321524315637,Diesel,Trustmark Dealer,Manual
0.7837837837837824,229999,0.021107362306266246,Petrol,Dealer,Manual
0.8108108108108141,1300000,0.024782923299565843,Diesel,Dealer,Automatic
0.5945945945945965,80000,0.023969521143372294,Petrol,Dealer,Manual
0.7837837837837824,385000,0.0220292180832856,Diesel,Dealer,Manual
0.9189189189189193,600000,0.01970212535205062,Diesel,Trustmark Dealer,Manual
0.9189189189189193,650000,0.02965486329760012,Diesel,Individual,Manual
0.7567567567567579,150000,0.02965486329760012,Petrol,Individual,Manual
0.9459459459459438,450000,0.004236045916551717,Petrol,Individual,Manual
0.621621621621621,170000,0.1038964505163409,Diesel,Individual,Manual
0.9189189189189193,400000,0.025418393734092055,Petrol,Individual,Manual
0.8918918918918948,300000,0.012708985043567853,Petrol,Individual,Manual
0.7837837837837824,250000,0.0033887520038501035,Petrol,Individual,Manual
0.9729729729729755,500000,0.004236045916551717,Petrol,Individual,Manual
0.5135135135135158,85000,0.04236427198812433,Diesel,Individual,Manual
0.7837837837837824,300000,0.046600741551632394,Diesel,Individual,Manual
0.5945945945945965,80000,0.023969521143372294,Petrol,Dealer,Manual
0.8648648648648631,740000,0.019063689388829953,Diesel,Dealer,Automatic
0.5945945945945965,70000,0.029019392863073912,Petrol,Dealer,Manual
0.9729729729729755,484999,0.002120776663492139,Petrol,Dealer,Automatic
0.6756756756756772,140000,0.02965486329760012,Petrol,Individual,Automatic
0.7567567567567579,999000,0.021012465388043664,Diesel,Dealer,Automatic
0.5945945945945965,56000,0.009743456349112205,Petrol,Individual,Manual
0.7297297297297334,190000,0.016098160694374305,Petrol,Dealer,Manual
0.9459459459459438,3899000,0.009319809392761398,Diesel,Dealer,Automatic
0.7567567567567579,235000,0.01825876017176342,Petrol,Dealer,Manual
0.9189189189189193,350000,0.004308489546087705,Petrol,Dealer,Manual
0.8648648648648631,465000,0.017421210139057876,Diesel,Dealer,Manual
0.8378378378378386,450000,0.01694545460707592,Diesel,Dealer,Manual
0.8648648648648631,790000,0.022248243559718966,Diesel,Dealer,Manual
0.8378378378378386,450000,0.041990191725666565,Diesel,Dealer,Manual
0.7027027027027017,135000,0.03812780242461626,Petrol,Individual,Manual
0.9729729729729755,425000,0.0015670700915416344,Petrol,Individual,Manual
0.7297297297297334,100000,0.033891332861108195,Diesel,Individual,Manual
0.8648648648648631,650000,0.04236427198812433,Diesel,Individual,Manual
0.7567567567567579,90000,0.022876511995987215,Diesel,Individual,Manual
0.9189189189189193,250000,0.008048868523708978,Petrol,Individual,Manual
0.8378378378378386,300000,0.05083721111514047,Diesel,Individual,Manual
0.8378378378378386,275000,0.012708985043567853,Petrol,Individual,Manual
0.9189189189189193,600000,0.018428218954303743,Petrol,Individual,Manual
0.8918918918918948,270000,0.025418393734092055,Petrol,Individual,Manual
0.8918918918918948,240000,0.02965486329760012,Petrol,Individual,Manual
0.8378378378378386,1200000,0.057191915460402566,Diesel,Individual,Automatic
0.7837837837837824,160000,0.021181924170583986,Diesel,Individual,Manual
0.9459459459459438,790000,0.008290770935785289,Diesel,Dealer,Manual
0.9459459459459438,1200000,0.01253952626102753,Petrol,Dealer,Manual
0.7567567567567579,175000,0.02965486329760012,Petrol,Individual,Manual
0.9459459459459438,950000,0.006354280698305751,Diesel,Individual,Automatic
0.9729729729729755,340000,0.021181924170583986,Petrol,Individual,Manual
0.9189189189189193,825000,0.005718810263779541,Diesel,Individual,Manual
0.9459459459459438,3100000,0.009319809392761398,Petrol,Individual,Automatic
0.9459459459459438,780000,0.010590750261813818,Diesel,Dealer,Manual
0.9459459459459438,690000,0.016521807650725112,Petrol,Dealer,Manual
0.8918918918918948,245000,0.025418393734092055,Petrol,Individual,Manual
0.9459459459459438,790000,0.02075827721423318,Diesel,Dealer,Manual
0.9459459459459438,680000,0.020588818431692857,Petrol,Dealer,Manual
0.9189189189189193,540000,0.008472515480059785,Petrol,Individual,Manual
0.8918918918918948,425000,0.010590750261813818,Petrol,Individual,Manual
0.9729729729729755,1100000,0.012708985043567853,Diesel,Individual,Manual
0.8648648648648631,715000,0.014827219825321886,Diesel,Individual,Manual
0.8108108108108141,370000,0.03812780242461626,Petrol,Individual,Manual
0.6486486486486527,175000,0.033891332861108195,Diesel,Individual,Manual
0.4054054054054035,1000000,0.014827219825321886,Petrol,Individual,Automatic
0.8108108108108141,92800,0.010590750261813818,Petrol,Individual,Manual
0.8378378378378386,291000,0.03812780242461626,Diesel,Individual,Manual
0.8108108108108141,92800,0.010590750261813818,Petrol,Individual,Manual
0.8918918918918948,350000,0.008472515480059785,Petrol,Individual,Manual
0.4054054054054035,65000,0.025418393734092055,Petrol,Dealer,Manual
0.8648648648648631,650000,0.02457109982139044,Diesel,Individual,Manual
0.8378378378378386,350000,0.01694545460707592,Petrol,Dealer,Manual
0.5945945945945965,75000,0.02965486329760012,Petrol,Individual,Manual
0.8108108108108141,270000,0.025418393734092055,Petrol,Individual,Manual
0.8378378378378386,1150000,0.057191915460402566,Diesel,Dealer,Manual
0.8648648648648631,238000,0.02965486329760012,Petrol,Dealer,Manual
0.8108108108108141,1100000,0.01694545460707592,Petrol,Individual,Automatic
0.7297297297297334,260000,0.06354661980566467,Diesel,Individual,Manual
0.7837837837837824,350000,0.0593101502421566,Diesel,Individual,Manual
0.8648648648648631,480000,0.02965486329760012,Diesel,Individual,Manual
0.7837837837837824,345000,0.05814512111219188,Diesel,Individual,Manual
0.8108108108108141,500000,0.046600741551632394,Diesel,Individual,Manual
0.9189189189189193,595000,0.011438044174515433,Petrol,Dealer,Manual
0.9729729729729755,1295000,0.0038123989602009104,Diesel,Dealer,Manual
0.9729729729729755,1350000,0.0022872699173380057,Diesel,Dealer,Manual
1.0,541000,0.000423223309394456,Petrol,Dealer,Manual
0.9459459459459438,515000,0.006777927654656558,Petrol,Dealer,Manual
0.9729729729729755,894999,0.0055069867856041375,Diesel,Dealer,Manual
0.7837837837837824,325000,0.019910983301531567,Diesel,Dealer,Manual
0.9459459459459438,925000,0.009319809392761398,Petrol,Individual,Manual
0.9189189189189193,844999,0.012708985043567853,Petrol,Individual,Manual
0.9459459459459438,925000,0.008472515480059785,Petrol,Individual,Manual
0.8108108108108141,300000,0.025418393734092055,Diesel,Individual,Manual
0.6756756756756772,650000,0.03177309807935416,Petrol,Individual,Manual
0.7297297297297334,175000,0.02711298155949528,Petrol,Dealer,Manual
0.8648648648648631,325000,0.033891332861108195,Diesel,Individual,Manual
0.9189189189189193,600000,0.03812780242461626,Diesel,Individual,Manual
0.5405405405405403,95000,0.05083721111514047,Petrol,Individual,Automatic
0.9729729729729755,490000,0.008472515480059785,Petrol,Dealer,Manual
0.8108108108108141,380000,0.04236427198812433,Diesel,Individual,Manual
0.9459459459459438,550000,0.013132631999918659,Petrol,Dealer,Manual
0.9459459459459438,570000,0.004744422264172685,Petrol,Individual,Manual
0.9459459459459438,305000,0.014827219825321886,Petrol,Dealer,Manual
0.7297297297297334,240000,0.021181924170583986,LPG,Dealer,Manual
0.8648648648648631,700000,0.02330015895233802,Diesel,Dealer,Manual
0.9459459459459438,288000,0.008472515480059785,Petrol,Dealer,Manual
0.9189189189189193,430000,0.03939874329366868,Petrol,Dealer,Manual
0.7027027027027017,195000,0.024147452865039633,Diesel,Dealer,Manual
0.8378378378378386,325000,0.012708985043567853,Petrol,Dealer,Manual
0.8108108108108141,450000,0.030925804166652544,Diesel,Dealer,Manual
0.8918918918918948,630000,0.02753662851584609,Diesel,Dealer,Manual
0.7027027027027017,250000,0.026265687646793667,Petrol,Dealer,Manual
0.6486486486486527,135000,0.03600956764286223,Petrol,Dealer,Manual
0.7297297297297334,110000,0.030925804166652544,Petrol,Individual,Manual
0.7837837837837824,350000,0.02330015895233802,Diesel,Dealer,Manual
0.8918918918918948,240000,0.0024567286998783285,Petrol,Individual,Manual
0.7027027027027017,350000,0.14827601107582603,Diesel,Individual,Manual
0.9459459459459438,750000,0.008472515480059785,Diesel,Individual,Manual
0.9459459459459438,270000,0.008472515480059785,Petrol,Individual,Manual
0.6486486486486527,90000,0.04236427198812433,Petrol,Individual,Manual
0.7567567567567579,665000,0.11311331369870906,Diesel,Individual,Manual
0.5945945945945965,175000,0.10591131544074535,Diesel,Individual,Manual
0.7567567567567579,350000,0.0593101502421566,Diesel,Individual,Manual
0.9459459459459438,1225000,0.009319809392761398,Petrol,Dealer,Automatic
0.7297297297297334,285000,0.025418393734092055,Petrol,Dealer,Manual
0.9459459459459438,1000000,0.012130706948149002,Petrol,Dealer,Manual
0.9459459459459438,780000,0.013604574709293459,Diesel,Dealer,Manual
0.8378378378378386,300000,0.03473862677380981,Petrol,Dealer,Manual
0.621621621621621,160000,0.040309160602866566,Petrol,Dealer,Manual
0.9459459459459438,625000,0.029001599690907178,Petrol,Dealer,Manual
0.7297297297297334,265000,0.01779274851977753,Petrol,Individual,Manual
0.8378378378378386,515000,0.03812780242461626,Diesel,Individual,Manual
0.8918918918918948,210000,0.012708985043567853,Petrol,Individual,Manual
0.7027027027027017,140000,0.033891332861108195,Petrol,Individual,Manual
0.8648648648648631,940000,0.05422638676594692,Diesel,Individual,Manual
0.8108108108108141,750000,0.033891332861108195,Diesel,Individual,Manual
0.8918918918918948,610000,0.04236427198812433,Diesel,Individual,Manual
0.8648648648648631,450000,0.021181924170583986,Diesel,Individual,Manual
0.7837837837837824,409999,0.023723805908688826,Diesel,Individual,Manual
0.8918918918918948,650000,0.04236427198812433,Diesel,Individual,Manual
0.9189189189189193,650000,0.033891332861108195,Diesel,Individual,Manual
0.7297297297297334,150000,0.0447138180080459,Petrol,Individual,Manual
0.9459459459459438,500000,0.004236045916551717,Petrol,Individual,Manual
0.7837837837837824,1000000,0.033891332861108195,Diesel,Individual,Manual
0.8108108108108141,340000,0.014827219825321886,Petrol,Individual,Manual
0.9729729729729755,800000,0.004761368142426717,Petrol,Individual,Manual
0.8108108108108141,1010000,0.05083721111514047,Diesel,Individual,Manual
0.8918918918918948,595000,0.02965486329760012,Diesel,Individual,Manual
0.8378378378378386,700000,0.05507368067864853,Diesel,Individual,Manual
0.9729729729729755,265000,0.01694545460707592,Petrol,Individual,Manual
0.8648648648648631,320000,0.025418393734092055,Petrol,Individual,Manual
0.7567567567567579,310000,0.046600741551632394,Petrol,Individual,Manual
0.8378378378378386,700000,0.05507368067864853,Diesel,Individual,Manual
0.7027027027027017,150000,0.05083721111514047,Diesel,Individual,Manual
0.8648648648648631,300000,0.04405885981352756,Diesel,Individual,Manual
0.7567567567567579,150000,0.04236427198812433,Petrol,Individual,Manual
0.5405405405405403,120000,0.05606628549737847,Petrol,Individual,Manual
0.8918918918918948,950000,0.03812780242461626,Diesel,Individual,Manual
0.6486486486486527,100000,0.025418393734092055,Petrol,Individual,Manual
0.8648648648648631,450000,0.032196745035704966,Diesel,Individual,Manual
0.567567567567572,30000,0.025418393734092055,Petrol,Individual,Manual
0.7027027027027017,200000,0.012708985043567853,Petrol,Individual,Manual
0.9459459459459438,1300000,0.004236045916551717,Diesel,Individual,Manual
0.9189189189189193,425000,0.015250866781672694,Diesel,Dealer,Manual
0.9189189189189193,550000,0.005505715844735085,Diesel,Dealer,Manual
0.9189189189189193,500000,0.01694545460707592,Petrol,Individual,Automatic
0.9459459459459438,1150000,0.011196565409395473,Diesel,Dealer,Manual
0.8648648648648631,475000,0.010421291479273497,Petrol,Dealer,Manual
0.7567567567567579,260000,0.012065465316870977,Petrol,Dealer,Manual
0.8108108108108141,350000,0.04236427198812433,Petrol,Individual,Manual
0.8108108108108141,750000,0.017787664756301322,Diesel,Dealer,Manual
0.7027027027027017,180000,0.012867852652199405,Petrol,Dealer,Manual
0.9189189189189193,350000,0.0032438647447781276,Petrol,Dealer,Automatic
0.9189189189189193,611000,0.014573031651511402,Diesel,Dealer,Manual
0.9189189189189193,325000,0.007837045045533574,Petrol,Dealer,Manual
0.8648648648648631,280000,0.011071165910315633,Petrol,Dealer,Manual
0.8378378378378386,300000,0.0122607665637487,Petrol,Dealer,Automatic
0.7837837837837824,711000,0.02270705321344689,Diesel,Dealer,Manual
0.7567567567567579,260000,0.022408382109219572,Diesel,Dealer,Manual
0.8108108108108141,550000,0.017930010133635193,Diesel,Dealer,Manual
0.8918918918918948,1044999,0.02753662851584609,Diesel,Dealer,Manual
0.7837837837837824,550000,0.025518374415790846,Diesel,Dealer,Manual
0.8378378378378386,210000,0.02965486329760012,Petrol,Individual,Manual
0.8378378378378386,210000,0.02965486329760012,Petrol,Individual,Manual
0.7027027027027017,290000,0.04236427198812433,Diesel,Individual,Manual
0.6756756756756772,250999,0.046600741551632394,Diesel,Individual,Manual
0.8378378378378386,270000,0.05083721111514047,Diesel,Individual,Manual
0.7837837837837824,550000,0.060157444154858214,Diesel,Individual,Manual
0.9189189189189193,800000,0.010590750261813818,Diesel,Individual,Manual
1.0,500000,0.0021178111347976833,Petrol,Individual,Manual
0.8918918918918948,535000,0.022283406257096083,Diesel,Individual,Manual
0.8918918918918948,396000,0.012134096123799808,Petrol,Dealer,Manual
0.8378378378378386,600000,0.021181924170583986,Diesel,Individual,Manual
0.9729729729729755,575000,0.012708985043567853,Petrol,Dealer,Manual
1.0,520000,0.0021178111347976833,Petrol,Individual,Manual
0.9459459459459438,1400000,0.012708985043567853,Diesel,Individual,Automatic
0.9459459459459438,600000,0.0032192932213097806,Petrol,Individual,Automatic
0.8108108108108141,195000,0.02001816598148832,Diesel,Dealer,Manual
0.8648648648648631,281000,0.0018771796635904249,Petrol,Dealer,Automatic
0.8378378378378386,400000,0.010590750261813818,Petrol,Individual,Manual
0.7027027027027017,93000,0.02965486329760012,Diesel,Individual,Manual
0.8918918918918948,560000,0.02902913674306998,Petrol,Dealer,Manual
0.9729729729729755,400000,0.0021178111347976833,Petrol,Individual,Manual
0.9459459459459438,459999,0.01694545460707592,Petrol,Individual,Manual
0.9189189189189193,450000,0.018216395476128338,Diesel,Individual,Manual
0.7297297297297334,88000,0.033997668247152245,CNG,Dealer,Manual
0.7297297297297334,250000,0.014615396347146483,Petrol,Individual,Manual
0.45945945945945965,22000,0.01810751820834618,Petrol,Dealer,Manual
0.8108108108108141,130000,0.03978002555438441,Diesel,Individual,Manual
0.7837837837837824,120000,0.046600741551632394,Diesel,Individual,Manual
0.7567567567567579,1700000,0.04236427198812433,Diesel,Individual,Automatic
0.7837837837837824,300000,0.010590750261813818,Diesel,Individual,Manual
0.7837837837837824,300000,0.010590750261813818,Diesel,Individual,Manual
0.7027027027027017,145000,0.010590750261813818,Petrol,Individual,Manual
0.9729729729729755,3200000,0.008472515480059785,Diesel,Individual,Automatic
0.8108108108108141,240000,0.004236045916551717,Petrol,Individual,Manual
0.9459459459459438,700000,0.012708985043567853,Diesel,Individual,Manual
0.7297297297297334,145000,0.046600741551632394,Petrol,Individual,Manual
0.8378378378378386,535000,0.033891332861108195,Diesel,Individual,Manual
0.8918918918918948,420000,0.00889616243641059,Petrol,Individual,Manual
0.8918918918918948,350000,0.008472515480059785,Petrol,Individual,Manual
0.8648648648648631,550000,0.013556278956269466,Diesel,Individual,Manual
0.6486486486486527,750000,0.07625602849618887,Diesel,Individual,Manual
0.7837837837837824,198000,0.02965486329760012,Diesel,Individual,Manual
0.8108108108108141,420000,0.021181924170583986,Diesel,Individual,Manual
0.8108108108108141,420000,0.021181924170583986,Diesel,Individual,Manual
0.567567567567572,195000,0.05083721111514047,Diesel,Individual,Manual
0.7837837837837824,150000,0.023624672520902737,Petrol,Individual,Manual
0.7567567567567579,275000,0.01694545460707592,Petrol,Individual,Manual
0.4864864864864842,65000,0.025418393734092055,Petrol,Individual,Manual
0.6756756756756772,200000,0.021181924170583986,Petrol,Individual,Manual
0.7297297297297334,250000,0.046600741551632394,Diesel,Individual,Manual
0.8108108108108141,450000,0.000423223309394456,Diesel,Dealer,Manual
0.9459459459459438,590000,0.011162673652887407,Diesel,Dealer,Manual
0.7837837837837824,225000,0.046600741551632394,Petrol,Individual,Manual
0.8648648648648631,225000,0.029123186367379858,Diesel,Dealer,Manual
0.621621621621621,165000,0.05592097459135015,Petrol,Individual,Manual
0.9729729729729755,860000,0.014827219825321886,Diesel,Individual,Manual
0.8918918918918948,900000,0.019910983301531567,Diesel,Individual,Manual
0.8108108108108141,182000,0.04236427198812433,Diesel,Individual,Manual
0.7297297297297334,100000,0.033891332861108195,Diesel,Individual,Manual
0.621621621621621,100000,0.01694545460707592,Petrol,Individual,Manual
0.9189189189189193,375000,0.011560478144900816,Petrol,Dealer,Automatic
0.8918918918918948,320000,0.010447557590567246,Petrol,Dealer,Manual
0.8378378378378386,650000,0.011965484635172186,Diesel,Dealer,Manual
0.9189189189189193,575000,0.011440162409297187,Diesel,Dealer,Manual
0.8378378378378386,355000,0.016617975509816744,Petrol,Dealer,Manual
0.8918918918918948,470000,0.013288110432899406,Diesel,Dealer,Manual
0.6756756756756772,221000,0.014830609000972692,Petrol,Dealer,Manual
0.7027027027027017,195000,0.011440162409297187,Petrol,Dealer,Manual
0.4864864864864842,85000,0.03643321459921303,Petrol,Individual,Manual
0.8108108108108141,400000,0.021181924170583986,Diesel,Individual,Manual
0.9189189189189193,650000,0.008472515480059785,Diesel,Individual,Manual
0.7297297297297334,400000,0.021181924170583986,Petrol,Individual,Manual
0.7837837837837824,295000,0.033891332861108195,Diesel,Individual,Manual
0.5405405405405403,110000,0.05083721111514047,Diesel,Individual,Manual
0.8648648648648631,550000,0.0481258705944953,Diesel,Individual,Manual
0.6756756756756772,190000,0.02965486329760012,Petrol,Individual,Manual
0.9459459459459438,861999,0.008472515480059785,Diesel,Dealer,Manual
0.9459459459459438,782000,0.005930633741954944,Petrol,Dealer,Manual
0.9459459459459438,836000,0.011014397218164626,Diesel,Dealer,Manual
0.8918918918918948,596000,0.05158452434614329,Diesel,Dealer,Manual
0.8918918918918948,612000,0.04466425131415286,Petrol,Dealer,Manual
0.8648648648648631,114999,0.014827219825321886,Petrol,Individual,Manual
0.9189189189189193,340000,0.025418393734092055,Diesel,Individual,Manual
1.0,550000,0.0021178111347976833,Petrol,Individual,Manual
0.6756756756756772,114999,0.02965486329760012,Petrol,Individual,Manual
0.9729729729729755,890000,0.008472515480059785,Diesel,Individual,Manual
0.9729729729729755,715000,0.0033887520038501035,Petrol,Individual,Manual
0.8378378378378386,525000,0.022876511995987215,Petrol,Dealer,Manual
0.7837837837837824,735000,0.023427253039243263,Diesel,Dealer,Automatic
0.9189189189189193,1025000,0.0038123989602009104,Petrol,Dealer,Manual
0.8648648648648631,750000,0.02965486329760012,Diesel,Individual,Manual
0.8108108108108141,600000,0.05083721111514047,Diesel,Individual,Manual
0.6486486486486527,80000,0.02457109982139044,Petrol,Dealer,Manual
0.8108108108108141,325000,0.026350417038063827,Diesel,Dealer,Manual
0.8378378378378386,1470000,0.014403572868971079,Diesel,Dealer,Automatic
0.8648648648648631,350000,0.022452865039636408,Diesel,Individual,Manual
0.8108108108108141,2800000,0.02075827721423318,Diesel,Dealer,Automatic
0.9189189189189193,210000,0.006354280698305751,Petrol,Dealer,Manual
0.7837837837837824,349000,0.01885186591065455,Diesel,Dealer,Manual
0.8108108108108141,450000,0.021181924170583986,Petrol,Individual,Manual
0.8108108108108141,1150000,0.022452865039636408,Diesel,Dealer,Automatic
0.7027027027027017,210000,0.02690115808131988,Petrol,Dealer,Automatic
0.9189189189189193,825000,0.005760751312458271,Petrol,Dealer,Automatic
0.9189189189189193,2750000,0.0055069867856041375,Diesel,Individual,Automatic
0.7837837837837824,160000,0.046600741551632394,Diesel,Individual,Manual
0.8378378378378386,550000,0.04236427198812433,Diesel,Individual,Manual
0.621621621621621,95000,0.046600741551632394,Petrol,Individual,Manual
0.8378378378378386,725000,0.03812780242461626,Diesel,Individual,Manual
0.9729729729729755,670000,0.007201574611007364,Petrol,Individual,Manual
0.6756756756756772,65000,0.0593101502421566,Petrol,Individual,Manual
0.8648648648648631,500000,0.021181924170583986,Diesel,Individual,Manual
0.9189189189189193,600000,0.022452865039636408,Petrol,Individual,Manual
0.9189189189189193,350000,0.02965486329760012,Petrol,Individual,Manual
0.7837837837837824,200000,0.02965486329760012,Diesel,Individual,Manual
0.6756756756756772,110000,0.06524120763106789,Diesel,Individual,Manual
0.7837837837837824,150000,0.033891332861108195,Petrol,Individual,Manual
0.5405405405405403,75000,0.046600741551632394,Diesel,Individual,Manual
0.8108108108108141,350000,0.03812780242461626,Diesel,Individual,Manual
0.9459459459459438,1700000,0.006354280698305751,Diesel,Individual,Manual
0.7567567567567579,890000,0.03643321459921303,Diesel,Individual,Automatic
0.8378378378378386,500000,0.05083721111514047,Diesel,Individual,Manual
0.9729729729729755,600000,0.0022025405260678445,Petrol,Individual,Manual
0.7297297297297334,99000,0.025418393734092055,Petrol,Individual,Manual
0.621621621621621,75000,0.01694545460707592,Petrol,Individual,Manual
0.8378378378378386,600000,0.03812780242461626,Diesel,Individual,Manual
0.9729729729729755,1000000,0.010590750261813818,Diesel,Individual,Manual
0.7837837837837824,390000,0.03812780242461626,Diesel,Individual,Manual
0.9189189189189193,600000,0.02965486329760012,Petrol,Individual,Manual
0.9729729729729755,730000,0.014827219825321886,Diesel,Individual,Manual
0.7567567567567579,250000,0.033891332861108195,Diesel,Individual,Manual
0.9459459459459438,1400000,0.008472515480059785,Diesel,Individual,Manual
0.9459459459459438,300000,0.008472515480059785,Petrol,Individual,Manual
0.9189189189189193,800000,0.008048868523708978,Petrol,Individual,Manual
0.7027027027027017,125000,0.040246037206370294,Diesel,Individual,Manual
0.9729729729729755,2600000,0.004024222438376314,Diesel,Individual,Automatic
0.7837837837837824,295000,0.03812780242461626,Diesel,Individual,Manual
0.8108108108108141,650000,0.01941912918520828,Petrol,Dealer,Manual
0.7297297297297334,200000,0.031565511070742264,Petrol,Dealer,Manual
0.7027027027027017,130000,0.03698099011377463,Petrol,Dealer,Manual
0.7837837837837824,250000,0.06610544742202354,Diesel,Dealer,Manual
0.567567567567572,400000,0.039574556780554264,Diesel,Dealer,Manual
0.9189189189189193,430000,0.042855278810534914,Petrol,Dealer,Manual
0.8648648648648631,170000,0.033891332861108195,Petrol,Individual,Manual
0.9729729729729755,450000,0.00508333982925333,Petrol,Individual,Manual
0.8108108108108141,350000,0.03812780242461626,Petrol,Individual,Manual
0.7837837837837824,180000,0.023355233056663625,Diesel,Dealer,Manual
0.8378378378378386,475000,0.02763788013841393,Petrol,Dealer,Manual
0.8648648648648631,470000,0.02464820356744629,Petrol,Dealer,Manual
0.7837837837837824,200000,0.038655242885273014,Diesel,Dealer,Manual
0.8108108108108141,650000,0.04363055274065689,Diesel,Dealer,Manual
0.7297297297297334,400000,0.021181924170583986,Petrol,Individual,Manual
0.8378378378378386,409999,0.03812780242461626,Diesel,Individual,Manual
0.9459459459459438,640000,0.010590750261813818,Diesel,Individual,Manual
0.6486486486486527,160000,0.033891332861108195,Petrol,Individual,Manual
0.8108108108108141,182000,0.04236427198812433,Diesel,Individual,Manual
0.9459459459459438,750000,0.02965486329760012,Diesel,Individual,Manual
0.6756756756756772,80000,0.04236427198812433,Petrol,Individual,Manual
0.8918918918918948,240000,0.03812780242461626,Diesel,Individual,Manual
0.5945945945945965,60000,0.025418393734092055,Petrol,Individual,Manual
0.6486486486486527,70000,0.05083721111514047,Petrol,Individual,Manual
0.6756756756756772,285000,0.03812780242461626,Diesel,Individual,Automatic
0.8648648648648631,350000,0.025418393734092055,Diesel,Individual,Manual
0.8648648648648631,699000,0.012708985043567853,Diesel,Individual,Manual
0.7567567567567579,275000,0.045753447638930786,Diesel,Individual,Manual
0.7837837837837824,350000,0.06778308936917274,Diesel,Individual,Manual
0.621621621621621,135000,0.03812780242461626,Petrol,Individual,Manual
0.7297297297297334,325000,0.05083721111514047,Diesel,Individual,Manual
0.7837837837837824,650000,0.04321156590082594,Diesel,Individual,Manual
0.7027027027027017,300000,0.07540873458348726,Diesel,Individual,Manual
0.8378378378378386,1200000,0.084728967623205,Diesel,Individual,Manual
0.7837837837837824,450000,0.025418393734092055,Petrol,Dealer,Manual
0.9729729729729755,425000,0.0012705172220960695,Petrol,Individual,Manual
0.621621621621621,150000,0.03182308842020355,Petrol,Individual,Manual
0.8108108108108141,290000,0.0593101502421566,Diesel,Individual,Manual
0.8378378378378386,335000,0.025418393734092055,Petrol,Individual,Manual
0.621621621621621,120000,0.033467685904757384,Petrol,Dealer,Manual
0.5945945945945965,20000,0.010590750261813818,Petrol,Individual,Manual
0.5945945945945965,250000,0.02965486329760012,Petrol,Individual,Manual
0.6756756756756772,120000,0.017675398312868358,Petrol,Individual,Manual
0.7297297297297334,250000,0.02965486329760012,Petrol,Individual,Manual
0.7837837837837824,220000,0.02965486329760012,Diesel,Individual,Manual
0.5945945945945965,61000,0.00196402728964234,Petrol,Individual,Manual
0.8378378378378386,425000,0.04236427198812433,Diesel,Individual,Manual
0.7027027027027017,85000,0.05083721111514047,Diesel,Individual,Manual
0.8648648648648631,270000,0.01694545460707592,Diesel,Individual,Manual
0.7027027027027017,180000,0.09320190675022114,Diesel,Individual,Manual
0.9459459459459438,300000,0.008472515480059785,Petrol,Individual,Manual
0.9189189189189193,800000,0.008048868523708978,Petrol,Individual,Manual
0.7027027027027017,125000,0.040246037206370294,Diesel,Individual,Manual
0.9189189189189193,450000,0.012708985043567853,Petrol,Individual,Manual
0.7837837837837824,450000,0.018070237276187312,Diesel,Individual,Manual
0.9189189189189193,250000,0.018216395476128338,Petrol,Individual,Manual
0.7837837837837824,725000,0.02965486329760012,Diesel,Individual,Manual
0.7297297297297334,250000,0.02330015895233802,Petrol,Individual,Manual
0.7297297297297334,99000,0.033891332861108195,Diesel,Individual,Manual
0.9189189189189193,350000,0.02330015895233802,Petrol,Individual,Manual
0.9459459459459438,511000,0.02965486329760012,Petrol,Individual,Manual
0.7837837837837824,300000,0.033891332861108195,Diesel,Individual,Manual
0.7297297297297334,1100000,0.046600741551632394,Petrol,Individual,Automatic
0.7297297297297334,125000,0.025418393734092055,Petrol,Individual,Manual
0.9459459459459438,500000,0.012708985043567853,Petrol,Individual,Manual
0.8108108108108141,385000,0.033891332861108195,Diesel,Individual,Manual
0.7837837837837824,350000,0.03812780242461626,Petrol,Individual,Manual
0.5405405405405403,60000,0.021181924170583986,Petrol,Individual,Manual
0.7837837837837824,300000,0.021181924170583986,Petrol,Individual,Manual
0.7837837837837824,400000,0.02965486329760012,Diesel,Individual,Manual
0.8378378378378386,550000,0.046600741551632394,Diesel,Individual,Manual
0.7837837837837824,300000,0.033891332861108195,Petrol,Individual,Manual
0.7837837837837824,250000,0.06608850154376951,Diesel,Individual,Manual
0.7837837837837824,800000,0.07625602849618887,Diesel,Individual,Manual
0.9459459459459438,300000,0.010590750261813818,Petrol,Individual,Manual
0.567567567567572,80000,0.05083721111514047,Petrol,Individual,Manual
0.9189189189189193,355000,0.01694545460707592,Petrol,Individual,Automatic
0.8648648648648631,520000,0.021181924170583986,Diesel,Individual,Manual
0.7837837837837824,500000,0.011014397218164626,Diesel,Individual,Manual
0.6756756756756772,114999,0.012708985043567853,Petrol,Individual,Manual
0.8378378378378386,1800000,0.021181924170583986,Diesel,Individual,Manual
0.9459459459459438,800000,0.008472515480059785,Diesel,Individual,Manual
0.6756756756756772,105000,0.012708985043567853,Petrol,Individual,Manual
0.7567567567567579,135000,0.03304403894840658,Petrol,Individual,Manual
0.7567567567567579,170000,0.01694545460707592,Petrol,Individual,Manual
0.8378378378378386,550000,0.04236427198812433,Petrol,Individual,Manual
0.7027027027027017,250000,0.02965486329760012,Petrol,Individual,Manual
0.8378378378378386,650000,0.012708985043567853,Diesel,Individual,Manual
0.6756756756756772,210000,0.03262039199205577,Petrol,Individual,Automatic
0.7567567567567579,260000,0.06354661980566467,Diesel,Individual,Manual
0.8918918918918948,750000,0.029231216341249314,Diesel,Individual,Manual
0.8918918918918948,1350000,0.05083721111514047,Diesel,Individual,Automatic
0.7837837837837824,220000,0.05083721111514047,Diesel,Individual,Manual
0.6756756756756772,110000,0.046600741551632394,Petrol,Individual,Manual
0.9189189189189193,1230000,0.02965486329760012,Diesel,Individual,Automatic
0.8108108108108141,220000,0.046600741551632394,Diesel,Individual,Manual
0.7027027027027017,130000,0.021181924170583986,Diesel,Individual,Manual
0.7837837837837824,330000,0.018640042432479145,Petrol,Individual,Manual
0.7297297297297334,254999,0.03812780242461626,Petrol,Individual,Manual
0.8378378378378386,600000,0.021181924170583986,Petrol,Individual,Manual
0.7837837837837824,210000,0.021181924170583986,Petrol,Individual,Manual
0.8378378378378386,300000,0.06185203198026144,Diesel,Individual,Manual
0.9459459459459438,426000,0.006354280698305751,Petrol,Individual,Automatic
0.8648648648648631,265000,0.025418393734092055,Petrol,Individual,Manual
0.8918918918918948,450000,0.014827219825321886,Petrol,Individual,Manual
0.7837837837837824,480000,0.033891332861108195,Diesel,Individual,Manual
0.7297297297297334,40000,0.03812780242461626,Petrol,Individual,Manual
0.7567567567567579,395000,0.02965486329760012,Petrol,Individual,Manual
0.8108108108108141,229999,0.026265687646793667,Petrol,Individual,Manual
0.9459459459459438,875000,0.004236045916551717,Petrol,Individual,Automatic
0.7297297297297334,170000,0.033891332861108195,CNG,Individual,Manual
0.8648648648648631,500000,0.014827219825321886,Petrol,Individual,Manual
0.8108108108108141,450000,0.000423223309394456,Diesel,Dealer,Manual
0.8108108108108141,1580000,0.03643321459921303,Diesel,Dealer,Automatic
0.9729729729729755,4950000,0.012708985043567853,Diesel,Dealer,Automatic
0.8918918918918948,535000,0.022283406257096083,Diesel,Individual,Manual
0.7837837837837824,225000,0.046600741551632394,Petrol,Individual,Manual
0.9189189189189193,550000,0.008425914314861196,Petrol,Dealer,Automatic
0.8918918918918948,670000,0.003009164330959781,Petrol,Trustmark Dealer,Manual
0.9189189189189193,520000,0.004452105864290628,Petrol,Dealer,Automatic
0.8918918918918948,239000,0.017369101563426727,Petrol,Dealer,Manual
0.9189189189189193,2600000,0.019979614108460397,Diesel,Trustmark Dealer,Automatic
0.8648648648648631,750000,0.019476321524315637,Diesel,Trustmark Dealer,Manual
0.8108108108108141,1300000,0.024782923299565843,Diesel,Dealer,Automatic
0.5945945945945965,80000,0.023969521143372294,Petrol,Dealer,Manual
0.7837837837837824,385000,0.0220292180832856,Diesel,Dealer,Manual
0.8648648648648631,760000,0.023444198917497293,Petrol,Trustmark Dealer,Manual
0.9189189189189193,600000,0.01970212535205062,Diesel,Trustmark Dealer,Manual
0.9729729729729755,450000,0.01694545460707592,Petrol,Individual,Manual
0.9729729729729755,450000,0.01694545460707592,Petrol,Individual,Manual
0.7837837837837824,550000,0.05083721111514047,Diesel,Individual,Manual
0.8108108108108141,200000,0.025418393734092055,Petrol,Individual,Manual
0.6756756756756772,80000,0.03812780242461626,Petrol,Individual,Manual
0.7297297297297334,300000,0.10591131544074535,Diesel,Individual,Manual
0.9729729729729755,675000,0.006354280698305751,Diesel,Individual,Manual
0.9189189189189193,260000,0.012708985043567853,Petrol,Individual,Manual
0.9729729729729755,500000,0.006354280698305751,Petrol,Individual,Manual
0.7837837837837824,150000,0.023624672520902737,Petrol,Individual,Manual
0.621621621621621,100000,0.033891332861108195,Petrol,Individual,Manual
0.4864864864864842,70000,0.04956627024608804,Petrol,Individual,Manual
0.567567567567572,100000,0.02965486329760012,Petrol,Individual,Manual
0.7837837837837824,730000,0.046600741551632394,Diesel,Individual,Manual
0.8918918918918948,525000,0.04236427198812433,Diesel,Individual,Manual
0.8918918918918948,525000,0.04448250676987836,Diesel,Individual,Manual
0.7027027027027017,550000,0.07710332240889048,Diesel,Individual,Manual
0.7837837837837824,420000,0.040246037206370294,Diesel,Individual,Manual
0.8648648648648631,500000,0.02965486329760012,Petrol,Individual,Manual
0.7027027027027017,165000,0.032196745035704966,Petrol,Individual,Manual
0.8378378378378386,650000,0.02965486329760012,Diesel,Individual,Manual
0.8108108108108141,195000,0.01948733634518076,Diesel,Individual,Manual
0.4324324324324351,75000,0.02965486329760012,Petrol,Individual,Manual
0.9189189189189193,1770000,0.010590750261813818,Diesel,Individual,Manual
0.621621621621621,90000,0.03812780242461626,Petrol,Individual,Manual
0.8918918918918948,515000,0.021181924170583986,Diesel,Individual,Manual
0.9189189189189193,700000,0.010414936774928234,Diesel,Dealer,Manual
0.4864864864864842,62000,0.02965486329760012,Petrol,Individual,Manual
0.7567567567567579,220000,0.046600741551632394,Diesel,Individual,Manual
0.9729729729729755,520000,0.004236045916551717,CNG,Individual,Manual
0.7297297297297334,170000,0.04236427198812433,Petrol,Individual,Manual
0.7567567567567579,190000,0.046600741551632394,Diesel,Individual,Manual
0.7567567567567579,150000,0.04236427198812433,Diesel,Individual,Manual
0.7027027027027017,125000,0.02753662851584609,Petrol,Individual,Manual
0.8648648648648631,290000,0.01694545460707592,Diesel,Individual,Manual
0.9729729729729755,490000,0.0058882690463198635,Petrol,Individual,Manual
0.9189189189189193,434999,0.007440087847432868,Petrol,Individual,Manual
0.8918918918918948,380000,0.006354280698305751,Petrol,Individual,Manual
0.7837837837837824,200000,0.03473862677380981,Diesel,Individual,Manual
0.8918918918918948,495000,0.01694545460707592,Diesel,Individual,Manual
0.8378378378378386,600000,0.06397026676201548,Diesel,Individual,Manual
0.8648648648648631,300000,0.021181924170583986,Petrol,Individual,Manual
0.9189189189189193,430000,0.006354280698305751,Petrol,Individual,Manual
0.9189189189189193,370000,0.033891332861108195,Diesel,Individual,Manual
0.9729729729729755,750000,0.004659692872902524,Petrol,Individual,Manual
0.8918918918918948,300000,0.021181924170583986,CNG,Individual,Manual
0.7837837837837824,700000,0.05083721111514047,Diesel,Individual,Automatic
0.6486486486486527,100000,0.02965486329760012,LPG,Individual,Manual
0.8648648648648631,300000,0.03812780242461626,Petrol,Individual,Manual
0.7837837837837824,130000,0.0783742632779429,Diesel,Individual,Manual
0.8918918918918948,650000,0.01694545460707592,Diesel,Individual,Manual
0.9189189189189193,509999,0.010590750261813818,Diesel,Individual,Manual
0.8108108108108141,1000000,0.04989671487204167,Diesel,Individual,Manual
0.7297297297297334,280000,0.05083721111514047,Diesel,Individual,Manual
0.9189189189189193,600000,0.05083721111514047,Diesel,Individual,Manual
0.8108108108108141,210000,0.05083721111514047,Diesel,Individual,Manual
0.9459459459459438,229999,0.012708985043567853,Petrol,Individual,Manual
0.9459459459459438,245000,0.012708985043567853,Petrol,Individual,Manual
0.8648648648648631,600000,0.025418393734092055,Diesel,Individual,Manual
0.8918918918918948,375000,0.010590750261813818,Petrol,Individual,Manual
0.8648648648648631,150000,0.02330015895233802,Diesel,Individual,Manual
0.9459459459459438,1450000,0.008472515480059785,Diesel,Individual,Manual
0.6486486486486527,75000,0.01694545460707592,Petrol,Individual,Manual
0.621621621621621,225000,0.033891332861108195,Petrol,Individual,Automatic
0.621621621621621,275000,0.033891332861108195,Petrol,Individual,Automatic
0.9459459459459438,620000,0.014827219825321886,Diesel,Individual,Manual
0.7297297297297334,600000,0.046600741551632394,Diesel,Individual,Manual
0.7567567567567579,275000,0.06778308936917274,Diesel,Individual,Manual
0.8108108108108141,125000,0.0529554458968945,Diesel,Individual,Manual
0.7567567567567579,80000,0.026265687646793667,Petrol,Individual,Manual
0.7567567567567579,199000,0.05083721111514047,Diesel,Individual,Manual
0.8918918918918948,440000,0.013979925912620273,Petrol,Individual,Manual
0.8108108108108141,250000,0.033891332861108195,Diesel,Individual,Manual
0.9189189189189193,700000,0.014827219825321886,Diesel,Individual,Manual
0.8648648648648631,450000,0.021181924170583986,Diesel,Individual,Manual
0.9729729729729755,240000,0.0021178111347976833,Petrol,Individual,Manual
0.8918918918918948,350000,0.00508333982925333,Petrol,Individual,Manual
0.8918918918918948,650000,0.03456704975648773,Diesel,Dealer,Manual
0.5945945945945965,71000,0.009319809392761398,Petrol,Individual,Manual
0.8648648648648631,400000,0.01694545460707592,Petrol,Individual,Manual
0.6756756756756772,130000,0.01694545460707592,Petrol,Individual,Manual
0.8108108108108141,300000,0.02965486329760012,Diesel,Individual,Manual
0.9729729729729755,1100000,0.0016941641784468764,Diesel,Individual,Manual
0.8648648648648631,2200000,0.010167103305463011,Diesel,Individual,Automatic
0.9459459459459438,800000,0.005718810263779541,Petrol,Dealer,Manual
0.8108108108108141,490000,0.01694545460707592,Diesel,Individual,Manual
0.9459459459459438,836000,0.004108951829646475,Petrol,Dealer,Manual
0.7837837837837824,375000,0.026265687646793667,Petrol,Individual,Manual
0.8918918918918948,1249000,0.010167103305463011,Diesel,Dealer,Manual
0.9729729729729755,1240000,0.0055069867856041375,Diesel,Dealer,Manual
0.7027027027027017,35000,0.021181924170583986,Petrol,Individual,Manual
0.9189189189189193,1189000,0.01694545460707592,Diesel,Dealer,Manual
0.9459459459459438,700000,0.011438044174515433,Petrol,Individual,Manual
0.8918918918918948,350000,0.01694545460707592,Petrol,Individual,Manual
0.7027027027027017,254999,0.033891332861108195,Petrol,Individual,Manual
0.5945945945945965,229999,0.09362555370657195,Diesel,Individual,Manual
0.8918918918918948,750000,0.033891332861108195,Diesel,Individual,Manual
0.7837837837837824,325000,0.050413564158789656,Diesel,Individual,Manual
0.7027027027027017,760000,0.08049249805969694,Diesel,Individual,Manual
0.9189189189189193,509999,0.010590750261813818,Petrol,Individual,Automatic
0.8108108108108141,363000,0.012175189878565836,Petrol,Individual,Manual
0.7297297297297334,229999,0.020546453736057776,Petrol,Individual,Manual
0.7837837837837824,290000,0.046600741551632394,Petrol,Individual,Manual
0.9459459459459438,550000,0.012708985043567853,Petrol,Individual,Manual
0.7567567567567579,125000,0.05083721111514047,Diesel,Individual,Manual
0.8378378378378386,2000000,0.05507368067864853,Diesel,Individual,Automatic
0.6756756756756772,350000,0.0593101502421566,Diesel,Individual,Manual
0.7567567567567579,390000,0.03812780242461626,Diesel,Individual,Manual
0.7297297297297334,260000,0.021181924170583986,Petrol,Individual,Manual
0.6756756756756772,150000,0.021181924170583986,Petrol,Individual,Manual
0.621621621621621,85000,0.025418393734092055,Petrol,Individual,Manual
0.8648648648648631,280000,0.006354280698305751,Petrol,Individual,Manual
0.8648648648648631,220000,0.019063689388829953,Petrol,Individual,Manual
0.5945945945945965,140000,0.033891332861108195,Petrol,Individual,Manual
0.9459459459459438,370000,0.006354280698305751,Petrol,Individual,Automatic
0.9729729729729755,650000,0.008472515480059785,Diesel,Individual,Manual
0.9189189189189193,280000,0.015674513738023498,Petrol,Individual,Manual
0.8918918918918948,540000,0.033891332861108195,Diesel,Individual,Manual
0.5135135135135158,50000,0.05083721111514047,Diesel,Individual,Manual
0.9459459459459438,800000,0.008472515480059785,Petrol,Individual,Manual
0.8918918918918948,515000,0.010590750261813818,Diesel,Individual,Manual
0.7297297297297334,220000,0.0406696841627211,Petrol,Individual,Manual
0.8378378378378386,525000,0.022876511995987215,Petrol,Dealer,Manual
0.8108108108108141,165000,0.022452865039636408,Petrol,Dealer,Manual
0.7297297297297334,221000,0.02753662851584609,Diesel,Dealer,Manual
0.8648648648648631,245000,0.018216395476128338,Petrol,Dealer,Manual
0.7837837837837824,260000,0.01779274851977753,Petrol,Dealer,Manual
0.7567567567567579,550000,0.030925804166652544,Diesel,Dealer,Automatic
0.8648648648648631,434999,0.012285338087217046,Petrol,Dealer,Manual
0.8108108108108141,450000,0.040246037206370294,Diesel,Dealer,Manual
0.8378378378378386,290000,0.010590750261813818,Petrol,Individual,Manual
0.7567567567567579,305000,0.022452865039636408,Petrol,Dealer,Manual
0.7567567567567579,265000,0.008472515480059785,Petrol,Dealer,Manual
0.8378378378378386,325000,0.024147452865039633,Petrol,Dealer,Manual
0.8378378378378386,550000,0.0220292180832856,Diesel,Dealer,Manual
0.6756756756756772,105000,0.01694545460707592,Petrol,Individual,Manual
0.7837837837837824,275000,0.019910983301531567,Petrol,Dealer,Manual
0.7837837837837824,434999,0.019910983301531567,Petrol,Dealer,Manual
0.8918918918918948,690000,0.030925804166652544,Diesel,Dealer,Manual
0.7837837837837824,249000,0.01779274851977753,Petrol,Dealer,Manual
0.7837837837837824,204999,0.025418393734092055,Petrol,Dealer,Manual
0.7837837837837824,200000,0.021181924170583986,Diesel,Individual,Manual
0.8648648648648631,190000,0.05083721111514047,Petrol,Individual,Manual
0.7837837837837824,150000,0.021181924170583986,Petrol,Individual,Manual
0.4324324324324351,70000,0.02965486329760012,Petrol,Individual,Manual
0.9459459459459438,900000,0.010590750261813818,Diesel,Individual,Manual
0.9729729729729755,950000,0.004659692872902524,Petrol,Individual,Automatic
0.8108108108108141,475000,0.033891332861108195,Petrol,Individual,Manual
0.4054054054054035,55000,0.033891332861108195,Petrol,Individual,Manual
0.8108108108108141,450000,0.03177309807935416,Diesel,Individual,Manual
0.7027027027027017,1200000,0.019063689388829953,Diesel,Individual,Automatic
0.6486486486486527,300000,0.04236427198812433,Diesel,Individual,Manual
0.8378378378378386,350000,0.025418393734092055,Diesel,Individual,Manual
0.8648648648648631,821000,0.021181924170583986,Petrol,Individual,Manual
0.8378378378378386,200000,0.033891332861108195,Petrol,Individual,Manual
0.9189189189189193,1000000,0.025418393734092055,Diesel,Individual,Manual
0.8918918918918948,220000,0.025418393734092055,Petrol,Individual,Manual
0.7837837837837824,310000,0.02965486329760012,Diesel,Individual,Manual
0.9459459459459438,815000,0.01779274851977753,Diesel,Individual,Manual
0.9189189189189193,1200000,0.01694545460707592,Diesel,Individual,Manual
0.7567567567567579,170000,0.06354661980566467,Diesel,Individual,Manual
0.9189189189189193,1000000,0.012708985043567853,Diesel,Individual,Manual
0.7297297297297334,155000,0.03812780242461626,Petrol,Individual,Manual
0.9189189189189193,400000,0.05083721111514047,Diesel,Individual,Manual
0.8918918918918948,400000,0.033891332861108195,Diesel,Individual,Manual
0.7297297297297334,250000,0.033891332861108195,Diesel,Individual,Manual
0.6756756756756772,150000,0.021181924170583986,Petrol,Individual,Manual
0.5135135135135158,80000,0.02965486329760012,Petrol,Individual,Manual
0.7027027027027017,130000,0.05083721111514047,Petrol,Individual,Automatic
0.8378378378378386,325000,0.02965486329760012,Diesel,Individual,Automatic
0.7837837837837824,735000,0.023427253039243263,Diesel,Dealer,Automatic
0.7837837837837824,285000,0.03147654520990859,Diesel,Dealer,Manual
0.7297297297297334,350000,0.020665498530792352,Petrol,Dealer,Manual
0.7297297297297334,290000,0.03711952266850134,Diesel,Dealer,Automatic
0.9189189189189193,890000,0.017038233290516746,Diesel,Dealer,Automatic
0.7567567567567579,385000,0.004860077883256456,Petrol,Dealer,Manual
0.9189189189189193,425000,0.0035378757324855876,Petrol,Dealer,Manual
0.9189189189189193,525000,0.004128015942682261,Petrol,Dealer,Automatic
0.9189189189189193,550000,0.004129286883551314,Petrol,Dealer,Manual
0.7837837837837824,271000,0.02075827721423318,Petrol,Dealer,Manual
0.9459459459459438,1490000,0.008766526467767245,Diesel,Dealer,Manual
0.8648648648648631,490000,0.013166523756426724,Petrol,Dealer,Manual
0.8378378378378386,260000,0.015930820146615735,Petrol,Dealer,Manual
0.8378378378378386,455000,0.023660258865236206,Diesel,Dealer,Manual
0.7297297297297334,75000,0.024931199734288628,Petrol,Dealer,Manual
0.8648648648648631,421000,0.010098896145490532,Petrol,Dealer,Manual
0.8108108108108141,330000,0.016098160694374305,Petrol,Dealer,Automatic
0.7837837837837824,390000,0.019256025107013217,Diesel,Dealer,Manual
0.8648648648648631,599000,0.01989276648240848,Diesel,Dealer,Automatic
0.9729729729729755,738000,0.0033887520038501035,Petrol,Individual,Automatic
0.8918918918918948,300000,0.012708985043567853,Petrol,Individual,Manual
0.7837837837837824,150000,0.046600741551632394,Diesel,Individual,Manual
0.6486486486486527,440000,0.09447284761927356,Diesel,Individual,Manual
0.7567567567567579,280000,0.046600741551632394,Diesel,Individual,Manual
0.621621621621621,100000,0.05083721111514047,Petrol,Individual,Manual
0.6756756756756772,150000,0.04236427198812433,Petrol,Individual,Manual
0.8378378378378386,380000,0.04236427198812433,Diesel,Individual,Manual
0.621621621621621,90000,0.025418393734092055,Petrol,Individual,Manual
0.7567567567567579,275000,0.025418393734092055,Diesel,Individual,Manual
0.7027027027027017,180000,0.017407229789498296,Petrol,Individual,Manual
0.7837837837837824,225000,0.12574773687795918,Diesel,Individual,Manual
0.8378378378378386,200000,0.01694545460707592,Petrol,Individual,Manual
0.7567567567567579,500000,0.01694545460707592,Petrol,Individual,Manual
0.7297297297297334,300000,0.02965486329760012,Petrol,Individual,Manual
0.8648648648648631,765000,0.033891332861108195,Diesel,Individual,Manual
0.9189189189189193,650000,0.03812780242461626,Diesel,Individual,Manual
0.9189189189189193,380000,0.008048868523708978,Petrol,Individual,Manual
0.3513513513513544,200000,0.025418393734092055,Diesel,Individual,Manual
0.9189189189189193,380000,0.008048868523708978,Petrol,Individual,Manual
0.7297297297297334,145000,0.028807569384898507,CNG,Individual,Manual
0.7567567567567579,280000,0.05083721111514047,Diesel,Individual,Manual
0.8378378378378386,254999,0.012708985043567853,Diesel,Individual,Manual
0.8918918918918948,300000,0.03812780242461626,Petrol,Individual,Manual
0.8648648648648631,480000,0.0593101502421566,Diesel,Individual,Manual
0.9189189189189193,850000,0.01885186591065455,Petrol,Individual,Automatic
0.8378378378378386,350000,0.0220292180832856,Diesel,Individual,Manual
0.8918918918918948,650000,0.011014397218164626,Petrol,Individual,Manual
0.8918918918918948,650000,0.011014397218164626,Petrol,Individual,Manual
0.8648648648648631,300000,0.014827219825321886,Petrol,Individual,Manual
0.6756756756756772,150000,0.025418393734092055,Petrol,Individual,Manual
0.567567567567572,80000,0.02457109982139044,Petrol,Individual,Manual
0.8378378378378386,200000,0.04236427198812433,Diesel,Individual,Manual
0.8918918918918948,220000,0.018512948345573904,Petrol,Individual,Manual
0.7027027027027017,68000,0.05083721111514047,Petrol,Individual,Manual
0.7567567567567579,180000,0.033891332861108195,Diesel,Individual,Manual
0.9189189189189193,290000,0.008472515480059785,Petrol,Individual,Manual
0.9459459459459438,300000,0.010590750261813818,Petrol,Individual,Manual
0.8378378378378386,600000,0.011642665654432872,Diesel,Dealer,Manual
0.9729729729729755,470000,0.0033887520038501035,Petrol,Individual,Manual
0.6756756756756772,150000,0.012708985043567853,Petrol,Individual,Manual
0.9189189189189193,400000,0.012708985043567853,Petrol,Individual,Manual
0.7027027027027017,110000,0.04236427198812433,Diesel,Individual,Manual
0.8378378378378386,180000,0.023811500828653444,Petrol,Dealer,Manual
0.7297297297297334,250000,0.01694545460707592,Petrol,Individual,Manual
0.621621621621621,80000,0.02965486329760012,Petrol,Individual,Manual
0.9459459459459438,875000,0.0006096279701888109,Petrol,Individual,Manual
0.8648648648648631,425000,0.00508333982925333,Petrol,Individual,Manual
0.9729729729729755,300000,0.021181924170583986,Petrol,Individual,Manual
0.8918918918918948,700000,0.014827219825321886,Diesel,Individual,Manual
0.7297297297297334,130000,0.021181924170583986,Petrol,Individual,Manual
0.9189189189189193,1000000,0.025418393734092055,Diesel,Individual,Manual
0.9189189189189193,650000,0.028383922428547703,Diesel,Individual,Manual
0.8108108108108141,400000,0.04236427198812433,Petrol,Individual,Manual
0.9189189189189193,800000,0.025418393734092055,Diesel,Individual,Manual
0.9189189189189193,675000,0.02965486329760012,Diesel,Individual,Manual
0.9189189189189193,210000,0.021181924170583986,Petrol,Individual,Manual
0.7027027027027017,150000,0.05083721111514047,Diesel,Individual,Manual
0.6486486486486527,45000,0.04236427198812433,CNG,Individual,Manual
0.8648648648648631,516000,0.03812780242461626,Petrol,Individual,Manual
0.8378378378378386,450000,0.033891332861108195,Petrol,Individual,Manual
0.7837837837837824,134000,0.03812780242461626,Petrol,Individual,Manual
0.8378378378378386,509999,0.06651214850012031,Diesel,Individual,Manual
0.8918918918918948,500000,0.008472515480059785,Petrol,Individual,Manual
0.6756756756756772,130000,0.033891332861108195,Petrol,Individual,Manual
0.8648648648648631,575000,0.025418393734092055,Diesel,Individual,Manual
0.8648648648648631,550000,0.02075827721423318,Petrol,Individual,Manual
1.0,347000,0.0021178111347976833,Petrol,Individual,Manual
0.8108108108108141,275000,0.046600741551632394,Diesel,Individual,Manual
0.7297297297297334,630000,0.084728967623205,Diesel,Individual,Manual
0.7837837837837824,160000,0.03812780242461626,Diesel,Individual,Manual
0.7297297297297334,150000,0.026689334603144474,Diesel,Individual,Manual
0.8648648648648631,550000,0.009743456349112205,Petrol,Individual,Manual
0.8108108108108141,349000,0.04236427198812433,Diesel,Individual,Manual
0.567567567567572,229999,0.07117226501997918,Diesel,Individual,Manual
0.6756756756756772,110000,0.03812780242461626,Diesel,Individual,Manual
0.6756756756756772,110000,0.02965486329760012,Petrol,Individual,Manual
0.9459459459459438,245000,0.0023508169607906267,Petrol,Individual,Manual
0.8378378378378386,180000,0.04236427198812433,Petrol,Individual,Manual
0.8378378378378386,290000,0.033891332861108195,Petrol,Individual,Manual
0.7297297297297334,250000,0.01694545460707592,Petrol,Individual,Manual
0.7297297297297334,150000,0.04236427198812433,Diesel,Individual,Manual
0.567567567567572,55000,0.014827219825321886,Petrol,Individual,Manual
0.621621621621621,500000,0.03177309807935416,Diesel,Individual,Manual
0.8108108108108141,290000,0.06354661980566467,Diesel,Individual,Manual
0.9729729729729755,400000,0.006777927654656558,Petrol,Individual,Automatic
0.7027027027027017,72000,0.02965486329760012,Petrol,Individual,Manual
0.8378378378378386,250000,0.048718976333386434,Diesel,Individual,Manual
0.9729729729729755,575000,0.010590750261813818,Petrol,Individual,Automatic
0.9729729729729755,1300000,0.004236045916551717,Diesel,Individual,Automatic
0.9729729729729755,425000,0.006354280698305751,Petrol,Individual,Manual
0.9729729729729755,470000,0.004236045916551717,CNG,Individual,Manual
0.7837837837837824,220000,0.033891332861108195,Petrol,Individual,Manual
1.0,310000,0.0007197761788400207,Petrol,Individual,Manual
0.8918918918918948,400000,0.019155620778358078,Diesel,Dealer,Manual
0.7837837837837824,215000,0.04109333111907191,Diesel,Individual,Manual
0.9459459459459438,310000,0.008472515480059785,Petrol,Individual,Manual
0.9189189189189193,750000,0.021181924170583986,Diesel,Individual,Manual
0.7027027027027017,204999,0.05083721111514047,Diesel,Individual,Manual
0.7297297297297334,260000,0.021181924170583986,Petrol,Individual,Manual
0.7837837837837824,180000,0.01694545460707592,Petrol,Individual,Manual
0.6486486486486527,125000,0.046600741551632394,Diesel,Individual,Manual
0.8378378378378386,420000,0.0656648545874187,Diesel,Individual,Manual
0.7567567567567579,220000,0.02965486329760012,Petrol,Individual,Manual
0.7297297297297334,200000,0.02965486329760012,Petrol,Individual,Manual
0.8918918918918948,335000,0.017369101563426727,Petrol,Dealer,Manual
0.9189189189189193,2650000,0.025418393734092055,Diesel,Dealer,Automatic
0.9459459459459438,2675000,0.023723805908688826,Diesel,Dealer,Automatic
0.7567567567567579,434999,0.04109333111907191,Petrol,Dealer,Automatic
0.8378378378378386,500000,0.025418393734092055,Petrol,Individual,Manual
0.8378378378378386,475000,0.02033463025788237,Petrol,Dealer,Automatic
0.7027027027027017,270000,0.08049249805969694,Diesel,Individual,Manual
0.9729729729729755,600000,0.033891332861108195,Petrol,Individual,Manual
0.8108108108108141,300000,0.02965486329760012,Diesel,Individual,Manual
0.7837837837837824,415000,0.033891332861108195,Diesel,Individual,Manual
0.9459459459459438,800000,0.012708985043567853,Diesel,Individual,Automatic
0.8918918918918948,420000,0.0188264470932735,Petrol,Individual,Manual
0.9459459459459438,1250000,0.012708985043567853,Diesel,Individual,Manual
0.8648648648648631,390000,0.033891332861108195,Diesel,Individual,Manual
0.7837837837837824,400000,0.046600741551632394,Diesel,Individual,Manual
0.6486486486486527,100000,0.0720195589326808,Petrol,Individual,Manual
0.7297297297297334,850000,0.01948733634518076,Diesel,Individual,Automatic
0.7837837837837824,359000,0.05083721111514047,Diesel,Individual,Automatic
0.8648648648648631,470000,0.03870608052003511,Diesel,Dealer,Manual
0.8108108108108141,360000,0.03813203889417977,Diesel,Dealer,Manual
0.8108108108108141,250999,0.033891332861108195,Diesel,Individual,Manual
0.7837837837837824,45000,0.014827219825321886,Petrol,Individual,Manual
0.8108108108108141,495000,0.013471549564999305,Diesel,Dealer,Manual
0.8108108108108141,310000,0.02503711147337633,CNG,Dealer,Manual
0.8918918918918948,540000,0.013217361391188821,Petrol,Dealer,Manual
0.8918918918918948,665000,0.021605571126934793,Diesel,Dealer,Manual
0.8108108108108141,425000,0.009616362262206963,Diesel,Dealer,Manual
0.7567567567567579,1295000,0.02457109982139044,Diesel,Dealer,Automatic
0.8918918918918948,675000,0.021563206431299713,Diesel,Dealer,Manual
0.9459459459459438,980000,0.004236045916551717,Diesel,Individual,Manual
0.8378378378378386,320000,0.025418393734092055,Diesel,Individual,Manual
0.7567567567567579,250000,0.033891332861108195,Petrol,Individual,Manual
0.8918918918918948,600000,0.030502157210301736,Diesel,Individual,Manual
0.8918918918918948,300000,0.0406696841627211,Petrol,Individual,Manual
0.8378378378378386,305000,0.027960275472196896,Diesel,Individual,Manual
0.7837837837837824,270000,0.033891332861108195,Diesel,Individual,Manual
0.7837837837837824,300000,0.03812780242461626,Diesel,Individual,Manual
0.7027027027027017,106000,0.02965486329760012,Petrol,Individual,Manual
0.621621621621621,90000,0.03177309807935416,Petrol,Individual,Manual
0.9729729729729755,539000,0.0010235310465435492,Petrol,Individual,Manual
0.7027027027027017,110000,0.04236427198812433,Diesel,Individual,Manual
0.8918918918918948,250000,0.012708985043567853,Petrol,Individual,Manual
0.7027027027027017,300000,0.021181924170583986,Petrol,Individual,Manual
0.6486486486486527,95000,0.05083721111514047,Petrol,Individual,Manual
1.0,495000,0.0029651050474992966,CNG,Individual,Manual
0.7027027027027017,110000,0.046600741551632394,Petrol,Individual,Manual
0.6756756756756772,100000,0.05507368067864853,Petrol,Individual,Manual
0.8918918918918948,509999,0.014827219825321886,Petrol,Individual,Manual
0.5945945945945965,50000,0.033891332861108195,Petrol,Individual,Manual
0.6486486486486527,85000,0.02965486329760012,Petrol,Individual,Manual
0.9459459459459438,475000,0.009743456349112205,Petrol,Individual,Manual
0.8378378378378386,425000,0.01694545460707592,Petrol,Individual,Manual
0.621621621621621,480000,0.046600741551632394,Petrol,Individual,Automatic
0.9729729729729755,950000,0.004236045916551717,Diesel,Individual,Manual
0.8648648648648631,535000,0.033891332861108195,Diesel,Individual,Manual
0.7027027027027017,325000,0.010590750261813818,Diesel,Individual,Manual
0.8108108108108141,270000,0.03134945112300335,Petrol,Individual,Manual
0.8648648648648631,300000,0.025418393734092055,Petrol,Individual,Manual
0.7567567567567579,325000,0.02965486329760012,Diesel,Individual,Manual
0.7297297297297334,350000,0.04236427198812433,Diesel,Individual,Manual
0.6756756756756772,229999,0.06185203198026144,Diesel,Individual,Manual
0.7837837837837824,325000,0.05083721111514047,Diesel,Individual,Manual
0.5945945945945965,70000,0.02965486329760012,Petrol,Individual,Manual
0.6756756756756772,190000,0.05083721111514047,Diesel,Individual,Manual
0.7567567567567579,345000,0.02774845199402149,Diesel,Individual,Manual
0.8918918918918948,1025000,0.02965486329760012,Diesel,Individual,Manual
0.7837837837837824,120000,0.021181924170583986,Petrol,Individual,Manual
0.7027027027027017,114999,0.03812780242461626,Petrol,Individual,Manual
0.7027027027027017,300000,0.05083721111514047,Petrol,Individual,Manual
0.8918918918918948,340000,0.023723805908688826,Petrol,Dealer,Manual
0.5945945945945965,90000,0.02965486329760012,Petrol,Individual,Manual
0.621621621621621,150000,0.05943724432906184,Petrol,Individual,Manual
0.7297297297297334,115999,0.02965486329760012,Petrol,Individual,Manual
0.9189189189189193,425000,0.015250866781672694,Diesel,Dealer,Manual
0.9189189189189193,550000,0.005505715844735085,Diesel,Dealer,Manual
0.8108108108108141,300000,0.010590750261813818,Diesel,Individual,Manual
0.9459459459459438,1150000,0.011196565409395473,Diesel,Dealer,Manual
0.8648648648648631,475000,0.010421291479273497,Petrol,Dealer,Manual
0.7567567567567579,260000,0.012065465316870977,Petrol,Dealer,Manual
0.8108108108108141,350000,0.04236427198812433,Petrol,Individual,Manual
0.8108108108108141,750000,0.017787664756301322,Diesel,Dealer,Manual
0.9189189189189193,350000,0.0032438647447781276,Petrol,Dealer,Automatic
0.7027027027027017,180000,0.012867852652199405,Petrol,Dealer,Manual
0.9189189189189193,611000,0.014573031651511402,Diesel,Dealer,Manual
0.9189189189189193,325000,0.007837045045533574,Petrol,Dealer,Manual
0.7837837837837824,225000,0.02033463025788237,Petrol,Dealer,Manual
0.8378378378378386,300000,0.0122607665637487,Petrol,Dealer,Automatic
0.9189189189189193,400000,0.021181924170583986,Diesel,Individual,Manual
0.8648648648648631,851000,0.02272908285517713,Diesel,Dealer,Manual
0.8918918918918948,375000,0.009743456349112205,Petrol,Dealer,Manual
0.5945945945945965,120000,0.05083721111514047,Diesel,Individual,Manual
0.8648648648648631,350000,0.05083721111514047,Diesel,Individual,Manual
0.9189189189189193,409999,0.014827219825321886,Petrol,Individual,Manual
0.7837837837837824,500000,0.05507368067864853,Diesel,Individual,Manual
0.8108108108108141,220000,0.03812780242461626,Diesel,Individual,Manual
0.6486486486486527,70000,0.02330015895233802,Petrol,Individual,Manual
0.9189189189189193,800000,0.006354280698305751,Petrol,Individual,Manual
0.8378378378378386,450000,0.11014778500425342,Diesel,Individual,Manual
0.7837837837837824,525000,0.06142838502391063,Diesel,Individual,Manual
0.8918918918918948,300000,0.014827219825321886,Petrol,Individual,Manual
0.6756756756756772,195000,0.023723805908688826,Petrol,Individual,Manual
0.6486486486486527,130000,0.04151697807542271,Diesel,Individual,Manual
0.7567567567567579,300000,0.057191915460402566,Diesel,Individual,Manual
0.5135135135135158,120000,0.025418393734092055,Petrol,Individual,Manual
0.7297297297297334,450000,0.05083721111514047,Diesel,Individual,Manual
0.7297297297297334,160000,0.04321156590082594,Diesel,Individual,Manual
0.9459459459459438,800000,0.014827219825321886,Diesel,Individual,Manual
0.8108108108108141,100000,0.033891332861108195,Petrol,Individual,Manual
0.9189189189189193,825000,0.005760751312458271,Petrol,Dealer,Automatic
0.8648648648648631,265000,0.013951541566544769,Petrol,Dealer,Manual
0.6756756756756772,175000,0.02310994146893651,Petrol,Dealer,Manual
0.8378378378378386,250999,0.024194901324150923,Petrol,Dealer,Manual
0.8648648648648631,471000,0.017379692737335497,Petrol,Dealer,Automatic
0.9729729729729755,650000,0.0021178111347976833,Diesel,Individual,Manual
0.7837837837837824,225000,0.022504549968311204,Petrol,Dealer,Manual
0.8108108108108141,245000,0.02716000637165022,CNG,Dealer,Manual
0.7567567567567579,221000,0.0334219320334715,Petrol,Dealer,Manual
0.7567567567567579,271000,0.031397323229070996,Petrol,Dealer,Manual
0.9189189189189193,525000,0.016521807650725112,Petrol,Dealer,Manual
0.7837837837837824,377000,0.035914247077683294,Petrol,Dealer,Manual
0.7837837837837824,95000,0.008802112812100712,Petrol,Dealer,Manual
0.8648648648648631,763000,0.027299809867245988,Diesel,Dealer,Manual
0.8648648648648631,450000,0.018297735691747693,Petrol,Dealer,Manual
0.8918918918918948,701000,0.03388752003850103,Diesel,Dealer,Manual
0.7567567567567579,277000,0.0265202994675605,Diesel,Dealer,Manual
0.9459459459459438,520000,0.021181924170583986,Petrol,Individual,Automatic
0.9189189189189193,550000,0.04236427198812433,Diesel,Individual,Manual
0.7567567567567579,260000,0.04109333111907191,Diesel,Individual,Manual
0.8648648648648631,420000,0.04236427198812433,Diesel,Individual,Manual
0.5135135135135158,35000,0.04236427198812433,Petrol,Individual,Manual
0.9459459459459438,1150000,0.008472515480059785,Diesel,Individual,Manual
0.9189189189189193,680000,0.01948733634518076,Petrol,Individual,Manual
0.7837837837837824,425000,0.01694545460707592,Diesel,Individual,Manual
0.8378378378378386,450000,0.02965486329760012,Diesel,Individual,Manual
0.6756756756756772,590000,0.03795834364207594,Diesel,Individual,Manual
0.8648648648648631,420000,0.04405885981352756,Diesel,Individual,Manual
0.8378378378378386,450000,0.033891332861108195,Diesel,Individual,Manual
0.567567567567572,40000,0.029278241153404255,Petrol,Individual,Manual
0.8378378378378386,520000,0.02965486329760012,Diesel,Individual,Manual
0.6486486486486527,80000,0.05083721111514047,Petrol,Individual,Manual
0.8378378378378386,55000,0.01694545460707592,Petrol,Individual,Manual
0.4864864864864842,80000,0.04236427198812433,Diesel,Individual,Manual
0.9729729729729755,210000,0.008472515480059785,Petrol,Individual,Manual
0.8648648648648631,300000,0.021181924170583986,Petrol,Individual,Manual
0.9189189189189193,260000,0.021181924170583986,Diesel,Individual,Manual
0.8918918918918948,250000,0.02965486329760012,Diesel,Individual,Manual
0.6756756756756772,80000,0.03812780242461626,Diesel,Individual,Manual
0.7297297297297334,450000,0.06354661980566467,Diesel,Individual,Manual
0.5945945945945965,310000,0.05083721111514047,Diesel,Individual,Manual
0.7837837837837824,500000,0.04236427198812433,Diesel,Individual,Manual
0.8918918918918948,800000,0.02965486329760012,Diesel,Individual,Manual
0.8918918918918948,840000,0.02965486329760012,Diesel,Individual,Manual
0.8918918918918948,490000,0.021181924170583986,Petrol,Individual,Manual
0.7297297297297334,125000,0.034314979817459,Diesel,Individual,Manual
0.7837837837837824,400000,0.05083721111514047,Diesel,Individual,Manual
0.8648648648648631,1000000,0.0015247053959065537,Diesel,Dealer,Manual
0.8648648648648631,530000,0.006045865714082364,Petrol,Dealer,Manual
0.9189189189189193,840000,0.0208485140159359,Diesel,Dealer,Manual
0.8648648648648631,229999,0.01694545460707592,Petrol,Individual,Manual
0.4054054054054035,40000,0.01694545460707592,Petrol,Individual,Manual
0.7837837837837824,130000,0.033891332861108195,Petrol,Individual,Manual
0.8648648648648631,200000,0.02965486329760012,Petrol,Individual,Manual
0.5405405405405403,75000,0.024147452865039633,Petrol,Individual,Manual
0.8918918918918948,250000,0.05083721111514047,Diesel,Individual,Manual
0.5945945945945965,100000,0.012708985043567853,Petrol,Individual,Manual
0.8108108108108141,280000,0.0013721924916202633,Petrol,Individual,Manual
0.8648648648648631,540000,0.0021178111347976833,Petrol,Individual,Manual
0.9459459459459438,700000,0.004236045916551717,Petrol,Individual,Manual
0.8378378378378386,350000,0.03812780242461626,Petrol,Individual,Manual
0.7567567567567579,320000,0.04236427198812433,Diesel,Individual,Manual
0.8918918918918948,475000,0.03812780242461626,Diesel,Individual,Manual
0.7567567567567579,220000,0.0593101502421566,Diesel,Individual,Manual
0.8108108108108141,210000,0.0058331949419942585,Diesel,Individual,Manual
0.5945945945945965,61000,0.00196402728964234,Petrol,Individual,Manual
0.7027027027027017,355000,0.04236427198812433,Diesel,Individual,Automatic
0.7837837837837824,150000,0.025418393734092055,Diesel,Individual,Manual
0.7567567567567579,133000,0.033891332861108195,Diesel,Individual,Manual
0.8648648648648631,650000,0.021181924170583986,Diesel,Individual,Automatic
0.8378378378378386,210000,0.01694545460707592,Petrol,Individual,Manual
0.8108108108108141,130000,0.03978002555438441,Diesel,Individual,Manual
0.6486486486486527,60000,0.02965486329760012,Petrol,Individual,Manual
0.5945945945945965,120000,0.05083721111514047,Diesel,Individual,Manual
0.9189189189189193,2900000,0.01694545460707592,Diesel,Individual,Automatic
0.5945945945945965,100000,0.05083721111514047,Diesel,Individual,Manual
0.567567567567572,79000,0.033891332861108195,Petrol,Individual,Manual
0.7837837837837824,120000,0.046600741551632394,Diesel,Individual,Manual
0.5945945945945965,125000,0.014403572868971079,Petrol,Dealer,Manual
0.8108108108108141,425000,0.008472515480059785,Diesel,Dealer,Manual
0.4864864864864842,70000,0.04956627024608804,Petrol,Individual,Manual
1.0,619000,0.0006350467875698593,Petrol,Individual,Manual
0.9189189189189193,415000,0.0207434495707609,Petrol,Dealer,Manual
0.8378378378378386,265000,0.02330015895233802,Petrol,Dealer,Manual
0.6756756756756772,70000,0.025418393734092055,Petrol,Individual,Manual
0.8648648648648631,281000,0.01694545460707592,Diesel,Individual,Manual
0.8108108108108141,211000,0.033891332861108195,Diesel,Individual,Manual
0.9459459459459438,550000,0.004659692872902524,Petrol,Individual,Manual
0.8378378378378386,350000,0.046600741551632394,Diesel,Individual,Manual
0.9189189189189193,420000,0.008425914314861196,Petrol,Dealer,Automatic
0.8918918918918948,399000,0.008554702989591842,Petrol,Dealer,Manual
0.8918918918918948,440000,0.014819594180107571,Petrol,Dealer,Manual
0.7837837837837824,250000,0.01888914684281342,Petrol,Dealer,Manual
0.8918918918918948,650000,0.024530429713580763,Diesel,Dealer,Manual
0.8648648648648631,270000,0.025104047692479755,Petrol,Dealer,Manual
0.8918918918918948,390000,0.02576832612003782,Petrol,Dealer,Manual
0.9459459459459438,1600000,0.01694545460707592,Diesel,Individual,Automatic
0.9729729729729755,800000,0.004236045916551717,Petrol,Individual,Manual
0.8108108108108141,320000,0.021181924170583986,Diesel,Individual,Manual
0.8918918918918948,300000,0.010590750261813818,Petrol,Individual,Manual
0.9459459459459438,740000,0.010590750261813818,Petrol,Individual,Manual
0.9729729729729755,350000,0.000550317396299698,Petrol,Individual,Manual
0.9459459459459438,675000,0.021181924170583986,Diesel,Individual,Automatic
0.7567567567567579,300000,0.008472515480059785,Petrol,Individual,Manual
0.7567567567567579,400000,0.032196745035704966,Diesel,Individual,Manual
0.7297297297297334,420000,0.04236427198812433,Diesel,Individual,Manual
0.6756756756756772,300000,0.05083721111514047,Diesel,Individual,Manual
0.7297297297297334,170000,0.02965486329760012,Petrol,Individual,Manual
0.8378378378378386,210000,0.02965486329760012,Petrol,Individual,Manual
0.8648648648648631,600000,0.025418393734092055,Diesel,Individual,Manual
0.8378378378378386,260000,0.016098160694374305,Petrol,Individual,Manual
0.8648648648648631,82000,0.008048868523708978,Petrol,Individual,Manual
0.8918918918918948,690000,0.03177309807935416,Diesel,Individual,Manual
0.8648648648648631,300000,0.02965486329760012,Diesel,Individual,Manual
0.9189189189189193,1250000,0.012708985043567853,Diesel,Individual,Manual
0.9189189189189193,799000,0.01343215039805868,Diesel,Individual,Manual
0.7297297297297334,1000000,0.07625602849618887,Diesel,Individual,Manual
0.8378378378378386,190000,0.03812780242461626,Petrol,Individual,Manual
0.8378378378378386,250000,0.012708985043567853,Diesel,Individual,Manual
0.7027027027027017,200000,0.025418393734092055,Petrol,Individual,Manual
0.5945945945945965,300000,0.03812780242461626,Diesel,Individual,Manual
0.8648648648648631,250000,0.05083721111514047,Petrol,Individual,Manual
0.6756756756756772,90000,0.02965486329760012,Petrol,Individual,Manual
0.4864864864864842,68000,0.02965486329760012,Petrol,Individual,Manual
0.9189189189189193,500000,0.01122622069634003,Petrol,Individual,Manual
0.9189189189189193,900000,0.021181924170583986,Diesel,Individual,Manual
0.6486486486486527,100000,0.0220292180832856,Petrol,Individual,Manual
0.8918918918918948,700000,0.06778308936917274,Diesel,Individual,Manual
0.7837837837837824,1750000,0.04913923411408643,Diesel,Dealer,Automatic
0.9189189189189193,290000,0.046600741551632394,Petrol,Individual,Manual
0.8378378378378386,1050000,0.04109333111907191,Diesel,Individual,Manual
0.6756756756756772,70000,0.04236427198812433,Diesel,Individual,Manual
0.8918918918918948,520000,0.017369101563426727,Diesel,Individual,Manual
0.7837837837837824,150000,0.03812780242461626,Diesel,Individual,Manual
0.6756756756756772,120000,0.03812780242461626,Petrol,Individual,Manual
0.8918918918918948,600000,0.010590750261813818,Petrol,Individual,Manual
0.7297297297297334,150000,0.02965486329760012,Diesel,Individual,Manual
0.7567567567567579,400000,0.025418393734092055,Petrol,Individual,Manual
0.8648648648648631,310000,0.012708985043567853,Petrol,Individual,Manual
0.8648648648648631,550000,0.012708985043567853,Petrol,Individual,Manual
0.8918918918918948,550000,0.025418393734092055,Diesel,Individual,Manual
0.8108108108108141,320000,0.030925804166652544,Diesel,Individual,Manual
0.2432432432432421,50000,0.04236427198812433,Petrol,Individual,Manual
0.9459459459459438,500000,0.013556278956269466,Petrol,Individual,Manual
0.9459459459459438,360000,0.01122622069634003,Petrol,Individual,Manual
0.9189189189189193,700000,0.021181924170583986,Diesel,Individual,Manual
0.9189189189189193,655000,0.03558592068651142,Diesel,Dealer,Manual
0.9189189189189193,700000,0.021181924170583986,Diesel,Individual,Manual
0.7567567567567579,200000,0.046600741551632394,LPG,Individual,Manual
0.7837837837837824,375000,0.06354661980566467,Diesel,Individual,Manual
0.7837837837837824,470000,0.046199124237011835,Diesel,Dealer,Manual
0.8648648648648631,550000,0.03840656212189509,Diesel,Dealer,Manual
0.8378378378378386,500000,0.046600741551632394,Diesel,Individual,Manual
0.8648648648648631,210000,0.010590750261813818,Petrol,Individual,Manual
0.9459459459459438,270000,0.008472515480059785,Petrol,Individual,Manual
0.7297297297297334,300000,0.033891332861108195,Petrol,Individual,Manual
0.6486486486486527,80000,0.025418393734092055,Petrol,Individual,Manual
0.8108108108108141,1451000,0.034314979817459,Diesel,Dealer,Automatic
0.9459459459459438,1085000,0.006354280698305751,Diesel,Individual,Manual
0.7027027027027017,245000,0.03177309807935416,Diesel,Dealer,Automatic
0.9189189189189193,700000,0.010824603381719464,Petrol,Dealer,Manual
0.9459459459459438,300000,0.008472515480059785,Petrol,Individual,Manual
0.9189189189189193,350000,0.033891332861108195,Diesel,Individual,Manual
0.7837837837837824,325000,0.017242007476521482,Petrol,Individual,Manual
0.9189189189189193,1150000,0.02774845199402149,Diesel,Dealer,Automatic
0.6756756756756772,110000,0.01779274851977753,Petrol,Dealer,Manual
0.9459459459459438,890000,0.0033887520038501035,Petrol,Dealer,Manual
0.6486486486486527,73000,0.033891332861108195,Petrol,Individual,Manual
0.8378378378378386,170000,0.03262039199205577,Petrol,Individual,Manual
0.8918918918918948,750000,0.0025414580911484897,Petrol,Dealer,Manual
0.9189189189189193,280000,0.012216707280288215,Petrol,Individual,Manual
0.9459459459459438,690000,0.0047334074433075645,Petrol,Dealer,Manual
0.6756756756756772,130000,0.05083721111514047,Petrol,Individual,Manual
0.6486486486486527,73000,0.033891332861108195,Petrol,Individual,Manual
0.6486486486486527,85000,0.03600956764286223,Petrol,Individual,Manual
0.9459459459459438,1575000,0.004236045916551717,Petrol,Individual,Automatic
0.8108108108108141,325000,0.04448250676987836,Diesel,Individual,Manual
0.4054054054054035,85000,0.05083721111514047,Petrol,Individual,Manual
0.9459459459459438,860000,0.012708985043567853,Diesel,Dealer,Manual
0.8108108108108141,650000,0.022876511995987215,Diesel,Dealer,Manual
0.8378378378378386,375000,0.01694545460707592,Diesel,Individual,Manual
0.8108108108108141,525000,0.03007851025395093,Diesel,Dealer,Manual
0.8918918918918948,330000,0.030713980688477138,Petrol,Dealer,Manual
0.8108108108108141,280000,0.03245093320951545,Petrol,Dealer,Manual
0.8378378378378386,470000,0.01694545460707592,Petrol,Individual,Manual
0.7567567567567579,350000,0.046600741551632394,Diesel,Individual,Manual
0.7837837837837824,480000,0.026689334603144474,Petrol,Dealer,Manual
0.8918918918918948,620000,0.025418393734092055,Diesel,Individual,Manual
0.8378378378378386,250000,0.02457109982139044,Petrol,Individual,Manual
0.7297297297297334,78692,0.033891332861108195,Petrol,Individual,Manual
0.7837837837837824,350000,0.033891332861108195,Diesel,Individual,Manual
0.8108108108108141,250000,0.02965486329760012,Petrol,Individual,Manual
0.7567567567567579,260000,0.04138988398851747,Petrol,Individual,Manual
0.8918918918918948,640000,0.015250866781672694,Diesel,Individual,Manual
0.6756756756756772,220000,0.03812780242461626,Diesel,Individual,Manual
0.8648648648648631,465000,0.05507368067864853,Diesel,Individual,Manual
0.7297297297297334,229999,0.05083721111514047,Diesel,Individual,Manual
0.9459459459459438,425000,0.006354280698305751,Petrol,Individual,Manual
0.6756756756756772,95000,0.05083721111514047,Petrol,Individual,Manual
0.7837837837837824,170000,0.0720195589326808,LPG,Individual,Manual
0.8918918918918948,229999,0.015886337216198903,Petrol,Individual,Manual
0.4324324324324351,45000,0.021181924170583986,Petrol,Individual,Manual
0.6486486486486527,479000,0.06142838502391063,Petrol,Individual,Manual
0.8918918918918948,370000,0.025418393734092055,Petrol,Individual,Manual
0.8918918918918948,340000,0.012708985043567853,Petrol,Individual,Manual
0.8918918918918948,620000,0.014827219825321886,Petrol,Individual,Manual
0.7837837837837824,270000,0.025418393734092055,Diesel,Individual,Manual
0.9459459459459438,400000,0.014827219825321886,Diesel,Individual,Manual
0.8648648648648631,260000,0.01694545460707592,Petrol,Individual,Manual
0.5405405405405403,48000,0.021181924170583986,Petrol,Individual,Manual
0.8648648648648631,100000,0.01008237391419285,Petrol,Individual,Manual
0.8648648648648631,490000,0.02965486329760012,Diesel,Individual,Manual
0.7297297297297334,120000,0.03812780242461626,LPG,Individual,Manual
0.6756756756756772,125000,0.04321156590082594,Petrol,Individual,Manual
0.9729729729729755,190000,0.0021178111347976833,Petrol,Individual,Manual
0.7567567567567579,250000,0.021181924170583986,Petrol,Individual,Manual
0.9729729729729755,500000,0.006354280698305751,Petrol,Individual,Manual
0.6756756756756772,400000,0.014827219825321886,Petrol,Individual,Manual
0.7567567567567579,500000,0.008472515480059785,Petrol,Individual,Manual
0.8378378378378386,1800000,0.041940625031773524,Diesel,Individual,Automatic
0.6756756756756772,320000,0.03812780242461626,Petrol,Individual,Manual
0.6486486486486527,250000,0.019910983301531567,Petrol,Dealer,Automatic
0.7297297297297334,105000,0.03812780242461626,Diesel,Individual,Manual
0.9459459459459438,550000,0.008472515480059785,Petrol,Individual,Manual
0.9729729729729755,600000,0.00046558800502953664,Petrol,Individual,Automatic
1.0,210000,0.01694545460707592,Petrol,Individual,Manual
0.7027027027027017,150000,0.01694545460707592,Petrol,Individual,Manual
0.6756756756756772,125000,0.025418393734092055,Petrol,Individual,Manual
0.8918918918918948,380000,0.008472515480059785,Petrol,Individual,Manual
0.9729729729729755,600000,0.0021178111347976833,Petrol,Individual,Manual
0.8918918918918948,490000,0.011438044174515433,Petrol,Individual,Manual
0.9459459459459438,545000,0.016098160694374305,Diesel,Individual,Manual
0.8648648648648631,250000,0.010590750261813818,Petrol,Individual,Manual
1.0,1050000,0.00046558800502953664,Petrol,Individual,Manual
0.6486486486486527,100000,0.04236427198812433,Petrol,Individual,Manual
0.8378378378378386,250000,0.04236427198812433,Diesel,Individual,Manual
0.6486486486486527,100000,0.046600741551632394,Petrol,Individual,Manual
0.8918918918918948,350000,0.025418393734092055,Diesel,Individual,Manual
0.7837837837837824,370000,0.02965486329760012,Diesel,Individual,Manual
0.567567567567572,121000,0.046600741551632394,Petrol,Individual,Manual
0.9189189189189193,570000,0.018672663248118157,Petrol,Dealer,Automatic
0.9189189189189193,785000,0.010167103305463011,Diesel,Individual,Manual
0.9459459459459438,850000,0.012708985043567853,Diesel,Individual,Manual
0.9189189189189193,619000,0.01694545460707592,Petrol,Individual,Manual
0.7567567567567579,335000,0.03812780242461626,Diesel,Individual,Manual
0.621621621621621,500000,0.021181924170583986,Diesel,Individual,Manual
0.5405405405405403,60000,0.04236427198812433,Petrol,Individual,Manual
0.7297297297297334,130000,0.021181924170583986,Petrol,Individual,Manual
0.8108108108108141,270000,0.02965486329760012,Diesel,Individual,Manual
0.7297297297297334,225000,0.04236427198812433,Petrol,Individual,Manual
0.7567567567567579,150000,0.06778308936917274,Petrol,Individual,Manual
0.8108108108108141,173000,0.02965486329760012,Diesel,Individual,Manual
0.9459459459459438,4800000,0.003991177975780951,Diesel,Individual,Automatic
0.9189189189189193,710000,0.046600741551632394,Diesel,Individual,Automatic
0.9729729729729755,1500000,0.008472515480059785,Petrol,Individual,Manual
0.9189189189189193,550000,0.008472515480059785,Petrol,Individual,Manual
0.6756756756756772,58000,0.02965486329760012,Petrol,Individual,Manual
0.8108108108108141,500000,0.06354661980566467,Diesel,Individual,Manual
0.7027027027027017,120000,0.03516227373016061,Petrol,Individual,Manual
0.7837837837837824,300000,0.10591131544074535,Diesel,Individual,Manual
0.9459459459459438,300000,0.012708985043567853,Petrol,Individual,Manual
0.9459459459459438,587000,0.033891332861108195,CNG,Individual,Manual
0.7837837837837824,430000,0.021181924170583986,Petrol,Individual,Manual
0.6486486486486527,123000,0.021181924170583986,Petrol,Individual,Manual
0.7837837837837824,450000,0.020546453736057776,Diesel,Individual,Automatic
0.6486486486486527,130000,0.025418393734092055,Petrol,Individual,Manual
0.7297297297297334,110000,0.03812780242461626,Diesel,Individual,Manual
0.8648648648648631,320000,0.02965486329760012,Petrol,Individual,Manual
0.8378378378378386,300000,0.021181924170583986,Petrol,Individual,Manual
0.8918918918918948,350000,0.046600741551632394,Petrol,Individual,Manual
0.9459459459459438,800000,0.021181924170583986,Petrol,Individual,Manual
0.8918918918918948,270000,0.07413779371443484,Diesel,Individual,Manual
0.9189189189189193,540000,0.025418393734092055,Petrol,Individual,Manual
0.7567567567567579,160000,0.025418393734092055,CNG,Individual,Manual
0.9189189189189193,350000,0.01694545460707592,Petrol,Individual,Manual
0.7567567567567579,300000,0.04236427198812433,Diesel,Individual,Manual
0.8108108108108141,330000,0.026689334603144474,Diesel,Individual,Manual
0.8918918918918948,325000,0.033891332861108195,CNG,Individual,Manual
0.8108108108108141,250000,0.02330015895233802,Diesel,Individual,Manual
0.8648648648648631,240000,0.025418393734092055,Petrol,Individual,Manual
1.0,545000,0.0021178111347976833,Petrol,Individual,Manual
0.8648648648648631,300000,0.02033463025788237,Petrol,Dealer,Manual
0.7297297297297334,130000,0.033891332861108195,Petrol,Individual,Manual
0.9189189189189193,240000,0.021181924170583986,Petrol,Individual,Manual
0.9459459459459438,360000,0.006354280698305751,Petrol,Individual,Manual
0.9729729729729755,475000,0.04448250676987836,Diesel,Dealer,Automatic
0.7297297297297334,150000,0.033891332861108195,Diesel,Individual,Manual
0.9189189189189193,700000,0.021181924170583986,Diesel,Individual,Manual
0.8918918918918948,1290000,0.0021178111347976833,Diesel,Individual,Manual
0.567567567567572,80000,0.02457109982139044,Petrol,Individual,Manual
0.9459459459459438,500000,0.004236045916551717,Petrol,Individual,Automatic
0.7837837837837824,193000,0.019063689388829953,Petrol,Individual,Manual
0.8648648648648631,800000,0.004236045916551717,Petrol,Individual,Manual
0.6756756756756772,150000,0.021181924170583986,Petrol,Individual,Manual
0.5135135135135158,80000,0.01694545460707592,Petrol,Individual,Manual
0.7297297297297334,130000,0.04236427198812433,Diesel,Individual,Manual
0.7837837837837824,280000,0.033891332861108195,Diesel,Individual,Manual
0.7567567567567579,229999,0.046600741551632394,Diesel,Individual,Manual
0.7297297297297334,70000,0.004236045916551717,Petrol,Individual,Manual
0.8108108108108141,240000,0.025418393734092055,Diesel,Individual,Manual
0.7297297297297334,380000,0.030502157210301736,Diesel,Individual,Manual
0.8108108108108141,240000,0.025418393734092055,Diesel,Individual,Manual
0.621621621621621,80000,0.046600741551632394,Petrol,Individual,Manual
0.8108108108108141,265000,0.021181924170583986,Petrol,Individual,Manual
0.9459459459459438,320000,0.010590750261813818,Petrol,Individual,Manual
0.8378378378378386,500000,0.05083721111514047,Diesel,Individual,Manual
0.8918918918918948,1300000,0.02330015895233802,Diesel,Individual,Manual
0.9459459459459438,1500000,0.014827219825321886,Diesel,Individual,Manual
0.8918918918918948,1800000,0.046600741551632394,Diesel,Individual,Automatic
0.8378378378378386,600000,0.033891332861108195,Diesel,Individual,Manual
0.9459459459459438,420000,0.033891332861108195,Petrol,Individual,Manual
0.7027027027027017,140000,0.05083721111514047,Petrol,Individual,Manual
0.7297297297297334,300000,0.04236427198812433,Diesel,Individual,Manual
0.621621621621621,100000,0.025418393734092055,Petrol,Dealer,Manual
0.9189189189189193,350000,0.010590750261813818,Petrol,Dealer,Manual
0.9459459459459438,850000,0.008048868523708978,Petrol,Dealer,Manual
0.6756756756756772,140000,0.022876511995987215,Petrol,Dealer,Manual
0.8648648648648631,550000,0.007243939306642445,Petrol,Dealer,Manual
0.9189189189189193,525000,0.008048868523708978,Petrol,Dealer,Automatic
0.8648648648648631,470000,0.06185203198026144,Diesel,Dealer,Manual
0.8108108108108141,900000,0.04151697807542271,Diesel,Dealer,Automatic
0.7567567567567579,500000,0.09516847592160159,Diesel,Dealer,Manual
0.4054054054054035,80000,0.05083721111514047,Petrol,Individual,Manual
0.7567567567567579,175000,0.07413779371443484,Diesel,Individual,Manual
0.9189189189189193,1350000,0.006354280698305751,Diesel,Individual,Automatic
0.9189189189189193,800000,0.021181924170583986,Diesel,Individual,Manual
0.9189189189189193,250000,0.006354280698305751,Petrol,Individual,Manual
0.9459459459459438,700000,0.010590750261813818,Petrol,Individual,Automatic
0.9729729729729755,800000,0.010590750261813818,Diesel,Individual,Manual
0.8108108108108141,660000,0.029231216341249314,Diesel,Individual,Manual
0.8648648648648631,465000,0.025418393734092055,Diesel,Individual,Manual
0.621621621621621,180000,0.09423348708893535,Diesel,Individual,Manual
0.9189189189189193,600000,0.027960275472196896,Diesel,Individual,Manual
0.8378378378378386,450000,0.03304403894840658,Diesel,Individual,Manual
0.9729729729729755,721000,0.004236045916551717,Petrol,Individual,Manual
0.9459459459459438,300000,0.014827219825321886,Petrol,Individual,Manual
0.9729729729729755,1000000,0.004236045916551717,Diesel,Individual,Manual
0.8918918918918948,300000,0.01694545460707592,Petrol,Individual,Manual
0.8108108108108141,450000,0.05083721111514047,Diesel,Individual,Manual
0.37837837837837895,79000,0.02965486329760012,Petrol,Individual,Automatic
0.9189189189189193,545000,0.01694545460707592,Diesel,Individual,Manual
0.9459459459459438,844999,0.008472515480059785,Diesel,Individual,Manual
0.8918918918918948,700000,0.03939874329366868,Diesel,Individual,Manual
0.8378378378378386,525000,0.03177309807935416,Diesel,Individual,Manual
0.621621621621621,110000,0.04283028364011022,Diesel,Individual,Manual
0.7567567567567579,180000,0.027960275472196896,Diesel,Individual,Manual
0.7837837837837824,280000,0.012708985043567853,Petrol,Individual,Manual
0.8648648648648631,535000,0.02965486329760012,Diesel,Individual,Manual
0.9189189189189193,459999,0.021181924170583986,Diesel,Individual,Manual
0.7297297297297334,300000,0.04236427198812433,Diesel,Individual,Manual
0.6486486486486527,280000,0.025418393734092055,Petrol,Individual,Automatic
0.8378378378378386,500000,0.02965486329760012,Petrol,Individual,Manual
0.8918918918918948,300000,0.01694545460707592,Petrol,Individual,Manual
0.7567567567567579,180000,0.033891332861108195,Diesel,Individual,Manual
0.7027027027027017,78000,0.05083721111514047,Petrol,Individual,Manual
0.7567567567567579,160000,0.05083721111514047,Diesel,Individual,Manual
0.8378378378378386,600000,0.10082755196453566,Diesel,Individual,Manual
0.6756756756756772,110000,0.04236427198812433,Petrol,Individual,Manual
0.7567567567567579,450000,0.046600741551632394,Diesel,Individual,Manual
0.9729729729729755,1350000,0.014827219825321886,Diesel,Individual,Manual
0.5405405405405403,120000,0.06990132415092677,Petrol,Individual,Manual
0.9459459459459438,1040000,0.01779274851977753,Diesel,Individual,Manual
0.8378378378378386,390000,0.02965486329760012,Diesel,Individual,Manual
0.7567567567567579,65000,0.025418393734092055,Petrol,Individual,Manual
0.8108108108108141,320000,0.048718976333386434,Diesel,Individual,Manual
0.9189189189189193,720000,0.02965486329760012,Diesel,Individual,Manual
0.6486486486486527,220000,0.033891332861108195,Petrol,Individual,Manual
0.7567567567567579,225000,0.02753662851584609,Petrol,Dealer,Manual
0.7297297297297334,200000,0.06354661980566467,Diesel,Individual,Manual
0.8648648648648631,434999,0.03177309807935416,Diesel,Dealer,Manual
0.7837837837837824,300000,0.02698588747259004,Diesel,Individual,Manual
0.9459459459459438,700000,0.031688368688084,Diesel,Individual,Manual
0.7027027027027017,500000,0.04448250676987836,Diesel,Individual,Manual
0.8918918918918948,500000,0.01694545460707592,Diesel,Individual,Manual
0.8918918918918948,400000,0.03812780242461626,Diesel,Individual,Manual
0.8648648648648631,825000,0.03177309807935416,Diesel,Dealer,Manual
0.9459459459459438,720000,0.006354280698305751,Diesel,Individual,Manual
0.7027027027027017,110000,0.012708985043567853,Petrol,Individual,Manual
0.8378378378378386,600000,0.04236427198812433,Diesel,Individual,Manual
0.7027027027027017,275000,0.0656648545874187,Diesel,Individual,Automatic
0.7837837837837824,2349000,0.06312297284931385,Diesel,Individual,Automatic
0.9189189189189193,740000,0.025418393734092055,Diesel,Individual,Manual
0.9189189189189193,800000,0.03812780242461626,Diesel,Individual,Manual
0.7837837837837824,750000,0.04236427198812433,Diesel,Individual,Automatic
0.7837837837837824,200000,0.03812780242461626,Petrol,Individual,Manual
0.7027027027027017,210000,0.03177309807935416,Diesel,Individual,Manual
0.7027027027027017,270000,0.05083721111514047,Diesel,Individual,Manual
0.8918918918918948,630000,0.03812780242461626,Diesel,Individual,Manual
0.8648648648648631,375000,0.02330015895233802,Petrol,Individual,Manual
0.7297297297297334,300000,0.02965486329760012,Diesel,Individual,Manual
0.8918918918918948,580000,0.040246037206370294,Diesel,Individual,Manual
0.8378378378378386,550000,0.021181924170583986,Diesel,Individual,Manual
0.8918918918918948,750000,0.021181924170583986,Diesel,Individual,Manual
0.6486486486486527,900000,0.0325064309607974,Diesel,Dealer,Automatic
0.8918918918918948,685000,0.02711298155949528,Diesel,Dealer,Manual
0.8378378378378386,540000,0.02753662851584609,Diesel,Dealer,Manual
0.9459459459459438,1165000,0.0055069867856041375,Petrol,Dealer,Automatic
0.8378378378378386,610000,0.03262039199205577,Diesel,Dealer,Manual
0.8378378378378386,280000,0.027045198046479153,Petrol,Dealer,Manual
0.9189189189189193,370000,0.010590750261813818,Petrol,Individual,Manual
0.7567567567567579,459999,0.03236620381824529,Diesel,Individual,Manual
0.4054054054054035,42000,0.02965486329760012,Petrol,Individual,Manual
0.4054054054054035,42000,0.02965486329760012,Petrol,Individual,Manual
0.7567567567567579,190000,0.033891332861108195,Diesel,Individual,Manual
0.7297297297297334,165000,0.04236427198812433,Petrol,Individual,Manual
0.9189189189189193,710000,0.01694545460707592,Diesel,Individual,Manual
0.9459459459459438,1200000,0.006354280698305751,Petrol,Individual,Manual
0.7567567567567579,229999,0.02965486329760012,Petrol,Individual,Manual
0.9459459459459438,310000,0.006354280698305751,Petrol,Individual,Manual
0.8648648648648631,320000,0.01694545460707592,Petrol,Individual,Manual
0.621621621621621,100000,0.022876511995987215,Petrol,Individual,Manual
0.7027027027027017,160000,0.03812780242461626,Diesel,Individual,Manual
0.6486486486486527,60000,0.0220292180832856,Petrol,Individual,Manual
0.7837837837837824,100000,0.084728967623205,Diesel,Individual,Manual
0.8918918918918948,350000,0.014827219825321886,Diesel,Individual,Manual
0.9189189189189193,700000,0.025418393734092055,Diesel,Individual,Manual
0.9189189189189193,300000,0.013339795361574204,Petrol,Individual,Manual
0.9459459459459438,830000,0.01694545460707592,Diesel,Individual,Manual
0.8108108108108141,220000,0.046600741551632394,Diesel,Individual,Manual
0.7027027027027017,130000,0.021181924170583986,Diesel,Individual,Manual
0.7837837837837824,330000,0.018640042432479145,Petrol,Individual,Manual
0.7297297297297334,254999,0.03812780242461626,Petrol,Individual,Manual
0.8378378378378386,600000,0.021181924170583986,Petrol,Individual,Manual
0.7837837837837824,210000,0.021181924170583986,Petrol,Individual,Manual
0.6486486486486527,120000,0.03447003460348339,Petrol,Individual,Manual
0.621621621621621,95000,0.046600741551632394,Petrol,Individual,Manual
0.621621621621621,229999,0.1270936632582857,Diesel,Individual,Manual
0.7297297297297334,229999,0.02965486329760012,Petrol,Individual,Manual
0.8108108108108141,400000,0.04236427198812433,Diesel,Individual,Manual
0.5945945945945965,300000,0.02965486329760012,Petrol,Individual,Manual
0.8108108108108141,300000,0.021181924170583986,Diesel,Individual,Manual
0.7027027027027017,80000,0.07625602849618887,Diesel,Individual,Manual
0.6756756756756772,80000,0.021181924170583986,Petrol,Individual,Manual
0.6486486486486527,100000,0.03812780242461626,Petrol,Individual,Manual
0.7837837837837824,300000,0.046600741551632394,Diesel,Individual,Manual
0.9459459459459438,700000,0.011014397218164626,Petrol,Individual,Automatic
0.8918918918918948,975000,0.02753662851584609,Diesel,Individual,Manual
0.7027027027027017,500000,0.05507368067864853,Diesel,Individual,Manual
0.8108108108108141,550000,0.03177309807935416,Diesel,Individual,Manual
0.8378378378378386,550000,0.046600741551632394,Diesel,Individual,Manual
0.8378378378378386,240000,0.021181924170583986,Petrol,Individual,Manual
0.37837837837837895,50000,0.033891332861108195,Petrol,Individual,Manual
0.7027027027027017,120000,0.033891332861108195,Petrol,Individual,Manual
0.8108108108108141,900000,0.025418393734092055,Petrol,Individual,Manual
0.7027027027027017,250000,0.03812780242461626,Petrol,Individual,Manual
0.9189189189189193,280000,0.015250866781672694,Petrol,Individual,Manual
0.7297297297297334,85000,0.03685686155556384,Diesel,Individual,Manual
0.7567567567567579,90000,0.033891332861108195,Diesel,Individual,Manual
0.8648648648648631,500000,0.021181924170583986,Diesel,Individual,Manual
0.8108108108108141,200000,0.025418393734092055,Petrol,Individual,Manual
0.8648648648648631,250000,0.021181924170583986,Petrol,Individual,Manual
0.8378378378378386,185000,0.01694545460707592,Diesel,Individual,Manual
0.6756756756756772,100000,0.025418393734092055,Petrol,Individual,Manual
0.8648648648648631,610000,0.02330015895233802,Diesel,Individual,Manual
0.7837837837837824,290000,0.033891332861108195,Diesel,Individual,Manual
0.7837837837837824,300000,0.12497542847653165,Diesel,Individual,Manual
0.8648648648648631,225000,0.033891332861108195,Petrol,Individual,Manual
0.9189189189189193,320000,0.021181924170583986,Petrol,Individual,Manual
0.7837837837837824,135000,0.06693579545647112,Diesel,Individual,Manual
0.621621621621621,400000,0.16945835889336636,Diesel,Individual,Manual
0.9189189189189193,570000,0.014827219825321886,Petrol,Individual,Manual
0.9459459459459438,500000,0.00508333982925333,Petrol,Individual,Manual
0.9459459459459438,360000,0.0016941641784468764,Petrol,Individual,Manual
0.9189189189189193,530000,0.004588520184235588,Petrol,Dealer,Manual
0.7027027027027017,250000,0.021181924170583986,Petrol,Individual,Manual
0.8918918918918948,600000,0.008258573767102628,Petrol,Dealer,Manual
0.8108108108108141,850000,0.0363103569818713,Diesel,Dealer,Manual
0.7567567567567579,250000,0.023355233056663625,Diesel,Dealer,Manual
0.8378378378378386,580000,0.026840152919605363,Diesel,Dealer,Manual
0.7837837837837824,1680000,0.05491566036392968,Diesel,Dealer,Manual
0.7297297297297334,180000,0.006354280698305751,Petrol,Individual,Manual
0.9189189189189193,300000,0.021181924170583986,Petrol,Individual,Manual
0.9459459459459438,231999,0.008472515480059785,Petrol,Individual,Manual
0.9189189189189193,495000,0.0021178111347976833,Petrol,Individual,Manual
0.9459459459459438,400000,0.001863622960987199,Petrol,Individual,Manual
0.9729729729729755,599000,0.006354280698305751,Diesel,Individual,Manual
0.8108108108108141,421000,0.019063689388829953,Diesel,Individual,Manual
0.9459459459459438,841000,0.000423223309394456,Diesel,Individual,Manual
0.8378378378378386,295000,0.016309984172549707,Petrol,Individual,Manual
0.7567567567567579,220000,0.010590750261813818,Petrol,Individual,Manual
0.8108108108108141,250000,0.014827219825321886,Diesel,Individual,Manual
0.7027027027027017,1100000,0.046600741551632394,Diesel,Individual,Manual
0.7837837837837824,300000,0.01694545460707592,Petrol,Individual,Manual
0.6486486486486527,80000,0.046600741551632394,Petrol,Individual,Manual
0.8108108108108141,215000,0.008472515480059785,Diesel,Individual,Manual
0.7837837837837824,245000,0.006348773287873191,Petrol,Dealer,Manual
0.8918918918918948,650000,0.010616592726151218,Diesel,Dealer,Manual
0.9189189189189193,760000,0.01800203011621483,Diesel,Dealer,Manual
0.8378378378378386,395000,0.019010733519286102,Diesel,Dealer,Manual
0.8378378378378386,280000,0.038018077862921405,Diesel,Dealer,Manual
0.8918918918918948,495000,0.02753662851584609,Diesel,Dealer,Manual
0.8918918918918948,525000,0.014827219825321886,Diesel,Dealer,Manual
0.7027027027027017,420000,0.1470427747858888,Diesel,Dealer,Manual
0.7297297297297334,210000,0.014615396347146483,Diesel,Individual,Manual
0.9459459459459438,650000,0.012708985043567853,Petrol,Individual,Manual
0.9459459459459438,2300000,0.016521807650725112,Diesel,Individual,Automatic
0.9729729729729755,525000,0.006777927654656558,Diesel,Individual,Manual
0.7297297297297334,195000,0.033891332861108195,CNG,Individual,Manual
0.8918918918918948,650000,0.025418393734092055,Diesel,Individual,Manual
0.8648648648648631,540000,0.046600741551632394,Diesel,Individual,Manual
0.8378378378378386,180000,0.02584204069044286,Petrol,Individual,Manual
0.9189189189189193,750000,0.012285338087217046,Diesel,Individual,Manual
0.9459459459459438,980000,0.021181924170583986,Diesel,Individual,Manual
0.8378378378378386,250000,0.03812780242461626,Diesel,Individual,Manual
0.9459459459459438,550000,0.014827219825321886,Petrol,Individual,Automatic
0.8648648648648631,509999,0.018216395476128338,Petrol,Individual,Manual
0.9189189189189193,320000,0.021181924170583986,Petrol,Individual,Manual
0.8918918918918948,275000,0.010590750261813818,Petrol,Individual,Manual
0.8108108108108141,550000,0.09415595969592316,Diesel,Individual,Manual
0.7027027027027017,145000,0.021181924170583986,Petrol,Individual,Manual
0.8108108108108141,250000,0.033891332861108195,Diesel,Individual,Manual
0.7837837837837824,520000,0.014827219825321886,Diesel,Individual,Manual
0.6486486486486527,95000,0.03600956764286223,Petrol,Individual,Manual
0.7567567567567579,725000,0.046600741551632394,Diesel,Individual,Manual
0.621621621621621,55000,0.02965486329760012,Petrol,Individual,Manual
0.8378378378378386,600000,0.04236427198812433,Diesel,Individual,Manual
0.8108108108108141,330000,0.05083721111514047,Diesel,Individual,Manual
0.8648648648648631,470000,0.03770415546826546,Diesel,Individual,Manual
0.8108108108108141,365000,0.05083721111514047,Diesel,Individual,Manual
0.8108108108108141,250000,0.01694545460707592,Petrol,Individual,Manual
0.9189189189189193,430000,0.007201574611007364,Petrol,Individual,Manual
0.8108108108108141,400000,0.0529554458968945,Diesel,Individual,Manual
0.8648648648648631,615000,0.046600741551632394,Petrol,Individual,Manual
0.7567567567567579,150000,0.05083721111514047,Diesel,Individual,Manual
0.8378378378378386,240000,0.03812780242461626,Diesel,Individual,Manual
0.8378378378378386,800000,0.03812780242461626,Diesel,Individual,Manual
0.8378378378378386,600000,0.03685686155556384,Diesel,Individual,Manual
0.8378378378378386,800000,0.006354280698305751,Diesel,Individual,Manual
0.8648648648648631,160000,0.02965486329760012,Petrol,Individual,Manual
0.7837837837837824,350000,0.016098160694374305,Petrol,Individual,Manual
0.7567567567567579,300000,0.02711298155949528,Petrol,Individual,Manual
0.8648648648648631,399000,0.023406070691425723,Diesel,Individual,Manual
0.7567567567567579,300000,0.046600741551632394,Diesel,Individual,Manual
0.7837837837837824,150000,0.02965486329760012,Petrol,Individual,Automatic
0.9459459459459438,1280000,0.007201574611007364,Diesel,Individual,Manual
0.9189189189189193,300000,0.0055069867856041375,Petrol,Individual,Manual
0.8918918918918948,1000000,0.025418393734092055,Diesel,Individual,Manual
0.7837837837837824,1090000,0.05083721111514047,Diesel,Individual,Manual
0.7837837837837824,450000,0.04109333111907191,Diesel,Individual,Manual
0.6486486486486527,60000,0.05507368067864853,Petrol,Individual,Manual
0.8108108108108141,500000,0.021181924170583986,Petrol,Individual,Manual
0.7837837837837824,200000,0.05083721111514047,Diesel,Individual,Manual
0.8648648648648631,650000,0.028807569384898507,Diesel,Individual,Manual
0.621621621621621,60000,0.04236427198812433,Petrol,Individual,Manual
0.8108108108108141,250999,0.033891332861108195,Diesel,Individual,Manual
0.8648648648648631,155000,0.025418393734092055,Petrol,Individual,Manual
0.9729729729729755,600000,0.0021178111347976833,Petrol,Individual,Manual
0.8918918918918948,300000,0.008472515480059785,Petrol,Individual,Manual
0.9459459459459438,850000,0.005295163307428734,Petrol,Individual,Manual
0.9729729729729755,470000,0.0016941641784468764,CNG,Individual,Manual
0.9729729729729755,600000,0.010590750261813818,Petrol,Individual,Manual
0.8108108108108141,700000,0.02965486329760012,Diesel,Individual,Manual
0.6486486486486527,70000,0.06863038328187435,LPG,Individual,Manual
0.7297297297297334,1250000,0.08684720240495904,Diesel,Individual,Manual
0.6756756756756772,650000,0.02965486329760012,Petrol,Individual,Automatic
0.9459459459459438,450000,0.02965486329760012,Diesel,Individual,Manual
0.8378378378378386,750000,0.04236427198812433,Diesel,Individual,Manual
0.8108108108108141,775000,0.02965486329760012,Diesel,Individual,Manual
0.7567567567567579,800000,0.09320190675022114,Diesel,Individual,Manual
0.8648648648648631,360000,0.033891332861108195,Petrol,Individual,Manual
0.7297297297297334,250000,0.05083721111514047,Diesel,Individual,Manual
0.9189189189189193,1490000,0.00933590797710273,Diesel,Individual,Manual
0.8108108108108141,600000,0.033891332861108195,Diesel,Individual,Manual
0.7297297297297334,120000,0.03812780242461626,Petrol,Individual,Manual
0.7837837837837824,320000,0.0593101502421566,Diesel,Individual,Manual
0.7567567567567579,400000,0.05083721111514047,Diesel,Individual,Manual
0.8648648648648631,302000,0.025418393734092055,Diesel,Individual,Manual
0.7567567567567579,130000,0.033891332861108195,Diesel,Individual,Manual
0.8378378378378386,150000,0.025418393734092055,Petrol,Individual,Manual
0.7837837837837824,200000,0.03812780242461626,Diesel,Individual,Manual
0.7837837837837824,950000,0.033891332861108195,Diesel,Individual,Manual
0.6756756756756772,120000,0.07413779371443484,Diesel,Individual,Manual
0.9729729729729755,1400000,0.004236045916551717,Diesel,Individual,Manual
0.9189189189189193,620000,0.02753662851584609,Petrol,Individual,Manual
0.7837837837837824,449000,0.03812780242461626,Diesel,Individual,Manual
0.6486486486486527,100000,0.02965486329760012,Petrol,Individual,Manual
0.9459459459459438,600000,0.0010586937439206663,Petrol,Individual,Manual
0.8918918918918948,700000,0.014827219825321886,Diesel,Individual,Manual
0.7837837837837824,250000,0.01694545460707592,Diesel,Individual,Manual
0.9459459459459438,550000,0.026689334603144474,Petrol,Individual,Manual
0.8108108108108141,675000,0.037280508511914646,Diesel,Dealer,Automatic
0.8648648648648631,530000,0.02330015895233802,Diesel,Dealer,Manual
0.8378378378378386,325000,0.03008444131133984,Diesel,Dealer,Manual
0.8648648648648631,370000,0.025418393734092055,Diesel,Dealer,Manual
0.8378378378378386,360000,0.02965486329760012,Diesel,Individual,Manual
0.7837837837837824,650000,0.025418393734092055,Petrol,Dealer,Automatic
0.7837837837837824,199000,0.038975096337317876,Diesel,Dealer,Manual
0.8378378378378386,285000,0.03775753498476565,Diesel,Individual,Manual
0.7027027027027017,260000,0.05676826850405176,Diesel,Individual,Automatic
0.9729729729729755,869999,0.006354280698305751,Petrol,Dealer,Automatic
0.8918918918918948,425000,0.018004571997952936,Diesel,Dealer,Manual
0.7837837837837824,490000,0.01779274851977753,Diesel,Dealer,Automatic
0.8648648648648631,750000,0.02965486329760012,Diesel,Individual,Automatic
0.567567567567572,125000,0.046600741551632394,Petrol,Individual,Manual
0.8378378378378386,221000,0.05565195877406738,Diesel,Individual,Manual
0.8918918918918948,724000,0.020749804275106164,Diesel,Dealer,Automatic
0.8378378378378386,440000,0.01948733634518076,Petrol,Dealer,Automatic
0.7027027027027017,70000,0.025418393734092055,Petrol,Individual,Manual
0.8648648648648631,511000,0.02457109982139044,Diesel,Dealer,Manual
0.8918918918918948,790000,0.009319809392761398,Diesel,Dealer,Manual
0.9189189189189193,640000,0.015674513738023498,Petrol,Individual,Manual
0.7027027027027017,120000,0.02965486329760012,Petrol,Individual,Manual
0.7837837837837824,126000,0.04189826033613844,Diesel,Individual,Manual
0.7837837837837824,120000,0.0529554458968945,Diesel,Individual,Manual
0.9189189189189193,650000,0.025418393734092055,Diesel,Individual,Manual
0.8378378378378386,450000,0.033891332861108195,Petrol,Individual,Manual
0.9189189189189193,600000,0.01694545460707592,Diesel,Individual,Manual
0.7837837837837824,620000,0.033891332861108195,Diesel,Individual,Manual
0.8378378378378386,600000,0.012708985043567853,Diesel,Individual,Manual
0.9459459459459438,795000,0.014827219825321886,Diesel,Individual,Manual
0.7567567567567579,300000,0.07625602849618887,Diesel,Individual,Manual
0.8648648648648631,495000,0.025418393734092055,Diesel,Individual,Manual
0.8108108108108141,1580000,0.03643321459921303,Diesel,Dealer,Automatic
0.8648648648648631,1750000,0.05407514480252968,Diesel,Dealer,Automatic
0.9459459459459438,1350000,0.014403572868971079,Diesel,Individual,Automatic
0.8378378378378386,350000,0.06142838502391063,Diesel,Individual,Manual
0.9459459459459438,300000,0.010590750261813818,Petrol,Individual,Automatic
0.9459459459459438,400000,0.022876511995987215,Petrol,Dealer,Manual
0.8378378378378386,1750000,0.043361536923374126,Diesel,Dealer,Automatic
0.4324324324324351,70000,0.02965486329760012,Petrol,Individual,Manual
0.9459459459459438,500000,0.02965486329760012,Diesel,Individual,Manual
0.9189189189189193,2575000,0.015250866781672694,Diesel,Dealer,Automatic
0.8378378378378386,345000,0.02457109982139044,Petrol,Dealer,Manual
0.8108108108108141,220000,0.04236427198812433,Diesel,Individual,Manual
0.8378378378378386,1850000,0.02636609197544881,Petrol,Dealer,Automatic
0.5945945945945965,114999,0.03812780242461626,Petrol,Dealer,Manual
0.4324324324324351,50000,0.04236427198812433,Petrol,Individual,Manual
0.9189189189189193,585000,0.005930633741954944,Petrol,Dealer,Manual
0.9459459459459438,950000,0.00906307933721281,Diesel,Dealer,Manual
0.9459459459459438,625000,0.005845904350684783,Petrol,Individual,Automatic
0.9189189189189193,1035000,0.009743456349112205,Petrol,Dealer,Automatic
0.8648648648648631,310000,0.01384690076832612,Petrol,Dealer,Manual
0.9189189189189193,600000,0.042237177901219086,Diesel,Individual,Manual
0.9729729729729755,3100000,0.0021178111347976833,Diesel,Individual,Automatic
0.8378378378378386,650000,0.021035342323686607,Diesel,Dealer,Manual
0.8918918918918948,550000,0.01925729604788227,Petrol,Dealer,Manual
0.9189189189189193,1260000,0.01661543362807864,Diesel,Dealer,Manual
0.8918918918918948,660000,0.02042783258827955,Petrol,Dealer,Manual
0.9189189189189193,700000,0.004707988625926516,Petrol,Dealer,Manual
0.6756756756756772,235000,0.025506512301013022,Diesel,Dealer,Manual
0.8108108108108141,475000,0.033891332861108195,Diesel,Dealer,Manual
0.6756756756756772,795000,0.0417711662492332,Diesel,Dealer,Automatic
0.8648648648648631,3200000,0.012708985043567853,Diesel,Dealer,Automatic
0.9729729729729755,1860000,0.0076252215673581715,Petrol,Dealer,Automatic
0.7297297297297334,4200000,0.04236427198812433,Diesel,Dealer,Automatic
0.8648648648648631,850000,0.02457109982139044,Petrol,Dealer,Automatic
0.9189189189189193,585000,0.036196395950612935,Diesel,Dealer,Manual
0.8648648648648631,380000,0.02734217456288107,Diesel,Dealer,Manual
0.9729729729729755,650000,0.014827219825321886,Diesel,Individual,Manual
0.9459459459459438,600000,0.012708985043567853,Petrol,Individual,Manual
0.9189189189189193,434999,0.006891041392002223,Petrol,Dealer,Manual
0.8108108108108141,525000,0.03029033373212633,Diesel,Dealer,Manual
0.9729729729729755,4800000,0.005506563138647787,Diesel,Dealer,Automatic
0.6756756756756772,160000,0.033891332861108195,Petrol,Individual,Manual
0.6486486486486527,160000,0.03812780242461626,Petrol,Individual,Manual
0.7837837837837824,125000,0.011861691130866239,Petrol,Individual,Manual
0.8648648648648631,430000,0.084728967623205,Diesel,Individual,Manual
0.9189189189189193,900000,0.006227186611400509,Petrol,Individual,Manual
0.45945945945945965,61000,0.03812780242461626,Petrol,Individual,Manual
0.9189189189189193,400000,0.021181924170583986,Petrol,Individual,Manual
0.7027027027027017,150000,0.04236427198812433,Petrol,Individual,Manual
0.9729729729729755,950000,0.010167103305463011,Petrol,Individual,Automatic
0.8108108108108141,220000,0.04236427198812433,Diesel,Individual,Manual
0.6486486486486527,110000,0.03812780242461626,Petrol,Individual,Manual
0.8648648648648631,375000,0.012708985043567853,Petrol,Individual,Manual
0.9189189189189193,350000,0.033891332861108195,Petrol,Individual,Manual
0.7837837837837824,310000,0.039265718149374525,Diesel,Dealer,Manual
0.7297297297297334,90000,0.1270936632582857,Petrol,Individual,Manual
0.7567567567567579,350000,0.03812780242461626,Petrol,Individual,Manual
0.5405405405405403,100000,0.025418393734092055,Petrol,Individual,Manual
0.9189189189189193,1300000,0.01694545460707592,Diesel,Individual,Automatic
0.567567567567572,70000,0.03812780242461626,Petrol,Individual,Manual
0.8108108108108141,225000,0.033891332861108195,Diesel,Individual,Manual
0.5135135135135158,145000,0.04236427198812433,Petrol,Individual,Manual
0.9459459459459438,930000,0.008472515480059785,Diesel,Individual,Manual
0.9729729729729755,550000,0.021605571126934793,Petrol,Individual,Manual
0.8378378378378386,280000,0.02330015895233802,Petrol,Individual,Manual
0.9459459459459438,360000,0.0025414580911484897,Petrol,Individual,Manual
0.7567567567567579,150000,0.01694545460707592,Petrol,Individual,Manual
0.9189189189189193,900000,0.006354280698305751,Petrol,Individual,Automatic
0.5945945945945965,120000,0.021181924170583986,Diesel,Individual,Manual
0.7297297297297334,215000,0.03812780242461626,Petrol,Individual,Manual
0.8108108108108141,550000,0.016309984172549707,Diesel,Individual,Manual
0.9459459459459438,775000,0.014827219825321886,Petrol,Individual,Manual
0.4864864864864842,409999,0.020910366471563118,Petrol,Individual,Manual
0.5945945945945965,65000,0.02965486329760012,Petrol,Individual,Manual
0.6756756756756772,200000,0.03812780242461626,Petrol,Individual,Manual
0.7837837837837824,800000,0.04606313356402322,Diesel,Individual,Manual
0.7297297297297334,400000,0.05083721111514047,Diesel,Individual,Manual
0.8918918918918948,500000,0.025418393734092055,Diesel,Individual,Manual
0.6486486486486527,150000,0.03812780242461626,Diesel,Individual,Manual
0.8378378378378386,500000,0.0593101502421566,Diesel,Individual,Manual
0.8378378378378386,320000,0.033891332861108195,Petrol,Individual,Manual
0.8108108108108141,300000,0.03812780242461626,Diesel,Individual,Manual
0.9189189189189193,650000,0.01694545460707592,Diesel,Individual,Manual
0.9459459459459438,285000,0.005930633741954944,Petrol,Individual,Manual
0.7837837837837824,360000,0.02965486329760012,Diesel,Individual,Manual
0.7027027027027017,450000,0.02330015895233802,Petrol,Individual,Manual
0.7567567567567579,175000,0.025418393734092055,Petrol,Individual,Manual
0.7567567567567579,350000,0.03134945112300335,Diesel,Individual,Manual
1.0,530000,0.019063689388829953,Diesel,Dealer,Manual
0.9189189189189193,1025000,0.016098160694374305,Diesel,Dealer,Manual
0.9189189189189193,950000,0.010167103305463011,Diesel,Dealer,Manual
0.9189189189189193,725000,0.012698817516615434,Petrol,Dealer,Manual
0.9189189189189193,919999,0.017369101563426727,Petrol,Dealer,Manual
0.9459459459459438,700000,0.006354280698305751,Diesel,Dealer,Manual
0.9189189189189193,725000,0.015250866781672694,Diesel,Dealer,Manual
0.8648648648648631,365000,0.00999764452292269,Petrol,Dealer,Manual
0.8378378378378386,665000,0.030213229986070487,Diesel,Dealer,Manual
0.5405405405405403,50000,0.033085556350128956,Petrol,Individual,Manual
0.8378378378378386,225000,0.012708985043567853,Petrol,Individual,Manual
0.7837837837837824,229999,0.019063689388829953,Petrol,Individual,Manual
0.6756756756756772,145000,0.028383922428547703,Petrol,Individual,Manual
0.9459459459459438,624000,0.0062191373192298435,Diesel,Dealer,Manual
0.8648648648648631,500000,0.010590750261813818,Petrol,Individual,Manual
0.9189189189189193,750000,0.007648098503001115,Petrol,Dealer,Manual
0.7567567567567579,225000,0.012708985043567853,Petrol,Individual,Manual
0.9189189189189193,300000,0.033891332861108195,Diesel,Individual,Manual
0.8918918918918948,680000,0.008472515480059785,Diesel,Individual,Manual
0.8918918918918948,700000,0.01694545460707592,Diesel,Individual,Manual
0.7567567567567579,180000,0.05083721111514047,Diesel,Individual,Manual
0.6756756756756772,270000,0.05083721111514047,Diesel,Individual,Manual
0.7297297297297334,370000,0.04109333111907191,Petrol,Individual,Manual
0.9459459459459438,1100000,0.02965486329760012,Diesel,Individual,Manual
0.567567567567572,120000,0.05083721111514047,Diesel,Individual,Manual
0.8108108108108141,430000,0.037280508511914646,Diesel,Individual,Manual
0.8378378378378386,550000,0.016270161358652734,Diesel,Dealer,Manual
0.8378378378378386,320000,0.023024788430709996,Petrol,Dealer,Manual
0.8648648648648631,390000,0.013666427164920676,Petrol,Dealer,Manual
0.8378378378378386,550000,0.024668962268307476,Diesel,Dealer,Manual
0.7837837837837824,370000,0.02535823586629024,Petrol,Dealer,Manual
0.7297297297297334,190000,0.031074080601375325,Petrol,Dealer,Manual
0.8108108108108141,509999,0.03748089352226858,Diesel,Dealer,Manual
0.8108108108108141,450000,0.04108782370863935,Petrol,Dealer,Manual
0.8918918918918948,5500000,0.03276866842677856,Diesel,Dealer,Automatic
0.8648648648648631,550000,0.025921262671280462,Diesel,Dealer,Manual
0.7027027027027017,400000,0.028955845819621292,Diesel,Dealer,Manual
0.8648648648648631,585000,0.03437852686091162,Diesel,Dealer,Manual
0.9729729729729755,500000,0.012708985043567853,Petrol,Individual,Manual
0.7027027027027017,265000,0.05083721111514047,Diesel,Individual,Manual
0.7837837837837824,175000,0.07625602849618887,Diesel,Individual,Manual
0.6486486486486527,125000,0.021181924170583986,Petrol,Individual,Manual
0.7567567567567579,150000,0.11862072413126955,Diesel,Individual,Manual
0.8648648648648631,1025000,0.03812780242461626,Diesel,Individual,Manual
0.8378378378378386,1030000,0.10591131544074535,Diesel,Individual,Manual
0.7837837837837824,380000,0.03812780242461626,Diesel,Individual,Manual
0.7297297297297334,250000,0.046600741551632394,Diesel,Individual,Manual
0.45945945945945965,85000,0.033891332861108195,Petrol,Individual,Manual
0.8918918918918948,500000,0.014827219825321886,Diesel,Individual,Manual
0.9459459459459438,350000,0.006354280698305751,Petrol,Individual,Manual
0.7297297297297334,190000,0.0220292180832856,Petrol,Individual,Manual
0.7027027027027017,940000,0.0593101502421566,Diesel,Individual,Manual
0.8918918918918948,250000,0.02965486329760012,Petrol,Individual,Manual
0.7837837837837824,290000,0.0529554458968945,Diesel,Individual,Manual
0.7297297297297334,75000,0.1270936632582857,Petrol,Individual,Manual
0.8648648648648631,1000000,0.05083721111514047,Diesel,Individual,Manual
0.8648648648648631,550000,0.03685686155556384,Diesel,Individual,Manual
0.7297297297297334,285000,0.03177309807935416,Diesel,Individual,Manual
0.8648648648648631,850000,0.010590750261813818,Petrol,Individual,Manual
0.8918918918918948,650000,0.011014397218164626,Petrol,Individual,Manual
0.9189189189189193,365000,0.03304403894840658,CNG,Individual,Manual
0.8648648648648631,260000,0.014827219825321886,Petrol,Individual,Manual
0.8378378378378386,250000,0.04236427198812433,Petrol,Individual,Manual
0.6486486486486527,550000,0.033891332861108195,Petrol,Individual,Manual
0.567567567567572,70000,0.03812780242461626,Petrol,Individual,Manual
0.5135135135135158,145000,0.04236427198812433,Petrol,Individual,Manual
0.9459459459459438,930000,0.008472515480059785,Diesel,Individual,Manual
0.9729729729729755,550000,0.021605571126934793,Petrol,Individual,Manual
0.6756756756756772,85000,0.05083721111514047,Petrol,Individual,Manual
0.8378378378378386,280000,0.02330015895233802,Petrol,Individual,Manual
0.9459459459459438,360000,0.0025414580911484897,Petrol,Individual,Manual
0.7567567567567579,150000,0.01694545460707592,Petrol,Individual,Manual
0.9189189189189193,900000,0.006354280698305751,Petrol,Individual,Automatic
0.7297297297297334,215000,0.03812780242461626,Petrol,Individual,Manual
0.8108108108108141,550000,0.016309984172549707,Diesel,Individual,Manual
0.9459459459459438,775000,0.014827219825321886,Petrol,Individual,Manual
0.4864864864864842,409999,0.020910366471563118,Petrol,Individual,Manual
0.5945945945945965,65000,0.02965486329760012,Petrol,Individual,Manual
0.6756756756756772,200000,0.03812780242461626,Petrol,Individual,Manual
0.7297297297297334,240000,0.021181924170583986,Petrol,Individual,Manual
0.7837837837837824,800000,0.04606313356402322,Diesel,Individual,Manual
0.7297297297297334,400000,0.05083721111514047,Diesel,Individual,Manual
0.7837837837837824,229999,0.01694545460707592,Petrol,Individual,Manual
0.8378378378378386,580000,0.05083721111514047,Diesel,Individual,Manual
0.5945945945945965,175000,0.04236427198812433,Petrol,Individual,Manual
0.7837837837837824,250000,0.046600741551632394,Diesel,Individual,Manual
0.8378378378378386,320000,0.033891332861108195,Petrol,Individual,Manual
0.9189189189189193,800000,0.025418393734092055,Diesel,Individual,Manual
0.9459459459459438,300000,0.008472515480059785,Petrol,Individual,Manual
0.9189189189189193,350000,0.033891332861108195,Diesel,Individual,Manual
0.621621621621621,70000,0.04477905963932393,Petrol,Individual,Manual
0.9189189189189193,430999,0.005930633741954944,Petrol,Dealer,Manual
0.7297297297297334,80000,0.02965486329760012,Petrol,Individual,Manual
0.9729729729729755,335000,0.011861691130866239,Petrol,Dealer,Manual
0.9189189189189193,350000,0.021605571126934793,Petrol,Dealer,Manual
0.9459459459459438,315000,0.023723805908688826,Petrol,Dealer,Manual
0.9729729729729755,1100000,0.014827219825321886,Diesel,Individual,Automatic
0.5945945945945965,80000,0.010167103305463011,Petrol,Individual,Manual
0.8378378378378386,285000,0.02711298155949528,Petrol,Dealer,Manual
0.7027027027027017,100000,0.05083721111514047,Diesel,Individual,Manual
0.7567567567567579,225000,0.015713065611051423,Petrol,Individual,Manual
0.9189189189189193,4500000,0.033891332861108195,Diesel,Individual,Automatic
0.9459459459459438,320000,0.016479442955090032,Petrol,Individual,Manual
0.8918918918918948,1249000,0.025418393734092055,Diesel,Individual,Manual
0.6756756756756772,120000,0.046600741551632394,Petrol,Individual,Manual
0.7567567567567579,200000,0.04236427198812433,Diesel,Individual,Manual
0.8918918918918948,1151000,0.03600956764286223,Diesel,Individual,Manual
0.7837837837837824,120000,0.0593101502421566,Diesel,Individual,Manual
0.9189189189189193,220000,0.008472515480059785,Petrol,Individual,Manual
0.9189189189189193,750000,0.006354280698305751,Petrol,Individual,Manual
0.9459459459459438,784000,0.01694545460707592,Diesel,Individual,Manual
0.9189189189189193,500000,0.021181924170583986,Petrol,Individual,Manual
0.9459459459459438,350000,0.008472515480059785,Petrol,Individual,Manual
0.9459459459459438,1400000,0.021181924170583986,Diesel,Individual,Automatic
0.8378378378378386,600000,0.04236427198812433,Diesel,Individual,Manual
0.9729729729729755,525000,0.003981857742741233,Petrol,Individual,Manual
0.9189189189189193,930000,0.00508333982925333,Diesel,Individual,Manual
0.9189189189189193,440000,0.005972998437590025,CNG,Dealer,Manual
0.8918918918918948,434999,0.00889616243641059,Petrol,Dealer,Manual
0.7567567567567579,250000,0.011861691130866239,Petrol,Dealer,Manual
0.9189189189189193,940000,0.014827219825321886,Diesel,Dealer,Manual
0.9189189189189193,1050000,0.013132631999918659,Diesel,Dealer,Automatic
0.8918918918918948,825000,0.02457109982139044,Diesel,Dealer,Manual
0.7837837837837824,229999,0.010590750261813818,Petrol,Individual,Manual
0.7567567567567579,375000,0.030502157210301736,Petrol,Dealer,Manual
0.8108108108108141,640000,0.03770415546826546,Diesel,Dealer,Manual
0.7837837837837824,800000,0.06778308936917274,Diesel,Dealer,Manual
0.7837837837837824,130000,0.012708985043567853,Petrol,Individual,Manual
0.8378378378378386,300000,0.015909637798798195,Petrol,Dealer,Manual
0.9459459459459438,440000,0.005930633741954944,Petrol,Dealer,Manual
0.8378378378378386,595000,0.023977994082499312,CNG,Dealer,Manual
0.8108108108108141,450000,0.046600741551632394,Diesel,Individual,Manual
0.9189189189189193,690000,0.021181924170583986,Diesel,Individual,Manual
0.9729729729729755,300000,0.0021178111347976833,Petrol,Individual,Manual
0.8378378378378386,170000,0.04236427198812433,Petrol,Individual,Manual
0.7837837837837824,280000,0.05083721111514047,Diesel,Individual,Manual
0.7027027027027017,220000,0.02862963766323117,Petrol,Individual,Manual
0.7027027027027017,140000,0.04236427198812433,Petrol,Individual,Manual
0.567567567567572,45000,0.025418393734092055,Petrol,Individual,Manual
0.8378378378378386,200000,0.0529554458968945,Diesel,Individual,Manual
0.6756756756756772,325000,0.05083721111514047,Diesel,Individual,Manual
0.7297297297297334,300000,0.05507368067864853,Diesel,Individual,Manual
0.7027027027027017,120000,0.10591131544074535,Petrol,Individual,Manual
0.8918918918918948,535000,0.022283406257096083,Diesel,Individual,Manual
0.8378378378378386,520000,0.03473862677380981,Diesel,Individual,Manual
0.9189189189189193,550000,0.008425914314861196,Petrol,Dealer,Automatic
0.8648648648648631,280000,0.01694545460707592,Diesel,Individual,Manual
0.8108108108108141,225000,0.03304403894840658,Diesel,Dealer,Manual
0.8918918918918948,535000,0.01625279183344235,Petrol,Dealer,Manual
0.8918918918918948,1250000,0.010027299809867246,Diesel,Trustmark Dealer,Manual
0.9189189189189193,650000,0.021111598775829753,Petrol,Trustmark Dealer,Manual
0.8108108108108141,295000,0.02429700024063147,Petrol,Trustmark Dealer,Manual
0.8648648648648631,480000,0.028938052647454558,Diesel,Trustmark Dealer,Manual
0.8648648648648631,575000,0.026791009872668668,Diesel,Trustmark Dealer,Manual
0.8918918918918948,509999,0.025418393734092055,Diesel,Individual,Manual
0.6756756756756772,69000,0.04236427198812433,Petrol,Individual,Manual
0.8108108108108141,200000,0.025418393734092055,Petrol,Individual,Manual
0.7837837837837824,449000,0.03812780242461626,Diesel,Individual,Manual
1.0,426000,0.000423223309394456,Diesel,Individual,Manual
0.9189189189189193,650000,0.0025414580911484897,Petrol,Individual,Manual
0.9189189189189193,260000,0.021181924170583986,Diesel,Individual,Manual
0.8648648648648631,295000,0.03812780242461626,Diesel,Individual,Manual
0.7837837837837824,120000,0.0593101502421566,Diesel,Individual,Manual
0.6486486486486527,155000,0.02753662851584609,Petrol,Dealer,Manual
0.7837837837837824,320000,0.033891332861108195,Diesel,Individual,Manual
0.6486486486486527,123000,0.021181924170583986,Petrol,Individual,Manual
0.621621621621621,80000,0.046600741551632394,Petrol,Individual,Manual
0.7837837837837824,220000,0.03812780242461626,Petrol,Individual,Manual
0.9459459459459438,650000,0.015674513738023498,Diesel,Dealer,Manual
0.9459459459459438,285000,0.012708985043567853,Petrol,Dealer,Manual
0.9459459459459438,725000,0.011014397218164626,Petrol,Dealer,Automatic
0.8918918918918948,625000,0.012708985043567853,Petrol,Dealer,Manual
0.8918918918918948,550000,0.009743456349112205,Petrol,Dealer,Manual
0.7837837837837824,130000,0.05083721111514047,Diesel,Individual,Manual
0.7837837837837824,240000,0.01694545460707592,Petrol,Dealer,Manual
0.8378378378378386,600000,0.011438044174515433,Diesel,Dealer,Manual
0.7837837837837824,350000,0.02753662851584609,Diesel,Dealer,Manual
0.8648648648648631,245000,0.013556278956269466,Petrol,Dealer,Manual
0.7027027027027017,199000,0.022256292851889632,Petrol,Individual,Manual
0.7567567567567579,330000,0.04236427198812433,Diesel,Individual,Manual
0.7027027027027017,150000,0.033891332861108195,Petrol,Individual,Manual
0.8918918918918948,927999,0.03812780242461626,Diesel,Individual,Manual
0.5405405405405403,70000,0.025418393734092055,Petrol,Individual,Manual
0.8648648648648631,399000,0.02330015895233802,Diesel,Dealer,Manual
0.8648648648648631,350000,0.03812780242461626,Diesel,Individual,Manual
0.621621621621621,125000,0.021181924170583986,Diesel,Individual,Manual
0.6756756756756772,150000,0.03812780242461626,Petrol,Individual,Manual
0.8648648648648631,250000,0.010590750261813818,Petrol,Individual,Manual
0.8378378378378386,675000,0.02584204069044286,Diesel,Dealer,Manual
0.9459459459459438,950000,0.012708985043567853,Diesel,Individual,Manual
0.9459459459459438,409999,0.019063689388829953,CNG,Individual,Manual
0.7567567567567579,225000,0.025418393734092055,Diesel,Individual,Manual
0.6756756756756772,350000,0.03177309807935416,Petrol,Individual,Manual
0.5945945945945965,51111,0.0593101502421566,Petrol,Individual,Manual
0.8108108108108141,290000,0.023723805908688826,Diesel,Dealer,Manual
0.621621621621621,310000,0.026265687646793667,Electric,Dealer,Automatic
0.6486486486486527,212000,0.02457109982139044,Diesel,Dealer,Manual
0.8108108108108141,900000,0.02075827721423318,Diesel,Dealer,Automatic
0.8108108108108141,675000,0.030925804166652544,Diesel,Dealer,Manual
0.8378378378378386,421000,0.029231216341249314,Diesel,Dealer,Manual
0.6756756756756772,350000,0.004236045916551717,Petrol,Individual,Manual
0.5135135135135158,90000,0.04914262328973724,Diesel,Individual,Manual
0.9459459459459438,830000,0.01694545460707592,Diesel,Individual,Manual
0.7027027027027017,180000,0.012708985043567853,Petrol,Individual,Manual
0.7027027027027017,210000,0.04617709459528159,Diesel,Individual,Manual
0.9189189189189193,700000,0.03812780242461626,Diesel,Individual,Manual
0.8378378378378386,45000,0.0029651050474992966,Petrol,Individual,Manual
0.7837837837837824,125000,0.05083721111514047,Diesel,Individual,Manual
0.9189189189189193,530000,0.02750104217151262,Petrol,Individual,Manual
0.9459459459459438,800000,0.015742720897995978,Diesel,Dealer,Manual
0.8918918918918948,580000,0.006354280698305751,Petrol,Individual,Manual
0.7837837837837824,1400000,0.04998991720243885,Diesel,Individual,Automatic
0.9459459459459438,300000,0.021542871377394874,Petrol,Individual,Manual
0.8918918918918948,300000,0.012708985043567853,Petrol,Individual,Manual
0.8648648648648631,700000,0.03262039199205577,Diesel,Individual,Manual
0.7837837837837824,250000,0.02965486329760012,Petrol,Individual,Manual
0.8918918918918948,500000,0.05083721111514047,Diesel,Individual,Manual
0.7027027027027017,428000,0.01694545460707592,Petrol,Individual,Automatic
0.9729729729729755,1400000,0.013979925912620273,Diesel,Individual,Manual
0.8108108108108141,219000,0.02266468851781181,Petrol,Individual,Manual
0.9189189189189193,500000,0.01694545460707592,Diesel,Individual,Manual
0.8378378378378386,520000,0.03473862677380981,Diesel,Individual,Manual
0.8918918918918948,509999,0.025418393734092055,Diesel,Individual,Manual
0.9729729729729755,556000,0.010167103305463011,Petrol,Individual,Manual
0.8378378378378386,225000,0.05083721111514047,Diesel,Individual,Manual
0.8108108108108141,325000,0.02753662851584609,Diesel,Dealer,Manual
0.8108108108108141,365000,0.02753662851584609,Diesel,Dealer,Manual
0.8108108108108141,350000,0.03177309807935416,Diesel,Dealer,Manual
0.6486486486486527,225000,0.021181924170583986,Diesel,Dealer,Manual
0.7567567567567579,135000,0.021181924170583986,Petrol,Individual,Manual
0.6486486486486527,140000,0.02075827721423318,Petrol,Dealer,Manual
0.8918918918918948,665000,0.23724187190949544,Diesel,Dealer,Manual
0.8648648648648631,275000,0.006085264881022989,Petrol,Dealer,Manual
0.9189189189189193,2750000,0.017369101563426727,Diesel,Individual,Automatic
0.8108108108108141,484999,0.02753662851584609,Diesel,Dealer,Manual
0.8648648648648631,565000,0.02753662851584609,Diesel,Dealer,Manual
0.8108108108108141,425000,0.02587720338781998,Diesel,Dealer,Manual
0.8108108108108141,925000,0.03177309807935416,Diesel,Individual,Manual
0.7837837837837824,565000,0.030502157210301736,Diesel,Dealer,Manual
0.8378378378378386,525000,0.02753662851584609,Diesel,Dealer,Manual
0.7297297297297334,409999,0.025418393734092055,Petrol,Individual,Manual
0.9459459459459438,570000,0.0021178111347976833,Petrol,Individual,Manual
0.6486486486486527,160000,0.033891332861108195,Petrol,Individual,Manual
0.9189189189189193,749000,0.021817394605110195,Diesel,Individual,Manual
0.7297297297297334,300000,0.05083721111514047,Diesel,Individual,Manual
0.8378378378378386,550000,0.033806603469838034,Diesel,Dealer,Manual
0.8648648648648631,550000,0.04109333111907191,Diesel,Dealer,Manual
0.9729729729729755,1250000,0.002791409795395466,Diesel,Dealer,Manual
0.9189189189189193,700000,0.021163707351460902,Diesel,Dealer,Manual
0.9189189189189193,600000,0.01831595251087078,Diesel,Dealer,Manual
0.9459459459459438,925000,0.0214780533930732,Diesel,Dealer,Manual
0.8918918918918948,1800000,0.053379092853245304,Diesel,Dealer,Automatic
0.8648648648648631,459999,0.05961941252029269,Diesel,Dealer,Manual
0.8108108108108141,170000,0.033891332861108195,Petrol,Individual,Manual
0.4864864864864842,150000,0.10845319717885019,Diesel,Dealer,Manual
0.6756756756756772,295000,0.05083721111514047,Diesel,Individual,Manual
0.9729729729729755,819999,0.01694545460707592,Diesel,Individual,Manual
0.8648648648648631,320000,0.01694545460707592,Petrol,Individual,Manual
0.8648648648648631,550000,0.057191915460402566,Diesel,Individual,Manual
0.8648648648648631,550000,0.021181924170583986,Diesel,Individual,Manual
0.9189189189189193,590000,0.04151697807542271,Diesel,Individual,Manual
0.8378378378378386,1050000,0.02965486329760012,Diesel,Individual,Manual
0.9189189189189193,950000,0.021181924170583986,Diesel,Individual,Manual
0.9189189189189193,1000000,0.012708985043567853,Diesel,Individual,Manual
0.8108108108108141,500000,0.05083721111514047,Diesel,Individual,Manual
0.9189189189189193,450000,0.02965486329760012,Diesel,Individual,Manual
0.9189189189189193,720000,0.014827219825321886,Diesel,Individual,Manual
0.8378378378378386,500000,0.014827219825321886,Diesel,Individual,Manual
0.8918918918918948,2500000,0.02965486329760012,Petrol,Individual,Automatic
0.8648648648648631,484999,0.03812780242461626,Diesel,Individual,Manual
0.7837837837837824,420000,0.03812780242461626,Diesel,Individual,Manual
0.8648648648648631,1225000,0.02965486329760012,Diesel,Individual,Manual
0.8648648648648631,350000,0.021181924170583986,Diesel,Individual,Manual
0.8648648648648631,350000,0.05083721111514047,Diesel,Individual,Manual
0.7567567567567579,800000,0.09743837631372922,Diesel,Individual,Manual
0.567567567567572,125000,0.02965486329760012,Petrol,Individual,Automatic
0.7297297297297334,75000,0.04236427198812433,Diesel,Individual,Manual
0.9459459459459438,509999,0.006354280698305751,Petrol,Individual,Manual
0.8378378378378386,215000,0.033891332861108195,Diesel,Individual,Manual
0.9459459459459438,465000,0.010590750261813818,Diesel,Individual,Manual
0.9189189189189193,625000,0.0220292180832856,Petrol,Dealer,Manual
0.9189189189189193,490000,0.027960275472196896,Diesel,Dealer,Manual
0.9189189189189193,880000,0.02711298155949528,Diesel,Dealer,Manual
0.8108108108108141,290000,0.02075827721423318,Petrol,Individual,Manual
0.9189189189189193,685000,0.030502157210301736,Diesel,Dealer,Manual
0.7027027027027017,300000,0.021181924170583986,Petrol,Individual,Manual
0.9189189189189193,680000,0.018640042432479145,Diesel,Dealer,Manual
0.8378378378378386,480000,0.04278791894447514,Diesel,Dealer,Manual
0.8918918918918948,630000,0.02330015895233802,Diesel,Dealer,Manual
0.6486486486486527,190000,0.048718976333386434,Petrol,Dealer,Manual
0.8648648648648631,500000,0.04236427198812433,Diesel,Dealer,Manual
0.8378378378378386,850000,0.0220292180832856,Diesel,Dealer,Manual
0.7567567567567579,350000,0.04448250676987836,Diesel,Dealer,Manual
0.8108108108108141,425000,0.0720195589326808,Diesel,Dealer,Manual
0.8648648648648631,495000,0.04448250676987836,Diesel,Dealer,Manual
0.9189189189189193,890000,0.025418393734092055,Diesel,Individual,Manual
0.9459459459459438,1100000,0.010590750261813818,Diesel,Individual,Automatic
0.8378378378378386,650000,0.09235461283751953,Diesel,Individual,Manual
0.9459459459459438,465000,0.010590750261813818,Diesel,Individual,Manual
0.9189189189189193,625000,0.0220292180832856,Petrol,Dealer,Manual
0.9189189189189193,490000,0.027960275472196896,Diesel,Dealer,Manual
0.9189189189189193,880000,0.02711298155949528,Diesel,Dealer,Manual
0.8108108108108141,290000,0.02075827721423318,Petrol,Individual,Manual
0.621621621621621,115999,0.04236427198812433,Diesel,Individual,Manual
0.9189189189189193,685000,0.030502157210301736,Diesel,Dealer,Manual
0.7027027027027017,300000,0.021181924170583986,Petrol,Individual,Manual
0.9189189189189193,680000,0.018640042432479145,Diesel,Dealer,Manual
0.8378378378378386,480000,0.04278791894447514,Diesel,Dealer,Manual
0.8918918918918948,630000,0.02330015895233802,Diesel,Dealer,Manual
0.6486486486486527,190000,0.048718976333386434,Petrol,Dealer,Manual
0.8648648648648631,500000,0.04236427198812433,Diesel,Dealer,Manual
0.8378378378378386,850000,0.0220292180832856,Diesel,Dealer,Manual
0.7567567567567579,350000,0.04448250676987836,Diesel,Dealer,Manual
0.8108108108108141,425000,0.0720195589326808,Diesel,Dealer,Manual
0.8648648648648631,495000,0.04448250676987836,Diesel,Dealer,Manual
0.9189189189189193,890000,0.025418393734092055,Diesel,Individual,Manual
0.9459459459459438,1100000,0.010590750261813818,Diesel,Individual,Automatic
0.8378378378378386,650000,0.09235461283751953,Diesel,Individual,Manual
0.7027027027027017,233000,0.02457109982139044,Petrol,Individual,Manual
0.8648648648648631,300000,0.046600741551632394,Diesel,Individual,Manual
1.0,614000,0.000423223309394456,Petrol,Individual,Manual
0.7297297297297334,250000,0.04236427198812433,Petrol,Individual,Manual
0.7297297297297334,250000,0.046600741551632394,Petrol,Individual,Manual
0.7567567567567579,200000,0.01694545460707592,Petrol,Individual,Manual
0.8108108108108141,290000,0.0220292180832856,Petrol,Individual,Manual
0.8108108108108141,320000,0.033891332861108195,Petrol,Individual,Manual
0.621621621621621,145000,0.0220292180832856,Petrol,Individual,Manual
0.5945945945945965,100000,0.05253179894054369,Petrol,Individual,Manual
0.7297297297297334,130000,0.08896543718671307,Diesel,Individual,Manual
0.621621621621621,145000,0.027960275472196896,Petrol,Individual,Automatic
0.6756756756756772,110000,0.05083721111514047,Petrol,Individual,Manual
0.9729729729729755,680000,0.01694545460707592,Diesel,Individual,Manual
0.567567567567572,37500,0.03812780242461626,Petrol,Individual,Manual
0.7567567567567579,200000,0.05083721111514047,Diesel,Individual,Manual
0.7837837837837824,300000,0.046600741551632394,Diesel,Individual,Manual
0.5945945945945965,80000,0.023969521143372294,Petrol,Dealer,Manual
0.8648648648648631,740000,0.019063689388829953,Diesel,Dealer,Automatic
0.8648648648648631,630000,0.021181924170583986,Diesel,Individual,Manual
0.5945945945945965,70000,0.029019392863073912,Petrol,Dealer,Manual
0.9729729729729755,484999,0.002120776663492139,Petrol,Dealer,Automatic
0.8108108108108141,164000,0.012708985043567853,Petrol,Individual,Manual
0.6756756756756772,140000,0.02965486329760012,Petrol,Individual,Automatic
0.7567567567567579,999000,0.021012465388043664,Diesel,Dealer,Automatic
0.5945945945945965,56000,0.009743456349112205,Petrol,Individual,Manual
0.621621621621621,1050000,0.012708985043567853,Diesel,Dealer,Automatic
0.7297297297297334,190000,0.016098160694374305,Petrol,Dealer,Manual
0.9459459459459438,3899000,0.009319809392761398,Diesel,Dealer,Automatic
0.7567567567567579,150000,0.01694545460707592,Diesel,Individual,Manual
0.7567567567567579,235000,0.01825876017176342,Petrol,Dealer,Manual
0.9459459459459438,200000,0.014827219825321886,Petrol,Individual,Manual
0.9189189189189193,350000,0.004308489546087705,Petrol,Dealer,Manual
0.8648648648648631,465000,0.017421210139057876,Diesel,Dealer,Manual
0.9189189189189193,1900000,0.00852250582090918,Petrol,Dealer,Automatic
0.9729729729729755,1000000,0.006354280698305751,Diesel,Individual,Manual
0.9729729729729755,2800000,0.004236045916551717,Diesel,Individual,Automatic
0.8648648648648631,470000,0.0720195589326808,Diesel,Individual,Manual
0.9189189189189193,415000,0.008472515480059785,Petrol,Individual,Manual
0.8378378378378386,500000,0.03473862677380981,Diesel,Individual,Manual
0.8108108108108141,150000,0.025418393734092055,Petrol,Individual,Manual
0.5945945945945965,95000,0.021181924170583986,Petrol,Individual,Manual
0.7837837837837824,400000,0.02965486329760012,Diesel,Individual,Manual
0.6756756756756772,114999,0.028291567392063226,Petrol,Individual,Manual
0.621621621621621,75000,0.05507368067864853,Petrol,Individual,Manual
0.8108108108108141,500000,0.05083721111514047,Diesel,Individual,Manual
0.8378378378378386,195000,0.03177309807935416,Petrol,Individual,Manual
0.8648648648648631,155000,0.01694545460707592,Petrol,Individual,Manual
0.45945945945945965,65000,0.03812780242461626,Petrol,Individual,Manual
0.5945945945945965,65000,0.06354661980566467,Petrol,Individual,Manual
0.8648648648648631,190000,0.025418393734092055,Petrol,Individual,Manual
0.7837837837837824,200000,0.04753191756169147,Diesel,Individual,Manual
0.7297297297297334,160000,0.025418393734092055,Petrol,Individual,Manual
0.7297297297297334,150000,0.05507368067864853,Diesel,Individual,Manual
0.8648648648648631,530000,0.07413779371443484,Diesel,Individual,Manual
0.8648648648648631,750000,0.05083721111514047,Diesel,Individual,Manual
0.7837837837837824,225000,0.03812780242461626,Diesel,Individual,Manual
0.8378378378378386,409999,0.033891332861108195,Diesel,Individual,Manual
0.8378378378378386,409999,0.033891332861108195,Diesel,Individual,Manual
0.7027027027027017,110000,0.03516227373016061,Petrol,Individual,Manual
0.8918918918918948,225000,0.01694545460707592,Petrol,Individual,Manual
0.8378378378378386,450000,0.061640208502086034,Diesel,Individual,Manual
0.8378378378378386,370000,0.05083721111514047,Diesel,Individual,Manual
0.621621621621621,158000,0.0593101502421566,Petrol,Individual,Manual
0.7297297297297334,225000,0.053802739809596115,Diesel,Individual,Manual
0.6486486486486527,130000,0.05083721111514047,Petrol,Individual,Manual
0.9189189189189193,440000,0.019063689388829953,Petrol,Individual,Manual
0.6486486486486527,96000,0.07413779371443484,LPG,Individual,Manual
0.4864864864864842,45000,0.0021178111347976833,Petrol,Individual,Manual
0.7567567567567579,350000,0.03812780242461626,Diesel,Individual,Manual
0.8108108108108141,200000,0.07159591197633,Diesel,Individual,Manual
0.8378378378378386,500000,0.028807569384898507,Diesel,Individual,Manual
0.5945945945945965,92000,0.04236427198812433,Petrol,Individual,Manual
0.7027027027027017,280000,0.0593101502421566,Diesel,Individual,Manual
0.6486486486486527,200000,0.033891332861108195,Petrol,Individual,Manual
0.7027027027027017,180000,0.03812780242461626,Petrol,Individual,Manual
0.8918918918918948,400000,0.01694545460707592,Petrol,Individual,Manual
0.8918918918918948,778000,0.02965486329760012,Diesel,Individual,Manual
0.7837837837837824,500000,0.022452865039636408,Diesel,Individual,Manual
0.8918918918918948,680000,0.04236427198812433,Diesel,Individual,Manual
0.7567567567567579,174000,0.04236427198812433,Diesel,Individual,Manual
0.9189189189189193,950000,0.021181924170583986,Diesel,Individual,Manual
0.8648648648648631,525000,0.01694545460707592,Diesel,Individual,Manual
0.9459459459459438,500000,0.014827219825321886,Petrol,Individual,Manual
0.8918918918918948,575000,0.019063689388829953,Petrol,Individual,Manual
0.9189189189189193,275000,0.011861691130866239,Petrol,Individual,Manual
0.8108108108108141,300000,0.02965486329760012,Diesel,Individual,Manual
0.7027027027027017,220000,0.05083721111514047,Petrol,Individual,Manual
0.9459459459459438,254999,0.010590750261813818,Petrol,Individual,Manual
0.9189189189189193,670000,0.02965486329760012,Diesel,Individual,Manual
0.5405405405405403,70000,0.021181924170583986,Petrol,Individual,Manual
0.7837837837837824,150000,0.014827219825321886,Petrol,Individual,Manual
0.9459459459459438,730000,0.0010112452848093758,Petrol,Individual,Manual
0.9189189189189193,650000,0.006862657045926719,Diesel,Individual,Manual
0.9729729729729755,330000,0.004236045916551717,CNG,Individual,Manual
0.9729729729729755,366000,0.006354280698305751,Petrol,Individual,Manual
0.9729729729729755,1149000,0.0021178111347976833,Petrol,Individual,Manual
0.8918918918918948,150000,0.01779274851977753,Petrol,Individual,Manual
0.7567567567567579,425000,0.025418393734092055,Diesel,Individual,Manual
0.7837837837837824,150000,0.032196745035704966,Petrol,Individual,Manual
0.9729729729729755,2100000,0.0021178111347976833,Petrol,Individual,Automatic
0.9459459459459438,925000,0.012242973391581966,Petrol,Dealer,Manual
0.8108108108108141,425000,0.03656030868611827,Petrol,Dealer,Manual
0.9459459459459438,675000,0.009870550436017447,Petrol,Dealer,Automatic
0.9459459459459438,819999,0.01381046713007995,Diesel,Dealer,Manual
0.9459459459459438,390000,0.004363140003456959,Petrol,Dealer,Manual
0.8378378378378386,1500000,0.03262039199205577,Diesel,Dealer,Manual
0.8108108108108141,700000,0.041940625031773524,Diesel,Dealer,Manual
0.8378378378378386,1450000,0.011776961739596078,Diesel,Dealer,Automatic
0.8648648648648631,425000,0.021097194779313825,Diesel,Dealer,Manual
0.8648648648648631,600000,0.023173064865432778,Diesel,Dealer,Manual
0.9459459459459438,850000,0.02711298155949528,Petrol,Dealer,Manual
0.8918918918918948,1650000,0.05409929267904168,Diesel,Dealer,Automatic
0.8108108108108141,1750000,0.014361208173335999,Diesel,Dealer,Automatic
0.9459459459459438,1590000,0.010590750261813818,Petrol,Dealer,Automatic
0.8108108108108141,1689999,0.021181924170583986,Diesel,Dealer,Automatic
0.8108108108108141,1425000,0.024994746777741248,Diesel,Dealer,Automatic
0.7567567567567579,265000,0.05083721111514047,Diesel,Individual,Manual
0.7567567567567579,190000,0.046600741551632394,Petrol,Individual,Manual
0.8108108108108141,425000,0.025418393734092055,Diesel,Individual,Manual
0.8648648648648631,630000,0.06227567893661225,Diesel,Individual,Manual
0.9189189189189193,600000,0.010590750261813818,Petrol,Individual,Manual
0.9729729729729755,650000,0.012708985043567853,Petrol,Individual,Manual
0.8918918918918948,540000,0.01694545460707592,Diesel,Individual,Manual
0.8648648648648631,630000,0.057191915460402566,Diesel,Individual,Manual
0.9459459459459438,448000,0.012708985043567853,Petrol,Individual,Automatic
0.9189189189189193,500000,0.033891332861108195,Diesel,Individual,Manual
0.8918918918918948,745000,0.02965486329760012,Diesel,Individual,Manual
0.9729729729729755,1025000,0.004172498873099096,Diesel,Individual,Automatic
0.7567567567567579,235000,0.025418393734092055,Petrol,Individual,Manual
0.8918918918918948,630000,0.02965486329760012,Diesel,Individual,Manual
0.8648648648648631,1700000,0.03304403894840658,Diesel,Individual,Manual
0.8108108108108141,450000,0.05083721111514047,Diesel,Individual,Manual
0.7837837837837824,450000,0.05083721111514047,Petrol,Individual,Manual
0.5405405405405403,50000,0.02965486329760012,Diesel,Individual,Manual
0.8108108108108141,450000,0.0720195589326808,Diesel,Individual,Manual
0.8918918918918948,1200000,0.0593101502421566,Diesel,Individual,Manual
0.8648648648648631,610000,0.03812780242461626,Diesel,Individual,Manual
0.8918918918918948,2500000,0.012708985043567853,Petrol,Individual,Automatic
0.9189189189189193,484999,0.004236045916551717,Petrol,Dealer,Manual
0.8918918918918948,275000,0.02075827721423318,Petrol,Dealer,Manual
0.8918918918918948,315000,0.013556278956269466,Petrol,Dealer,Manual
0.8918918918918948,275000,0.016098160694374305,Petrol,Dealer,Manual
0.9189189189189193,280000,0.013556278956269466,Petrol,Dealer,Manual
0.8648648648648631,455000,0.01779274851977753,Petrol,Dealer,Manual
0.8648648648648631,351000,0.019063689388829953,Petrol,Dealer,Manual
0.7837837837837824,535000,0.00508333982925333,Petrol,Dealer,Manual
0.7027027027027017,175000,0.023511982430513424,Petrol,Dealer,Manual
0.8108108108108141,525000,0.026053864168618265,Petrol,Dealer,Manual
0.8918918918918948,600000,0.06354661980566467,Diesel,Individual,Manual
0.8918918918918948,565000,0.030502157210301736,Petrol,Dealer,Automatic
0.9189189189189193,725000,0.046600741551632394,Diesel,Individual,Manual
0.7027027027027017,185000,0.03262039199205577,Petrol,Dealer,Manual
0.7297297297297334,200000,0.04236427198812433,Diesel,Individual,Manual
0.9729729729729755,615000,0.004236045916551717,Petrol,Individual,Manual
0.8918918918918948,270000,0.04236427198812433,Petrol,Individual,Manual
0.9459459459459438,610000,0.014827219825321886,Petrol,Individual,Manual
0.8378378378378386,625000,0.02965486329760012,Diesel,Individual,Automatic
1.0,400000,0.0021178111347976833,Petrol,Individual,Manual
0.9189189189189193,866000,0.016013431303104144,Petrol,Individual,Manual
0.7297297297297334,700000,0.04829532937703562,Petrol,Individual,Manual
0.7297297297297334,300000,0.02033463025788237,Petrol,Individual,Manual
0.9729729729729755,1700000,0.013556278956269466,Diesel,Individual,Manual
0.8918918918918948,375000,0.04236427198812433,Diesel,Individual,Manual
0.8108108108108141,522000,0.06354661980566467,Diesel,Individual,Manual
0.8108108108108141,451999,0.029231216341249314,Diesel,Individual,Manual
0.7027027027027017,300000,0.04236427198812433,Petrol,Individual,Manual
1.0,475000,0.0055069867856041375,Petrol,Individual,Manual
0.8918918918918948,780000,0.025418393734092055,Diesel,Individual,Manual
0.9189189189189193,595000,0.01694545460707592,Petrol,Individual,Manual
0.9189189189189193,440000,0.014827219825321886,Petrol,Individual,Manual
0.7297297297297334,300000,0.05083721111514047,Diesel,Individual,Manual
0.8378378378378386,400000,0.02965486329760012,Diesel,Individual,Manual
0.8918918918918948,1140000,0.021181924170583986,Diesel,Individual,Manual
0.9189189189189193,850000,0.032255631962637726,Diesel,Individual,Manual
0.7837837837837824,370000,0.07413779371443484,Diesel,Individual,Manual
0.9459459459459438,350000,0.010590750261813818,Petrol,Individual,Manual
0.8648648648648631,360000,0.01694545460707592,Petrol,Individual,Manual
0.6756756756756772,105000,0.02753662851584609,Petrol,Individual,Manual
0.8108108108108141,625000,0.03812780242461626,Diesel,Individual,Manual
0.7027027027027017,135000,0.033891332861108195,Petrol,Individual,Manual
0.8648648648648631,700000,0.046600741551632394,Diesel,Individual,Manual
0.9729729729729755,690000,0.0005515883371687504,Petrol,Dealer,Manual
0.9459459459459438,3975000,0.013471549564999305,Diesel,Dealer,Automatic
0.9729729729729755,5150000,0.008472515480059785,Petrol,Dealer,Automatic
0.9189189189189193,3200000,0.019063689388829953,Diesel,Dealer,Automatic
0.9189189189189193,4100000,0.007201574611007364,Petrol,Individual,Automatic
0.9729729729729755,4500000,0.00889616243641059,Diesel,Dealer,Automatic
0.9189189189189193,6000000,0.015674513738023498,Diesel,Dealer,Automatic
0.9189189189189193,2150000,0.011438044174515433,Diesel,Dealer,Automatic
0.9729729729729755,5800000,0.0031769285256747003,Diesel,Dealer,Automatic
0.9459459459459438,1864999,0.021181924170583986,Petrol,Dealer,Automatic
0.8918918918918948,2700000,0.014827219825321886,Diesel,Dealer,Automatic
0.9729729729729755,1750000,0.008048868523708978,Petrol,Dealer,Automatic
0.9189189189189193,795000,0.017369101563426727,Petrol,Dealer,Automatic
0.8108108108108141,625000,0.016521807650725112,Petrol,Dealer,Automatic
0.9459459459459438,3400000,0.009319809392761398,Diesel,Dealer,Automatic
0.8648648648648631,2650000,0.022452865039636408,Diesel,Dealer,Automatic
0.8648648648648631,535000,0.01694545460707592,Diesel,Dealer,Manual
0.9189189189189193,5850000,0.019910983301531567,Diesel,Dealer,Automatic
0.7297297297297334,975000,0.030586886601571897,Petrol,Dealer,Automatic
0.8918918918918948,805000,0.021139559474948905,Petrol,Dealer,Manual
0.9189189189189193,2625000,0.0038123989602009104,Diesel,Dealer,Automatic
0.9459459459459438,811000,0.004659692872902524,Petrol,Dealer,Manual
0.7567567567567579,375000,0.02075827721423318,Petrol,Individual,Manual
0.7837837837837824,550000,0.040246037206370294,Petrol,Individual,Manual
0.8918918918918948,645000,0.004659692872902524,Petrol,Dealer,Automatic
0.8378378378378386,599000,0.01952970104081584,Petrol,Dealer,Manual
0.9189189189189193,2700000,0.006777927654656558,Petrol,Dealer,Automatic
0.9189189189189193,875000,0.0076252215673581715,Petrol,Dealer,Automatic
0.9729729729729755,894999,0.004089464069654338,Petrol,Dealer,Automatic
0.7567567567567579,175000,0.004659692872902524,Petrol,Dealer,Manual
0.7837837837837824,340000,0.010294197392368254,Petrol,Dealer,Manual
0.8918918918918948,1525000,0.017861802973662712,Diesel,Dealer,Automatic
0.9459459459459438,1025000,0.0033887520038501035,Diesel,Dealer,Automatic
0.8918918918918948,2150000,0.012708985043567853,Diesel,Dealer,Automatic
0.8918918918918948,1900000,0.017369101563426727,Petrol,Dealer,Automatic
0.8918918918918948,2900000,0.00508333982925333,Diesel,Dealer,Automatic
0.7027027027027017,450000,0.03007851025395093,Petrol,Dealer,Automatic
0.8918918918918948,850000,0.008472515480059785,Petrol,Individual,Manual
0.9189189189189193,10000000,0.012708985043567853,Petrol,Individual,Automatic
0.7567567567567579,300000,0.04236427198812433,Diesel,Individual,Manual
0.9459459459459438,575000,0.004024222438376314,Petrol,Individual,Manual
0.7567567567567579,160000,0.05083721111514047,Diesel,Individual,Manual
0.8648648648648631,515000,0.015505054955483178,Petrol,Individual,Manual
0.8648648648648631,390000,0.021181924170583986,Petrol,Individual,Automatic
0.4324324324324351,40000,0.01694545460707592,Petrol,Individual,Manual
0.7297297297297334,220000,0.05083721111514047,Diesel,Individual,Manual
0.8648648648648631,425000,0.02965486329760012,Petrol,Individual,Manual
0.8378378378378386,487000,0.014827219825321886,Petrol,Individual,Manual
0.8918918918918948,386000,0.018640042432479145,Petrol,Individual,Manual
0.5945945945945965,100000,0.05083721111514047,Petrol,Individual,Manual
0.7297297297297334,300000,0.025418393734092055,Diesel,Individual,Manual
0.45945945945945965,100000,0.025418393734092055,Petrol,Individual,Manual
0.8378378378378386,1750000,0.012708985043567853,Diesel,Individual,Manual
0.8918918918918948,450000,0.006354280698305751,Petrol,Individual,Manual
0.9189189189189193,490000,0.03812780242461626,Diesel,Individual,Manual
0.7027027027027017,345000,0.019910983301531567,Petrol,Individual,Manual
0.5945945945945965,85000,0.03812780242461626,Petrol,Individual,Manual
0.7297297297297334,215000,0.05109139928895095,Petrol,Individual,Manual
0.7297297297297334,320000,0.04236427198812433,Petrol,Individual,Manual
0.8918918918918948,459999,0.025418393734092055,Petrol,Individual,Manual
0.5945945945945965,65000,0.03643321459921303,Petrol,Individual,Manual
1.0,720000,0.0021178111347976833,Petrol,Individual,Manual
0.9189189189189193,800000,0.015674513738023498,Diesel,Individual,Manual
0.9729729729729755,520000,0.005930633741954944,Petrol,Individual,Manual
0.8648648648648631,580000,0.02965486329760012,Diesel,Individual,Manual
0.7837837837837824,235000,0.05083721111514047,Diesel,Individual,Manual
0.8648648648648631,600000,0.021181924170583986,Petrol,Individual,Manual
0.8378378378378386,290000,0.025418393734092055,Petrol,Individual,Manual
0.8918918918918948,360000,0.021181924170583986,CNG,Individual,Manual
0.9189189189189193,550000,0.021181924170583986,Petrol,Individual,Manual
0.8108108108108141,375000,0.02965486329760012,Petrol,Individual,Manual
0.5405405405405403,40000,0.03812780242461626,Petrol,Individual,Manual
0.9459459459459438,420000,0.014827219825321886,Petrol,Individual,Automatic
0.9189189189189193,550000,0.008472515480059785,Petrol,Individual,Manual
0.9459459459459438,270000,0.008472515480059785,Petrol,Individual,Manual
0.9459459459459438,700000,0.0033040226125799423,Petrol,Individual,Automatic
0.9189189189189193,500000,0.008472515480059785,Petrol,Individual,Manual
0.8108108108108141,320000,0.013292346902462913,Petrol,Individual,Manual
0.9459459459459438,700000,0.021181924170583986,Diesel,Individual,Manual
0.8648648648648631,290000,0.025418393734092055,Petrol,Individual,Manual
0.7837837837837824,550000,0.04236427198812433,Petrol,Individual,Automatic
0.7837837837837824,265000,0.025418393734092055,Petrol,Individual,Manual
0.9459459459459438,830000,0.0021178111347976833,Petrol,Individual,Automatic
0.9189189189189193,800000,0.025418393734092055,Diesel,Individual,Manual
0.7567567567567579,160000,0.010590750261813818,Petrol,Individual,Manual
0.9459459459459438,335000,0.012708985043567853,Petrol,Individual,Manual
0.9189189189189193,329000,0.033891332861108195,Petrol,Individual,Manual
0.9189189189189193,775000,0.03177309807935416,Diesel,Individual,Manual
1.0,524000,0.013556278956269466,Petrol,Individual,Manual
0.8648648648648631,245000,0.01694545460707592,Petrol,Individual,Manual
0.7837837837837824,275000,0.03939874329366868,Petrol,Individual,Manual
0.9459459459459438,520000,0.025418393734092055,Petrol,Individual,Manual
0.6756756756756772,130000,0.05083721111514047,Petrol,Individual,Manual
0.9459459459459438,910000,0.006354280698305751,Petrol,Individual,Manual
0.8648648648648631,300000,0.033891332861108195,Petrol,Individual,Manual
0.8918918918918948,350000,0.0593101502421566,Petrol,Individual,Manual
0.8108108108108141,900000,0.02965486329760012,Diesel,Individual,Manual
0.8108108108108141,300000,0.05083721111514047,Diesel,Individual,Manual
0.7297297297297334,250000,0.046600741551632394,Diesel,Individual,Manual
0.9189189189189193,1100000,0.015674513738023498,Diesel,Individual,Manual
0.8918918918918948,270000,0.018640042432479145,Petrol,Individual,Manual
0.8648648648648631,640000,0.033891332861108195,Diesel,Individual,Manual
0.8648648648648631,650000,0.0529554458968945,Diesel,Individual,Manual
0.9189189189189193,409999,0.005718810263779541,Petrol,Individual,Manual
0.7567567567567579,165000,0.03177309807935416,Petrol,Individual,Manual
0.6486486486486527,80000,0.05083721111514047,Petrol,Individual,Manual
0.7837837837837824,535000,0.05083721111514047,Diesel,Individual,Manual
0.8108108108108141,550000,0.02965486329760012,Diesel,Individual,Manual
0.9729729729729755,680000,0.006354280698305751,Petrol,Individual,Automatic
0.7027027027027017,200000,0.022452865039636408,Petrol,Individual,Manual
0.8378378378378386,500000,0.05083721111514047,Diesel,Individual,Manual
0.8918918918918948,1000000,0.02965486329760012,Diesel,Individual,Manual
0.6756756756756772,110000,0.05083721111514047,Petrol,Individual,Manual
0.7837837837837824,320000,0.04236427198812433,Petrol,Individual,Manual
0.5945945945945965,75000,0.046600741551632394,Diesel,Individual,Manual
0.8648648648648631,350000,0.04236427198812433,Petrol,Individual,Manual
0.9189189189189193,800000,0.016521807650725112,Diesel,Individual,Manual
0.9189189189189193,500000,0.03177309807935416,Diesel,Individual,Manual
0.9189189189189193,1380000,0.021181924170583986,Diesel,Individual,Automatic
0.9729729729729755,1300000,0.01694545460707592,Diesel,Individual,Manual
0.8108108108108141,530000,0.03918691981549328,Diesel,Individual,Manual
0.7837837837837824,360000,0.06693579545647112,Diesel,Individual,Manual
0.7837837837837824,310000,0.05083721111514047,Diesel,Individual,Manual
0.8648648648648631,725000,0.021181924170583986,Diesel,Individual,Manual
0.7837837837837824,340000,0.046600741551632394,Diesel,Individual,Manual
0.9189189189189193,550000,0.0008468702657452627,Diesel,Individual,Manual
0.7567567567567579,1150000,0.07667967545253968,Diesel,Individual,Manual
0.8918918918918948,380000,0.02965486329760012,Diesel,Individual,Manual
0.8108108108108141,350000,0.03812780242461626,Petrol,Individual,Automatic
0.9729729729729755,610000,0.0008468702657452627,Petrol,Individual,Manual
0.8648648648648631,525000,0.008472515480059785,Petrol,Individual,Manual
0.9189189189189193,780000,0.014827219825321886,Diesel,Individual,Manual
0.7837837837837824,320000,0.08176343892874936,Diesel,Individual,Manual
0.8378378378378386,375000,0.033891332861108195,Petrol,Individual,Manual
0.9729729729729755,300000,0.01694545460707592,Petrol,Individual,Manual
0.8648648648648631,500000,0.02965486329760012,Diesel,Individual,Manual
0.7567567567567579,404000,0.05183617063821567,Diesel,Individual,Manual
0.9189189189189193,350000,0.05083721111514047,Diesel,Individual,Manual
0.8648648648648631,380000,0.01694545460707592,Petrol,Individual,Manual
0.6756756756756772,114999,0.040330766597640455,Petrol,Individual,Manual
0.8378378378378386,335000,0.01399390626217985,Petrol,Dealer,Manual
0.8648648648648631,465000,0.026716024361394575,Petrol,Dealer,Automatic
0.7837837837837824,290000,0.025418393734092055,Diesel,Individual,Manual
0.5945945945945965,110000,0.019063689388829953,Petrol,Individual,Manual
0.7567567567567579,450000,0.033891332861108195,Diesel,Individual,Manual
0.6486486486486527,210000,0.08807154210881288,Diesel,Individual,Manual
0.9459459459459438,4600000,0.003378584476897684,Diesel,Individual,Automatic
0.8918918918918948,220000,0.014827219825321886,Petrol,Individual,Manual
0.9189189189189193,450000,0.014827219825321886,Petrol,Individual,Manual
0.9189189189189193,450000,0.014827219825321886,Petrol,Individual,Manual
0.8108108108108141,290000,0.021181924170583986,Petrol,Individual,Automatic
0.8918918918918948,520000,0.008472515480059785,Petrol,Individual,Manual
0.7567567567567579,265000,0.008472515480059785,Petrol,Individual,Automatic
0.7837837837837824,330000,0.021181924170583986,Petrol,Individual,Manual
0.7837837837837824,330000,0.021181924170583986,Petrol,Individual,Manual
0.8378378378378386,509999,0.05083721111514047,Diesel,Individual,Manual
0.8378378378378386,500000,0.02965486329760012,Petrol,Individual,Manual
0.8648648648648631,525000,0.021181924170583986,Petrol,Individual,Manual
0.9729729729729755,675000,0.006989751132831961,Petrol,Individual,Manual
0.7297297297297334,300000,0.02965486329760012,Petrol,Individual,Manual
0.5945945945945965,90000,0.042093561583016165,Petrol,Individual,Manual
0.9189189189189193,650000,0.010590750261813818,Diesel,Individual,Manual
0.8378378378378386,409000,0.02965486329760012,Petrol,Individual,Manual
0.7297297297297334,215000,0.02965486329760012,Petrol,Individual,Manual
0.8378378378378386,400000,0.02965486329760012,Petrol,Individual,Manual
0.7837837837837824,120000,0.025418393734092055,Petrol,Individual,Manual
0.9459459459459438,645000,0.004236045916551717,Petrol,Individual,Automatic
0.621621621621621,81000,0.033891332861108195,Petrol,Individual,Manual
0.9189189189189193,1300000,0.012708985043567853,Diesel,Individual,Manual
0.9189189189189193,1250000,0.013979925912620273,Diesel,Individual,Manual
0.8108108108108141,535000,0.03812780242461626,Petrol,Individual,Manual
0.8378378378378386,555000,0.033933697556743275,Diesel,Individual,Manual
0.8378378378378386,725000,0.05083721111514047,Petrol,Individual,Manual
0.0,300000,0.004236045916551717,Diesel,Individual,Manual
0.8108108108108141,800000,0.06778308936917274,Diesel,Individual,Manual
0.9189189189189193,409999,0.019910983301531567,Petrol,Individual,Manual
0.9459459459459438,1210000,0.010590750261813818,Diesel,Individual,Manual
0.9189189189189193,400000,0.011014397218164626,Petrol,Individual,Manual
0.9459459459459438,520000,0.012285338087217046,Diesel,Individual,Manual
0.8918918918918948,650000,0.021181924170583986,Petrol,Individual,Automatic
0.7567567567567579,325000,0.02457109982139044,Petrol,Individual,Manual
0.7837837837837824,420000,0.05083721111514047,Petrol,Individual,Automatic
0.7297297297297334,254999,0.033891332861108195,Petrol,Individual,Manual
0.5405405405405403,65000,0.025418393734092055,Petrol,Individual,Manual
0.9189189189189193,351000,0.015250866781672694,Petrol,Individual,Manual
0.6486486486486527,404000,0.05083721111514047,Diesel,Individual,Manual
0.7567567567567579,185000,0.0783742632779429,Diesel,Individual,Manual
0.7567567567567579,250000,0.021181924170583986,Diesel,Individual,Manual
0.5135135135135158,60000,0.04236427198812433,Petrol,Individual,Manual
0.8108108108108141,500000,0.021181924170583986,Petrol,Individual,Manual
0.6486486486486527,85000,0.033891332861108195,Petrol,Individual,Manual
0.5945945945945965,85000,0.025418393734092055,Petrol,Individual,Manual
0.5945945945945965,85000,0.033891332861108195,Petrol,Individual,Manual
0.7567567567567579,265000,0.03812780242461626,Diesel,Individual,Manual
0.7297297297297334,130000,0.06863038328187435,Petrol,Individual,Manual
0.8108108108108141,480000,0.046600741551632394,Diesel,Individual,Manual
0.6756756756756772,170000,0.05083721111514047,Diesel,Individual,Manual
0.7567567567567579,275000,0.019063689388829953,Diesel,Individual,Manual
0.5945945945945965,89000,0.03812780242461626,Petrol,Individual,Manual
0.7297297297297334,170000,0.03812780242461626,Diesel,Individual,Manual
0.9729729729729755,1090000,0.006989751132831961,Petrol,Dealer,Manual
0.9189189189189193,1100000,0.028383922428547703,Diesel,Individual,Automatic
0.9459459459459438,610000,0.0220292180832856,Petrol,Dealer,Manual
0.8918918918918948,335000,0.01694545460707592,Petrol,Dealer,Manual
0.8648648648648631,434999,0.01694545460707592,Petrol,Dealer,Manual
0.9459459459459438,3000000,0.014827219825321886,Diesel,Individual,Manual
0.9459459459459438,390000,0.0055069867856041375,Petrol,Dealer,Manual
0.7837837837837824,325000,0.01694545460707592,Petrol,Dealer,Manual
0.9729729729729755,640000,0.004236045916551717,Petrol,Dealer,Manual
0.7837837837837824,450000,0.0038123989602009104,Petrol,Dealer,Manual
0.7027027027027017,215000,0.025418393734092055,Petrol,Dealer,Manual
0.8378378378378386,570000,0.01694545460707592,Diesel,Dealer,Manual
0.7837837837837824,680000,0.03939874329366868,Diesel,Dealer,Manual
0.6756756756756772,325000,0.033891332861108195,Diesel,Individual,Manual
0.7567567567567579,150000,0.021181924170583986,Petrol,Individual,Manual
0.8108108108108141,690000,0.028807569384898507,Petrol,Dealer,Automatic
0.8108108108108141,1550000,0.010590750261813818,Diesel,Individual,Automatic
0.7837837837837824,64000,0.0076252215673581715,Petrol,Dealer,Manual
0.8108108108108141,250000,0.05083721111514047,Diesel,Individual,Manual
0.5945945945945965,65000,0.014827219825321886,Petrol,Individual,Manual
0.8918918918918948,550000,0.025418393734092055,Diesel,Individual,Manual
0.8918918918918948,300000,0.012708985043567853,Petrol,Individual,Manual
0.8918918918918948,800000,0.02965486329760012,Petrol,Individual,Automatic
0.9189189189189193,2625000,0.0038123989602009104,Diesel,Dealer,Automatic
0.9189189189189193,3200000,0.019063689388829953,Diesel,Dealer,Automatic
0.8648648648648631,503000,0.046600741551632394,Diesel,Individual,Manual
0.9729729729729755,3800000,0.008472515480059785,Diesel,Individual,Automatic
0.8918918918918948,2000000,0.02884527396401373,Petrol,Trustmark Dealer,Automatic
0.8108108108108141,225000,0.02471641072741877,Petrol,Trustmark Dealer,Manual
0.9459459459459438,740000,0.016444280257712916,Diesel,Dealer,Manual
0.8918918918918948,550000,0.023933087505126127,Petrol,Trustmark Dealer,Manual
0.8108108108108141,750000,0.03360664210644045,Diesel,Trustmark Dealer,Manual
0.9729729729729755,650000,0.002380895894691534,Petrol,Trustmark Dealer,Automatic
0.9189189189189193,625000,0.010818672324330553,Petrol,Trustmark Dealer,Manual
0.9459459459459438,600000,0.029561237320246594,Petrol,Dealer,Automatic
0.9189189189189193,450000,0.02384666352603056,Diesel,Dealer,Manual
0.9729729729729755,5400000,0.0031769285256747003,Diesel,Dealer,Automatic
0.9729729729729755,5500000,0.0036005754820255067,Diesel,Dealer,Automatic
0.9729729729729755,779000,0.0029786617501025227,Petrol,Trustmark Dealer,Automatic
0.8918918918918948,645000,0.004659692872902524,Petrol,Dealer,Automatic
0.9459459459459438,2475000,0.0008468702657452627,Diesel,Dealer,Automatic
0.7297297297297334,150000,0.04490615372622917,Petrol,Individual,Manual
0.7837837837837824,265000,0.06863038328187435,Diesel,Individual,Manual
0.7027027027027017,500000,0.05083721111514047,Petrol,Individual,Automatic
0.8648648648648631,480000,0.03812780242461626,Diesel,Individual,Manual
0.8378378378378386,535000,0.02965486329760012,Diesel,Individual,Manual
0.5945945945945965,250000,0.10167484587723728,Diesel,Individual,Manual
0.7837837837837824,300000,0.04236427198812433,Diesel,Individual,Manual
0.7027027027027017,340000,0.0906600250121163,Petrol,Individual,Manual
0.7027027027027017,340000,0.0906600250121163,Diesel,Individual,Manual
0.8918918918918948,240000,0.021181924170583986,Petrol,Individual,Manual
0.9459459459459438,1085000,0.000423223309394456,Petrol,Individual,Automatic
0.9189189189189193,750000,0.008048868523708978,Diesel,Individual,Automatic
0.7837837837837824,95000,0.11226601978600745,Diesel,Individual,Manual
1.0,409999,0.014827219825321886,CNG,Individual,Manual
0.8378378378378386,215000,0.033891332861108195,Petrol,Individual,Manual
0.8918918918918948,1290000,0.021181924170583986,Diesel,Individual,Automatic
0.7297297297297334,150000,0.033891332861108195,Petrol,Individual,Manual
0.8108108108108141,219000,0.021181924170583986,Petrol,Individual,Manual
0.9459459459459438,325000,0.04236427198812433,Petrol,Individual,Manual
0.8108108108108141,260000,0.05083721111514047,Petrol,Individual,Manual
0.9189189189189193,2625000,0.0038123989602009104,Diesel,Dealer,Automatic
0.9729729729729755,5150000,0.008472515480059785,Petrol,Dealer,Automatic
0.9189189189189193,3200000,0.019063689388829953,Diesel,Dealer,Automatic
0.8648648648648631,503000,0.046600741551632394,Diesel,Individual,Manual
0.9729729729729755,3800000,0.008472515480059785,Diesel,Individual,Automatic
0.8918918918918948,2000000,0.02884527396401373,Petrol,Trustmark Dealer,Automatic
0.8108108108108141,225000,0.02471641072741877,Petrol,Trustmark Dealer,Manual
0.9459459459459438,740000,0.016444280257712916,Diesel,Dealer,Manual
0.8918918918918948,550000,0.023933087505126127,Petrol,Trustmark Dealer,Manual
0.8108108108108141,750000,0.03360664210644045,Diesel,Trustmark Dealer,Manual
0.9729729729729755,650000,0.002380895894691534,Petrol,Trustmark Dealer,Automatic
0.9189189189189193,625000,0.010818672324330553,Petrol,Trustmark Dealer,Manual
0.9459459459459438,600000,0.029561237320246594,Petrol,Dealer,Automatic
0.9189189189189193,450000,0.02384666352603056,Diesel,Dealer,Manual
0.9729729729729755,5400000,0.0031769285256747003,Diesel,Dealer,Automatic
0.9729729729729755,779000,0.0029786617501025227,Petrol,Trustmark Dealer,Automatic
0.8918918918918948,645000,0.004659692872902524,Petrol,Dealer,Automatic
0.9459459459459438,2475000,0.0008468702657452627,Diesel,Dealer,Automatic
0.9729729729729755,700000,0.01694545460707592,Diesel,Individual,Automatic
0.7297297297297334,160000,0.033891332861108195,Petrol,Individual,Manual
0.8648648648648631,840000,0.05083721111514047,Diesel,Individual,Manual
0.8108108108108141,450000,0.028383922428547703,Diesel,Individual,Manual
0.9189189189189193,900000,0.021181924170583986,Diesel,Individual,Manual
0.6756756756756772,570000,0.05676826850405176,Diesel,Individual,Manual
0.7567567567567579,254999,0.046600741551632394,Diesel,Individual,Manual
0.7027027027027017,130000,0.01694545460707592,Petrol,Individual,Manual
0.8108108108108141,530000,0.05083721111514047,Diesel,Individual,Manual
0.8648648648648631,520000,0.046600741551632394,Diesel,Individual,Manual
0.7567567567567579,229999,0.0720195589326808,Diesel,Individual,Manual
0.567567567567572,81000,0.033891332861108195,Petrol,Individual,Manual
0.8918918918918948,600000,0.019910983301531567,Diesel,Individual,Manual
0.8648648648648631,409999,0.03939874329366868,Petrol,Individual,Manual
0.7297297297297334,120000,0.02965486329760012,Petrol,Individual,Manual
0.8378378378378386,320000,0.021181924170583986,Petrol,Individual,Manual
0.8648648648648631,292000,0.02965486329760012,Diesel,Individual,Manual
0.7837837837837824,390000,0.033891332861108195,Diesel,Individual,Manual
0.8918918918918948,550000,0.018640042432479145,Petrol,Individual,Manual
0.8378378378378386,385000,0.010590750261813818,Petrol,Individual,Manual
0.8918918918918948,800000,0.010590750261813818,Petrol,Individual,Manual
0.9729729729729755,675000,0.004236045916551717,Petrol,Individual,Manual
0.9459459459459438,1525000,0.021181924170583986,Diesel,Individual,Manual
0.9459459459459438,950000,0.012708985043567853,Diesel,Individual,Manual
0.8648648648648631,610000,0.021181924170583986,Diesel,Individual,Manual
0.7837837837837824,525000,0.05083721111514047,Diesel,Individual,Manual
0.9729729729729755,700000,0.01694545460707592,Diesel,Individual,Automatic
0.8648648648648631,375000,0.033891332861108195,Diesel,Individual,Manual
0.8648648648648631,580000,0.03812780242461626,Diesel,Individual,Manual
0.8648648648648631,434999,0.021181924170583986,Petrol,Individual,Manual
1.0,350000,0.0009044862518089725,Petrol,Individual,Manual
0.7837837837837824,730000,0.10591131544074535,Diesel,Individual,Manual
0.8648648648648631,600000,0.014827219825321886,Petrol,Individual,Manual
0.8648648648648631,1050000,0.05083721111514047,Diesel,Individual,Manual
0.9189189189189193,735000,0.02965486329760012,Diesel,Individual,Manual
0.9459459459459438,1050000,0.0076252215673581715,Diesel,Dealer,Manual
0.8918918918918948,420000,0.046600741551632394,Diesel,Individual,Manual
0.9189189189189193,800000,0.025418393734092055,Diesel,Individual,Manual
0.8648648648648631,2000000,0.025418393734092055,Diesel,Individual,Automatic
0.8918918918918948,600000,0.06227567893661225,Diesel,Individual,Manual
0.7567567567567579,500000,0.042152448509948925,Diesel,Individual,Manual
0.7567567567567579,200000,0.046600741551632394,Diesel,Individual,Manual
0.7297297297297334,260000,0.046600741551632394,Diesel,Individual,Manual
0.8918918918918948,280000,0.04236427198812433,Diesel,Individual,Manual
0.8378378378378386,610000,0.00889616243641059,Petrol,Individual,Manual
0.8108108108108141,300000,0.025418393734092055,Diesel,Individual,Manual
0.7297297297297334,140000,0.01694545460707592,Diesel,Individual,Manual
0.6756756756756772,229999,0.021181924170583986,Petrol,Individual,Manual
0.7297297297297334,200000,0.02753662851584609,Petrol,Individual,Manual
0.7567567567567579,200000,0.033891332861108195,Petrol,Individual,Manual
0.8648648648648631,560000,0.050413564158789656,Diesel,Individual,Manual
0.9189189189189193,585000,0.03812780242461626,Diesel,Individual,Manual
0.8918918918918948,760000,0.008472515480059785,Petrol,Individual,Manual
0.8378378378378386,430000,0.033891332861108195,Diesel,Individual,Manual
1.0,480000,0.01892176765845243,Diesel,Individual,Manual
0.9729729729729755,643000,0.004236045916551717,Diesel,Individual,Manual
0.9459459459459438,500000,0.025418393734092055,Petrol,Individual,Manual
0.8918918918918948,425000,0.009319809392761398,Petrol,Individual,Manual
0.8378378378378386,250000,0.010590750261813818,Petrol,Individual,Manual
0.8918918918918948,285000,0.02965486329760012,Diesel,Individual,Manual
0.6756756756756772,160000,0.052108151984192885,Petrol,Individual,Manual
0.7567567567567579,250000,0.02965486329760012,Diesel,Individual,Manual
0.8108108108108141,170000,0.02965486329760012,Petrol,Individual,Manual
0.8108108108108141,409999,0.019063689388829953,Diesel,Individual,Manual
0.8648648648648631,400000,0.01694545460707592,Petrol,Individual,Automatic
0.9729729729729755,700000,0.012708985043567853,Diesel,Individual,Manual
0.6486486486486527,350000,0.03812780242461626,Petrol,Individual,Automatic
0.8918918918918948,660000,0.014403572868971079,Petrol,Individual,Manual
0.9189189189189193,268000,0.010590750261813818,Petrol,Individual,Manual
0.8918918918918948,270000,0.021181924170583986,Petrol,Individual,Manual
0.8108108108108141,300000,0.021181924170583986,Diesel,Individual,Manual
0.7837837837837824,220000,0.02965486329760012,Diesel,Individual,Manual
0.7837837837837824,300000,0.03600956764286223,Petrol,Individual,Manual
0.8918918918918948,561000,0.012708985043567853,Diesel,Individual,Manual
0.9459459459459438,755000,0.006354280698305751,Diesel,Individual,Manual
0.9189189189189193,235000,0.010590750261813818,Petrol,Individual,Manual
0.7567567567567579,165000,0.03812780242461626,Petrol,Individual,Manual
0.6756756756756772,190000,0.033891332861108195,Diesel,Individual,Manual
0.7567567567567579,110000,0.021181924170583986,Diesel,Individual,Manual
0.7837837837837824,320000,0.033891332861108195,Diesel,Individual,Manual
0.7297297297297334,330000,0.046600741551632394,Diesel,Individual,Manual
0.8918918918918948,540000,0.016098160694374305,Petrol,Individual,Manual
0.8108108108108141,180000,0.025418393734092055,Petrol,Individual,Manual
0.8918918918918948,270000,0.04236427198812433,Petrol,Individual,Manual
0.7837837837837824,450000,0.012708985043567853,Petrol,Individual,Manual
0.8378378378378386,450000,0.012708985043567853,Petrol,Individual,Manual
0.8648648648648631,200000,0.021181924170583986,Petrol,Individual,Manual
0.9189189189189193,425000,0.01779274851977753,Petrol,Individual,Manual
0.8918918918918948,400000,0.012708985043567853,Petrol,Individual,Manual
0.7027027027027017,125000,0.025418393734092055,Petrol,Individual,Manual
0.9459459459459438,1600000,0.005930633741954944,Diesel,Individual,Manual
0.8648648648648631,900000,0.009319809392761398,Petrol,Individual,Manual
0.7837837837837824,450000,0.03812780242461626,Diesel,Individual,Manual
0.7567567567567579,210000,0.01948733634518076,Petrol,Individual,Manual
0.9459459459459438,801000,0.008472515480059785,Petrol,Individual,Manual
0.8378378378378386,317000,0.006354280698305751,Diesel,Individual,Manual
0.8378378378378386,330000,0.012708985043567853,Petrol,Individual,Manual
0.9189189189189193,320000,0.006354280698305751,Petrol,Individual,Manual
0.7297297297297334,160000,0.021181924170583986,Petrol,Individual,Manual
0.6486486486486527,120000,0.046600741551632394,Petrol,Individual,Manual
0.7027027027027017,130000,0.02965486329760012,Petrol,Individual,Manual
0.8648648648648631,220000,0.033891332861108195,Petrol,Individual,Manual
0.6756756756756772,229999,0.021181924170583986,Diesel,Individual,Manual
0.8648648648648631,340000,0.046600741551632394,Petrol,Individual,Manual
0.8108108108108141,200000,0.02965486329760012,Diesel,Individual,Manual
0.5135135135135158,140000,0.021181924170583986,Petrol,Individual,Manual
0.8108108108108141,1000000,0.08049249805969694,Diesel,Individual,Manual
0.7297297297297334,495000,0.04236427198812433,Diesel,Individual,Manual
0.8648648648648631,236000,0.025418393734092055,Petrol,Individual,Manual
0.8648648648648631,390000,0.01694545460707592,Petrol,Individual,Manual
0.8648648648648631,503000,0.046600741551632394,Diesel,Individual,Manual
0.9189189189189193,775000,0.013556278956269466,Diesel,Dealer,Manual
0.8918918918918948,1800000,0.012708985043567853,Diesel,Individual,Automatic
0.8918918918918948,850000,0.02457109982139044,Diesel,Individual,Manual
0.9459459459459438,750000,0.0021178111347976833,Diesel,Individual,Manual
0.9459459459459438,570000,0.010590750261813818,Petrol,Individual,Manual
0.9459459459459438,580000,0.013556278956269466,Petrol,Individual,Manual
0.8918918918918948,484999,0.012708985043567853,Petrol,Individual,Manual
0.9189189189189193,700000,0.018216395476128338,Petrol,Dealer,Manual
0.7837837837837824,415000,0.025418393734092055,Petrol,Dealer,Manual
0.8648648648648631,325000,0.021181924170583986,Petrol,Individual,Automatic
0.9189189189189193,300000,0.004236045916551717,Petrol,Individual,Manual
0.9459459459459438,217000,0.010590750261813818,Petrol,Individual,Manual
0.9459459459459438,700000,0.008091233219344058,Petrol,Individual,Manual
0.9729729729729755,466000,0.010590750261813818,Petrol,Individual,Automatic
0.8378378378378386,484999,0.022876511995987215,Diesel,Dealer,Manual
0.9459459459459438,670000,0.014827219825321886,Diesel,Individual,Manual
0.9459459459459438,500000,0.008472515480059785,Petrol,Individual,Manual
0.8918918918918948,675000,0.0220292180832856,Diesel,Individual,Manual
0.7567567567567579,220000,0.05083721111514047,Diesel,Individual,Manual
0.9189189189189193,1650000,0.021181924170583986,Diesel,Individual,Manual
0.8108108108108141,630000,0.05083721111514047,Diesel,Individual,Manual
0.7297297297297334,250000,0.03812780242461626,Diesel,Individual,Manual
0.567567567567572,120000,0.05083721111514047,Petrol,Individual,Manual
0.8648648648648631,300000,0.04299974242265054,Diesel,Individual,Manual
0.8108108108108141,525000,0.03177309807935416,Diesel,Individual,Automatic
0.7567567567567579,204999,0.04130515459724731,Petrol,Individual,Manual
0.8918918918918948,1100000,0.04236427198812433,Diesel,Individual,Manual
0.7837837837837824,480000,0.023611539465255862,Diesel,Individual,Manual
0.8378378378378386,605000,0.033891332861108195,Diesel,Individual,Manual
0.8918918918918948,250000,0.021181924170583986,Petrol,Individual,Manual
0.8108108108108141,245000,0.02965486329760012,Diesel,Individual,Manual
0.7837837837837824,210000,0.032196745035704966,Petrol,Individual,Manual
1.0,730000,0.0006350467875698593,Petrol,Individual,Manual
0.7837837837837824,500000,0.032196745035704966,Diesel,Individual,Manual
0.8648648648648631,400000,0.01694545460707592,Petrol,Individual,Manual
0.8648648648648631,280000,0.025418393734092055,Petrol,Individual,Manual
0.7027027027027017,561000,0.0720195589326808,Diesel,Individual,Manual
0.8108108108108141,950000,0.07688768610810792,Diesel,Dealer,Manual
0.8918918918918948,375000,0.022588008418712315,Diesel,Dealer,Manual
0.9189189189189193,700000,0.01732927874952975,Diesel,Dealer,Manual
0.7837837837837824,375000,0.013433844985884083,Petrol,Dealer,Manual
0.7837837837837824,270000,0.0185362489281732,Petrol,Dealer,Manual
0.8918918918918948,300000,0.028253862812948005,Petrol,Dealer,Manual
0.7297297297297334,225000,0.02522732895677784,Petrol,Dealer,Manual
0.8648648648648631,1350000,0.03998549432821455,Diesel,Dealer,Manual
0.7297297297297334,200000,0.031235066444788632,Petrol,Dealer,Manual
0.7567567567567579,400000,0.09400217585076781,Diesel,Dealer,Manual
0.8108108108108141,500000,0.04918668257319772,Diesel,Dealer,Manual
0.8648648648648631,500000,0.06377793104383221,Petrol,Dealer,Manual
0.8108108108108141,1500000,0.06275016352772515,Diesel,Dealer,Manual
0.8648648648648631,555000,0.008472515480059785,Petrol,Individual,Manual
0.7567567567567579,337000,0.060157444154858214,Diesel,Individual,Manual
0.7567567567567579,175000,0.008472515480059785,Diesel,Individual,Manual
0.7027027027027017,180000,0.05083721111514047,Diesel,Individual,Manual
0.7567567567567579,200000,0.033891332861108195,Petrol,Individual,Manual
0.8918918918918948,350000,0.010590750261813818,Petrol,Individual,Manual
0.7567567567567579,409999,0.021181924170583986,Diesel,Individual,Manual
0.9189189189189193,655000,0.053379092853245304,Diesel,Individual,Manual
0.8648648648648631,370000,0.0720195589326808,Diesel,Individual,Manual
0.8108108108108141,200000,0.010167103305463011,Petrol,Individual,Manual
0.9189189189189193,800000,0.04236427198812433,Diesel,Individual,Manual
0.9729729729729755,550000,0.004236045916551717,Petrol,Individual,Manual
0.7837837837837824,300000,0.02965486329760012,Diesel,Individual,Manual
0.9189189189189193,220000,0.01694545460707592,Petrol,Individual,Manual
0.7567567567567579,196000,0.046600741551632394,Petrol,Individual,Manual
0.6756756756756772,135000,0.033891332861108195,Petrol,Individual,Manual
0.8648648648648631,299000,0.006989751132831961,Petrol,Individual,Manual
0.9189189189189193,300000,0.012708985043567853,Petrol,Individual,Manual
0.9189189189189193,720000,0.033891332861108195,Diesel,Individual,Manual
0.8918918918918948,650000,0.021181924170583986,Diesel,Individual,Manual
0.8918918918918948,300000,0.010590750261813818,Petrol,Individual,Manual
0.9729729729729755,750000,0.008472515480059785,Diesel,Individual,Manual
0.8918918918918948,260000,0.025418393734092055,Petrol,Individual,Manual
0.7567567567567579,300000,0.02965486329760012,Diesel,Individual,Manual
0.8378378378378386,600000,0.021181924170583986,Diesel,Individual,Manual
0.567567567567572,275000,0.04236427198812433,Petrol,Individual,Automatic
0.8648648648648631,250000,0.0220292180832856,Petrol,Individual,Manual
0.8378378378378386,420000,0.033891332861108195,Diesel,Individual,Manual
0.8648648648648631,235000,0.021181924170583986,Petrol,Individual,Manual
0.8918918918918948,1100000,0.025418393734092055,Diesel,Individual,Manual
0.9729729729729755,360000,0.010590750261813818,Petrol,Individual,Manual
0.8378378378378386,380000,0.021181924170583986,Diesel,Individual,Manual
0.8918918918918948,650000,0.0529554458968945,Diesel,Individual,Manual
0.8918918918918948,350000,0.033891332861108195,Petrol,Individual,Manual
0.7297297297297334,270000,0.03812780242461626,Diesel,Individual,Manual
0.9189189189189193,450000,0.021181924170583986,Diesel,Individual,Manual
0.8918918918918948,630000,0.04278791894447514,Diesel,Individual,Manual
0.7297297297297334,229999,0.07117226501997918,Diesel,Individual,Manual
0.7567567567567579,270000,0.01694545460707592,Petrol,Individual,Manual
0.7027027027027017,135000,0.012242973391581966,Petrol,Individual,Manual
0.7837837837837824,275000,0.008472515480059785,Petrol,Individual,Manual
0.9729729729729755,5150000,0.008472515480059785,Petrol,Dealer,Automatic
0.9189189189189193,3200000,0.019063689388829953,Diesel,Dealer,Automatic
0.8648648648648631,503000,0.046600741551632394,Diesel,Individual,Manual
0.9729729729729755,3800000,0.008472515480059785,Diesel,Individual,Automatic
0.8918918918918948,2000000,0.02884527396401373,Petrol,Trustmark Dealer,Automatic
0.8108108108108141,225000,0.02471641072741877,Petrol,Trustmark Dealer,Manual
0.9459459459459438,740000,0.016444280257712916,Diesel,Dealer,Manual
0.8108108108108141,750000,0.03360664210644045,Diesel,Trustmark Dealer,Manual
0.9729729729729755,650000,0.002380895894691534,Petrol,Trustmark Dealer,Automatic
0.9189189189189193,625000,0.010818672324330553,Petrol,Trustmark Dealer,Manual
0.9459459459459438,600000,0.029561237320246594,Petrol,Dealer,Automatic
0.9189189189189193,450000,0.02384666352603056,Diesel,Dealer,Manual
0.9729729729729755,5400000,0.0031769285256747003,Diesel,Dealer,Automatic
0.9729729729729755,5500000,0.0036005754820255067,Diesel,Dealer,Automatic
0.9729729729729755,779000,0.0029786617501025227,Petrol,Trustmark Dealer,Automatic
0.8918918918918948,645000,0.004659692872902524,Petrol,Dealer,Automatic
0.9459459459459438,2475000,0.0008468702657452627,Diesel,Dealer,Automatic
0.8648648648648631,634000,0.06990132415092677,Diesel,Individual,Manual
0.7837837837837824,235000,0.04172880155359812,Petrol,Individual,Manual
0.6756756756756772,275000,0.04151697807542271,Petrol,Individual,Manual
0.8378378378378386,700000,0.01694545460707592,Diesel,Individual,Manual
0.7837837837837824,215000,0.03812780242461626,Petrol,Individual,Manual
0.7027027027027017,150000,0.046600741551632394,Diesel,Individual,Manual
0.9459459459459438,950000,0.03295930955713642,Diesel,Individual,Manual
0.8648648648648631,730000,0.04236427198812433,Diesel,Individual,Manual
0.7837837837837824,135000,0.05083721111514047,Diesel,Individual,Manual
0.8918918918918948,350000,0.033891332861108195,Petrol,Individual,Manual
0.9459459459459438,535000,0.00889616243641059,Petrol,Individual,Manual
0.9459459459459438,455000,0.04236427198812433,Petrol,Individual,Manual
0.9729729729729755,655000,0.010590750261813818,Petrol,Individual,Manual
0.9729729729729755,800000,0.012708985043567853,Diesel,Individual,Manual
0.9459459459459438,1100000,0.010590750261813818,Petrol,Individual,Automatic
0.8918918918918948,3000000,0.01694545460707592,Diesel,Individual,Automatic
0.7837837837837824,1225000,0.06778308936917274,Diesel,Individual,Automatic
0.9459459459459438,340000,0.02181400542945939,Petrol,Individual,Manual
0.7567567567567579,300000,0.030502157210301736,Diesel,Individual,Manual
0.8918918918918948,370000,0.025418393734092055,Petrol,Individual,Manual
0.8108108108108141,330000,0.05761556241675337,Diesel,Individual,Manual
0.8378378378378386,238000,0.025418393734092055,Petrol,Individual,Manual
0.621621621621621,72000,0.046600741551632394,Petrol,Individual,Manual
0.8108108108108141,200000,0.03812780242461626,Petrol,Individual,Manual
0.8378378378378386,320000,0.038551449380967065,Diesel,Individual,Manual
0.7027027027027017,114999,0.03812780242461626,Petrol,Individual,Manual
0.8648648648648631,320000,0.021181924170583986,Petrol,Individual,Manual
0.7297297297297334,210000,0.008472515480059785,Petrol,Individual,Manual
0.7567567567567579,200000,0.05083721111514047,Diesel,Individual,Manual
0.7027027027027017,135000,0.06354661980566467,Petrol,Individual,Manual
0.8648648648648631,350000,0.0220292180832856,Diesel,Individual,Manual
0.8378378378378386,350000,0.07074861806362838,Diesel,Individual,Manual
0.9189189189189193,680000,0.01694545460707592,Diesel,Individual,Manual
0.7297297297297334,200000,0.08049249805969694,Diesel,Individual,Manual
0.8918918918918948,300000,0.021181924170583986,Petrol,Individual,Manual
0.7567567567567579,270000,0.02965486329760012,Diesel,Individual,Manual
0.7837837837837824,225000,0.033891332861108195,Petrol,Individual,Manual
0.6756756756756772,250000,0.05083721111514047,Diesel,Individual,Manual
0.8648648648648631,590000,0.01694545460707592,Diesel,Individual,Manual
0.8648648648648631,290000,0.007201574611007364,Petrol,Individual,Manual
0.7297297297297334,100000,0.07625602849618887,Petrol,Individual,Manual
0.8918918918918948,395000,0.021181924170583986,Petrol,Individual,Manual
0.8378378378378386,195000,0.02753662851584609,Petrol,Individual,Manual
0.7567567567567579,45000,0.004236045916551717,Petrol,Individual,Manual
0.7027027027027017,270000,0.02965486329760012,Diesel,Individual,Manual
0.8378378378378386,600000,0.03812780242461626,Diesel,Individual,Manual
0.8648648648648631,715000,0.021181924170583986,Diesel,Individual,Manual
0.9729729729729755,600000,0.004236045916551717,Petrol,Individual,Manual
0.9729729729729755,875000,0.010590750261813818,Diesel,Individual,Manual
0.7567567567567579,420000,0.04236427198812433,Diesel,Individual,Manual
0.6486486486486527,325000,0.02965486329760012,Petrol,Individual,Automatic
0.9189189189189193,385000,0.012708985043567853,Petrol,Individual,Manual
0.8918918918918948,300000,0.01694545460707592,Petrol,Individual,Manual
0.8378378378378386,300000,0.014827219825321886,Petrol,Individual,Manual
0.567567567567572,80000,0.05083721111514047,Petrol,Individual,Manual
0.7837837837837824,400000,0.05083721111514047,Diesel,Individual,Manual
0.7837837837837824,168000,0.08049249805969694,Diesel,Individual,Manual
0.8918918918918948,550000,0.05083721111514047,Diesel,Individual,Manual
0.7837837837837824,300000,0.05083721111514047,Diesel,Individual,Manual
0.7567567567567579,320000,0.07413779371443484,Diesel,Individual,Manual
0.7567567567567579,320000,0.07413779371443484,Diesel,Individual,Manual
0.8108108108108141,280000,0.033891332861108195,Diesel,Individual,Manual
0.9189189189189193,550000,0.02965486329760012,Diesel,Individual,Manual
0.9459459459459438,500000,0.004236045916551717,Petrol,Individual,Manual
0.9729729729729755,700000,0.0025414580911484897,Petrol,Individual,Manual
0.8108108108108141,380000,0.03812780242461626,Diesel,Individual,Manual
0.7837837837837824,340000,0.046600741551632394,Diesel,Individual,Manual
0.6486486486486527,160000,0.05083721111514047,Diesel,Individual,Manual
0.8378378378378386,750000,0.021181924170583986,Diesel,Individual,Manual
0.9459459459459438,531000,0.008472515480059785,Petrol,Individual,Automatic
0.9189189189189193,300000,0.014827219825321886,Petrol,Individual,Manual
0.8378378378378386,350000,0.025418393734092055,Diesel,Individual,Manual
0.7297297297297334,150000,0.028807569384898507,Petrol,Individual,Manual
0.8648648648648631,450000,0.012708985043567853,Petrol,Individual,Manual
0.9189189189189193,1625000,0.022876511995987215,Diesel,Individual,Manual
0.621621621621621,140000,0.02753662851584609,Petrol,Individual,Manual
0.621621621621621,85000,0.05083721111514047,Diesel,Individual,Manual
0.9459459459459438,450000,0.012708985043567853,Petrol,Individual,Manual
0.9189189189189193,360000,0.021181924170583986,Diesel,Individual,Manual
1.0,390000,0.0025414580911484897,Petrol,Individual,Manual
0.7567567567567579,145000,0.021181924170583986,Petrol,Individual,Manual
0.7837837837837824,540000,0.03812780242461626,Diesel,Individual,Manual
0.6756756756756772,290000,0.053379092853245304,Diesel,Individual,Manual
0.8108108108108141,300000,0.03812780242461626,Diesel,Individual,Manual
0.9189189189189193,565000,0.033891332861108195,Petrol,Individual,Manual
0.7567567567567579,441000,0.02965486329760012,Diesel,Individual,Manual
0.5405405405405403,50000,0.033891332861108195,Petrol,Individual,Manual
0.7567567567567579,180000,0.033891332861108195,Petrol,Individual,Manual
0.8108108108108141,200000,0.033891332861108195,Petrol,Individual,Manual
0.5945945945945965,85000,0.06354661980566467,Petrol,Individual,Manual
0.621621621621621,67500,0.046600741551632394,Diesel,Individual,Manual
0.8918918918918948,700000,0.046600741551632394,Diesel,Individual,Manual
0.7297297297297334,275000,0.033891332861108195,Diesel,Individual,Manual
0.9729729729729755,600000,0.008472515480059785,Petrol,Individual,Manual
0.7567567567567579,250000,0.05083721111514047,Diesel,Individual,Manual
0.8918918918918948,600000,0.05083721111514047,Diesel,Individual,Manual
0.7297297297297334,200000,0.033891332861108195,Diesel,Individual,Manual
0.8648648648648631,425000,0.038763272859142474,Diesel,Individual,Manual
0.7837837837837824,420000,0.05083721111514047,Diesel,Individual,Manual
0.7837837837837824,321000,0.04236427198812433,Diesel,Individual,Manual
0.7837837837837824,350000,0.05083721111514047,Diesel,Individual,Manual
0.9189189189189193,490000,0.033891332861108195,Petrol,Individual,Manual
0.8648648648648631,680000,0.03812780242461626,Diesel,Individual,Manual
0.8918918918918948,298000,0.02965486329760012,Petrol,Individual,Manual
0.4324324324324351,80000,0.046600741551632394,Petrol,Individual,Manual
0.7567567567567579,450000,0.06354661980566467,Diesel,Individual,Manual
0.7297297297297334,400000,0.025418393734092055,Petrol,Individual,Automatic
0.7837837837837824,250000,0.01694545460707592,Diesel,Individual,Manual
0.8108108108108141,1075000,0.046600741551632394,Diesel,Individual,Automatic
0.9189189189189193,500000,0.008472515480059785,Petrol,Individual,Manual
0.9729729729729755,681000,0.004236045916551717,Petrol,Individual,Manual
0.8378378378378386,650000,0.03812780242461626,Diesel,Individual,Manual
0.6756756756756772,80000,0.02965486329760012,Petrol,Individual,Manual
0.7027027027027017,290000,0.05083721111514047,Diesel,Individual,Manual
0.621621621621621,220000,0.05083721111514047,Diesel,Individual,Manual
0.9189189189189193,229999,0.033891332861108195,Petrol,Individual,Manual
0.5405405405405403,150000,0.05612347783648583,Diesel,Individual,Manual
0.8378378378378386,500000,0.019063689388829953,Petrol,Individual,Manual
0.8108108108108141,175000,0.05083721111514047,Diesel,Individual,Manual
0.9729729729729755,720000,0.004236045916551717,Petrol,Individual,Manual
0.7837837837837824,100000,0.021605571126934793,Petrol,Individual,Manual
0.7027027027027017,250000,0.04448250676987836,Petrol,Individual,Automatic
0.8378378378378386,810000,0.04236427198812433,Diesel,Individual,Manual
0.7297297297297334,165000,0.012708985043567853,Petrol,Individual,Manual
0.8918918918918948,409999,0.025418393734092055,Diesel,Individual,Manual
0.8108108108108141,430000,0.03643321459921303,Diesel,Individual,Manual
0.8648648648648631,300000,0.006354280698305751,Petrol,Individual,Manual
0.7567567567567579,350000,0.05825103285127958,Diesel,Individual,Manual
0.9459459459459438,400000,0.025418393734092055,Petrol,Individual,Manual
0.8918918918918948,420000,0.02965486329760012,Diesel,Individual,Manual
0.8648648648648631,430000,0.0021178111347976833,Petrol,Individual,Manual
0.9189189189189193,573000,0.012708985043567853,Petrol,Individual,Manual
0.8648648648648631,210000,0.01694545460707592,Petrol,Individual,Manual
0.8648648648648631,600000,0.025418393734092055,Diesel,Individual,Manual
0.6756756756756772,150000,0.02965486329760012,Petrol,Individual,Manual
0.9729729729729755,550000,0.006354280698305751,Petrol,Individual,Manual
0.7567567567567579,320000,0.046600741551632394,Diesel,Individual,Manual
0.45945945945945965,80000,0.02965486329760012,Petrol,Individual,Manual
0.9729729729729755,800000,0.004236045916551717,Diesel,Individual,Manual
0.8108108108108141,500000,0.025418393734092055,Petrol,Individual,Manual
0.7567567567567579,229999,0.046600741551632394,Diesel,Individual,Manual
0.8108108108108141,500000,0.025418393734092055,Petrol,Individual,Manual
0.8648648648648631,630000,0.014827219825321886,Petrol,Individual,Manual
0.8918918918918948,190000,0.02965486329760012,Petrol,Individual,Manual
0.7567567567567579,229999,0.046600741551632394,Diesel,Individual,Manual
0.7567567567567579,450000,0.04236427198812433,Diesel,Individual,Manual
0.6756756756756772,95000,0.05083721111514047,Petrol,Individual,Manual
0.7027027027027017,101000,0.03812780242461626,Petrol,Individual,Manual
0.8918918918918948,500000,0.02965486329760012,Diesel,Individual,Manual
0.8378378378378386,1019999,0.037280508511914646,Diesel,Individual,Manual
0.7837837837837824,244000,0.016098160694374305,Petrol,Individual,Manual
0.8108108108108141,250000,0.03812780242461626,Petrol,Individual,Manual
0.8918918918918948,660000,0.025418393734092055,Petrol,Individual,Manual
0.7297297297297334,270000,0.025418393734092055,Petrol,Individual,Manual
0.7837837837837824,280000,0.06611392036115056,Diesel,Individual,Manual
0.9189189189189193,1050000,0.025418393734092055,Diesel,Individual,Manual
0.9189189189189193,525000,0.02965486329760012,Petrol,Individual,Manual
0.9189189189189193,850000,0.014827219825321886,Diesel,Individual,Manual
0.8918918918918948,1165000,0.021181924170583986,Diesel,Individual,Manual
0.7837837837837824,345000,0.021181924170583986,Petrol,Individual,Manual
0.6486486486486527,95000,0.04236427198812433,Petrol,Individual,Manual
0.8648648648648631,235000,0.008472515480059785,Petrol,Individual,Manual
0.8378378378378386,350000,0.014827219825321886,Petrol,Individual,Manual
0.8378378378378386,380000,0.014827219825321886,Petrol,Individual,Manual
0.9189189189189193,400000,0.0593101502421566,Diesel,Individual,Manual
0.7297297297297334,220000,0.01694545460707592,Petrol,Individual,Manual
0.6756756756756772,270000,0.046600741551632394,Diesel,Individual,Manual
0.7837837837837824,275000,0.02965486329760012,Petrol,Individual,Manual
0.7027027027027017,125000,0.04236427198812433,Diesel,Individual,Manual
0.8648648648648631,360000,0.008472515480059785,Petrol,Individual,Manual
0.9729729729729755,550000,0.006354280698305751,Petrol,Individual,Manual
0.8918918918918948,327000,0.008472515480059785,Petrol,Individual,Manual
0.8918918918918948,425000,0.006354280698305751,Petrol,Individual,Manual
0.9189189189189193,620000,0.045329800682579975,Diesel,Individual,Manual
0.7567567567567579,130000,0.022876511995987215,Diesel,Individual,Manual
0.7027027027027017,120000,0.02457109982139044,Petrol,Individual,Manual
0.7567567567567579,400000,0.046600741551632394,Diesel,Individual,Manual
0.6486486486486527,185000,0.03812780242461626,Diesel,Individual,Manual
0.8648648648648631,204999,0.018216395476128338,Petrol,Individual,Manual
0.9189189189189193,625000,0.018216395476128338,Diesel,Individual,Manual
0.8108108108108141,600000,0.025418393734092055,Diesel,Individual,Manual
0.7567567567567579,150000,0.06354661980566467,Petrol,Individual,Manual
0.9189189189189193,300000,0.014827219825321886,Petrol,Individual,Manual
0.8108108108108141,229999,0.01948733634518076,Petrol,Individual,Manual
0.8918918918918948,576000,0.014827219825321886,Petrol,Individual,Manual
0.8918918918918948,265000,0.021181924170583986,Petrol,Individual,Manual
0.5945945945945965,50000,0.025418393734092055,Petrol,Individual,Manual
0.9189189189189193,420000,0.046600741551632394,Diesel,Individual,Manual
0.8648648648648631,750000,0.005930633741954944,Diesel,Individual,Manual
0.7837837837837824,165000,0.025418393734092055,CNG,Individual,Manual
0.9189189189189193,290000,0.011861691130866239,Petrol,Individual,Manual
0.7567567567567579,160000,0.024147452865039633,Petrol,Individual,Manual
0.9189189189189193,695000,0.021181924170583986,Diesel,Individual,Manual
0.7837837837837824,231000,0.02965486329760012,LPG,Individual,Manual
0.8648648648648631,1050000,0.025418393734092055,Diesel,Individual,Manual
0.8108108108108141,400000,0.02965486329760012,Petrol,Individual,Manual
0.8918918918918948,500000,0.01694545460707592,Petrol,Individual,Manual
0.7297297297297334,150000,0.05083721111514047,Diesel,Individual,Manual
0.8918918918918948,400000,0.0593101502421566,Diesel,Individual,Manual
0.7297297297297334,120000,0.04236427198812433,Diesel,Individual,Manual
0.7837837837837824,300000,0.02711298155949528,Diesel,Individual,Manual
0.8648648648648631,350000,0.010590750261813818,Petrol,Individual,Manual
0.9729729729729755,580000,0.00508333982925333,Petrol,Individual,Manual
0.7837837837837824,200000,0.02965486329760012,Diesel,Individual,Manual
0.8918918918918948,750000,0.05083721111514047,Diesel,Individual,Manual
0.8648648648648631,371000,0.01694545460707592,Petrol,Individual,Manual
0.7297297297297334,320000,0.1270936632582857,Diesel,Individual,Manual
0.7837837837837824,204999,0.05083721111514047,Diesel,Individual,Manual
0.5405405405405403,110000,0.03812780242461626,Petrol,Individual,Manual
0.7027027027027017,150000,0.04236427198812433,Diesel,Individual,Manual
0.8918918918918948,625000,0.03812780242461626,Diesel,Individual,Manual
0.9189189189189193,1300000,0.021181924170583986,Diesel,Individual,Manual
0.8648648648648631,900000,0.07117226501997918,Diesel,Individual,Manual
0.7297297297297334,180000,0.046600741551632394,Diesel,Individual,Manual
0.7837837837837824,204999,0.05083721111514047,Diesel,Individual,Manual
0.9189189189189193,900000,0.01694545460707592,Diesel,Individual,Manual
0.621621621621621,165000,0.046600741551632394,Petrol,Individual,Manual
0.7297297297297334,270000,0.04236427198812433,Diesel,Individual,Manual
0.9189189189189193,750000,0.01694545460707592,Diesel,Individual,Manual
0.9729729729729755,750000,0.012708985043567853,Petrol,Individual,Manual
0.5135135135135158,40000,0.033891332861108195,Petrol,Individual,Manual
0.7567567567567579,190000,0.03812780242461626,Diesel,Individual,Manual
0.7027027027027017,395000,0.084728967623205,Diesel,Individual,Manual
0.7297297297297334,800000,0.0529554458968945,Diesel,Individual,Manual
0.7567567567567579,315000,0.033891332861108195,Petrol,Individual,Manual
0.8378378378378386,1600000,0.018640042432479145,Diesel,Individual,Automatic
0.8108108108108141,409999,0.03812780242461626,Diesel,Individual,Manual
0.9459459459459438,580000,0.013556278956269466,Petrol,Individual,Manual
0.8108108108108141,340000,0.02965486329760012,Petrol,Individual,Manual
0.8648648648648631,270000,0.018216395476128338,Petrol,Individual,Manual
0.9189189189189193,280000,0.033891332861108195,Diesel,Individual,Manual
0.7837837837837824,130000,0.025418393734092055,Diesel,Individual,Manual
0.8378378378378386,260000,0.008025567941109684,Petrol,Individual,Manual
0.9459459459459438,710000,0.02965486329760012,Diesel,Individual,Manual
0.8108108108108141,204999,0.04236427198812433,Petrol,Individual,Manual
0.9189189189189193,300000,0.025418393734092055,Petrol,Individual,Manual
0.7027027027027017,180000,0.06100473806755983,Diesel,Individual,Manual
0.8918918918918948,700000,0.05083721111514047,Diesel,Individual,Manual
0.7837837837837824,320000,0.04567930942156939,Diesel,Individual,Manual
1.0,370000,0.006354280698305751,Petrol,Individual,Manual
0.9459459459459438,340000,0.004236045916551717,Petrol,Individual,Manual
0.9459459459459438,750000,0.012708985043567853,Diesel,Individual,Manual
0.9459459459459438,600000,0.02965486329760012,Diesel,Individual,Manual
0.8918918918918948,550000,0.02965486329760012,Diesel,Individual,Manual
0.8108108108108141,600000,0.040246037206370294,Diesel,Individual,Manual
0.9189189189189193,550000,0.021181924170583986,Diesel,Individual,Manual
0.8648648648648631,750000,0.06778308936917274,Diesel,Individual,Manual
0.9729729729729755,450000,0.004236045916551717,Petrol,Individual,Manual
0.7837837837837824,400000,0.04236427198812433,Diesel,Individual,Manual
0.8918918918918948,520000,0.021181924170583986,Diesel,Individual,Manual
0.8108108108108141,199000,0.025418393734092055,Petrol,Individual,Manual
0.7837837837837824,150000,0.046600741551632394,Diesel,Individual,Manual
0.8918918918918948,540000,0.033891332861108195,Diesel,Individual,Manual
0.7567567567567579,250000,0.03600956764286223,Diesel,Individual,Manual
0.7297297297297334,200000,0.03812780242461626,Petrol,Individual,Manual
0.7567567567567579,130000,0.03812780242461626,Diesel,Individual,Manual
0.6486486486486527,90000,0.03812780242461626,Petrol,Individual,Manual
0.7837837837837824,450000,0.05083721111514047,Diesel,Individual,Manual
0.7027027027027017,280000,0.05083721111514047,Diesel,Individual,Manual
0.6486486486486527,280000,0.06778308936917274,Diesel,Individual,Manual
0.621621621621621,120000,0.0597337971985074,Petrol,Individual,Manual
0.6756756756756772,290000,0.04236427198812433,Diesel,Individual,Manual
0.9729729729729755,1000000,0.006354280698305751,Diesel,Individual,Manual
0.7837837837837824,415000,0.045753447638930786,Diesel,Individual,Manual
0.7837837837837824,415000,0.045753447638930786,Diesel,Individual,Manual
0.8648648648648631,240000,0.02330015895233802,Diesel,Individual,Manual
0.7297297297297334,250000,0.01607443646481866,Diesel,Individual,Manual
0.7567567567567579,175000,0.03829726120715658,Diesel,Individual,Manual
0.6756756756756772,220000,0.03600956764286223,Diesel,Individual,Manual
0.9729729729729755,675000,0.0021178111347976833,Petrol,Individual,Manual
0.8918918918918948,535000,0.021181924170583986,Diesel,Individual,Manual
0.9729729729729755,675000,0.0021178111347976833,Petrol,Individual,Manual
0.8918918918918948,800000,0.03812780242461626,Diesel,Individual,Manual
0.7837837837837824,425000,0.0406696841627211,Diesel,Individual,Manual
0.7567567567567579,150000,0.033891332861108195,Petrol,Individual,Manual
0.6486486486486527,90000,0.025418393734092055,Petrol,Individual,Manual
0.8648648648648631,850000,0.03812780242461626,Diesel,Individual,Manual
0.6756756756756772,330000,0.08202737098255591,Diesel,Individual,Manual
0.9189189189189193,850000,0.026768132937025724,Diesel,Individual,Manual
0.6756756756756772,305000,0.09277825979387033,Diesel,Individual,Manual
0.8108108108108141,910000,0.046600741551632394,Diesel,Individual,Manual
0.7837837837837824,1100000,0.06397026676201548,Diesel,Individual,Manual
0.9729729729729755,675000,0.0021178111347976833,Petrol,Individual,Automatic
0.7297297297297334,150000,0.038763272859142474,Petrol,Individual,Manual
0.8648648648648631,550000,0.009743456349112205,Diesel,Individual,Manual
0.7837837837837824,350000,0.01694545460707592,Diesel,Individual,Manual
0.7837837837837824,300000,0.02965486329760012,Diesel,Individual,Manual
0.9459459459459438,1745000,0.004236045916551717,Diesel,Individual,Automatic
0.8378378378378386,611000,0.03812780242461626,Diesel,Individual,Manual
0.8918918918918948,400000,0.028807569384898507,Petrol,Individual,Manual
0.8108108108108141,700000,0.05083721111514047,Diesel,Individual,Manual
0.8108108108108141,300000,0.02753662851584609,Diesel,Individual,Manual
0.5945945945945965,65000,0.03600956764286223,Petrol,Individual,Manual
0.7567567567567579,200000,0.03982239025001949,Petrol,Individual,Manual
0.8648648648648631,650000,0.04236427198812433,Diesel,Individual,Manual
0.8648648648648631,650000,0.033891332861108195,Diesel,Individual,Manual
0.8108108108108141,350000,0.033891332861108195,Diesel,Individual,Manual
0.7567567567567579,75000,0.059521973720332,Diesel,Individual,Manual
0.7297297297297334,240000,0.06058109111120902,Petrol,Individual,Manual
0.8108108108108141,240000,0.025418393734092055,Petrol,Individual,Manual
0.7567567567567579,180000,0.05083721111514047,Diesel,Individual,Manual
0.8378378378378386,900000,0.033891332861108195,Diesel,Individual,Automatic
0.8378378378378386,425000,0.026689334603144474,Diesel,Individual,Manual
0.7027027027027017,95000,0.05083721111514047,Petrol,Individual,Manual
0.9459459459459438,811000,0.04236427198812433,Diesel,Individual,Manual
0.9459459459459438,1100000,0.025418393734092055,Petrol,Individual,Manual
0.8108108108108141,600000,0.03812780242461626,Diesel,Individual,Manual
0.8378378378378386,550000,0.021181924170583986,Diesel,Individual,Manual
0.8648648648648631,715000,0.02965486329760012,Diesel,Individual,Manual
0.621621621621621,100000,0.05083721111514047,Diesel,Individual,Manual
0.8108108108108141,500000,0.08261073284145097,Diesel,Individual,Manual
0.8108108108108141,350000,0.01694545460707592,Petrol,Individual,Manual
0.6756756756756772,100000,0.01694545460707592,Diesel,Individual,Manual
0.7837837837837824,325000,0.05083721111514047,Diesel,Individual,Manual
0.7837837837837824,220000,0.15251375158020314,Petrol,Individual,Manual
0.4324324324324351,55000,0.025418393734092055,Petrol,Individual,Manual
0.8918918918918948,330000,0.008472515480059785,Petrol,Individual,Manual
0.9459459459459438,950000,0.024147452865039633,Diesel,Individual,Manual
0.7567567567567579,300000,0.046600741551632394,Diesel,Individual,Manual
0.621621621621621,170000,0.046600741551632394,Petrol,Individual,Manual
0.8108108108108141,850000,0.05083721111514047,Diesel,Individual,Manual
0.9729729729729755,900000,0.003422220113401817,Diesel,Dealer,Manual
0.8648648648648631,1325000,0.04845123145697272,Diesel,Dealer,Manual
0.7837837837837824,350000,0.033887096391544684,Diesel,Dealer,Manual
0.8918918918918948,600000,0.06575000762564522,Diesel,Dealer,Manual
0.8378378378378386,750000,0.04300143701047594,Diesel,Dealer,Manual
0.7837837837837824,450000,0.038197704172414144,Diesel,Dealer,Manual
0.7297297297297334,325000,0.036440416597471,Diesel,Dealer,Manual
0.8108108108108141,900000,0.036024818933290854,Diesel,Dealer,Manual
0.8108108108108141,350000,0.06789069569608584,Diesel,Dealer,Manual
0.8108108108108141,600000,0.053180402430716776,Diesel,Dealer,Manual
0.9729729729729755,1100000,0.004236045916551717,Petrol,Individual,Manual
0.9189189189189193,520000,0.008472515480059785,Petrol,Individual,Manual
0.8648648648648631,885000,0.0720195589326808,Diesel,Individual,Manual
0.9459459459459438,950000,0.01694545460707592,Diesel,Individual,Automatic
0.6756756756756772,229999,0.05083721111514047,Petrol,Individual,Manual
0.8108108108108141,409999,0.04236427198812433,Diesel,Individual,Manual
0.7567567567567579,300000,0.046600741551632394,Diesel,Individual,Manual
0.6756756756756772,175000,0.05083721111514047,Diesel,Individual,Manual
0.45945945945945965,108000,0.08727084936130984,Petrol,Individual,Manual
0.9189189189189193,425000,0.01694545460707592,Petrol,Individual,Manual
0.7567567567567579,272000,0.0720195589326808,Diesel,Individual,Manual
0.8108108108108141,310000,0.02965486329760012,Petrol,Individual,Manual
0.9189189189189193,1125000,0.04448250676987836,Diesel,Individual,Manual
0.8378378378378386,450000,0.01948733634518076,Petrol,Individual,Manual
0.7567567567567579,400000,0.025418393734092055,Petrol,Individual,Manual
0.8648648648648631,760000,0.02965486329760012,Diesel,Individual,Manual
0.7027027027027017,120000,0.03812780242461626,Petrol,Individual,Manual
0.9729729729729755,757000,0.010590750261813818,Diesel,Individual,Manual
0.7567567567567579,250000,0.03812780242461626,Diesel,Individual,Manual
0.7567567567567579,800000,0.025418393734092055,Diesel,Individual,Manual
0.8378378378378386,1380000,0.06354661980566467,Diesel,Individual,Manual
0.8378378378378386,700000,0.010167103305463011,Diesel,Individual,Manual
0.8918918918918948,450000,0.04236427198812433,Diesel,Individual,Manual
0.9459459459459438,650000,0.0025414580911484897,Petrol,Individual,Manual
0.8108108108108141,950000,0.021054830083678745,Diesel,Individual,Manual
0.45945945945945965,200000,0.04236427198812433,Diesel,Individual,Manual
0.9729729729729755,290000,0.00889616243641059,Petrol,Individual,Manual
0.8108108108108141,215000,0.010590750261813818,Petrol,Individual,Manual
0.8918918918918948,250000,0.009319809392761398,Petrol,Individual,Manual
0.9189189189189193,750000,0.021181924170583986,Diesel,Individual,Manual
0.8918918918918948,250000,0.008472515480059785,Petrol,Individual,Manual
0.9189189189189193,950000,0.006354280698305751,Petrol,Individual,Automatic
0.9459459459459438,793000,0.012708985043567853,Diesel,Individual,Manual
0.8648648648648631,750000,0.03134945112300335,Diesel,Individual,Manual
0.9189189189189193,725000,0.0027744639171414336,Petrol,Individual,Automatic
0.8918918918918948,480000,0.012708985043567853,Diesel,Individual,Manual
0.8108108108108141,3750000,0.023723805908688826,Diesel,Dealer,Automatic
0.9459459459459438,795000,0.017699122542424003,Petrol,Dealer,Manual
0.8918918918918948,625000,0.022876511995987215,Petrol,Dealer,Manual
0.8918918918918948,2900000,0.013132631999918659,Diesel,Dealer,Automatic
0.9189189189189193,625000,0.015674513738023498,Diesel,Individual,Automatic
0.7567567567567579,440000,0.03812780242461626,Diesel,Individual,Automatic
0.9459459459459438,1400000,0.005733214260295468,Petrol,Dealer,Manual
0.9189189189189193,1450000,0.0029651050474992966,Petrol,Dealer,Automatic
0.9189189189189193,2700000,0.009743456349112205,Diesel,Dealer,Automatic
0.9729729729729755,1925000,0.018216395476128338,Diesel,Dealer,Automatic
1.0,1900000,0.0021178111347976833,Diesel,Dealer,Automatic
0.9189189189189193,844999,0.02965486329760012,Diesel,Dealer,Manual
0.8918918918918948,650000,0.041940625031773524,Diesel,Dealer,Automatic
0.9459459459459438,750000,0.006354280698305751,Petrol,Dealer,Manual
0.9459459459459438,6000000,0.011927780056056965,Diesel,Dealer,Automatic
0.8648648648648631,610000,0.012708985043567853,Petrol,Dealer,Manual
0.9459459459459438,2940000,0.04236427198812433,Diesel,Dealer,Automatic
0.9189189189189193,1150000,0.026820241512656873,Diesel,Dealer,Manual
0.8918918918918948,1825000,0.03982239025001949,Diesel,Dealer,Automatic
0.9459459459459438,890000,0.012285338087217046,Petrol,Dealer,Automatic
0.9189189189189193,2625000,0.0038123989602009104,Diesel,Dealer,Automatic
0.9729729729729755,5150000,0.008472515480059785,Petrol,Dealer,Automatic
0.9189189189189193,3200000,0.019063689388829953,Diesel,Dealer,Automatic
0.8648648648648631,503000,0.046600741551632394,Diesel,Individual,Manual
0.9729729729729755,3800000,0.008472515480059785,Diesel,Individual,Automatic
0.8918918918918948,2000000,0.02884527396401373,Petrol,Trustmark Dealer,Automatic
0.9459459459459438,740000,0.016444280257712916,Diesel,Dealer,Manual
0.8918918918918948,550000,0.023933087505126127,Petrol,Trustmark Dealer,Manual
0.8108108108108141,750000,0.03360664210644045,Diesel,Trustmark Dealer,Manual
0.9729729729729755,650000,0.002380895894691534,Petrol,Trustmark Dealer,Automatic
0.9189189189189193,625000,0.010818672324330553,Petrol,Trustmark Dealer,Manual
0.9459459459459438,600000,0.029561237320246594,Petrol,Dealer,Automatic
0.9189189189189193,450000,0.02384666352603056,Diesel,Dealer,Manual
0.9729729729729755,5400000,0.0031769285256747003,Diesel,Dealer,Automatic
0.9729729729729755,5500000,0.0036005754820255067,Diesel,Dealer,Automatic
0.9729729729729755,779000,0.0029786617501025227,Petrol,Trustmark Dealer,Automatic
0.8918918918918948,645000,0.004659692872902524,Petrol,Dealer,Automatic
0.9189189189189193,2625000,0.0038123989602009104,Diesel,Dealer,Automatic
0.9729729729729755,5150000,0.008472515480059785,Petrol,Dealer,Automatic
0.9189189189189193,3200000,0.019063689388829953,Diesel,Dealer,Automatic
0.8648648648648631,503000,0.046600741551632394,Diesel,Individual,Manual
0.9729729729729755,3800000,0.008472515480059785,Diesel,Individual,Automatic
0.8918918918918948,2000000,0.02884527396401373,Petrol,Trustmark Dealer,Automatic
0.8108108108108141,225000,0.02471641072741877,Petrol,Trustmark Dealer,Manual
0.9459459459459438,740000,0.016444280257712916,Diesel,Dealer,Manual
0.8918918918918948,550000,0.023933087505126127,Petrol,Trustmark Dealer,Manual
0.8108108108108141,750000,0.03360664210644045,Diesel,Trustmark Dealer,Manual
0.9729729729729755,650000,0.002380895894691534,Petrol,Trustmark Dealer,Automatic
0.9189189189189193,625000,0.010818672324330553,Petrol,Trustmark Dealer,Manual
0.9459459459459438,600000,0.029561237320246594,Petrol,Dealer,Automatic
0.9189189189189193,450000,0.02384666352603056,Diesel,Dealer,Manual
0.9729729729729755,5400000,0.0031769285256747003,Diesel,Dealer,Automatic
0.9729729729729755,5500000,0.0036005754820255067,Diesel,Dealer,Automatic
0.9729729729729755,779000,0.0029786617501025227,Petrol,Trustmark Dealer,Automatic
0.9459459459459438,2475000,0.0008468702657452627,Diesel,Dealer,Automatic
0.9189189189189193,2625000,0.0038123989602009104,Diesel,Dealer,Automatic
0.9729729729729755,5150000,0.008472515480059785,Petrol,Dealer,Automatic
0.9189189189189193,3200000,0.019063689388829953,Diesel,Dealer,Automatic
0.8648648648648631,503000,0.046600741551632394,Diesel,Individual,Manual
0.9729729729729755,3800000,0.008472515480059785,Diesel,Individual,Automatic
0.8918918918918948,2000000,0.02884527396401373,Petrol,Trustmark Dealer,Automatic
0.8108108108108141,225000,0.02471641072741877,Petrol,Trustmark Dealer,Manual
0.9459459459459438,740000,0.016444280257712916,Diesel,Dealer,Manual
0.8918918918918948,550000,0.023933087505126127,Petrol,Trustmark Dealer,Manual
0.8108108108108141,750000,0.03360664210644045,Diesel,Trustmark Dealer,Manual
0.9189189189189193,625000,0.010818672324330553,Petrol,Trustmark Dealer,Manual
0.9459459459459438,600000,0.029561237320246594,Petrol,Dealer,Automatic
0.9189189189189193,450000,0.02384666352603056,Diesel,Dealer,Manual
0.9729729729729755,5400000,0.0031769285256747003,Diesel,Dealer,Automatic
0.9729729729729755,5500000,0.0036005754820255067,Diesel,Dealer,Automatic
0.8918918918918948,645000,0.004659692872902524,Petrol,Dealer,Automatic
0.9459459459459438,2475000,0.0008468702657452627,Diesel,Dealer,Automatic
0.9189189189189193,2625000,0.0038123989602009104,Diesel,Dealer,Automatic
0.9729729729729755,5150000,0.008472515480059785,Petrol,Dealer,Automatic
0.9189189189189193,3200000,0.019063689388829953,Diesel,Dealer,Automatic
0.8648648648648631,503000,0.046600741551632394,Diesel,Individual,Manual
0.9729729729729755,3800000,0.008472515480059785,Diesel,Individual,Automatic
0.8918918918918948,2000000,0.02884527396401373,Petrol,Trustmark Dealer,Automatic
0.8108108108108141,225000,0.02471641072741877,Petrol,Trustmark Dealer,Manual
0.9459459459459438,740000,0.016444280257712916,Diesel,Dealer,Manual
0.8918918918918948,550000,0.023933087505126127,Petrol,Trustmark Dealer,Manual
0.8108108108108141,750000,0.03360664210644045,Diesel,Trustmark Dealer,Manual
0.9729729729729755,650000,0.002380895894691534,Petrol,Trustmark Dealer,Automatic
0.9189189189189193,625000,0.010818672324330553,Petrol,Trustmark Dealer,Manual
0.9459459459459438,600000,0.029561237320246594,Petrol,Dealer,Automatic
0.9729729729729755,5400000,0.0031769285256747003,Diesel,Dealer,Automatic
0.9729729729729755,779000,0.0029786617501025227,Petrol,Trustmark Dealer,Automatic
0.8918918918918948,645000,0.004659692872902524,Petrol,Dealer,Automatic
0.9459459459459438,2475000,0.0008468702657452627,Diesel,Dealer,Automatic
0.9189189189189193,385000,0.0656648545874187,Diesel,Individual,Manual
0.8918918918918948,400000,0.014827219825321886,Petrol,Individual,Automatic
0.9459459459459438,550000,0.021181924170583986,Diesel,Individual,Manual
0.7297297297297334,270000,0.0783742632779429,Diesel,Individual,Manual
0.8108108108108141,200000,0.07413779371443484,Diesel,Individual,Manual
0.8918918918918948,310000,0.004871516351077927,Petrol,Individual,Manual
0.9729729729729755,700000,0.0012705172220960695,Diesel,Individual,Manual
0.8648648648648631,480000,0.033891332861108195,Diesel,Individual,Manual
0.5945945945945965,90000,0.01694545460707592,Petrol,Individual,Manual
0.5945945945945965,80000,0.01694545460707592,Petrol,Individual,Manual
0.8648648648648631,350000,0.03812780242461626,Diesel,Individual,Manual
0.7567567567567579,350000,0.05083721111514047,Diesel,Individual,Manual
0.9459459459459438,770000,0.021181924170583986,Diesel,Individual,Manual
0.7837837837837824,350000,0.010590750261813818,Diesel,Individual,Manual
0.7567567567567579,600000,0.021181924170583986,Diesel,Individual,Manual
0.8918918918918948,750000,0.03007851025395093,Diesel,Individual,Manual
0.8918918918918948,340000,0.01694545460707592,Petrol,Individual,Manual
0.8378378378378386,300000,0.02753662851584609,Petrol,Individual,Manual
0.8378378378378386,204999,0.006354280698305751,Petrol,Individual,Manual
0.7837837837837824,254999,0.02965486329760012,Diesel,Individual,Manual
0.9189189189189193,650000,0.0021178111347976833,Petrol,Individual,Manual
0.9189189189189193,280000,0.021181924170583986,Petrol,Individual,Manual
0.7567567567567579,100000,0.033891332861108195,Diesel,Individual,Manual
0.8378378378378386,575000,0.02965486329760012,Diesel,Individual,Manual
0.9189189189189193,780000,0.01694545460707592,Diesel,Individual,Manual
0.8108108108108141,467000,0.06651214850012031,Diesel,Individual,Manual
0.8648648648648631,1050000,0.03812780242461626,Diesel,Individual,Manual
0.7567567567567579,225000,0.033891332861108195,Petrol,Individual,Manual
0.567567567567572,90000,0.03812780242461626,Petrol,Individual,Manual
0.567567567567572,80000,0.033891332861108195,Petrol,Individual,Automatic
0.7837837837837824,300000,0.033891332861108195,Diesel,Individual,Manual
0.7027027027027017,90000,0.021181924170583986,Petrol,Individual,Manual
0.8378378378378386,350000,0.04490615372622917,Diesel,Individual,Manual
0.621621621621621,229999,0.033891332861108195,Diesel,Individual,Manual
0.8918918918918948,550000,0.033891332861108195,Diesel,Individual,Manual
0.8108108108108141,850000,0.046600741551632394,Diesel,Individual,Manual
0.7567567567567579,370000,0.05083721111514047,Diesel,Individual,Manual
0.8108108108108141,250000,0.011438044174515433,Petrol,Individual,Manual
0.6486486486486527,95000,0.02965486329760012,Petrol,Individual,Manual
0.7297297297297334,180000,0.02965486329760012,Petrol,Individual,Manual
0.8918918918918948,650000,0.021181924170583986,Diesel,Individual,Automatic
0.9459459459459438,530000,0.025418393734092055,Diesel,Individual,Manual
0.9189189189189193,610000,0.006354280698305751,Petrol,Individual,Manual
0.7567567567567579,200000,0.01694545460707592,Petrol,Individual,Manual
0.7297297297297334,265000,0.057191915460402566,Diesel,Individual,Manual
0.9459459459459438,560000,0.011141491305069867,Petrol,Individual,Manual
0.8378378378378386,430000,0.05083721111514047,Diesel,Individual,Manual
0.9189189189189193,711000,0.014827219825321886,Diesel,Individual,Manual
0.8648648648648631,511000,0.012708985043567853,Petrol,Individual,Manual
0.8648648648648631,325000,0.021181924170583986,Petrol,Individual,Manual
0.8108108108108141,434999,0.05083721111514047,Diesel,Individual,Manual
0.7297297297297334,210000,0.04236427198812433,Diesel,Individual,Manual
0.7027027027027017,140000,0.03812780242461626,Petrol,Individual,Manual
0.6486486486486527,160000,0.05083721111514047,Petrol,Individual,Manual
0.9189189189189193,650000,0.02965486329760012,Petrol,Individual,Manual
0.8378378378378386,320000,0.030502157210301736,Petrol,Individual,Manual
0.3513513513513544,163000,0.0021178111347976833,Diesel,Individual,Manual
0.8108108108108141,80000,0.012708985043567853,Petrol,Individual,Manual
0.9189189189189193,1100000,0.008472515480059785,Diesel,Individual,Manual
0.8648648648648631,600000,0.046600741551632394,Diesel,Individual,Manual
0.9189189189189193,340000,0.010590750261813818,Petrol,Individual,Manual
0.8378378378378386,750000,0.05083721111514047,Diesel,Individual,Manual
0.621621621621621,100000,0.01694545460707592,Petrol,Individual,Manual
0.9729729729729755,395000,0.004236045916551717,Petrol,Individual,Manual
0.7297297297297334,200000,0.02753662851584609,Petrol,Individual,Manual
0.9729729729729755,450000,0.004236045916551717,CNG,Individual,Manual
0.7837837837837824,180000,0.046600741551632394,Petrol,Individual,Manual
0.6756756756756772,190000,0.05083721111514047,Diesel,Individual,Manual
0.8648648648648631,310000,0.030502157210301736,Petrol,Individual,Manual
0.8378378378378386,351000,0.03774652016390054,Diesel,Individual,Manual
0.621621621621621,190000,0.03982239025001949,Petrol,Individual,Manual
0.8648648648648631,225000,0.05083721111514047,Petrol,Individual,Manual
0.7837837837837824,130000,0.046600741551632394,Petrol,Individual,Manual
0.9459459459459438,1000000,0.021181924170583986,Diesel,Individual,Manual
0.567567567567572,55000,0.03812780242461626,Diesel,Individual,Manual
0.8108108108108141,166000,0.021181924170583986,Petrol,Individual,Manual
0.8108108108108141,200000,0.1270936632582857,Diesel,Individual,Manual
0.7567567567567579,140000,0.021181924170583986,Petrol,Individual,Manual
0.9189189189189193,370000,0.0593101502421566,CNG,Individual,Manual
0.9729729729729755,720000,0.006777927654656558,Petrol,Individual,Automatic
0.8648648648648631,500000,0.053379092853245304,Diesel,Individual,Manual
0.9729729729729755,570000,0.006354280698305751,Petrol,Individual,Manual
0.7297297297297334,210000,0.084728967623205,Petrol,Individual,Manual
0.7027027027027017,120000,0.05083721111514047,Petrol,Individual,Manual
0.5945945945945965,95000,0.05083721111514047,Petrol,Individual,Manual
0.7297297297297334,196000,0.046600741551632394,Petrol,Individual,Automatic
0.7297297297297334,150000,0.04405885981352756,Petrol,Individual,Manual
0.9189189189189193,595000,0.05083721111514047,Petrol,Individual,Manual
0.9459459459459438,833000,0.014827219825321886,Diesel,Individual,Automatic
0.7567567567567579,280000,0.08896543718671307,Diesel,Individual,Manual
0.5405405405405403,35000,0.014827219825321886,Petrol,Individual,Manual
0.7027027027027017,180000,0.03600956764286223,Diesel,Individual,Manual
0.7837837837837824,225000,0.033891332861108195,Petrol,Individual,Manual
0.7837837837837824,1400000,0.021181924170583986,Diesel,Individual,Automatic
0.7027027027027017,340000,0.01694545460707592,Diesel,Individual,Manual
0.7297297297297334,550000,0.09150731892481792,Diesel,Individual,Manual
0.9189189189189193,400000,0.02753662851584609,Petrol,Individual,Manual
0.621621621621621,90000,0.04236427198812433,Petrol,Individual,Manual
0.8648648648648631,650000,0.03558592068651142,Diesel,Individual,Manual
0.7837837837837824,730000,0.08896543718671307,Diesel,Individual,Manual
0.7297297297297334,125000,0.025418393734092055,Petrol,Individual,Manual
0.621621621621621,81000,0.04236427198812433,Petrol,Individual,Manual
0.6486486486486527,170000,0.03304403894840658,Petrol,Individual,Manual
0.5135135135135158,81000,0.06820673632552354,Petrol,Individual,Manual
0.7297297297297334,55000,0.021181924170583986,Petrol,Individual,Manual
0.9189189189189193,880000,0.02753662851584609,Diesel,Individual,Manual
0.8648648648648631,200000,0.021181924170583986,Petrol,Individual,Manual
0.9729729729729755,480000,0.010590750261813818,Petrol,Individual,Manual
0.8108108108108141,480000,0.04236427198812433,Diesel,Individual,Manual
0.9459459459459438,700000,0.0025414580911484897,Petrol,Individual,Manual
0.8918918918918948,850000,0.030550029316369378,Diesel,Individual,Manual
0.7837837837837824,300000,0.01694545460707592,Diesel,Individual,Manual
0.9189189189189193,650000,0.0033887520038501035,Petrol,Individual,Manual
0.7297297297297334,220000,0.008472515480059785,Petrol,Individual,Manual
0.8378378378378386,450000,0.033891332861108195,Diesel,Individual,Manual
0.8378378378378386,400000,0.03812780242461626,Diesel,Individual,Manual
0.9459459459459438,1030000,0.010590750261813818,Diesel,Individual,Manual
0.7297297297297334,190000,0.04236427198812433,Diesel,Individual,Manual
0.621621621621621,140000,0.025418393734092055,Petrol,Individual,Manual
0.9459459459459438,800000,0.012708985043567853,Diesel,Individual,Manual
0.6486486486486527,229999,0.05083721111514047,Diesel,Individual,Manual
0.7567567567567579,300000,0.033891332861108195,Diesel,Individual,Manual
0.7567567567567579,375000,0.029231216341249314,Diesel,Individual,Manual
0.7297297297297334,140000,0.03177309807935416,Petrol,Individual,Manual
0.567567567567572,60000,0.04787168242068482,Petrol,Individual,Manual
0.8378378378378386,420000,0.03812780242461626,Diesel,Individual,Manual
0.7837837837837824,300000,0.04236427198812433,Diesel,Individual,Manual
0.7837837837837824,150000,0.046600741551632394,Diesel,Individual,Manual
0.8648648648648631,600000,0.03812780242461626,Diesel,Individual,Manual
0.7567567567567579,204999,0.04236427198812433,Diesel,Individual,Manual
0.9189189189189193,625000,0.021181924170583986,Diesel,Individual,Manual
0.7567567567567579,280000,0.084728967623205,Diesel,Individual,Manual
0.7297297297297334,535000,0.04085735976438451,Diesel,Individual,Manual
0.7027027027027017,400000,0.04236427198812433,Petrol,Individual,Automatic
0.9729729729729755,610000,0.004236045916551717,Petrol,Individual,Automatic
0.8378378378378386,509999,0.046600741551632394,Diesel,Individual,Manual
0.8378378378378386,521000,0.03643321459921303,Diesel,Individual,Manual
0.8378378378378386,511000,0.04236427198812433,Diesel,Individual,Manual
0.8378378378378386,451000,0.038551449380967065,Diesel,Individual,Manual
0.8108108108108141,450000,0.05083721111514047,Diesel,Individual,Manual
0.7567567567567579,375000,0.03812780242461626,Petrol,Individual,Manual
0.8918918918918948,305000,0.025418393734092055,Petrol,Individual,Manual
0.8918918918918948,315000,0.021817394605110195,Petrol,Individual,Manual
0.8918918918918948,250000,0.025418393734092055,Diesel,Individual,Manual
0.7837837837837824,200000,0.04427068329170296,Diesel,Individual,Manual
0.7837837837837824,400000,0.05083721111514047,Diesel,Individual,Manual
0.8378378378378386,509999,0.04236427198812433,Diesel,Individual,Manual
0.6756756756756772,375000,0.03812780242461626,Petrol,Individual,Manual
0.5945945945945965,150000,0.06354661980566467,Petrol,Individual,Manual
0.621621621621621,75000,0.025418393734092055,Petrol,Individual,Automatic
0.8648648648648631,465000,0.021181924170583986,Petrol,Individual,Manual
0.9729729729729755,700000,0.004236045916551717,Diesel,Individual,Manual
0.8648648648648631,950000,0.05083721111514047,Diesel,Individual,Manual
0.9189189189189193,610000,0.01694545460707592,Petrol,Individual,Manual
0.567567567567572,60000,0.05083721111514047,Petrol,Individual,Manual
0.8378378378378386,235000,0.021181924170583986,Petrol,Individual,Manual
0.9189189189189193,330000,0.03812780242461626,Petrol,Individual,Manual
0.9729729729729755,585000,0.004236045916551717,Petrol,Individual,Manual
0.9459459459459438,500000,0.004236045916551717,Diesel,Individual,Manual
0.9729729729729755,360000,0.011438044174515433,Petrol,Individual,Manual
0.8918918918918948,649000,0.02965486329760012,Diesel,Individual,Manual
0.9189189189189193,200000,0.021181924170583986,Petrol,Individual,Manual
0.6756756756756772,240000,0.025418393734092055,Petrol,Individual,Manual
0.8378378378378386,400000,0.046600741551632394,Diesel,Individual,Manual
0.8648648648648631,250000,0.04236427198812433,Diesel,Individual,Manual
0.9459459459459438,1200000,0.021181924170583986,Diesel,Individual,Manual
0.7027027027027017,250000,0.04448250676987836,Diesel,Individual,Manual
0.8108108108108141,819999,0.046600741551632394,Diesel,Individual,Manual
0.8378378378378386,800000,0.025418393734092055,Diesel,Individual,Manual
0.8108108108108141,429000,0.02080148920378096,Petrol,Dealer,Manual
0.7297297297297334,150000,0.025418393734092055,Petrol,Individual,Manual
0.7297297297297334,315000,0.05083721111514047,Diesel,Individual,Manual
0.7837837837837824,170000,0.03812780242461626,Diesel,Individual,Manual
0.8378378378378386,335000,0.01399390626217985,Petrol,Dealer,Manual
0.8648648648648631,465000,0.026716024361394575,Petrol,Dealer,Automatic
0.8108108108108141,360000,0.034314979817459,Diesel,Individual,Manual
0.9459459459459438,570000,0.033891332861108195,Diesel,Individual,Manual
0.7837837837837824,350000,0.04448250676987836,Diesel,Individual,Manual
0.9189189189189193,600000,0.025418393734092055,Diesel,Individual,Manual
0.9189189189189193,700000,0.09616743544467679,Petrol,Individual,Manual
0.7837837837837824,375000,0.04236427198812433,Diesel,Individual,Manual
0.9729729729729755,450000,0.025418393734092055,CNG,Individual,Manual
0.8108108108108141,325000,0.02965486329760012,Diesel,Individual,Manual
0.7567567567567579,260000,0.05083721111514047,Diesel,Individual,Manual
0.7027027027027017,130000,0.033891332861108195,Petrol,Individual,Manual
0.6756756756756772,150000,0.05083721111514047,Diesel,Individual,Manual
0.8378378378378386,275000,0.022452865039636408,Petrol,Individual,Manual
0.9189189189189193,455000,0.025418393734092055,Diesel,Individual,Manual
0.9189189189189193,570000,0.012708985043567853,Petrol,Individual,Manual
0.8108108108108141,330000,0.04236427198812433,Diesel,Individual,Manual
0.7837837837837824,450000,0.04151697807542271,Diesel,Individual,Manual
0.8378378378378386,250000,0.025418393734092055,Petrol,Individual,Manual
0.7297297297297334,165000,0.033891332861108195,Petrol,Individual,Manual
0.8108108108108141,800000,0.04956627024608804,Diesel,Dealer,Automatic
0.9459459459459438,680000,0.003632772650708168,Petrol,Dealer,Manual
0.9189189189189193,525000,0.008355165273150611,Petrol,Dealer,Automatic
0.8918918918918948,825000,0.009085108978943051,Petrol,Dealer,Manual
0.9189189189189193,750000,0.02215165205367098,Diesel,Dealer,Manual
0.9189189189189193,950000,0.02212919876498439,Diesel,Dealer,Manual
0.9189189189189193,950000,0.02307562606547209,Diesel,Dealer,Manual
0.9189189189189193,675000,0.010790287978255049,Diesel,Dealer,Manual
0.9729729729729755,490000,0.014373070288113821,Petrol,Dealer,Manual
0.9459459459459438,775000,0.02530655093761544,Diesel,Dealer,Manual
0.7027027027027017,350000,0.02299936961332895,Petrol,Dealer,Manual
0.8918918918918948,475000,0.0008968606065946579,Petrol,Dealer,Manual
0.9189189189189193,950000,0.026002602886899817,Diesel,Dealer,Manual
0.7297297297297334,350000,0.02480156376564528,Petrol,Dealer,Manual
0.8918918918918948,400000,0.03151086061337301,Petrol,Dealer,Manual
0.4864864864864842,75000,0.014827219825321886,Petrol,Individual,Manual
0.9189189189189193,850000,0.027105355914280968,Diesel,Dealer,Manual
0.6756756756756772,175000,0.02753662851584609,Petrol,Dealer,Manual
0.8378378378378386,570000,0.03134945112300335,Diesel,Dealer,Manual
0.8108108108108141,525000,0.023905550452963324,Diesel,Dealer,Manual
0.7837837837837824,270000,0.023723805908688826,Petrol,Individual,Manual
0.9729729729729755,434999,0.008260692001884382,Petrol,Dealer,Manual
0.8648648648648631,495000,0.012708985043567853,Petrol,Dealer,Manual
0.8918918918918948,575000,0.022452865039636408,Diesel,Dealer,Manual
0.9189189189189193,600000,0.0021178111347976833,Petrol,Individual,Manual
0.8648648648648631,700000,0.010590750261813818,Petrol,Individual,Manual
0.8378378378378386,560000,0.030502157210301736,Diesel,Dealer,Manual
0.8918918918918948,565000,0.030502157210301736,Diesel,Dealer,Manual
0.8108108108108141,409999,0.012285338087217046,Petrol,Individual,Manual
0.8918918918918948,495000,0.0240762801763727,Diesel,Dealer,Manual
0.8378378378378386,470000,0.01293267063652108,Petrol,Dealer,Manual
0.8108108108108141,350000,0.027657367898406067,Diesel,Dealer,Manual
1.0,1560000,0.008515727469607567,Diesel,Dealer,Manual
0.8648648648648631,480000,0.018216395476128338,Petrol,Dealer,Manual
0.8108108108108141,270000,0.022190203926698907,Diesel,Dealer,Manual
0.9459459459459438,660000,0.03145536286209105,Diesel,Dealer,Manual
0.9189189189189193,490000,0.024252093663258284,Petrol,Dealer,Automatic
0.9189189189189193,800000,0.0220292180832856,Diesel,Individual,Manual
0.7567567567567579,350000,0.019910983301531567,Petrol,Individual,Manual
0.7567567567567579,170000,0.033891332861108195,Diesel,Individual,Manual
0.7567567567567579,125000,0.03600956764286223,Diesel,Individual,Manual
0.7837837837837824,400000,0.04236427198812433,Diesel,Individual,Manual
0.7567567567567579,250000,0.046600741551632394,Petrol,Individual,Manual
0.7297297297297334,190000,0.07540873458348726,Diesel,Individual,Manual
0.7297297297297334,125000,0.05083721111514047,Petrol,Individual,Manual
0.9189189189189193,1950000,0.02965486329760012,Diesel,Individual,Manual
0.7567567567567579,1300000,0.05083721111514047,Diesel,Individual,Automatic
0.8648648648648631,335000,0.012708985043567853,Petrol,Individual,Manual
0.7027027027027017,114999,0.025418393734092055,Petrol,Individual,Manual
0.7837837837837824,229999,0.02965486329760012,Diesel,Individual,Manual
0.9189189189189193,731000,0.01694545460707592,Diesel,Individual,Manual
0.7837837837837824,395000,0.05083721111514047,Diesel,Individual,Manual
0.8648648648648631,500000,0.05083721111514047,Diesel,Individual,Manual
0.8378378378378386,220000,0.021181924170583986,Petrol,Individual,Manual
0.8108108108108141,240000,0.04236427198812433,Diesel,Individual,Manual
0.7297297297297334,215000,0.05083721111514047,Diesel,Individual,Manual
0.7837837837837824,400000,0.03812780242461626,Diesel,Individual,Manual
0.7837837837837824,191000,0.03812780242461626,Petrol,Individual,Manual
0.8648648648648631,250000,0.008472515480059785,Petrol,Individual,Automatic
0.7027027027027017,210000,0.03812780242461626,Diesel,Individual,Manual
0.7567567567567579,300000,0.05083721111514047,Petrol,Individual,Manual
0.9189189189189193,700000,0.014827219825321886,Diesel,Individual,Manual
0.7297297297297334,500000,0.05083721111514047,Diesel,Individual,Manual
0.5135135135135158,120000,0.05083721111514047,Petrol,Individual,Manual
0.9729729729729755,850000,0.004236045916551717,Diesel,Individual,Manual
0.29729729729729826,120000,0.04236427198812433,Diesel,Individual,Manual
0.9189189189189193,770000,0.02753662851584609,Diesel,Individual,Manual
0.6486486486486527,245000,0.03812780242461626,Petrol,Individual,Manual
0.7837837837837824,250000,0.03812780242461626,Petrol,Individual,Manual
0.8918918918918948,651000,0.017929586486678844,Diesel,Dealer,Manual
0.8108108108108141,480000,0.017988473413611605,Petrol,Dealer,Manual
0.8648648648648631,470000,0.023182808745428846,Diesel,Dealer,Manual
0.8918918918918948,500000,0.012708985043567853,Diesel,Individual,Manual
0.7567567567567579,1075000,0.01802363611098872,Diesel,Dealer,Automatic
0.8918918918918948,690000,0.013556278956269466,Diesel,Dealer,Manual
0.9189189189189193,589000,0.01746738765730011,Diesel,Dealer,Manual
0.9459459459459438,480000,0.008631383088691337,Petrol,Dealer,Manual
0.8108108108108141,450000,0.01863072219943943,Diesel,Dealer,Manual
0.9459459459459438,770000,0.021181924170583986,Diesel,Individual,Manual
0.8648648648648631,445000,0.01703018399834608,Diesel,Dealer,Manual
0.9459459459459438,700000,0.012708985043567853,Petrol,Individual,Manual
0.8378378378378386,560000,0.03812780242461626,Diesel,Individual,Manual
0.8108108108108141,475000,0.02033463025788237,Diesel,Dealer,Manual
0.8378378378378386,465000,0.01153675391534517,Diesel,Dealer,Manual
0.9189189189189193,520000,0.01221416539855011,Diesel,Dealer,Manual
0.8648648648648631,700000,0.014827219825321886,Petrol,Individual,Manual
0.9189189189189193,780000,0.01694545460707592,Diesel,Individual,Manual
0.8918918918918948,403000,0.012708985043567853,Diesel,Individual,Manual
0.7027027027027017,229999,0.021181924170583986,Petrol,Individual,Manual
0.8918918918918948,525000,0.01694545460707592,Diesel,Individual,Manual
0.8378378378378386,560000,0.010590750261813818,Petrol,Individual,Manual
1.0,830000,0.05083721111514047,Diesel,Individual,Manual
0.7567567567567579,250000,0.025418393734092055,Diesel,Individual,Manual
0.8378378378378386,450000,0.046600741551632394,Diesel,Individual,Manual
0.8918918918918948,745000,0.028383922428547703,Diesel,Individual,Manual
0.7297297297297334,144000,0.021181924170583986,Diesel,Individual,Manual
0.6756756756756772,300000,0.05083721111514047,Diesel,Individual,Manual
0.4324324324324351,52000,0.04236427198812433,Petrol,Individual,Manual
0.5405405405405403,300000,0.04151697807542271,Diesel,Individual,Manual
0.8378378378378386,260000,0.016098160694374305,Diesel,Individual,Manual
0.8648648648648631,475000,0.05083721111514047,Diesel,Individual,Manual
0.7567567567567579,302000,0.043635212857176746,Diesel,Individual,Manual
0.29729729729729826,45000,0.025418393734092055,Petrol,Individual,Manual
0.9189189189189193,775000,0.033891332861108195,Diesel,Individual,Manual
0.8648648648648631,700000,0.021181924170583986,Diesel,Individual,Manual
0.8378378378378386,530000,0.03812780242461626,Diesel,Individual,Manual
0.9189189189189193,869999,0.02965486329760012,Diesel,Individual,Manual
0.621621621621621,155000,0.046600741551632394,Diesel,Individual,Manual
0.9729729729729755,550000,0.012708985043567853,Petrol,Individual,Automatic
0.8918918918918948,600000,0.033891332861108195,Diesel,Individual,Manual
0.7837837837837824,430000,0.046600741551632394,Diesel,Individual,Manual
0.7297297297297334,246000,0.05083721111514047,Diesel,Individual,Manual
0.8378378378378386,565000,0.02965486329760012,Petrol,Individual,Manual
0.9459459459459438,850000,0.025418393734092055,Diesel,Individual,Manual
0.621621621621621,160000,0.03812780242461626,Petrol,Individual,Manual
0.8378378378378386,325000,0.060369267633033616,Diesel,Individual,Manual
0.7567567567567579,450000,0.03812780242461626,Diesel,Individual,Manual
0.8648648648648631,310000,0.021181924170583986,Petrol,Individual,Manual
0.8108108108108141,250000,0.03812780242461626,Diesel,Individual,Manual
0.8648648648648631,420000,0.048718976333386434,Diesel,Individual,Manual
0.8108108108108141,330000,0.06354661980566467,Petrol,Individual,Automatic
0.8648648648648631,405000,0.028807569384898507,Petrol,Individual,Manual
0.8108108108108141,400000,0.03812780242461626,Diesel,Individual,Manual
0.7297297297297334,409999,0.046600741551632394,Petrol,Individual,Automatic
0.8108108108108141,500000,0.02965486329760012,Diesel,Individual,Manual
0.7567567567567579,590000,0.033891332861108195,Diesel,Individual,Manual
0.621621621621621,80000,0.04998991720243885,Petrol,Individual,Manual
0.6486486486486527,135000,0.04236427198812433,Petrol,Individual,Manual
0.567567567567572,70000,0.02965486329760012,Petrol,Individual,Manual
0.567567567567572,45000,0.03262039199205577,Petrol,Individual,Manual
0.9459459459459438,650000,0.01503904330349729,Diesel,Individual,Manual
0.9459459459459438,400000,0.007413398089182768,Petrol,Individual,Manual
0.9189189189189193,350000,0.011438044174515433,Petrol,Individual,Manual
0.9189189189189193,550000,0.025418393734092055,Diesel,Individual,Manual
0.8918918918918948,350000,0.010590750261813818,Petrol,Individual,Manual
0.8648648648648631,459999,0.033891332861108195,Diesel,Individual,Manual
0.7837837837837824,185000,0.025418393734092055,Petrol,Individual,Manual
0.8108108108108141,550000,0.016098160694374305,Diesel,Individual,Manual
0.7567567567567579,900000,0.046600741551632394,Diesel,Individual,Manual
0.8918918918918948,900000,0.038975096337317876,Diesel,Individual,Manual
0.7837837837837824,550000,0.07625602849618887,Diesel,Individual,Manual
0.9459459459459438,625000,0.004236045916551717,Petrol,Individual,Manual
0.9189189189189193,310000,0.014827219825321886,Petrol,Individual,Manual
0.9189189189189193,500000,0.014827219825321886,Diesel,Individual,Manual
0.8918918918918948,610000,0.009743456349112205,Diesel,Individual,Manual
0.7837837837837824,150000,0.06354661980566467,Diesel,Individual,Manual
0.8648648648648631,480000,0.02965486329760012,Diesel,Individual,Manual
0.9189189189189193,650000,0.01694545460707592,Petrol,Individual,Manual
0.7837837837837824,290000,0.04236427198812433,Diesel,Individual,Manual
0.9189189189189193,300000,0.021181924170583986,Petrol,Individual,Manual
0.7297297297297334,270000,0.05083721111514047,Diesel,Individual,Manual
0.8648648648648631,400000,0.025418393734092055,Diesel,Individual,Manual
0.8648648648648631,280000,0.011861691130866239,Petrol,Individual,Manual
0.7027027027027017,250000,0.025418393734092055,Petrol,Individual,Manual
0.9459459459459438,3250000,0.00508333982925333,Diesel,Individual,Automatic
0.9729729729729755,700000,0.0019059876566222798,Petrol,Individual,Manual
0.8108108108108141,310000,0.02965486329760012,Diesel,Individual,Manual
0.9189189189189193,650000,0.05083721111514047,Diesel,Individual,Manual
0.8648648648648631,600000,0.033891332861108195,Petrol,Individual,Automatic
0.7027027027027017,150000,0.06354661980566467,Diesel,Individual,Manual
0.7027027027027017,135000,0.05083721111514047,Petrol,Individual,Manual
0.8378378378378386,650000,0.021181924170583986,Diesel,Individual,Manual
0.7837837837837824,550000,0.03516227373016061,Petrol,Individual,Manual
0.9189189189189193,650000,0.008472515480059785,Diesel,Individual,Manual
0.9459459459459438,2900000,0.02075827721423318,Diesel,Individual,Automatic
0.9189189189189193,450000,0.002859193308411595,Petrol,Individual,Manual
0.8648648648648631,650000,0.011014397218164626,Petrol,Individual,Manual
0.9189189189189193,430000,0.0220292180832856,Petrol,Individual,Manual
0.9189189189189193,1143000,0.021605571126934793,Diesel,Individual,Automatic
0.9729729729729755,700000,0.008472515480059785,Petrol,Individual,Automatic
0.9189189189189193,509999,0.060157444154858214,Diesel,Individual,Manual
0.9729729729729755,525000,0.0038971283514710716,Petrol,Individual,Automatic
0.8918918918918948,515000,0.01694545460707592,Diesel,Individual,Manual
1.0,630000,0.0021178111347976833,Petrol,Individual,Manual
0.8918918918918948,300000,0.01694545460707592,Petrol,Individual,Manual
0.7837837837837824,250000,0.050413564158789656,Diesel,Individual,Manual
0.5945945945945965,90000,0.04236427198812433,Petrol,Individual,Manual
0.9189189189189193,750000,0.04236427198812433,Diesel,Individual,Manual
0.7027027027027017,135000,0.021181924170583986,Petrol,Individual,Manual
0.8108108108108141,275000,0.033891332861108195,Petrol,Individual,Manual
0.9459459459459438,740000,0.006354280698305751,Petrol,Individual,Manual
0.9729729729729755,690000,0.0005515883371687504,Petrol,Dealer,Manual
0.9459459459459438,3975000,0.013471549564999305,Diesel,Dealer,Automatic
0.9729729729729755,5150000,0.008472515480059785,Petrol,Dealer,Automatic
0.9189189189189193,4100000,0.007201574611007364,Petrol,Individual,Automatic
0.9459459459459438,1000000,0.0018191400305703643,Petrol,Trustmark Dealer,Manual
0.9459459459459438,1000000,0.002214826287802018,Petrol,Trustmark Dealer,Manual
0.9729729729729755,550000,0.001991140694848792,Petrol,Trustmark Dealer,Manual
0.8918918918918948,600000,0.0028621588371060508,Petrol,Trustmark Dealer,Manual
0.8918918918918948,675000,0.011938794876922086,Petrol,Trustmark Dealer,Automatic
0.9729729729729755,950000,0.004885496700637504,Petrol,Trustmark Dealer,Manual
0.9189189189189193,850000,0.0049511619788718784,Petrol,Trustmark Dealer,Manual
0.8918918918918948,2000000,0.02884527396401373,Petrol,Trustmark Dealer,Automatic
0.7837837837837824,550000,0.02445586784926302,Petrol,Trustmark Dealer,Automatic
0.9459459459459438,925000,0.010045092982033979,Diesel,Trustmark Dealer,Manual
0.8648648648648631,625000,0.029938706758355162,Petrol,Trustmark Dealer,Automatic
0.8378378378378386,200000,0.018377804966497997,Petrol,Dealer,Manual
0.8378378378378386,635000,0.033472346021277244,Petrol,Trustmark Dealer,Automatic
0.8918918918918948,550000,0.023933087505126127,Petrol,Trustmark Dealer,Manual
0.8378378378378386,425000,0.021181924170583986,Diesel,Individual,Manual
0.7567567567567579,220000,0.01694545460707592,Petrol,Individual,Manual
0.9459459459459438,590000,0.004236045916551717,Petrol,Individual,Manual
0.9189189189189193,775000,0.014827219825321886,Diesel,Individual,Manual
0.8648648648648631,350000,0.024782923299565843,Petrol,Individual,Manual
0.9459459459459438,575000,0.008472515480059785,Petrol,Individual,Manual
0.7567567567567579,200000,0.018428218954303743,Petrol,Individual,Manual
0.9459459459459438,1575000,0.012708985043567853,Diesel,Individual,Manual
0.8648648648648631,600000,0.026689334603144474,Diesel,Individual,Manual
0.8918918918918948,720000,0.014827219825321886,Diesel,Individual,Manual
0.7837837837837824,158000,0.046600741551632394,Diesel,Individual,Manual
0.9459459459459438,1575000,0.010590750261813818,Diesel,Individual,Manual
0.9189189189189193,580000,0.012708985043567853,Petrol,Individual,Automatic
0.7837837837837824,420000,0.021181924170583986,Diesel,Individual,Manual
0.9459459459459438,1200000,0.014827219825321886,Diesel,Individual,Manual
0.9459459459459438,350000,0.012708985043567853,Petrol,Individual,Manual
0.8378378378378386,650000,0.023723805908688826,Petrol,Individual,Manual
0.9189189189189193,400000,0.0053798926986988954,Petrol,Individual,Manual
0.9459459459459438,700000,0.014827219825321886,Diesel,Individual,Manual
0.9189189189189193,520000,0.012708985043567853,Petrol,Individual,Manual
0.7837837837837824,450000,0.05083721111514047,Diesel,Individual,Manual
0.9189189189189193,850000,0.04236427198812433,Diesel,Individual,Manual
0.9189189189189193,350000,0.014403572868971079,Petrol,Individual,Manual
0.7567567567567579,450000,0.023723805908688826,Diesel,Individual,Manual
0.6756756756756772,165000,0.03812780242461626,Petrol,Individual,Manual
0.7297297297297334,160000,0.02753662851584609,Petrol,Individual,Manual
0.7567567567567579,300000,0.033891332861108195,Diesel,Individual,Manual
0.7837837837837824,550000,0.03812780242461626,Diesel,Individual,Manual
0.8648648648648631,285000,0.01694545460707592,Petrol,Individual,Manual
0.8918918918918948,850000,0.02457109982139044,Diesel,Individual,Manual
0.9459459459459438,700000,0.008091233219344058,Petrol,Individual,Manual
0.9459459459459438,900000,0.010590750261813818,Petrol,Individual,Manual
0.5945945945945965,180000,0.020951036579372796,Petrol,Individual,Manual
0.8918918918918948,220000,0.04236427198812433,Petrol,Individual,Manual
0.8108108108108141,120000,0.05083721111514047,Diesel,Individual,Manual
0.7297297297297334,220000,0.03812780242461626,Petrol,Individual,Manual
0.8108108108108141,420000,0.019832608614606666,Diesel,Individual,Manual
0.8108108108108141,160000,0.046600741551632394,Diesel,Individual,Manual
0.8648648648648631,250000,0.033891332861108195,Petrol,Individual,Manual
0.8108108108108141,385000,0.04236427198812433,Diesel,Individual,Manual
0.8378378378378386,318000,0.033891332861108195,Petrol,Individual,Manual
0.9459459459459438,480000,0.01694545460707592,Petrol,Individual,Manual
0.8648648648648631,330000,0.02965486329760012,Petrol,Individual,Manual
0.7567567567567579,152000,0.033891332861108195,Diesel,Individual,Manual
0.8378378378378386,250000,0.01694545460707592,Petrol,Individual,Manual
0.7567567567567579,248000,0.033891332861108195,Diesel,Individual,Manual
0.7567567567567579,300000,0.025418393734092055,Petrol,Individual,Manual
0.8918918918918948,650000,0.012708985043567853,Diesel,Individual,Manual
0.9189189189189193,445000,0.010590750261813818,Petrol,Individual,Manual
0.7297297297297334,450000,0.1414976597742131,Diesel,Individual,Manual
0.8918918918918948,600000,0.04236427198812433,Diesel,Individual,Manual
0.8378378378378386,495000,0.07413779371443484,Diesel,Individual,Manual
0.7567567567567579,220000,0.02753662851584609,Petrol,Individual,Automatic
0.7027027027027017,150000,0.03812780242461626,Petrol,Individual,Manual
0.7567567567567579,200000,0.033891332861108195,Diesel,Individual,Manual
0.9459459459459438,1465000,0.046600741551632394,Diesel,Individual,Manual
0.7837837837837824,285000,0.033891332861108195,Diesel,Individual,Manual
0.6756756756756772,250000,0.025418393734092055,Petrol,Individual,Automatic
0.8378378378378386,310000,0.06778308936917274,Diesel,Individual,Manual
0.7297297297297334,600000,0.042734963074931284,Diesel,Individual,Automatic
0.9459459459459438,560000,0.008472515480059785,Petrol,Individual,Manual
0.8918918918918948,500000,0.012708985043567853,Petrol,Individual,Manual
0.8108108108108141,270000,0.04998991720243885,Diesel,Individual,Manual
0.8108108108108141,420000,0.029231216341249314,Diesel,Individual,Manual
0.8648648648648631,434999,0.010590750261813818,Petrol,Individual,Manual
0.8648648648648631,400000,0.04236427198812433,Petrol,Individual,Automatic
0.8648648648648631,470000,0.046600741551632394,Diesel,Individual,Manual
0.8648648648648631,480000,0.025418393734092055,Diesel,Individual,Manual
0.6756756756756772,105000,0.05422638676594692,Petrol,Individual,Manual
0.9189189189189193,325000,0.05083721111514047,Diesel,Individual,Manual
0.7837837837837824,280000,0.033891332861108195,Diesel,Individual,Manual
1.0,675000,0.0021178111347976833,Petrol,Individual,Automatic
0.9189189189189193,1250000,0.03812780242461626,Diesel,Individual,Manual
0.7837837837837824,600000,0.061017447476250354,Petrol,Individual,Manual
0.8378378378378386,819999,0.084728967623205,Diesel,Individual,Manual
0.8918918918918948,650000,0.012285338087217046,Petrol,Individual,Manual
0.6486486486486527,105000,0.03812780242461626,LPG,Individual,Manual
0.7027027027027017,200000,0.07456144067078564,Diesel,Individual,Manual
0.8108108108108141,200000,0.06354661980566467,Diesel,Individual,Manual
0.8918918918918948,220000,0.03812780242461626,Petrol,Individual,Manual
0.8378378378378386,500000,0.02965486329760012,Petrol,Individual,Manual
0.6486486486486527,175000,0.041940625031773524,Diesel,Individual,Manual
0.9459459459459438,450000,0.0021178111347976833,Petrol,Individual,Manual
0.7567567567567579,270000,0.03770415546826546,Diesel,Individual,Manual
0.621621621621621,110000,0.037280508511914646,Diesel,Individual,Manual
0.8648648648648631,480000,0.012708985043567853,Diesel,Individual,Manual
0.8918918918918948,650000,0.021181924170583986,Diesel,Individual,Automatic
0.8108108108108141,480000,0.033891332861108195,Diesel,Individual,Manual
0.8918918918918948,700000,0.01694545460707592,Diesel,Individual,Manual
0.8648648648648631,650000,0.046600741551632394,Diesel,Individual,Manual
0.8648648648648631,1300000,0.02033463025788237,Diesel,Individual,Manual
0.8918918918918948,1350000,0.04109333111907191,Diesel,Individual,Automatic
0.7567567567567579,1700000,0.046600741551632394,Diesel,Individual,Automatic
0.9459459459459438,1080000,0.005422257394333976,Petrol,Individual,Automatic
0.7837837837837824,170000,0.01694545460707592,Petrol,Individual,Manual
0.9189189189189193,610000,0.02075827721423318,Diesel,Individual,Manual
0.8378378378378386,350000,0.010590750261813818,Petrol,Individual,Manual
0.8918918918918948,260000,0.02753662851584609,Petrol,Individual,Manual
0.8648648648648631,700000,0.008472515480059785,Diesel,Individual,Manual
0.9459459459459438,678000,0.007201574611007364,Petrol,Individual,Manual
0.8648648648648631,800000,0.006354280698305751,Diesel,Individual,Manual
0.8378378378378386,400000,0.05083721111514047,Diesel,Individual,Manual
0.7297297297297334,300000,0.02075827721423318,Petrol,Individual,Manual
0.8918918918918948,520000,0.012285338087217046,Petrol,Individual,Manual
0.9189189189189193,850000,0.02330015895233802,Diesel,Individual,Automatic
0.9729729729729755,1460000,0.0021178111347976833,Diesel,Individual,Manual
0.9189189189189193,830000,0.014827219825321886,Diesel,Individual,Manual
0.9459459459459438,430000,0.0021178111347976833,Petrol,Individual,Manual
0.9189189189189193,850000,0.025418393734092055,Diesel,Individual,Manual
0.9189189189189193,650000,0.02965486329760012,Petrol,Individual,Manual
0.6756756756756772,120000,0.05083721111514047,Diesel,Individual,Manual
0.8918918918918948,730000,0.02757899321148117,Diesel,Individual,Manual
0.9729729729729755,525000,0.008472515480059785,Petrol,Individual,Automatic
0.8648648648648631,600000,0.045753447638930786,Diesel,Individual,Manual
0.9729729729729755,500000,0.006354280698305751,Petrol,Individual,Manual
0.7027027027027017,150000,0.03262039199205577,Petrol,Individual,Manual
0.8648648648648631,409999,0.007837045045533574,Petrol,Individual,Manual
0.8918918918918948,625000,0.05083721111514047,Diesel,Individual,Manual
0.8648648648648631,290000,0.006439010089575912,Petrol,Individual,Manual
0.8648648648648631,500000,0.014827219825321886,Petrol,Individual,Manual
0.7567567567567579,475000,0.033891332861108195,Diesel,Individual,Manual
0.8108108108108141,190000,0.02965486329760012,Petrol,Individual,Manual
0.8378378378378386,750000,0.033891332861108195,Diesel,Individual,Manual
0.7837837837837824,495000,0.03473862677380981,Diesel,Individual,Manual
0.9729729729729755,5150000,0.008472515480059785,Petrol,Dealer,Automatic
0.9189189189189193,3200000,0.019063689388829953,Diesel,Dealer,Automatic
0.8648648648648631,503000,0.046600741551632394,Diesel,Individual,Manual
0.9729729729729755,3800000,0.008472515480059785,Diesel,Individual,Automatic
0.8918918918918948,2000000,0.02884527396401373,Petrol,Trustmark Dealer,Automatic
0.8108108108108141,225000,0.02471641072741877,Petrol,Trustmark Dealer,Manual
0.9459459459459438,740000,0.016444280257712916,Diesel,Dealer,Manual
0.8108108108108141,750000,0.03360664210644045,Diesel,Trustmark Dealer,Manual
0.9729729729729755,650000,0.002380895894691534,Petrol,Trustmark Dealer,Automatic
0.9189189189189193,625000,0.010818672324330553,Petrol,Trustmark Dealer,Manual
0.9459459459459438,600000,0.029561237320246594,Petrol,Dealer,Automatic
0.9189189189189193,450000,0.02384666352603056,Diesel,Dealer,Manual
0.9729729729729755,5400000,0.0031769285256747003,Diesel,Dealer,Automatic
0.9729729729729755,5500000,0.0036005754820255067,Diesel,Dealer,Automatic
0.9729729729729755,779000,0.0029786617501025227,Petrol,Trustmark Dealer,Automatic
0.8918918918918948,645000,0.004659692872902524,Petrol,Dealer,Automatic
0.9459459459459438,2475000,0.0008468702657452627,Diesel,Dealer,Automatic
0.7297297297297334,321000,0.025418393734092055,Petrol,Individual,Automatic
0.9189189189189193,585000,0.021181924170583986,Petrol,Individual,Manual
0.7567567567567579,225000,0.02965486329760012,Diesel,Individual,Manual
0.9189189189189193,500000,0.02965486329760012,Diesel,Individual,Manual
0.7567567567567579,350000,0.03812780242461626,Diesel,Individual,Manual
0.8918918918918948,756000,0.02965486329760012,Diesel,Individual,Manual
0.8378378378378386,240000,0.021181924170583986,Petrol,Individual,Manual
0.7837837837837824,80000,0.05083721111514047,Petrol,Individual,Manual
0.9459459459459438,1250000,0.010590750261813818,Diesel,Individual,Manual
0.7027027027027017,320000,0.033891332861108195,Diesel,Individual,Manual
0.9189189189189193,509999,0.010590750261813818,Petrol,Individual,Manual
0.9729729729729755,650000,0.006354280698305751,Diesel,Individual,Manual
0.7567567567567579,210000,0.014827219825321886,Petrol,Individual,Manual
0.6756756756756772,110000,0.033891332861108195,Petrol,Individual,Manual
0.9189189189189193,665000,0.010590750261813818,Diesel,Individual,Manual
0.9189189189189193,555000,0.0220292180832856,Diesel,Individual,Manual
0.9189189189189193,560000,0.0220292180832856,Diesel,Individual,Manual
0.8918918918918948,375000,0.033891332861108195,Diesel,Individual,Manual
0.7567567567567579,290000,0.03262039199205577,Diesel,Individual,Manual
0.9189189189189193,2950000,0.021181924170583986,Diesel,Individual,Automatic
0.9189189189189193,605000,0.053802739809596115,Diesel,Individual,Manual
0.9189189189189193,720000,0.012708985043567853,Petrol,Individual,Manual
0.9189189189189193,800000,0.02965486329760012,Diesel,Individual,Manual
0.9189189189189193,1325000,0.022876511995987215,Diesel,Individual,Manual
0.7567567567567579,625000,0.05083721111514047,Diesel,Individual,Manual
0.7567567567567579,350000,0.04935444676791264,Diesel,Individual,Manual
0.7837837837837824,600000,0.06142838502391063,Diesel,Individual,Manual
0.7837837837837824,300000,0.05083721111514047,Petrol,Individual,Manual
0.8918918918918948,377000,0.033891332861108195,Diesel,Individual,Manual
0.8108108108108141,450000,0.0593101502421566,Petrol,Individual,Manual
0.6756756756756772,160000,0.04236427198812433,Petrol,Individual,Manual
0.9729729729729755,525000,0.04236427198812433,Petrol,Individual,Manual
0.7567567567567579,550000,0.07117226501997918,Diesel,Individual,Manual
0.7297297297297334,270000,0.05083721111514047,Diesel,Individual,Manual
0.8918918918918948,570000,0.06142838502391063,Diesel,Individual,Manual
0.7567567567567579,225000,0.03812780242461626,Diesel,Individual,Manual
0.9729729729729755,590000,0.03812780242461626,Petrol,Individual,Manual
0.9459459459459438,1675000,0.033891332861108195,Diesel,Individual,Manual
0.9729729729729755,800000,0.013979925912620273,Petrol,Dealer,Manual
0.8378378378378386,450000,0.005718810263779541,Petrol,Individual,Manual
0.7837837837837824,300000,0.033891332861108195,Diesel,Individual,Manual
0.9189189189189193,645000,0.008472515480059785,Petrol,Individual,Manual
0.8108108108108141,200000,0.01694545460707592,Petrol,Individual,Manual
0.8648648648648631,700000,0.012708985043567853,Petrol,Individual,Manual
0.45945945945945965,45000,0.021181924170583986,Petrol,Individual,Manual
0.8918918918918948,459999,0.030925804166652544,Diesel,Individual,Manual
0.8378378378378386,325000,0.03812780242461626,Diesel,Individual,Manual
0.8648648648648631,350000,0.021181924170583986,Petrol,Individual,Manual
0.7567567567567579,440000,0.033891332861108195,Diesel,Individual,Manual
0.7567567567567579,320000,0.02965486329760012,Diesel,Individual,Manual
0.7567567567567579,169000,0.017369101563426727,Petrol,Individual,Manual
0.8378378378378386,350000,0.0479674266328201,Diesel,Dealer,Manual
0.8108108108108141,310000,0.03812780242461626,Diesel,Individual,Manual
0.6486486486486527,150000,0.02965486329760012,Petrol,Individual,Manual
0.7297297297297334,420000,0.06799491284734814,Diesel,Individual,Manual
0.8648648648648631,685000,0.012708985043567853,Petrol,Individual,Automatic
0.8108108108108141,470000,0.05083721111514047,Diesel,Individual,Manual
0.7567567567567579,380000,0.033891332861108195,Petrol,Individual,Manual
0.8648648648648631,670000,0.024147452865039633,Diesel,Individual,Manual
0.8918918918918948,749000,0.010590750261813818,Petrol,Individual,Manual
0.8648648648648631,899000,0.033891332861108195,Diesel,Individual,Manual
0.7567567567567579,290000,0.037280508511914646,Diesel,Individual,Manual
0.8648648648648631,350000,0.025418393734092055,Petrol,Individual,Manual
0.9189189189189193,500000,0.018216395476128338,Petrol,Individual,Manual
0.8378378378378386,400000,0.03262039199205577,Diesel,Individual,Automatic
0.8918918918918948,260000,0.012708985043567853,Petrol,Individual,Manual
0.8648648648648631,220000,0.01694545460707592,Petrol,Individual,Manual
0.8378378378378386,190000,0.058886503285805795,Diesel,Individual,Manual
0.8918918918918948,400000,0.033891332861108195,Petrol,Individual,Manual
0.8378378378378386,170000,0.032196745035704966,Diesel,Individual,Manual
0.9729729729729755,650000,0.001482340700271473,Petrol,Individual,Manual
0.6486486486486527,60000,0.026265687646793667,Petrol,Individual,Manual
0.6486486486486527,300000,0.046600741551632394,Petrol,Individual,Manual
0.7837837837837824,125000,0.01694545460707592,Petrol,Individual,Manual
0.8108108108108141,130000,0.05083721111514047,Diesel,Individual,Manual
0.7837837837837824,500000,0.6354700108792538,Diesel,Individual,Manual
0.7567567567567579,170000,0.02965486329760012,Petrol,Individual,Manual
0.7837837837837824,310000,0.03262039199205577,Diesel,Individual,Manual
0.7567567567567579,130000,0.046600741551632394,Petrol,Individual,Manual
0.8918918918918948,465000,0.008472515480059785,Petrol,Individual,Manual
0.3243243243243228,160000,0.03812780242461626,Diesel,Individual,Manual
0.5945945945945965,800000,0.05083932934992222,Diesel,Individual,Automatic
0.8108108108108141,500000,0.02965486329760012,Diesel,Individual,Manual
0.9189189189189193,325000,0.016098160694374305,Petrol,Individual,Manual
0.9459459459459438,3200000,0.021181924170583986,Diesel,Individual,Manual
0.6486486486486527,200000,0.021181924170583986,Diesel,Individual,Manual
0.8108108108108141,450000,0.0220292180832856,Diesel,Individual,Manual
0.7837837837837824,229999,0.021181924170583986,Diesel,Individual,Manual
0.8918918918918948,340000,0.012708985043567853,Petrol,Individual,Manual
0.8378378378378386,550000,0.043635212857176746,Diesel,Individual,Manual
0.7567567567567579,975000,0.03959701006924086,Diesel,Individual,Automatic
0.9729729729729755,3800000,0.008472515480059785,Diesel,Individual,Automatic
0.7297297297297334,225000,0.033891332861108195,Petrol,Individual,Manual
0.9459459459459438,3250000,0.00508333982925333,Diesel,Individual,Automatic
0.8108108108108141,280000,0.02965486329760012,Diesel,Individual,Manual
0.9729729729729755,700000,0.0019059876566222798,Petrol,Individual,Manual
0.7837837837837824,259000,0.014827219825321886,Diesel,Individual,Manual
0.9459459459459438,3200000,0.025418393734092055,Diesel,Individual,Automatic
0.8648648648648631,416000,0.01694545460707592,Petrol,Individual,Automatic
0.7567567567567579,250000,0.02965486329760012,Diesel,Individual,Manual
0.7297297297297334,210000,0.05083721111514047,Diesel,Individual,Manual
0.6756756756756772,290000,0.05083721111514047,Diesel,Individual,Manual
0.7837837837837824,220000,0.03812780242461626,Diesel,Individual,Manual
0.7837837837837824,246000,0.014827219825321886,Diesel,Individual,Manual
0.9459459459459438,260000,0.012708985043567853,Petrol,Individual,Manual
0.9459459459459438,1050000,0.02965486329760012,Diesel,Individual,Manual
0.8108108108108141,310000,0.02965486329760012,Diesel,Individual,Manual
0.9459459459459438,700000,0.0025414580911484897,Petrol,Individual,Manual
0.8918918918918948,550000,0.008472515480059785,Petrol,Individual,Manual
0.9189189189189193,450000,0.02965486329760012,Diesel,Individual,Manual
0.8918918918918948,773000,0.02753662851584609,Petrol,Individual,Manual
0.9189189189189193,450000,0.010590750261813818,Petrol,Individual,Manual
0.9729729729729755,409999,0.004236045916551717,Petrol,Individual,Manual
0.5405405405405403,45000,0.014827219825321886,Petrol,Individual,Manual
0.8378378378378386,600000,0.033891332861108195,Petrol,Individual,Automatic
0.7297297297297334,250000,0.026689334603144474,Petrol,Individual,Manual
0.6756756756756772,70000,0.04236427198812433,Diesel,Individual,Manual
0.9729729729729755,690000,0.0005515883371687504,Petrol,Dealer,Manual
0.9459459459459438,3975000,0.013471549564999305,Diesel,Dealer,Automatic
0.9729729729729755,5150000,0.008472515480059785,Petrol,Dealer,Automatic
0.9189189189189193,3200000,0.019063689388829953,Diesel,Dealer,Automatic
0.9189189189189193,4100000,0.007201574611007364,Petrol,Individual,Automatic
0.9459459459459438,1000000,0.002214826287802018,Petrol,Trustmark Dealer,Manual
0.8918918918918948,2000000,0.02884527396401373,Petrol,Trustmark Dealer,Automatic
0.9459459459459438,925000,0.010045092982033979,Diesel,Trustmark Dealer,Manual
0.8918918918918948,550000,0.023933087505126127,Petrol,Trustmark Dealer,Manual
0.9459459459459438,430000,0.007027455711947183,Petrol,Trustmark Dealer,Manual
0.8108108108108141,750000,0.03360664210644045,Diesel,Trustmark Dealer,Manual
0.8918918918918948,675000,0.022538018077862917,Petrol,Trustmark Dealer,Manual
0.9189189189189193,570000,0.010705982233941239,Petrol,Trustmark Dealer,Manual
0.9189189189189193,850000,0.022715102505617556,Diesel,Trustmark Dealer,Manual
0.9729729729729755,5400000,0.0031769285256747003,Diesel,Dealer,Automatic
0.9729729729729755,5500000,0.0036005754820255067,Diesel,Dealer,Automatic
0.9729729729729755,779000,0.0029786617501025227,Petrol,Trustmark Dealer,Automatic
0.9459459459459438,640000,0.002541881738104841,Petrol,Dealer,Manual
0.8108108108108141,250000,0.033891332861108195,Diesel,Individual,Manual
0.9459459459459438,1250000,0.00508333982925333,Diesel,Individual,Manual
0.9189189189189193,889000,0.010590750261813818,Petrol,Individual,Manual
0.9189189189189193,750000,0.01694545460707592,Diesel,Individual,Manual
0.7297297297297334,320000,0.05507368067864853,Diesel,Individual,Manual
0.9459459459459438,1000000,0.01694545460707592,Diesel,Individual,Manual
0.45945945945945965,110000,0.02965486329760012,Petrol,Individual,Manual
0.6756756756756772,250000,0.05083721111514047,Petrol,Individual,Manual
0.8648648648648631,600000,0.025418393734092055,Diesel,Individual,Manual
0.7027027027027017,165000,0.025418393734092055,Petrol,Individual,Manual
0.567567567567572,118000,0.025418393734092055,Petrol,Individual,Manual
0.8918918918918948,700000,0.03304403894840658,Diesel,Individual,Manual
0.8108108108108141,585000,0.033891332861108195,Diesel,Individual,Manual
0.621621621621621,120000,0.05083721111514047,Petrol,Individual,Manual
0.621621621621621,150000,0.04236427198812433,Petrol,Individual,Manual
0.7027027027027017,150000,0.02965486329760012,Petrol,Individual,Manual
0.567567567567572,170000,0.06778308936917274,Diesel,Individual,Manual
0.621621621621621,250000,0.05083721111514047,Diesel,Individual,Manual
0.5945945945945965,100000,0.04236427198812433,Diesel,Individual,Manual
0.8108108108108141,599000,0.025418393734092055,Diesel,Individual,Manual
0.7297297297297334,250000,0.057191915460402566,Diesel,Individual,Manual
0.8918918918918948,570000,0.03812780242461626,Petrol,Individual,Manual
0.8108108108108141,440000,0.03177309807935416,Diesel,Individual,Manual
0.5945945945945965,300000,0.0783742632779429,Diesel,Individual,Manual
0.8648648648648631,300000,0.030382265121654456,Petrol,Individual,Automatic
0.7567567567567579,500000,0.06354661980566467,Diesel,Individual,Automatic
0.7837837837837824,256000,0.03812780242461626,Petrol,Individual,Manual
0.9459459459459438,409999,0.014827219825321886,Petrol,Individual,Manual
0.8648648648648631,1888000,0.05083721111514047,Diesel,Individual,Manual
0.7567567567567579,250000,0.04236427198812433,LPG,Individual,Manual
0.7027027027027017,280000,0.01694545460707592,Petrol,Individual,Automatic
0.7297297297297334,300000,0.04236427198812433,Diesel,Individual,Manual
0.8918918918918948,900000,0.05083721111514047,Diesel,Individual,Manual
0.8378378378378386,190000,0.025418393734092055,Petrol,Individual,Manual
0.9729729729729755,800000,0.0008468702657452627,Diesel,Individual,Manual
0.7837837837837824,450000,0.04236427198812433,Diesel,Individual,Manual
0.8648648648648631,400000,0.046600741551632394,Diesel,Individual,Manual
0.7027027027027017,150000,0.03812780242461626,Diesel,Individual,Manual
0.7567567567567579,200000,0.03572191135950003,Diesel,Individual,Manual
0.8108108108108141,600000,0.07498508762713645,Diesel,Individual,Manual
0.7297297297297334,175000,0.025418393734092055,Diesel,Individual,Manual
0.6756756756756772,99000,0.08684720240495904,Diesel,Individual,Manual
0.6756756756756772,215000,0.02965486329760012,Petrol,Individual,Manual
0.7567567567567579,190000,0.02965486329760012,Petrol,Individual,Manual
0.8108108108108141,520000,0.053379092853245304,Diesel,Individual,Manual
0.8918918918918948,2280000,0.05083721111514047,Diesel,Individual,Automatic
0.8648648648648631,285000,0.02965486329760012,Diesel,Individual,Manual
0.9189189189189193,660000,0.03473862677380981,Diesel,Individual,Manual
0.567567567567572,31504,0.046600741551632394,Petrol,Individual,Manual
0.8648648648648631,515000,0.019063689388829953,Petrol,Individual,Manual
0.7837837837837824,295000,0.02965486329760012,Diesel,Individual,Manual
0.8648648648648631,700000,0.033891332861108195,Diesel,Individual,Manual
0.9189189189189193,1100000,0.019063689388829953,Diesel,Individual,Manual
0.8108108108108141,450000,0.01770801912850737,Petrol,Individual,Manual
0.7297297297297334,135000,0.05592097459135015,Petrol,Individual,Manual
0.9189189189189193,700000,0.021181924170583986,Diesel,Individual,Manual
0.7027027027027017,140000,0.0406696841627211,Petrol,Individual,Manual
0.7837837837837824,250000,0.04956627024608804,Diesel,Individual,Manual
0.7567567567567579,210000,0.046600741551632394,Petrol,Individual,Manual
0.8378378378378386,420000,0.04236427198812433,Diesel,Individual,Manual
0.6486486486486527,130000,0.03757706138136021,Petrol,Individual,Manual
0.7837837837837824,320000,0.02965486329760012,Petrol,Individual,Manual
0.7297297297297334,200000,0.046600741551632394,Petrol,Individual,Manual
0.8918918918918948,310000,0.006354280698305751,Petrol,Individual,Manual
0.7837837837837824,200000,0.033891332861108195,Diesel,Individual,Manual
0.8378378378378386,350000,0.021181924170583986,Petrol,Individual,Manual
0.9459459459459438,444000,0.006354280698305751,Petrol,Individual,Manual
0.7567567567567579,225000,0.024147452865039633,Diesel,Individual,Manual
0.7837837837837824,600000,0.03177309807935416,Diesel,Individual,Manual
0.8108108108108141,260000,0.011014397218164626,Petrol,Individual,Manual
0.8648648648648631,375000,0.06778308936917274,Diesel,Individual,Manual
0.8108108108108141,260000,0.011014397218164626,Petrol,Individual,Manual
0.7297297297297334,150000,0.05083721111514047,Petrol,Individual,Manual
0.8378378378378386,110000,0.021181924170583986,Petrol,Individual,Manual
0.7837837837837824,225000,0.01694545460707592,Petrol,Individual,Manual
0.7567567567567579,400000,0.03812780242461626,Diesel,Individual,Manual
0.5945945945945965,93000,0.05083721111514047,Petrol,Individual,Manual
0.9189189189189193,860000,0.011861691130866239,Petrol,Individual,Manual
0.9459459459459438,650000,0.021181924170583986,Diesel,Individual,Manual
0.8378378378378386,650000,0.03812780242461626,Diesel,Individual,Manual
0.8918918918918948,710000,0.01694545460707592,Diesel,Individual,Manual
0.9189189189189193,430000,0.04787168242068482,Diesel,Individual,Manual
0.7567567567567579,220000,0.04236427198812433,Diesel,Individual,Manual
0.7297297297297334,150000,0.09532014153197517,Diesel,Individual,Manual
0.9189189189189193,660000,0.028383922428547703,Diesel,Individual,Manual
0.7567567567567579,140000,0.02965486329760012,Diesel,Individual,Manual
0.8648648648648631,1100000,0.021181924170583986,Petrol,Individual,Manual
0.8108108108108141,2450000,0.025418393734092055,Diesel,Individual,Automatic
0.9189189189189193,625000,0.014403572868971079,Diesel,Individual,Automatic
0.567567567567572,198000,0.046600741551632394,Petrol,Individual,Manual
0.4864864864864842,60000,0.03007851025395093,Petrol,Individual,Manual
0.5945945945945965,130000,0.0593101502421566,Petrol,Individual,Manual
0.7837837837837824,540000,0.04236427198812433,Petrol,Individual,Manual
0.9189189189189193,550000,0.004236045916551717,Petrol,Individual,Automatic
0.9459459459459438,475000,0.012708985043567853,Petrol,Individual,Manual
0.9189189189189193,2825000,0.009319809392761398,Diesel,Dealer,Automatic
1.0,2125000,0.0023296346129730865,Diesel,Dealer,Manual
0.9459459459459438,3350000,0.0076252215673581715,Diesel,Dealer,Automatic
0.9459459459459438,1800000,0.008472515480059785,Diesel,Dealer,Automatic
0.9459459459459438,910000,0.008472515480059785,Diesel,Dealer,Manual
0.9729729729729755,484999,0.0020648552652538323,Petrol,Dealer,Manual
1.0,1950000,0.0011434231351908275,Diesel,Dealer,Automatic
0.9459459459459438,950000,0.024787583416085703,Diesel,Dealer,Manual
0.8648648648648631,365000,0.04448250676987836,Diesel,Dealer,Manual
0.9459459459459438,900000,0.011113954252907066,Diesel,Dealer,Manual
0.9189189189189193,919999,0.011338910786729344,Diesel,Dealer,Manual
1.0,1900000,0.00067741148320494,Petrol,Dealer,Automatic
0.9459459459459438,2950000,0.01948733634518076,Diesel,Dealer,Manual
0.9729729729729755,1075000,0.009743456349112205,Diesel,Dealer,Manual
0.9189189189189193,600000,0.010388247016678133,Petrol,Dealer,Manual
0.9189189189189193,3200000,0.005787864717664722,Diesel,Dealer,Automatic
0.9729729729729755,2600000,0.004659692872902524,Diesel,Dealer,Automatic
0.8918918918918948,839000,0.026689334603144474,Diesel,Dealer,Manual
0.9729729729729755,635000,0.0008468702657452627,Petrol,Dealer,Manual
0.8378378378378386,550000,0.1270936632582857,Diesel,Individual,Manual
0.8648648648648631,650000,0.033891332861108195,Diesel,Individual,Manual
0.7567567567567579,350000,0.033891332861108195,Petrol,Individual,Manual
0.8648648648648631,265000,0.022876511995987215,Petrol,Individual,Manual
0.9459459459459438,330000,0.012708985043567853,Petrol,Individual,Manual
0.9729729729729755,395000,0.0021178111347976833,Petrol,Individual,Manual
0.8648648648648631,700000,0.024971446195141953,Diesel,Individual,Manual
0.7837837837837824,300000,0.03812780242461626,Diesel,Individual,Manual
0.7567567567567579,650000,0.1588671849845962,Diesel,Individual,Manual
0.8108108108108141,625000,0.06778308936917274,Diesel,Individual,Manual
0.8378378378378386,425000,0.033891332861108195,Diesel,Individual,Manual
0.567567567567572,55000,0.021181924170583986,Petrol,Individual,Manual
0.8648648648648631,250000,0.033891332861108195,Diesel,Individual,Manual
0.8648648648648631,459999,0.06650155732621155,Diesel,Individual,Manual
0.9459459459459438,950000,0.011700705287452932,Diesel,Dealer,Manual
0.8108108108108141,484999,0.05083721111514047,Diesel,Individual,Manual
0.7027027027027017,161000,0.05083721111514047,Diesel,Individual,Manual
0.8648648648648631,500000,0.02457109982139044,Petrol,Individual,Manual
0.7837837837837824,350000,0.021181924170583986,Petrol,Individual,Manual
0.9189189189189193,550000,0.01694545460707592,Petrol,Individual,Automatic
0.9459459459459438,850000,0.0033040226125799423,Petrol,Individual,Manual
0.8918918918918948,240000,0.021181924170583986,Petrol,Individual,Manual
0.7567567567567579,950000,0.028807569384898507,Diesel,Individual,Manual
0.8648648648648631,423000,0.025418393734092055,Petrol,Individual,Manual
0.5945945945945965,90000,0.03134945112300335,Petrol,Individual,Manual
0.7567567567567579,350000,0.02457109982139044,Diesel,Individual,Manual
0.7567567567567579,170000,0.02965486329760012,Petrol,Individual,Manual
0.8648648648648631,450000,0.02965486329760012,Petrol,Individual,Manual
0.7027027027027017,150000,0.046600741551632394,Petrol,Individual,Manual
0.5135135135135158,75000,0.033891332861108195,Petrol,Individual,Manual
0.8918918918918948,511000,0.033891332861108195,Diesel,Individual,Manual
0.9459459459459438,850000,0.024994746777741248,Diesel,Individual,Manual
1.0,420000,0.010590750261813818,Petrol,Individual,Manual
0.8378378378378386,180000,0.02330015895233802,Petrol,Individual,Manual
0.8648648648648631,400000,0.010590750261813818,Diesel,Individual,Manual
0.7027027027027017,150000,0.1270936632582857,Diesel,Individual,Manual
0.8918918918918948,500000,0.06066582050247918,Diesel,Individual,Manual
0.9189189189189193,1689999,0.025418393734092055,Diesel,Individual,Manual
0.7837837837837824,204999,0.05083721111514047,Diesel,Individual,Manual
0.8378378378378386,459999,0.06142838502391063,Diesel,Individual,Manual
0.9189189189189193,600000,0.012708985043567853,Petrol,Individual,Manual
0.9729729729729755,585000,0.0033887520038501035,Petrol,Individual,Manual
0.7837837837837824,551000,0.0720195589326808,Diesel,Individual,Manual
0.8108108108108141,525000,0.04236427198812433,Diesel,Individual,Manual
0.7837837837837824,160000,0.026265687646793667,Petrol,Individual,Manual
0.8378378378378386,825000,0.046600741551632394,Diesel,Individual,Manual
0.8648648648648631,600000,0.033891332861108195,Diesel,Individual,Manual
0.5135135135135158,65000,0.033891332861108195,Petrol,Individual,Manual
0.8108108108108141,550000,0.04236427198812433,Diesel,Individual,Manual
0.8648648648648631,650000,0.05083721111514047,Diesel,Individual,Manual
0.9729729729729755,750000,0.010167103305463011,Diesel,Individual,Manual
0.9189189189189193,380000,0.033891332861108195,Diesel,Individual,Manual
0.7837837837837824,400000,0.058462856329454985,Diesel,Individual,Manual
0.5405405405405403,50000,0.06227567893661225,Petrol,Individual,Manual
0.9189189189189193,750000,0.025418393734092055,Diesel,Individual,Manual
0.7567567567567579,150000,0.033891332861108195,Petrol,Individual,Manual
0.8108108108108141,260000,0.08006885110334613,Diesel,Individual,Manual
0.8378378378378386,411000,0.03812780242461626,Diesel,Individual,Automatic
0.7837837837837824,1300000,0.0593101502421566,Diesel,Individual,Automatic
0.8918918918918948,351000,0.025418393734092055,Petrol,Individual,Manual
0.8108108108108141,1300000,0.0593101502421566,Diesel,Individual,Automatic
0.8108108108108141,260000,0.08006885110334613,Diesel,Individual,Manual
0.8378378378378386,411000,0.03812780242461626,Diesel,Individual,Automatic
0.8378378378378386,450000,0.023723805908688826,Diesel,Individual,Manual
0.7837837837837824,1300000,0.0593101502421566,Diesel,Individual,Automatic
0.8918918918918948,351000,0.025418393734092055,Petrol,Individual,Manual
0.7837837837837824,550000,0.05507368067864853,Diesel,Individual,Manual
0.8108108108108141,1300000,0.0593101502421566,Diesel,Individual,Automatic
0.8918918918918948,750000,0.014827219825321886,Diesel,Individual,Manual
0.8648648648648631,800000,0.014827219825321886,Diesel,Individual,Manual
0.7567567567567579,350000,0.06608850154376951,Diesel,Individual,Manual
0.8108108108108141,200000,0.03812780242461626,Petrol,Individual,Manual
0.6756756756756772,150000,0.025418393734092055,Diesel,Individual,Manual
0.8918918918918948,800000,0.015250866781672694,Diesel,Individual,Manual
0.9189189189189193,350000,0.008472515480059785,Petrol,Individual,Manual
0.621621621621621,250000,0.0783742632779429,Diesel,Individual,Manual
0.9459459459459438,395000,0.004574963481632362,Petrol,Individual,Manual
0.7837837837837824,450000,0.05083721111514047,Diesel,Individual,Manual
0.9729729729729755,500000,0.006354280698305751,Petrol,Individual,Manual
0.7837837837837824,200000,0.028595745906723105,Diesel,Individual,Manual
0.9189189189189193,1200000,0.012708985043567853,Diesel,Individual,Manual
0.8918918918918948,400000,0.021181924170583986,Diesel,Individual,Manual
0.8918918918918948,650000,0.04236427198812433,Diesel,Individual,Manual
0.8918918918918948,550000,0.06354661980566467,Diesel,Individual,Manual
0.8648648648648631,1100000,0.046600741551632394,Diesel,Individual,Manual
0.7837837837837824,254999,0.012708985043567853,Petrol,Individual,Manual
0.7567567567567579,180000,0.025418393734092055,Petrol,Individual,Manual
0.7297297297297334,160000,0.10802955022249938,Diesel,Individual,Manual
0.6756756756756772,225000,0.05083721111514047,Diesel,Individual,Manual
0.8648648648648631,270000,0.021139559474948905,Petrol,Individual,Manual
0.7837837837837824,310000,0.03643321459921303,Diesel,Individual,Manual
0.8648648648648631,225000,0.030438610166849116,Petrol,Individual,Manual
0.8648648648648631,300000,0.040246037206370294,Diesel,Individual,Manual
0.6756756756756772,250000,0.02965486329760012,Petrol,Individual,Manual
0.8648648648648631,550000,0.021181924170583986,Petrol,Individual,Manual
0.6486486486486527,300000,0.05083721111514047,Diesel,Individual,Manual
0.8648648648648631,900000,0.06142838502391063,Diesel,Individual,Manual
0.7837837837837824,254999,0.08049249805969694,Diesel,Individual,Manual
0.9459459459459438,1530000,0.01694545460707592,Diesel,Individual,Manual
0.8648648648648631,590000,0.046600741551632394,Diesel,Individual,Manual
0.6756756756756772,170000,0.04744803546433401,LPG,Individual,Manual
0.9189189189189193,2600000,0.02965486329760012,Diesel,Individual,Automatic
0.8918918918918948,475000,0.046600741551632394,Diesel,Individual,Manual
0.9459459459459438,700000,0.012285338087217046,Diesel,Individual,Manual
0.5135135135135158,100000,0.05083721111514047,Petrol,Individual,Manual
0.7837837837837824,440000,0.05083721111514047,Diesel,Individual,Automatic
0.8918918918918948,390000,0.033891332861108195,Petrol,Individual,Manual
0.7837837837837824,725000,0.06735944241282193,Diesel,Individual,Manual
0.7837837837837824,325000,0.046600741551632394,Diesel,Individual,Manual
0.7297297297297334,170000,0.03177309807935416,Petrol,Individual,Manual
0.7297297297297334,215000,0.05083721111514047,Diesel,Individual,Manual
0.7297297297297334,350000,0.046600741551632394,Petrol,Individual,Manual
0.7027027027027017,80000,0.033891332861108195,Petrol,Individual,Manual
0.7837837837837824,195000,0.033891332861108195,Petrol,Individual,Manual
0.7567567567567579,280000,0.03600956764286223,Diesel,Individual,Manual
0.8378378378378386,335000,0.03007851025395093,Diesel,Dealer,Manual
0.7567567567567579,475000,0.045753447638930786,Diesel,Dealer,Manual
0.8648648648648631,484999,0.03177309807935416,Diesel,Dealer,Manual
0.9459459459459438,650000,0.009319809392761398,Petrol,Individual,Manual
0.8378378378378386,1850000,0.03225224278698692,Diesel,Individual,Automatic
0.9459459459459438,700000,0.012708985043567853,Petrol,Individual,Manual
0.8378378378378386,3000000,0.02753662851584609,Diesel,Individual,Automatic
0.9459459459459438,900000,0.025418393734092055,Diesel,Individual,Manual
0.8108108108108141,350000,0.033891332861108195,Diesel,Individual,Manual
0.5945945945945965,285000,0.033891332861108195,Petrol,Individual,Automatic
0.7837837837837824,1850000,0.02965486329760012,Diesel,Individual,Automatic
0.9189189189189193,750000,0.02193474481201937,Diesel,Dealer,Manual
0.8108108108108141,1650000,0.027446815361099716,Diesel,Dealer,Automatic
0.9459459459459438,600000,0.008472515480059785,Petrol,Individual,Manual
0.9459459459459438,565000,0.008048868523708978,Petrol,Individual,Manual
0.45945945945945965,86000,0.019890224600670376,Petrol,Individual,Manual
0.8918918918918948,329000,0.008048868523708978,Petrol,Individual,Manual
0.8918918918918948,650000,0.021181924170583986,Diesel,Individual,Manual
0.8648648648648631,822000,0.025418393734092055,Diesel,Individual,Manual
0.8108108108108141,345000,0.04236427198812433,Diesel,Individual,Manual
0.4864864864864842,30000,0.004236045916551717,Petrol,Individual,Manual
0.7837837837837824,330000,0.021181924170583986,Diesel,Individual,Manual
0.8378378378378386,300000,0.031576949538563735,Petrol,Individual,Manual
0.7027027027027017,200000,0.03812780242461626,Petrol,Individual,Automatic
0.7837837837837824,200000,0.033891332861108195,Diesel,Individual,Manual
0.7297297297297334,90000,0.02965486329760012,Petrol,Individual,Manual
0.7297297297297334,200000,0.033891332861108195,Petrol,Individual,Manual
0.8648648648648631,250000,0.009955279827287609,Petrol,Individual,Manual
0.9189189189189193,975000,0.03473862677380981,Diesel,Individual,Manual
0.8378378378378386,900000,0.04236427198812433,Diesel,Individual,Manual
0.9459459459459438,610000,0.006354280698305751,Petrol,Individual,Manual
0.9189189189189193,620000,0.012708985043567853,Diesel,Individual,Manual
0.8918918918918948,400000,0.012708985043567853,Petrol,Individual,Manual
0.9729729729729755,500000,0.004659692872902524,Petrol,Individual,Manual
0.9189189189189193,200000,0.0593101502421566,Petrol,Individual,Manual
0.8918918918918948,360000,0.046600741551632394,Diesel,Individual,Manual
0.7837837837837824,252000,0.02033463025788237,Petrol,Individual,Manual
0.7837837837837824,280000,0.02965486329760012,Diesel,Individual,Manual
0.9459459459459438,509999,0.02965486329760012,Petrol,Individual,Manual
0.8918918918918948,1050000,0.02457109982139044,Diesel,Individual,Manual
0.7297297297297334,200000,0.01694545460707592,LPG,Individual,Manual
0.5945945945945965,60000,0.03812780242461626,Petrol,Individual,Manual
0.8108108108108141,520000,0.046600741551632394,Diesel,Individual,Manual
0.6486486486486527,250000,0.033891332861108195,Diesel,Individual,Manual
0.9189189189189193,725000,0.025418393734092055,Diesel,Individual,Manual
0.8648648648648631,585000,0.021181924170583986,Diesel,Individual,Manual
0.9189189189189193,430000,0.010590750261813818,Petrol,Individual,Manual
0.7567567567567579,235000,0.04236427198812433,Diesel,Individual,Manual
0.7837837837837824,350000,0.0220292180832856,Diesel,Individual,Manual
0.7297297297297334,131000,0.033891332861108195,Petrol,Individual,Manual
0.8918918918918948,450000,0.03600956764286223,Diesel,Individual,Manual
0.8918918918918948,750000,0.03516227373016061,Diesel,Individual,Manual
0.7027027027027017,125000,0.05083721111514047,Petrol,Individual,Manual
0.8378378378378386,500000,0.04236427198812433,Diesel,Individual,Manual
0.7837837837837824,380000,0.02965486329760012,Diesel,Individual,Manual
0.6756756756756772,128000,0.008048868523708978,Petrol,Individual,Manual
0.7027027027027017,250000,0.029061757558708993,Petrol,Individual,Manual
0.9189189189189193,690000,0.025418393734092055,Diesel,Individual,Manual
0.8378378378378386,650000,0.02753662851584609,Diesel,Individual,Manual
0.7837837837837824,560000,0.01694545460707592,Petrol,Individual,Manual
0.7837837837837824,120000,0.06778308936917274,Diesel,Individual,Manual
0.8918918918918948,400000,0.010590750261813818,Petrol,Individual,Manual
0.7837837837837824,200000,0.01249716156539245,Petrol,Individual,Manual
0.9459459459459438,950000,0.005882761635887303,Petrol,Individual,Manual
0.8918918918918948,300000,0.021181924170583986,Petrol,Individual,Manual
0.8918918918918948,315000,0.012708985043567853,Petrol,Individual,Manual
0.7837837837837824,220000,0.04236427198812433,Petrol,Individual,Manual
0.7567567567567579,130000,0.025418393734092055,Petrol,Individual,Manual
0.8918918918918948,595000,0.025418393734092055,Diesel,Individual,Manual
0.7567567567567579,110000,0.05083721111514047,Diesel,Individual,Manual
0.9189189189189193,680000,0.005718810263779541,Petrol,Individual,Manual
0.8108108108108141,280000,0.0220292180832856,Diesel,Individual,Manual
0.9189189189189193,530000,0.012708985043567853,Petrol,Individual,Manual
0.9189189189189193,610000,0.005930633741954944,Petrol,Individual,Manual
0.8378378378378386,500000,0.03812780242461626,Diesel,Individual,Manual
0.9459459459459438,500000,0.021181924170583986,Diesel,Individual,Manual
0.7297297297297334,250000,0.05083721111514047,Diesel,Individual,Manual
0.9459459459459438,325000,0.004236045916551717,Petrol,Individual,Manual
0.9459459459459438,550000,0.004236045916551717,Petrol,Individual,Manual
0.9459459459459438,720000,0.010590750261813818,Petrol,Individual,Manual
0.9189189189189193,950000,0.008472515480059785,Petrol,Individual,Manual
0.8108108108108141,350000,0.025418393734092055,Diesel,Individual,Manual
0.9459459459459438,500000,0.01694545460707592,Petrol,Individual,Manual
0.7837837837837824,380000,0.025418393734092055,Diesel,Individual,Manual
0.8648648648648631,380000,0.021181924170583986,Petrol,Individual,Automatic
0.9189189189189193,900000,0.008472515480059785,Petrol,Individual,Manual
0.9189189189189193,295000,0.014827219825321886,Petrol,Individual,Manual
0.8918918918918948,640000,0.01694545460707592,Diesel,Individual,Manual
0.9459459459459438,790000,0.025418393734092055,Diesel,Individual,Manual
0.8648648648648631,625000,0.008472515480059785,Petrol,Individual,Manual
0.9189189189189193,604000,0.012708985043567853,Petrol,Individual,Manual
0.8648648648648631,315000,0.012285338087217046,Petrol,Individual,Manual
0.9729729729729755,950000,0.007201574611007364,Diesel,Individual,Manual
0.9189189189189193,400000,0.021181924170583986,Petrol,Individual,Manual
0.9459459459459438,700000,0.01779274851977753,Petrol,Individual,Automatic
0.7567567567567579,700000,0.05083721111514047,Diesel,Individual,Manual
0.7837837837837824,260000,0.046600741551632394,Diesel,Individual,Manual
0.7837837837837824,200000,0.03812780242461626,Diesel,Individual,Manual
1.0,580000,0.02965486329760012,Petrol,Individual,Manual
0.7567567567567579,330000,0.027960275472196896,Diesel,Individual,Manual
0.7567567567567579,400000,0.02965486329760012,Diesel,Individual,Manual
0.9459459459459438,1350000,0.0021178111347976833,Petrol,Individual,Automatic
0.8378378378378386,250000,0.021181924170583986,Diesel,Individual,Manual
0.9729729729729755,725000,0.010590750261813818,Petrol,Individual,Manual
0.8108108108108141,300000,0.02965486329760012,Diesel,Individual,Manual
0.8918918918918948,1175000,0.046600741551632394,Diesel,Individual,Manual
0.8378378378378386,400000,0.019063689388829953,Diesel,Individual,Manual
0.5945945945945965,140000,0.03812780242461626,Diesel,Individual,Manual
0.7567567567567579,229999,0.0593101502421566,Diesel,Individual,Manual
0.5405405405405403,110000,0.03516227373016061,Petrol,Individual,Manual
0.6756756756756772,150000,0.025418393734092055,Petrol,Individual,Manual
0.9189189189189193,265000,0.01694545460707592,Petrol,Individual,Manual
0.7567567567567579,300000,0.058462856329454985,Petrol,Individual,Manual
0.8648648648648631,280000,0.033891332861108195,Petrol,Individual,Manual
0.5945945945945965,130000,0.021181924170583986,Petrol,Individual,Manual
0.8648648648648631,350000,0.021181924170583986,Petrol,Individual,Manual
0.7027027027027017,200000,0.05083721111514047,Petrol,Individual,Manual
0.9459459459459438,550000,0.010336562088003334,Petrol,Individual,Manual
0.8108108108108141,400000,0.025418393734092055,Diesel,Individual,Manual
0.7297297297297334,170000,0.05083721111514047,Petrol,Individual,Manual
0.8648648648648631,600000,0.025418393734092055,Diesel,Individual,Manual
0.7567567567567579,130000,0.04236427198812433,Petrol,Individual,Manual
0.7567567567567579,100000,0.05083721111514047,Petrol,Individual,Manual
0.8918918918918948,310000,0.011649867652690835,Petrol,Individual,Manual
0.6486486486486527,35000,0.004236045916551717,Petrol,Individual,Manual
0.7297297297297334,200000,0.05083721111514047,Petrol,Individual,Manual
0.7027027027027017,270000,0.02965486329760012,Diesel,Individual,Manual
0.8648648648648631,650000,0.033891332861108195,Diesel,Individual,Manual
0.8648648648648631,509999,0.03812780242461626,Diesel,Individual,Manual
0.8108108108108141,229999,0.02965486329760012,Diesel,Individual,Manual
0.8378378378378386,409999,0.07964520414699533,Diesel,Individual,Manual
0.7567567567567579,130000,0.02873978587188238,Petrol,Individual,Manual
0.8108108108108141,95000,0.012708985043567853,Petrol,Individual,Manual
0.8918918918918948,225000,0.014827219825321886,Petrol,Individual,Manual
0.9189189189189193,775000,0.04236427198812433,Diesel,Individual,Manual
0.9189189189189193,420000,0.012708985043567853,Petrol,Individual,Manual
0.8918918918918948,480000,0.02965486329760012,Petrol,Individual,Manual
0.5405405405405403,200000,0.06313652955191709,Diesel,Individual,Manual
0.7297297297297334,260000,0.16098541976635022,Diesel,Individual,Manual
0.7567567567567579,210000,0.03560710303432896,Petrol,Individual,Manual
0.9459459459459438,600000,0.006354280698305751,Petrol,Individual,Manual
0.7027027027027017,140000,0.0593101502421566,Diesel,Individual,Manual
0.7297297297297334,130000,0.05083721111514047,Petrol,Individual,Manual
0.6486486486486527,195000,0.04782084478592272,Diesel,Dealer,Manual
0.8108108108108141,210000,0.057191915460402566,Diesel,Dealer,Manual
0.621621621621621,130000,0.033891332861108195,Petrol,Individual,Manual
0.7837837837837824,141000,0.05422638676594692,Petrol,Individual,Manual
0.7567567567567579,280000,0.05083721111514047,Diesel,Individual,Manual
0.7297297297297334,350000,0.012708985043567853,Petrol,Individual,Automatic
0.9459459459459438,575000,0.02965486329760012,Petrol,Individual,Manual
0.8648648648648631,550000,0.017369101563426727,Petrol,Individual,Manual
0.7567567567567579,420000,0.011904055826501319,Petrol,Individual,Manual
0.621621621621621,120000,0.012708985043567853,Petrol,Individual,Manual
0.8648648648648631,320000,0.012708985043567853,Petrol,Individual,Manual
0.7567567567567579,250000,0.014827219825321886,Petrol,Individual,Manual
0.7297297297297334,300000,0.009319809392761398,Petrol,Individual,Manual
0.621621621621621,250000,0.02965486329760012,Petrol,Individual,Manual
0.5945945945945965,120000,0.04236427198812433,Petrol,Individual,Manual
0.9459459459459438,750000,0.02965486329760012,Diesel,Individual,Manual
0.5945945945945965,151000,0.084728967623205,Diesel,Individual,Manual
0.7567567567567579,300000,0.05083721111514047,Diesel,Individual,Manual
0.9729729729729755,577000,0.0012705172220960695,Petrol,Individual,Manual
0.7837837837837824,229999,0.021181924170583986,Petrol,Individual,Manual
0.8108108108108141,500000,0.021181924170583986,Diesel,Individual,Manual
0.9729729729729755,840000,0.0006350467875698593,Petrol,Individual,Automatic
0.9189189189189193,900000,0.03134945112300335,Diesel,Individual,Manual
0.9189189189189193,650000,0.010590750261813818,Petrol,Individual,Manual
0.8918918918918948,250000,0.046600741551632394,Petrol,Individual,Manual
0.8918918918918948,550000,0.02965486329760012,Diesel,Individual,Manual
0.6486486486486527,250000,0.06354661980566467,Diesel,Individual,Manual
0.8108108108108141,350000,0.046600741551632394,Diesel,Individual,Manual
0.8378378378378386,185000,0.03812780242461626,Diesel,Individual,Manual
0.7297297297297334,229999,0.05083721111514047,Petrol,Individual,Manual
0.8918918918918948,1000000,0.02753662851584609,Diesel,Individual,Manual
0.7027027027027017,150000,0.033891332861108195,Petrol,Individual,Manual
0.8108108108108141,600000,0.0779506163215921,Diesel,Individual,Manual
0.8108108108108141,270000,0.033891332861108195,CNG,Individual,Manual
0.5945945945945965,60000,0.02965486329760012,Petrol,Individual,Manual
0.8378378378378386,335000,0.01399390626217985,Petrol,Dealer,Manual
0.8108108108108141,525000,0.029231216341249314,Diesel,Individual,Manual
0.8648648648648631,465000,0.026716024361394575,Petrol,Dealer,Automatic
0.7837837837837824,83000,0.03812780242461626,Diesel,Individual,Manual
0.9189189189189193,300000,0.0033887520038501035,Petrol,Individual,Manual
0.7837837837837824,350000,0.014827219825321886,Petrol,Individual,Manual
0.7567567567567579,300000,0.019063689388829953,Petrol,Individual,Manual
0.7567567567567579,250000,0.012708985043567853,Diesel,Individual,Manual
0.9459459459459438,700000,0.0026261874824186513,Petrol,Individual,Manual
1.0,250000,0.05083721111514047,Petrol,Individual,Manual
0.8918918918918948,350000,0.02965486329760012,Petrol,Individual,Manual
0.4054054054054035,80000,0.02965486329760012,Petrol,Individual,Manual
0.9189189189189193,850000,0.046600741551632394,Diesel,Individual,Manual
0.567567567567572,70000,0.06693579545647112,Petrol,Individual,Manual
0.6486486486486527,90000,0.03939874329366868,Petrol,Individual,Manual
0.8378378378378386,600000,0.046600741551632394,Diesel,Individual,Manual
0.6486486486486527,135000,0.024147452865039633,Petrol,Individual,Manual
0.5945945945945965,150000,0.05083721111514047,Petrol,Individual,Manual
0.7837837837837824,259000,0.014827219825321886,Diesel,Individual,Manual
0.7837837837837824,220000,0.03812780242461626,Diesel,Individual,Manual
0.7837837837837824,246000,0.014827219825321886,Diesel,Individual,Manual
0.7027027027027017,240000,0.05083721111514047,Petrol,Individual,Manual
0.7567567567567579,215000,0.02965486329760012,Diesel,Individual,Manual
0.4324324324324351,50000,0.025418393734092055,Petrol,Individual,Manual
0.8108108108108141,310000,0.04236427198812433,Diesel,Individual,Manual
0.6756756756756772,220000,0.014827219825321886,Petrol,Individual,Manual
0.6756756756756772,195000,0.03812780242461626,Diesel,Individual,Manual
0.7567567567567579,350000,0.04151697807542271,Petrol,Individual,Manual
0.8108108108108141,360000,0.012708985043567853,Petrol,Individual,Manual
0.8918918918918948,490000,0.011014397218164626,Petrol,Individual,Manual
0.7567567567567579,195000,0.01948733634518076,Petrol,Individual,Manual
0.7297297297297334,125000,0.033891332861108195,Petrol,Individual,Manual
0.9729729729729755,459999,0.004236045916551717,Petrol,Individual,Manual
0.8648648648648631,275000,0.007074480524102122,Petrol,Individual,Manual
0.9459459459459438,680000,0.02965486329760012,Diesel,Individual,Manual
0.8648648648648631,600000,0.0033747716542905266,Petrol,Individual,Manual
0.9459459459459438,720000,0.008472515480059785,Petrol,Individual,Manual
0.7567567567567579,295000,0.021181924170583986,Diesel,Individual,Manual
0.8918918918918948,356000,0.0040903113635670394,Petrol,Individual,Manual
0.7567567567567579,225000,0.021181924170583986,Petrol,Individual,Manual
0.9729729729729755,725000,0.007201574611007364,Diesel,Individual,Manual
0.8648648648648631,300000,0.004236045916551717,Petrol,Individual,Manual
0.8108108108108141,400000,0.018216395476128338,Petrol,Individual,Manual
0.8108108108108141,550000,0.021181924170583986,Diesel,Individual,Manual
0.621621621621621,120000,0.03812780242461626,Petrol,Individual,Manual
0.7837837837837824,409999,0.04236427198812433,Diesel,Individual,Manual
0.7297297297297334,110000,0.033891332861108195,Petrol,Individual,Manual
0.7837837837837824,450000,0.05083721111514047,Diesel,Individual,Manual
0.8918918918918948,515000,0.02906557038131615,Diesel,Dealer,Manual
0.9459459459459438,925000,0.014132438816906564,Diesel,Dealer,Manual
0.9729729729729755,860000,0.00606492982711815,Petrol,Dealer,Manual
0.7837837837837824,225000,0.03695726588421898,Diesel,Dealer,Manual
0.9189189189189193,500000,0.02667238872489044,Diesel,Dealer,Manual
0.9189189189189193,600000,0.011282989388491036,Petrol,Dealer,Automatic
0.7837837837837824,195000,0.06935905604679773,Diesel,Dealer,Manual
0.7837837837837824,265000,0.028806722090985806,Petrol,Dealer,Manual
0.9459459459459438,650000,0.008771610231243454,Diesel,Dealer,Manual
0.8648648648648631,415000,0.042610410869764144,Diesel,Dealer,Manual
0.8648648648648631,600000,0.028512287456321995,Diesel,Dealer,Manual
0.8108108108108141,340000,0.03352657283169015,Petrol,Dealer,Manual
0.8378378378378386,350000,0.035918059900290455,Diesel,Dealer,Manual
0.7837837837837824,265000,0.05523297193423644,Diesel,Dealer,Manual
0.9189189189189193,625000,0.030502157210301736,Diesel,Individual,Manual
0.6756756756756772,245000,0.053802739809596115,Diesel,Individual,Manual
0.8378378378378386,395000,0.05083721111514047,Diesel,Individual,Manual
0.7297297297297334,190000,0.05083721111514047,Diesel,Individual,Manual
0.7837837837837824,450000,0.06269932589296305,Diesel,Individual,Manual
0.9459459459459438,955000,0.01694545460707592,Diesel,Individual,Manual
0.8108108108108141,525000,0.046600741551632394,Diesel,Individual,Manual
0.9189189189189193,550000,0.012708985043567853,Petrol,Individual,Manual
0.9189189189189193,500000,0.006354280698305751,Petrol,Individual,Manual
0.8918918918918948,825000,0.014191749390795677,Diesel,Individual,Manual
0.7837837837837824,250000,0.02965486329760012,Diesel,Individual,Manual
0.8648648648648631,600000,0.004236045916551717,Petrol,Individual,Manual
0.9459459459459438,1325000,0.00934226268144799,Diesel,Individual,Manual
0.8918918918918948,770000,0.021181924170583986,Diesel,Individual,Manual
0.7567567567567579,415000,0.033227054433550125,Diesel,Individual,Manual
0.7567567567567579,825000,0.0529554458968945,Diesel,Individual,Manual
0.9459459459459438,530000,0.033891332861108195,Diesel,Individual,Manual
0.621621621621621,425000,0.11438425456776148,Diesel,Individual,Manual
0.7837837837837824,310000,0.021181924170583986,Petrol,Individual,Manual
0.9189189189189193,390000,0.008472515480059785,Petrol,Individual,Manual
0.8918918918918948,700000,0.012708985043567853,Petrol,Individual,Manual
0.7297297297297334,200000,0.02965486329760012,Petrol,Individual,Manual
0.8108108108108141,1050000,0.0030498344387694582,Diesel,Individual,Manual
0.8378378378378386,580000,0.04109333111907191,Diesel,Individual,Manual
0.8378378378378386,200000,0.025418393734092055,Petrol,Individual,Manual
0.8108108108108141,245000,0.010590750261813818,Petrol,Individual,Manual
0.7297297297297334,210000,0.03982239025001949,Petrol,Individual,Manual
0.5945945945945965,50000,0.03812780242461626,Petrol,Individual,Manual
0.7837837837837824,700000,0.021181924170583986,Diesel,Individual,Automatic
0.9729729729729755,660000,0.014827219825321886,Diesel,Individual,Manual
0.8648648648648631,630000,0.04977809372426345,Petrol,Individual,Manual
0.7837837837837824,950000,0.03325586242658198,Diesel,Individual,Manual
0.9459459459459438,740000,0.0033887520038501035,Petrol,Individual,Manual
0.9189189189189193,570000,0.010590750261813818,Petrol,Individual,Manual
0.7837837837837824,450000,0.025418393734092055,Diesel,Individual,Manual
0.9729729729729755,390000,0.004236045916551717,Petrol,Individual,Manual
0.7027027027027017,180000,0.02965486329760012,Petrol,Individual,Manual
0.8648648648648631,130000,0.025418393734092055,Petrol,Individual,Manual
0.621621621621621,270000,0.02965486329760012,Petrol,Individual,Manual
0.37837837837837895,60000,0.010590750261813818,Petrol,Individual,Manual
0.621621621621621,170000,0.03812780242461626,Petrol,Individual,Manual
0.8648648648648631,978999,0.03812780242461626,Diesel,Individual,Manual
0.9459459459459438,490000,0.010590750261813818,Petrol,Individual,Manual
0.9459459459459438,390000,0.010590750261813818,Petrol,Individual,Manual
0.8108108108108141,170000,0.025418393734092055,Petrol,Individual,Manual
0.6756756756756772,45000,0.02965486329760012,Petrol,Individual,Manual
0.8918918918918948,640000,0.033891332861108195,Diesel,Individual,Manual
0.8108108108108141,500000,0.04902273120108996,Diesel,Individual,Manual
0.6756756756756772,90000,0.046600741551632394,Diesel,Individual,Manual
0.8378378378378386,480000,0.02965486329760012,Diesel,Individual,Manual
0.9729729729729755,630000,0.0016941641784468764,Petrol,Individual,Manual
0.7567567567567579,250000,0.021181924170583986,Petrol,Individual,Manual
0.8918918918918948,330000,0.02965486329760012,Petrol,Individual,Manual
0.7027027027027017,180000,0.02965486329760012,Petrol,Individual,Manual
0.8918918918918948,550000,0.02330015895233802,Diesel,Individual,Manual
1.0,950000,0.0021178111347976833,Petrol,Individual,Automatic
0.8108108108108141,430000,0.04236427198812433,Diesel,Individual,Manual
0.8378378378378386,348000,0.009743456349112205,Petrol,Individual,Manual
0.8378378378378386,196000,0.025418393734092055,Petrol,Individual,Manual
0.7297297297297334,150000,0.02965486329760012,Petrol,Individual,Manual
0.5945945945945965,90000,0.03473862677380981,Petrol,Individual,Manual
0.7027027027027017,150000,0.025418393734092055,Petrol,Individual,Manual
0.9729729729729755,1250000,0.04236427198812433,Diesel,Individual,Manual
0.8648648648648631,600000,0.03812780242461626,Diesel,Individual,Manual
0.8918918918918948,220000,0.01978643109636443,Petrol,Dealer,Manual
0.621621621621621,110000,0.022674432397807878,Petrol,Dealer,Manual
0.7837837837837824,175000,0.02387843704775687,Diesel,Dealer,Manual
0.7567567567567579,160000,0.020996790450658685,Petrol,Dealer,Manual
0.567567567567572,65000,0.023906821393832375,Petrol,Dealer,Manual
0.5135135135135158,60000,0.022183849222353644,Petrol,Dealer,Manual
0.6486486486486527,120000,0.02266977228128802,Petrol,Dealer,Manual
0.5945945945945965,110000,0.02269137827606191,Petrol,Dealer,Manual
0.8108108108108141,1000000,0.01694545460707592,Diesel,Individual,Automatic
0.7297297297297334,220000,0.019713140172915738,Petrol,Dealer,Manual
0.5945945945945965,105000,0.02526376259502401,Petrol,Dealer,Manual
0.6756756756756772,114999,0.02483884469780415,Petrol,Dealer,Manual
0.6756756756756772,110000,0.02483884469780415,LPG,Dealer,Manual
0.8918918918918948,850000,0.033891332861108195,Diesel,Individual,Automatic
0.8918918918918948,750000,0.02965486329760012,Diesel,Individual,Manual
0.9189189189189193,265000,0.03812780242461626,Petrol,Individual,Manual
0.8378378378378386,450000,0.046600741551632394,Petrol,Individual,Manual
0.8648648648648631,1125000,0.02965486329760012,Diesel,Individual,Manual
0.7027027027027017,270000,0.033891332861108195,Petrol,Individual,Manual
0.6486486486486527,130000,0.03304403894840658,Petrol,Individual,Manual
0.9189189189189193,660000,0.019063689388829953,Diesel,Individual,Manual
0.8648648648648631,240000,0.021181924170583986,Petrol,Individual,Manual
0.9189189189189193,275000,0.02457109982139044,Petrol,Individual,Manual
0.7837837837837824,750000,0.05083721111514047,Diesel,Individual,Manual
0.6486486486486527,65000,0.012708985043567853,Petrol,Individual,Manual
0.9189189189189193,850000,0.06863038328187435,Diesel,Individual,Manual
0.8918918918918948,300000,0.021181924170583986,CNG,Individual,Manual
0.9459459459459438,555000,0.010590750261813818,Petrol,Individual,Manual
0.8648648648648631,825000,0.025418393734092055,Diesel,Individual,Manual
0.7297297297297334,150000,0.02965486329760012,LPG,Individual,Manual
0.7027027027027017,185000,0.058462856329454985,Diesel,Individual,Manual
0.7297297297297334,160000,0.02033463025788237,Petrol,Individual,Manual
0.7837837837837824,500000,0.046600741551632394,Diesel,Individual,Automatic
0.8378378378378386,375000,0.037280508511914646,Diesel,Individual,Manual
0.8648648648648631,900000,0.028807569384898507,Diesel,Individual,Manual
0.9189189189189193,459999,0.02965486329760012,Petrol,Individual,Manual
0.8378378378378386,480000,0.033891332861108195,Diesel,Individual,Manual
0.8108108108108141,320000,0.04236427198812433,Diesel,Individual,Manual
0.8108108108108141,370000,0.0406696841627211,Diesel,Individual,Manual
0.5135135135135158,75000,0.012708985043567853,Petrol,Individual,Manual
0.8918918918918948,400000,0.025418393734092055,Diesel,Individual,Manual
0.5945945945945965,250000,0.03812780242461626,Petrol,Individual,Automatic
0.8378378378378386,425000,0.02753662851584609,Diesel,Individual,Manual
0.8378378378378386,325000,0.02033463025788237,Petrol,Individual,Manual
0.9459459459459438,600000,0.01694545460707592,Petrol,Individual,Manual
0.7837837837837824,120000,0.025418393734092055,Diesel,Individual,Manual
0.7837837837837824,200000,0.02965486329760012,Petrol,Individual,Manual
0.6756756756756772,100000,0.02965486329760012,Petrol,Individual,Manual
0.8378378378378386,350000,0.02965486329760012,Diesel,Individual,Manual
0.621621621621621,85000,0.06354661980566467,Petrol,Individual,Manual
0.9729729729729755,399000,0.004236045916551717,Petrol,Individual,Manual
0.8378378378378386,580000,0.023723805908688826,Diesel,Individual,Manual
0.9189189189189193,290000,0.012708985043567853,Petrol,Individual,Manual
0.8378378378378386,380000,0.021181924170583986,Petrol,Individual,Manual
0.7297297297297334,200000,0.05083721111514047,Diesel,Individual,Manual
0.9459459459459438,390000,0.01694545460707592,CNG,Individual,Manual
0.9189189189189193,500000,0.011649867652690835,Petrol,Individual,Manual
0.7837837837837824,520000,0.030925804166652544,Diesel,Individual,Manual
0.9189189189189193,650000,0.03177309807935416,Diesel,Individual,Manual
0.9459459459459438,380000,0.0021178111347976833,Petrol,Individual,Manual
0.7297297297297334,275000,0.021181924170583986,LPG,Individual,Manual
0.8648648648648631,520000,0.02965486329760012,Diesel,Individual,Manual
0.8648648648648631,610000,0.025418393734092055,Diesel,Individual,Manual
0.567567567567572,85000,0.046600741551632394,Petrol,Individual,Manual
0.8108108108108141,490000,0.040246037206370294,Diesel,Individual,Manual
0.8648648648648631,229999,0.014403572868971079,Petrol,Individual,Manual
0.8648648648648631,411000,0.010590750261813818,Petrol,Individual,Manual
0.9729729729729755,362000,0.05083721111514047,CNG,Individual,Manual
0.8378378378378386,550000,0.013132631999918659,Diesel,Individual,Manual
0.9459459459459438,459999,0.02965486329760012,CNG,Individual,Manual
0.7567567567567579,190000,0.019910983301531567,Petrol,Individual,Manual
0.9459459459459438,358000,0.018640042432479145,Petrol,Individual,Manual
0.7837837837837824,278000,0.05083721111514047,Diesel,Individual,Manual
0.8378378378378386,320000,0.016689148198483682,Diesel,Individual,Manual
0.8108108108108141,580000,0.028383922428547703,Diesel,Individual,Manual
0.9729729729729755,1300000,0.008472515480059785,Petrol,Individual,Automatic
0.9459459459459438,825000,0.01694545460707592,Diesel,Individual,Manual
0.567567567567572,170000,0.05083721111514047,Petrol,Individual,Manual
0.8378378378378386,1700000,0.033891332861108195,Diesel,Individual,Manual
0.9459459459459438,1050000,0.006354280698305751,Diesel,Individual,Manual
0.8918918918918948,210000,0.021181924170583986,Petrol,Individual,Manual
0.8918918918918948,1250000,0.012708985043567853,Diesel,Individual,Manual
0.7837837837837824,320000,0.05083721111514047,Diesel,Individual,Manual
0.7837837837837824,400000,0.02711298155949528,Diesel,Individual,Manual
0.8108108108108141,320000,0.05083721111514047,Diesel,Individual,Manual
0.7027027027027017,170000,0.024994746777741248,Petrol,Individual,Manual
0.7837837837837824,155000,0.04151697807542271,Diesel,Individual,Manual
0.7837837837837824,240000,0.02965486329760012,Diesel,Individual,Manual
0.7567567567567579,320000,0.05083721111514047,Diesel,Individual,Manual
0.8648648648648631,620000,0.0593101502421566,Diesel,Individual,Manual
0.8648648648648631,550000,0.01694545460707592,Diesel,Individual,Manual
0.8378378378378386,600000,0.03812780242461626,Diesel,Individual,Manual
0.8378378378378386,649000,0.04956627024608804,Diesel,Individual,Manual
0.8378378378378386,625000,0.03812780242461626,Diesel,Individual,Manual
0.7297297297297334,125000,0.02965486329760012,Petrol,Individual,Manual
0.7027027027027017,305000,0.09743837631372922,Diesel,Individual,Manual
0.7297297297297334,285000,0.0656648545874187,Petrol,Individual,Manual
0.8648648648648631,600000,0.025418393734092055,Diesel,Individual,Manual
0.8918918918918948,426000,0.046600741551632394,Petrol,Individual,Manual
0.7297297297297334,180000,0.05083721111514047,Diesel,Individual,Manual
0.7567567567567579,400000,0.04236427198812433,Diesel,Individual,Manual
0.7297297297297334,120000,0.01694545460707592,Petrol,Individual,Manual
0.7837837837837824,300000,0.046600741551632394,Diesel,Individual,Manual
0.7567567567567579,190000,0.03918691981549328,Petrol,Individual,Manual
0.9729729729729755,380000,0.006354280698305751,Petrol,Individual,Manual
0.9729729729729755,740000,0.005930633741954944,Diesel,Individual,Manual
0.8918918918918948,260000,0.014827219825321886,Petrol,Individual,Manual
0.9189189189189193,320000,0.013556278956269466,Petrol,Individual,Manual
0.8108108108108141,211000,0.03812780242461626,CNG,Individual,Manual
0.9729729729729755,380000,0.005930633741954944,Petrol,Individual,Automatic
0.8378378378378386,160000,0.02965486329760012,Diesel,Individual,Manual
0.9729729729729755,1270000,0.008472515480059785,Petrol,Individual,Automatic
0.7567567567567579,300000,0.1270936632582857,LPG,Individual,Manual
0.8648648648648631,405000,0.04236427198812433,Diesel,Individual,Manual
0.8648648648648631,850000,0.027451899124575928,Diesel,Individual,Manual
0.9189189189189193,680000,0.03812780242461626,Diesel,Individual,Manual
0.8378378378378386,426999,0.033891332861108195,Petrol,Individual,Manual
0.8648648648648631,525000,0.10506402152804373,Diesel,Individual,Manual
0.8378378378378386,1019999,0.025418393734092055,Diesel,Individual,Manual
0.5945945945945965,245000,0.05083721111514047,Diesel,Individual,Manual
0.8648648648648631,869999,0.05083721111514047,Diesel,Individual,Manual
0.7297297297297334,160000,0.028148374720816653,LPG,Individual,Manual
0.8918918918918948,700000,0.03643321459921303,Diesel,Individual,Manual
0.7837837837837824,300000,0.03812780242461626,Diesel,Individual,Manual
0.6486486486486527,175000,0.09255076137830995,Petrol,Individual,Automatic
0.7837837837837824,960000,0.06481756067471708,Diesel,Individual,Manual
0.8378378378378386,525000,0.02965486329760012,Diesel,Individual,Manual
0.8648648648648631,345000,0.025418393734092055,Diesel,Individual,Manual
0.8648648648648631,390000,0.021181924170583986,Petrol,Individual,Manual
0.8648648648648631,275000,0.008472515480059785,Petrol,Individual,Manual
0.8378378378378386,310000,0.014827219825321886,Petrol,Individual,Manual
0.9189189189189193,500000,0.008472515480059785,Petrol,Individual,Manual
0.8108108108108141,200000,0.02965486329760012,Diesel,Individual,Manual
0.9459459459459438,650000,0.022452865039636408,Diesel,Individual,Manual
0.9459459459459438,1031000,0.025418393734092055,Diesel,Individual,Manual
0.9459459459459438,330000,0.02965486329760012,Petrol,Individual,Manual
0.9729729729729755,399000,0.0016941641784468764,Petrol,Individual,Manual
0.7837837837837824,250000,0.043635212857176746,Petrol,Individual,Manual
0.8108108108108141,375000,0.03262039199205577,Diesel,Individual,Manual
0.7837837837837824,375000,0.03812780242461626,Diesel,Individual,Manual
0.8108108108108141,445000,0.03693523624248874,Diesel,Individual,Manual
0.5405405405405403,55000,0.07074861806362838,Petrol,Individual,Manual
0.8918918918918948,611000,0.03262039199205577,Diesel,Individual,Manual
0.8378378378378386,459999,0.046600741551632394,Diesel,Individual,Manual
0.7567567567567579,275000,0.05083721111514047,Diesel,Individual,Manual
0.7567567567567579,185000,0.0720195589326808,CNG,Individual,Manual
0.7837837837837824,390000,0.04236427198812433,Diesel,Individual,Manual
0.6486486486486527,72000,0.01694545460707592,Petrol,Individual,Manual
0.8648648648648631,500000,0.0529554458968945,Diesel,Individual,Manual
0.7567567567567579,200000,0.05803920937310418,CNG,Individual,Manual
0.9729729729729755,1575000,0.0076252215673581715,Diesel,Individual,Manual
0.8648648648648631,511000,0.012708985043567853,Petrol,Individual,Manual
0.7027027027027017,150000,0.02330015895233802,Petrol,Individual,Manual
1.0,1500000,0.01694545460707592,Petrol,Individual,Automatic
0.8108108108108141,185000,0.033891332861108195,Petrol,Individual,Manual
0.9459459459459438,550000,0.012708985043567853,Petrol,Individual,Manual
0.9189189189189193,325000,0.0015094541054779247,Petrol,Individual,Manual
0.8648648648648631,525000,0.033891332861108195,Diesel,Individual,Manual
0.9459459459459438,1050000,0.0055069867856041375,Diesel,Individual,Manual
0.7837837837837824,300000,0.05083721111514047,Diesel,Individual,Manual
0.7567567567567579,120000,0.03812780242461626,Petrol,Individual,Manual
0.9189189189189193,2625000,0.0038123989602009104,Diesel,Dealer,Automatic
0.9189189189189193,3200000,0.019063689388829953,Diesel,Dealer,Automatic
0.8648648648648631,503000,0.046600741551632394,Diesel,Individual,Manual
0.9729729729729755,3800000,0.008472515480059785,Diesel,Individual,Automatic
0.8918918918918948,2000000,0.02884527396401373,Petrol,Trustmark Dealer,Automatic
0.8108108108108141,225000,0.02471641072741877,Petrol,Trustmark Dealer,Manual
0.9459459459459438,740000,0.016444280257712916,Diesel,Dealer,Manual
0.8918918918918948,550000,0.023933087505126127,Petrol,Trustmark Dealer,Manual
0.8108108108108141,750000,0.03360664210644045,Diesel,Trustmark Dealer,Manual
0.9729729729729755,650000,0.002380895894691534,Petrol,Trustmark Dealer,Automatic
0.9459459459459438,600000,0.029561237320246594,Petrol,Dealer,Automatic
0.9189189189189193,450000,0.02384666352603056,Diesel,Dealer,Manual
0.9729729729729755,5400000,0.0031769285256747003,Diesel,Dealer,Automatic
0.9729729729729755,5500000,0.0036005754820255067,Diesel,Dealer,Automatic
0.9729729729729755,779000,0.0029786617501025227,Petrol,Trustmark Dealer,Automatic
0.8918918918918948,645000,0.004659692872902524,Petrol,Dealer,Automatic
0.9459459459459438,2475000,0.0008468702657452627,Diesel,Dealer,Automatic
0.7567567567567579,170000,0.021181924170583986,Petrol,Individual,Manual
0.7297297297297334,320000,0.01779274851977753,Diesel,Individual,Manual
0.8918918918918948,350000,0.007201574611007364,Petrol,Individual,Automatic
0.9459459459459438,500000,0.01694545460707592,Petrol,Individual,Automatic
0.7027027027027017,135000,0.05803920937310418,Diesel,Individual,Manual
0.9459459459459438,340000,0.008472515480059785,Petrol,Individual,Manual
1.0,330000,0.02965486329760012,Petrol,Individual,Manual
0.7567567567567579,350000,0.020654907356883582,Petrol,Individual,Manual
0.8918918918918948,400000,0.046600741551632394,Diesel,Individual,Manual
0.8378378378378386,325000,0.034027747181053156,Diesel,Dealer,Manual
0.8648648648648631,1000000,0.014827219825321886,Diesel,Individual,Manual
0.9189189189189193,850000,0.046600741551632394,Diesel,Individual,Manual
0.7837837837837824,350000,0.02965486329760012,Diesel,Individual,Manual
0.9189189189189193,2625000,0.0038123989602009104,Diesel,Dealer,Automatic
0.9729729729729755,5150000,0.008472515480059785,Petrol,Dealer,Automatic
0.9189189189189193,3200000,0.019063689388829953,Diesel,Dealer,Automatic
0.8648648648648631,503000,0.046600741551632394,Diesel,Individual,Manual
0.9729729729729755,3800000,0.008472515480059785,Diesel,Individual,Automatic
0.8918918918918948,2000000,0.02884527396401373,Petrol,Trustmark Dealer,Automatic
0.8108108108108141,225000,0.02471641072741877,Petrol,Trustmark Dealer,Manual
0.9459459459459438,740000,0.016444280257712916,Diesel,Dealer,Manual
0.8918918918918948,550000,0.023933087505126127,Petrol,Trustmark Dealer,Manual
0.8108108108108141,750000,0.03360664210644045,Diesel,Trustmark Dealer,Manual
0.9729729729729755,650000,0.002380895894691534,Petrol,Trustmark Dealer,Automatic
0.9189189189189193,625000,0.010818672324330553,Petrol,Trustmark Dealer,Manual
0.9189189189189193,450000,0.02384666352603056,Diesel,Dealer,Manual
0.9729729729729755,5400000,0.0031769285256747003,Diesel,Dealer,Automatic
0.9729729729729755,5500000,0.0036005754820255067,Diesel,Dealer,Automatic
0.9729729729729755,779000,0.0029786617501025227,Petrol,Trustmark Dealer,Automatic
0.8918918918918948,645000,0.004659692872902524,Petrol,Dealer,Automatic
0.9459459459459438,2475000,0.0008468702657452627,Diesel,Dealer,Automatic
0.7837837837837824,500000,0.03812780242461626,Diesel,Individual,Manual
0.8648648648648631,550000,0.05083721111514047,Diesel,Individual,Manual
0.8648648648648631,925000,0.025418393734092055,Diesel,Individual,Manual
0.7297297297297334,509999,0.04109333111907191,Diesel,Individual,Automatic
0.7567567567567579,250000,0.04236427198812433,Diesel,Individual,Manual
0.8648648648648631,500000,0.015250866781672694,Petrol,Individual,Manual
0.9729729729729755,1050000,0.011438044174515433,Diesel,Individual,Manual
1.0,415000,0.006354280698305751,Petrol,Individual,Manual
0.8108108108108141,190000,0.025418393734092055,Petrol,Individual,Manual
0.9459459459459438,680000,0.05083721111514047,Diesel,Individual,Manual
0.8108108108108141,190000,0.025418393734092055,Petrol,Individual,Manual
0.8108108108108141,479000,0.07329049980173322,Diesel,Individual,Manual
0.8918918918918948,270000,0.025418393734092055,Petrol,Individual,Manual
0.6756756756756772,170000,0.02965486329760012,Petrol,Individual,Manual
0.9459459459459438,764000,0.010590750261813818,Petrol,Individual,Manual
0.9189189189189193,310000,0.014827219825321886,Petrol,Individual,Manual
0.9189189189189193,620000,0.04236427198812433,Diesel,Individual,Manual
0.9189189189189193,280000,0.013132631999918659,Petrol,Individual,Manual
0.8648648648648631,1500000,0.033891332861108195,Diesel,Individual,Automatic
0.8918918918918948,450000,0.01694545460707592,Petrol,Individual,Manual
0.8108108108108141,3600000,0.021181924170583986,Diesel,Individual,Automatic
0.6756756756756772,285000,0.025418393734092055,Petrol,Individual,Manual
0.7027027027027017,1100000,0.025418393734092055,Diesel,Individual,Automatic
0.7567567567567579,350000,0.046600741551632394,Diesel,Individual,Manual
0.9189189189189193,600000,0.014827219825321886,Petrol,Individual,Manual
0.9189189189189193,570000,0.014827219825321886,Petrol,Individual,Manual
0.8918918918918948,325000,0.008472515480059785,Petrol,Individual,Manual
0.8918918918918948,975000,0.022876511995987215,Diesel,Individual,Automatic
0.8648648648648631,480000,0.025418393734092055,Petrol,Individual,Manual
0.8378378378378386,185000,0.004363140003456959,Petrol,Individual,Manual
0.8648648648648631,1050000,0.021181924170583986,Diesel,Individual,Automatic
0.9729729729729755,760000,0.0012705172220960695,Petrol,Individual,Manual
0.9729729729729755,570000,0.0021178111347976833,Petrol,Individual,Manual
0.621621621621621,130000,0.06142838502391063,Petrol,Individual,Manual
0.8648648648648631,775000,0.012708985043567853,Petrol,Individual,Automatic
0.6486486486486527,750000,0.025418393734092055,Diesel,Individual,Automatic
0.7297297297297334,140000,0.04236427198812433,Petrol,Individual,Manual
0.8918918918918948,220000,0.01694545460707592,Petrol,Individual,Manual
0.8108108108108141,184000,0.006354280698305751,Petrol,Individual,Manual
0.5135135135135158,210000,0.11650248934951551,Diesel,Individual,Manual
0.9189189189189193,440000,0.021181924170583986,Petrol,Individual,Manual
0.9189189189189193,650000,0.033891332861108195,Diesel,Individual,Manual
0.9189189189189193,660000,0.021181924170583986,Diesel,Individual,Automatic
0.9189189189189193,380000,0.012708985043567853,CNG,Individual,Manual
0.7837837837837824,415000,0.0529554458968945,Diesel,Individual,Manual
0.7837837837837824,225000,0.046600741551632394,Petrol,Individual,Manual
0.8108108108108141,600000,0.012708985043567853,Diesel,Individual,Manual
0.8378378378378386,620000,0.06269932589296305,Diesel,Individual,Manual
0.8918918918918948,750000,0.014827219825321886,Diesel,Individual,Manual
0.8918918918918948,400000,0.033891332861108195,Petrol,Individual,Manual
0.5945945945945965,110000,0.046600741551632394,Petrol,Individual,Manual
0.7837837837837824,119000,0.040246037206370294,Diesel,Individual,Manual
0.8648648648648631,600000,0.010590750261813818,Diesel,Individual,Manual
0.7567567567567579,200000,0.033891332861108195,CNG,Individual,Manual
0.8378378378378386,280000,0.025418393734092055,Diesel,Individual,Manual
0.8108108108108141,375000,0.04236427198812433,Petrol,Individual,Manual
0.8918918918918948,350000,0.021181924170583986,Petrol,Individual,Manual
0.9189189189189193,620000,0.013132631999918659,Diesel,Individual,Manual
0.9189189189189193,570000,0.05083721111514047,Diesel,Individual,Manual
0.7837837837837824,290000,0.04448250676987836,Diesel,Individual,Manual
0.8918918918918948,711000,0.05083721111514047,Diesel,Individual,Manual
0.7837837837837824,370000,0.025418393734092055,Diesel,Individual,Manual
1.0,550000,0.006354280698305751,Petrol,Individual,Manual
0.8108108108108141,325000,0.06354661980566467,Petrol,Individual,Manual
0.9459459459459438,670000,0.03939874329366868,Diesel,Individual,Manual
0.9189189189189193,385000,0.01779274851977753,Petrol,Individual,Manual
0.6756756756756772,114999,0.033891332861108195,Petrol,Individual,Manual
0.7297297297297334,200000,0.03812780242461626,Petrol,Individual,Manual
0.9729729729729755,860000,0.0027532815693238934,Diesel,Individual,Automatic
0.9459459459459438,600000,0.025418393734092055,Diesel,Individual,Manual
0.8918918918918948,265000,0.046600741551632394,Petrol,Individual,Manual
0.8648648648648631,155000,0.025418393734092055,CNG,Individual,Manual
0.9729729729729755,900000,0.025418393734092055,Diesel,Individual,Manual
0.8108108108108141,650000,0.0720195589326808,Diesel,Individual,Manual
0.567567567567572,70000,0.09320190675022114,Petrol,Individual,Manual
0.7837837837837824,180000,0.033891332861108195,Petrol,Individual,Manual
0.8108108108108141,200000,0.024147452865039633,Petrol,Individual,Manual
0.8378378378378386,300000,0.04236427198812433,Petrol,Individual,Manual
0.8648648648648631,650000,0.01694545460707592,Petrol,Individual,Manual
0.8378378378378386,400000,0.03812780242461626,Petrol,Individual,Manual
0.7837837837837824,310000,0.03643321459921303,Diesel,Individual,Manual
0.7027027027027017,70000,0.006354280698305751,Petrol,Individual,Manual
0.9189189189189193,675000,0.02965486329760012,Diesel,Individual,Manual
0.8108108108108141,350000,0.05083721111514047,Petrol,Individual,Manual
0.8378378378378386,240000,0.033891332861108195,Petrol,Individual,Manual
0.8378378378378386,185000,0.033891332861108195,Diesel,Individual,Manual
0.7027027027027017,135000,0.04236427198812433,Petrol,Individual,Manual
0.7567567567567579,500000,0.033891332861108195,Diesel,Individual,Manual
0.7297297297297334,300000,0.046158877776158506,Diesel,Individual,Manual
0.9189189189189193,328000,0.028807569384898507,Petrol,Individual,Manual
0.8648648648648631,575000,0.046600741551632394,Diesel,Individual,Manual
0.7837837837837824,700000,0.021181924170583986,Diesel,Individual,Manual
0.6756756756756772,105000,0.04236427198812433,Petrol,Individual,Manual
0.6756756756756772,60000,0.033891332861108195,Petrol,Individual,Manual
0.6756756756756772,112999,0.033891332861108195,Petrol,Individual,Manual
0.8648648648648631,229999,0.05083721111514047,Diesel,Individual,Manual
0.7837837837837824,325000,0.06354661980566467,Diesel,Individual,Manual
0.9189189189189193,650000,0.008472515480059785,Petrol,Individual,Manual
0.7027027027027017,85000,0.033891332861108195,Diesel,Individual,Manual
0.8648648648648631,570000,0.03939874329366868,Diesel,Individual,Manual
0.8648648648648631,525000,0.05676826850405176,Diesel,Individual,Manual
0.8108108108108141,350000,0.03812780242461626,Petrol,Individual,Manual
0.6486486486486527,250000,0.025418393734092055,Petrol,Individual,Manual
0.7297297297297334,300000,0.05083721111514047,Diesel,Individual,Manual
0.9189189189189193,1325000,0.012708985043567853,Diesel,Individual,Manual
0.9189189189189193,650000,0.009404538784031559,Diesel,Individual,Manual
0.9459459459459438,520000,0.0025414580911484897,Petrol,Individual,Manual
0.8918918918918948,500000,0.013556278956269466,Petrol,Individual,Manual
0.8918918918918948,220000,0.03812780242461626,Petrol,Individual,Manual
0.9189189189189193,650000,0.03304403894840658,Diesel,Individual,Manual
0.9189189189189193,819999,0.00508333982925333,Petrol,Individual,Manual
0.8918918918918948,645000,0.05083721111514047,Diesel,Individual,Manual
0.8648648648648631,780000,0.01694545460707592,Diesel,Individual,Manual
0.6756756756756772,215000,0.046600741551632394,Petrol,Individual,Manual
0.6486486486486527,600000,0.11014778500425342,Diesel,Individual,Manual
0.7567567567567579,114999,0.004236045916551717,Petrol,Individual,Manual
0.7837837837837824,75000,0.00508333982925333,Petrol,Individual,Manual
0.7567567567567579,120000,0.025418393734092055,Petrol,Individual,Manual
0.8918918918918948,250000,0.017369101563426727,Petrol,Individual,Manual
0.9459459459459438,200000,0.010590750261813818,Petrol,Individual,Manual
0.9459459459459438,560000,0.021181924170583986,Diesel,Individual,Manual
0.9459459459459438,575000,0.004236045916551717,Petrol,Individual,Manual
0.9189189189189193,620000,0.01694545460707592,Diesel,Individual,Manual
0.7837837837837824,525000,0.05083721111514047,Diesel,Individual,Manual
0.9189189189189193,635000,0.01694545460707592,Diesel,Individual,Manual
0.4864864864864842,39000,0.01783850239106342,Petrol,Individual,Manual
0.9189189189189193,550000,0.02965486329760012,Diesel,Individual,Manual
0.7027027027027017,145000,0.06354661980566467,Diesel,Individual,Manual
0.6486486486486527,130000,0.04236427198812433,Diesel,Individual,Manual
0.9189189189189193,825000,0.033467685904757384,Diesel,Dealer,Manual
0.8648648648648631,1650000,0.038551449380967065,Diesel,Dealer,Automatic
0.9459459459459438,875000,0.021181924170583986,Diesel,Dealer,Manual
0.8918918918918948,650000,0.034314979817459,Diesel,Dealer,Manual
0.8378378378378386,2000000,0.021605571126934793,Diesel,Individual,Automatic
0.9459459459459438,2850000,0.011438044174515433,Diesel,Dealer,Automatic
0.9459459459459438,2800000,0.011014397218164626,Diesel,Dealer,Automatic
0.9459459459459438,3900000,0.007243939306642445,Diesel,Dealer,Automatic
0.8108108108108141,246000,0.023723805908688826,Diesel,Dealer,Manual
0.9729729729729755,1450000,0.009319809392761398,Petrol,Dealer,Automatic
0.9189189189189193,850000,0.012708985043567853,Petrol,Dealer,Automatic
0.8648648648648631,560000,0.01821681912308469,Diesel,Dealer,Manual
0.8648648648648631,575000,0.025418393734092055,Diesel,Dealer,Manual
0.9729729729729755,470000,0.0038123989602009104,Petrol,Dealer,Automatic
0.8378378378378386,221000,0.02753662851584609,Diesel,Dealer,Manual
0.8108108108108141,700000,0.026265687646793667,Diesel,Dealer,Manual
0.8918918918918948,1950000,0.02033463025788237,Diesel,Dealer,Automatic
0.8648648648648631,875000,0.030502157210301736,Diesel,Dealer,Automatic
0.9189189189189193,850000,0.014827219825321886,Diesel,Individual,Manual
0.8108108108108141,550000,0.04261846016193481,Diesel,Individual,Manual
0.8108108108108141,480000,0.04448250676987836,Diesel,Individual,Manual
0.9189189189189193,1050000,0.03812780242461626,Diesel,Individual,Manual
0.8918918918918948,631000,0.039138200415512935,Diesel,Individual,Manual
0.8648648648648631,165000,0.010590750261813818,Petrol,Individual,Manual
0.7297297297297334,320000,0.025418393734092055,Petrol,Individual,Manual
0.7837837837837824,360000,0.04236427198812433,Petrol,Individual,Manual
0.567567567567572,130000,0.04236427198812433,Petrol,Individual,Automatic
0.621621621621621,175000,0.010590750261813818,Petrol,Individual,Manual
0.8918918918918948,725000,0.05083721111514047,Diesel,Individual,Manual
0.8378378378378386,280000,0.0783742632779429,Diesel,Individual,Manual
0.7567567567567579,325000,0.05676826850405176,Diesel,Individual,Manual
0.9459459459459438,500000,0.05083721111514047,Petrol,Individual,Manual
0.8378378378378386,825000,0.06990132415092677,Diesel,Individual,Manual
0.8918918918918948,350000,0.05083721111514047,Diesel,Individual,Manual
0.7567567567567579,470000,0.03770415546826546,Diesel,Individual,Manual
0.7027027027027017,125000,0.05083721111514047,Diesel,Individual,Manual
0.621621621621621,140000,0.05083721111514047,Petrol,Individual,Automatic
0.8108108108108141,484999,0.021181924170583986,Diesel,Individual,Manual
0.9459459459459438,308000,0.006354280698305751,Petrol,Individual,Manual
0.9729729729729755,570000,0.0055069867856041375,Petrol,Individual,Manual
0.7297297297297334,900000,0.10167484587723728,Diesel,Individual,Manual
0.9189189189189193,1800000,0.019063689388829953,Diesel,Individual,Manual
0.5945945945945965,400000,0.012708985043567853,Diesel,Individual,Manual
0.9459459459459438,680000,0.011861691130866239,Petrol,Individual,Automatic
0.9189189189189193,700000,0.02965486329760012,Diesel,Individual,Manual
0.8378378378378386,280000,0.03812780242461626,Petrol,Individual,Manual
0.7297297297297334,125000,0.05083721111514047,Diesel,Individual,Manual
0.7027027027027017,130000,0.04236427198812433,Diesel,Individual,Manual
0.8648648648648631,1050000,0.05083721111514047,Diesel,Individual,Manual
0.8108108108108141,400000,0.05083721111514047,Diesel,Individual,Manual
0.8378378378378386,850000,0.05083721111514047,Diesel,Individual,Manual
0.8378378378378386,475000,0.03516227373016061,Diesel,Individual,Manual
0.5405405405405403,150000,0.01694545460707592,Petrol,Individual,Manual
0.9459459459459438,2900000,0.01948733634518076,Diesel,Individual,Manual
0.8648648648648631,1100000,0.05803920937310418,Diesel,Individual,Manual
0.9189189189189193,285000,0.010590750261813818,Petrol,Individual,Manual
0.9459459459459438,650000,0.021181924170583986,Diesel,Individual,Manual
0.7837837837837824,275000,0.025418393734092055,Petrol,Individual,Manual
0.45945945945945965,60000,0.04236427198812433,Petrol,Individual,Manual
0.7567567567567579,229999,0.04448250676987836,Diesel,Individual,Manual
0.8648648648648631,300000,0.008472515480059785,Petrol,Individual,Manual
0.8918918918918948,940000,0.021181924170583986,Diesel,Individual,Manual
0.8648648648648631,600000,0.05083721111514047,Diesel,Individual,Manual
0.9189189189189193,800000,0.02965486329760012,Diesel,Individual,Manual
0.9189189189189193,580000,0.03812780242461626,Diesel,Individual,Manual
0.9459459459459438,450000,0.03177309807935416,Petrol,Individual,Manual
0.7567567567567579,290000,0.03495045025198521,Diesel,Individual,Manual
0.8378378378378386,530000,0.046600741551632394,Diesel,Individual,Manual
0.9729729729729755,960000,0.008472515480059785,Diesel,Individual,Manual
0.7027027027027017,290000,0.046600741551632394,Petrol,Individual,Manual
0.6756756756756772,160000,0.04236427198812433,Diesel,Individual,Manual
0.9189189189189193,400000,0.0220292180832856,Petrol,Individual,Manual
0.9189189189189193,700000,0.03812780242461626,Diesel,Individual,Manual
0.7837837837837824,361000,0.03812780242461626,Diesel,Individual,Manual
0.8108108108108141,390000,0.022452865039636408,Diesel,Individual,Manual
0.7837837837837824,200000,0.07625602849618887,Diesel,Individual,Manual
0.8108108108108141,390000,0.022452865039636408,Diesel,Individual,Manual
0.8108108108108141,500000,0.022452865039636408,Diesel,Individual,Manual
0.8648648648648631,503000,0.046600741551632394,Diesel,Individual,Manual
0.9189189189189193,775000,0.013556278956269466,Diesel,Dealer,Manual
0.9459459459459438,750000,0.0021178111347976833,Diesel,Individual,Manual
0.9459459459459438,570000,0.010590750261813818,Petrol,Individual,Manual
0.8918918918918948,484999,0.012708985043567853,Petrol,Individual,Manual
0.9189189189189193,700000,0.018216395476128338,Petrol,Dealer,Manual
0.7837837837837824,415000,0.025418393734092055,Petrol,Dealer,Manual
0.8378378378378386,484999,0.022876511995987215,Diesel,Dealer,Manual
0.8918918918918948,675000,0.0220292180832856,Diesel,Individual,Manual
0.8648648648648631,680000,0.021181924170583986,Petrol,Individual,Manual
0.8108108108108141,235000,0.0220292180832856,Petrol,Dealer,Manual
0.9459459459459438,1700000,0.006354280698305751,Diesel,Individual,Manual
0.8648648648648631,1200000,0.021181924170583986,Diesel,Individual,Automatic
0.8378378378378386,630000,0.023723805908688826,Diesel,Individual,Manual
0.9459459459459438,640000,0.03473862677380981,Diesel,Individual,Manual
0.8378378378378386,355000,0.05126085807149127,Petrol,Dealer,Manual
0.7837837837837824,560000,0.043170472146059916,Diesel,Individual,Manual
0.9459459459459438,580000,0.05083721111514047,Diesel,Individual,Manual
0.7297297297297334,185000,0.03625019911406949,Diesel,Dealer,Manual
0.9729729729729755,660000,0.004236045916551717,Petrol,Individual,Automatic
0.8378378378378386,220000,0.004236045916551717,Petrol,Individual,Manual
0.6486486486486527,150000,0.025418393734092055,Petrol,Individual,Manual
0.9729729729729755,509999,0.004236045916551717,Petrol,Individual,Manual
0.8378378378378386,515000,0.025418393734092055,Diesel,Individual,Manual
0.8378378378378386,1250000,0.01779274851977753,Petrol,Individual,Automatic
0.8378378378378386,350000,0.021181924170583986,Diesel,Individual,Manual
0.9459459459459438,375000,0.004871516351077927,Petrol,Individual,Manual
0.9729729729729755,950000,0.006354280698305751,Diesel,Individual,Manual
0.8648648648648631,615000,0.013556278956269466,Diesel,Individual,Manual
0.7567567567567579,275000,0.021181924170583986,Petrol,Individual,Manual
1.0,7200000,0.0021178111347976833,Diesel,Individual,Automatic
0.9189189189189193,400000,0.004236045916551717,Petrol,Individual,Manual
0.9729729729729755,930000,0.006354280698305751,Diesel,Individual,Manual
0.7837837837837824,310000,0.04236427198812433,Petrol,Individual,Manual
0.7837837837837824,320000,0.05083721111514047,Diesel,Individual,Manual
0.8918918918918948,1670000,0.010590750261813818,Diesel,Individual,Manual
0.8108108108108141,356000,0.02965486329760012,Diesel,Individual,Manual
0.8108108108108141,500000,0.013556278956269466,Petrol,Individual,Manual
0.9459459459459438,409999,0.014827219825321886,Petrol,Individual,Manual
0.9729729729729755,980000,0.021181924170583986,Diesel,Individual,Manual
0.5945945945945965,150000,0.04236427198812433,Diesel,Individual,Manual
0.9729729729729755,750000,0.0013128819177311503,Petrol,Individual,Automatic
0.8108108108108141,500000,0.025418393734092055,Petrol,Individual,Automatic
0.8108108108108141,355000,0.0720195589326808,Diesel,Individual,Manual
0.7567567567567579,200000,0.021181924170583986,Diesel,Individual,Manual
0.6756756756756772,370000,0.05083721111514047,Diesel,Individual,Manual
0.8648648648648631,450000,0.008472515480059785,Petrol,Individual,Manual
0.8648648648648631,486000,0.004236045916551717,Petrol,Individual,Manual
0.7567567567567579,242000,0.05083721111514047,Diesel,Individual,Manual
0.9459459459459438,580000,0.010590750261813818,Petrol,Individual,Manual
0.8378378378378386,500000,0.05507368067864853,Diesel,Individual,Manual
0.567567567567572,170000,0.05083721111514047,Petrol,Individual,Manual
0.8918918918918948,710000,0.025418393734092055,Diesel,Individual,Manual
0.7837837837837824,220000,0.02965486329760012,Diesel,Individual,Manual
1.0,654000,0.000423223309394456,Petrol,Individual,Automatic
0.9729729729729755,835000,0.004236045916551717,Petrol,Individual,Automatic
0.7297297297297334,250000,0.019910983301531567,Petrol,Individual,Manual
0.9729729729729755,600000,0.0076252215673581715,Petrol,Individual,Manual
0.8918918918918948,459999,0.025418393734092055,Petrol,Individual,Manual
0.9459459459459438,275000,0.008472515480059785,Petrol,Individual,Manual
0.9189189189189193,408000,0.025418393734092055,Petrol,Individual,Manual
0.9459459459459438,1200000,0.010590750261813818,Diesel,Individual,Manual
0.8378378378378386,375000,0.0220292180832856,Petrol,Individual,Manual
0.621621621621621,94500,0.018640042432479145,Petrol,Individual,Manual
0.7567567567567579,300000,0.007201574611007364,Petrol,Individual,Manual
0.7027027027027017,350000,0.014827219825321886,Petrol,Individual,Manual
0.7567567567567579,975000,0.05083721111514047,Diesel,Individual,Manual
0.8648648648648631,600000,0.04236427198812433,Petrol,Individual,Manual
0.8378378378378386,700000,0.1270936632582857,Diesel,Individual,Manual
0.9189189189189193,640000,0.03812780242461626,Diesel,Individual,Manual
0.9189189189189193,1110000,0.07879791023429371,Diesel,Individual,Manual
0.8378378378378386,570000,0.033467685904757384,Diesel,Individual,Manual
0.7297297297297334,451999,0.05083721111514047,Diesel,Individual,Manual
0.8918918918918948,240000,0.02512184086464649,Petrol,Individual,Manual
0.8648648648648631,350000,0.025418393734092055,Diesel,Individual,Manual
0.7837837837837824,360000,0.025418393734092055,Petrol,Individual,Manual
0.7297297297297334,250000,0.033891332861108195,Petrol,Individual,Manual
0.9729729729729755,550000,0.004871516351077927,Petrol,Individual,Manual
0.7837837837837824,180000,0.023723805908688826,Petrol,Individual,Manual
0.8918918918918948,425000,0.028807569384898507,Diesel,Individual,Manual
0.9729729729729755,409999,0.010590750261813818,Petrol,Individual,Manual
0.9459459459459438,438999,0.010590750261813818,Petrol,Individual,Manual
0.8378378378378386,225000,0.04236427198812433,Petrol,Individual,Manual
0.9189189189189193,580000,0.040246037206370294,Diesel,Individual,Manual
0.6756756756756772,200000,0.04236427198812433,Petrol,Individual,Manual
0.621621621621621,75000,0.03812780242461626,Petrol,Individual,Manual
0.8108108108108141,250000,0.019910983301531567,Diesel,Individual,Manual
0.7567567567567579,170000,0.07413779371443484,Diesel,Individual,Manual
0.7297297297297334,300000,0.025418393734092055,Petrol,Individual,Manual
0.5945945945945965,160000,0.1270936632582857,Diesel,Individual,Manual
0.8378378378378386,409999,0.06354661980566467,Diesel,Individual,Manual
0.7837837837837824,350000,0.046600741551632394,Diesel,Individual,Manual
0.9729729729729755,310000,0.010590750261813818,Petrol,Individual,Manual
0.7297297297297334,135000,0.040246037206370294,Petrol,Individual,Manual
0.7297297297297334,220000,0.04236427198812433,Diesel,Individual,Manual
0.9189189189189193,570000,0.008472515480059785,Petrol,Individual,Manual
0.8378378378378386,500000,0.03558592068651142,Diesel,Individual,Manual
0.8918918918918948,875000,0.01694545460707592,Diesel,Individual,Manual
0.7567567567567579,210000,0.04236427198812433,Diesel,Individual,Manual
0.7567567567567579,210000,0.05083721111514047,Diesel,Individual,Manual
0.7297297297297334,200000,0.033891332861108195,LPG,Individual,Manual
0.7567567567567579,175000,0.07413779371443484,Petrol,Individual,Manual
0.9189189189189193,700000,0.012708985043567853,Petrol,Individual,Manual
0.9189189189189193,700000,0.012708985043567853,Petrol,Individual,Manual
0.9729729729729755,550000,0.011861691130866239,Petrol,Individual,Automatic
0.7027027027027017,210000,0.03784056978821041,Petrol,Individual,Manual
0.8108108108108141,175000,0.032196745035704966,Diesel,Individual,Manual
0.7837837837837824,180000,0.02965486329760012,Petrol,Individual,Manual
0.6486486486486527,118000,0.046600741551632394,Petrol,Individual,Manual
0.6486486486486527,170000,0.05083721111514047,Diesel,Individual,Manual
0.7027027027027017,120000,0.046600741551632394,Petrol,Individual,Manual
0.9459459459459438,700000,0.025418393734092055,Diesel,Individual,Manual
0.6486486486486527,80000,0.026689334603144474,Petrol,Individual,Automatic
0.8918918918918948,425000,0.05083721111514047,Diesel,Individual,Manual
0.9189189189189193,625000,0.009959939943807467,Petrol,Individual,Manual
0.9189189189189193,640000,0.00953671663441301,Petrol,Individual,Manual
0.7297297297297334,180000,0.05083721111514047,Petrol,Individual,Manual
0.7027027027027017,155000,0.05083721111514047,Diesel,Individual,Manual
0.6486486486486527,85000,0.04236427198812433,Petrol,Individual,Manual
0.7567567567567579,250000,0.02965486329760012,Petrol,Individual,Manual
0.9189189189189193,1000000,0.006354280698305751,Petrol,Individual,Automatic
0.8918918918918948,350000,0.006989751132831961,Petrol,Individual,Manual
0.9459459459459438,740000,0.021181924170583986,Diesel,Individual,Manual
0.9459459459459438,300000,0.008048868523708978,Petrol,Individual,Manual
0.9189189189189193,550000,0.021181924170583986,Diesel,Individual,Manual
0.9189189189189193,710000,0.02965486329760012,Diesel,Individual,Manual
0.9189189189189193,700000,0.02965486329760012,Diesel,Individual,Manual
0.8918918918918948,550000,0.05083721111514047,Diesel,Individual,Manual
0.8648648648648631,375000,0.025418393734092055,LPG,Individual,Manual
0.8648648648648631,600000,0.025418393734092055,Diesel,Individual,Manual
0.8108108108108141,380000,0.032196745035704966,Diesel,Individual,Manual
0.7837837837837824,300000,0.02965486329760012,Diesel,Individual,Manual
0.4054054054054035,45000,0.033891332861108195,Petrol,Individual,Manual
0.7297297297297334,450000,0.08896543718671307,Diesel,Individual,Manual
0.9729729729729755,650000,0.0021178111347976833,Petrol,Individual,Manual
0.7567567567567579,200000,0.02965486329760012,LPG,Individual,Manual
0.8108108108108141,350000,0.03600956764286223,Diesel,Individual,Manual
0.9459459459459438,911999,0.010590750261813818,Diesel,Individual,Automatic
0.9459459459459438,650000,0.006354280698305751,Petrol,Individual,Manual
0.7837837837837824,350000,0.012708985043567853,Petrol,Individual,Manual
0.8918918918918948,190000,0.033891332861108195,Petrol,Individual,Manual
0.9729729729729755,1200000,0.01694545460707592,Diesel,Individual,Manual
0.8108108108108141,305000,0.06778308936917274,Diesel,Individual,Manual
0.8648648648648631,850000,0.045753447638930786,Diesel,Individual,Manual
0.7567567567567579,350000,0.05083721111514047,Diesel,Individual,Manual
0.7297297297297334,180000,0.02330015895233802,Petrol,Individual,Manual
0.6756756756756772,200000,0.046600741551632394,Diesel,Individual,Manual
0.7567567567567579,375000,0.033891332861108195,Diesel,Individual,Manual
0.7837837837837824,229999,0.046600741551632394,Petrol,Individual,Manual
0.621621621621621,135000,0.026646969907509394,Petrol,Individual,Manual
0.7567567567567579,425000,0.05083721111514047,Diesel,Individual,Manual
0.8918918918918948,1350000,0.02965486329760012,Diesel,Individual,Manual
0.7027027027027017,480000,0.02965486329760012,Diesel,Individual,Manual
0.9189189189189193,455000,0.025418393734092055,Diesel,Individual,Manual
0.8648648648648631,320000,0.025418393734092055,Petrol,Individual,Manual
0.9729729729729755,693000,0.0016941641784468764,Petrol,Individual,Manual
0.9189189189189193,830000,0.014827219825321886,Diesel,Individual,Manual
0.9189189189189193,1100000,0.011014397218164626,Petrol,Individual,Automatic
0.8918918918918948,325000,0.021181924170583986,Diesel,Individual,Manual
0.8378378378378386,215000,0.021181924170583986,Petrol,Individual,Manual
0.9459459459459438,560000,0.010590750261813818,Petrol,Individual,Manual
0.9189189189189193,400000,0.012708985043567853,Petrol,Individual,Automatic
0.9189189189189193,2625000,0.0038123989602009104,Diesel,Dealer,Automatic
0.9729729729729755,5150000,0.008472515480059785,Petrol,Dealer,Automatic
0.9189189189189193,3200000,0.019063689388829953,Diesel,Dealer,Automatic
0.8648648648648631,503000,0.046600741551632394,Diesel,Individual,Manual
0.9729729729729755,3800000,0.008472515480059785,Diesel,Individual,Automatic
0.8918918918918948,2000000,0.02884527396401373,Petrol,Trustmark Dealer,Automatic
0.8108108108108141,225000,0.02471641072741877,Petrol,Trustmark Dealer,Manual
0.9459459459459438,740000,0.016444280257712916,Diesel,Dealer,Manual
0.8918918918918948,550000,0.023933087505126127,Petrol,Trustmark Dealer,Manual
0.8108108108108141,750000,0.03360664210644045,Diesel,Trustmark Dealer,Manual
0.9729729729729755,650000,0.002380895894691534,Petrol,Trustmark Dealer,Automatic
0.9189189189189193,625000,0.010818672324330553,Petrol,Trustmark Dealer,Manual
0.9459459459459438,600000,0.029561237320246594,Petrol,Dealer,Automatic
0.9189189189189193,450000,0.02384666352603056,Diesel,Dealer,Manual
0.9729729729729755,5500000,0.0036005754820255067,Diesel,Dealer,Automatic
0.9729729729729755,779000,0.0029786617501025227,Petrol,Trustmark Dealer,Automatic
0.8918918918918948,645000,0.004659692872902524,Petrol,Dealer,Automatic
0.9459459459459438,2475000,0.0008468702657452627,Diesel,Dealer,Automatic
0.9189189189189193,725000,0.019063689388829953,Diesel,Individual,Manual
0.8108108108108141,225000,0.02471641072741877,Petrol,Trustmark Dealer,Manual
0.9459459459459438,740000,0.016444280257712916,Diesel,Dealer,Manual
0.9729729729729755,650000,0.002380895894691534,Petrol,Trustmark Dealer,Automatic
0.9459459459459438,600000,0.029561237320246594,Petrol,Dealer,Automatic
0.9189189189189193,450000,0.02384666352603056,Diesel,Dealer,Manual
0.8378378378378386,325000,0.022216470037992656,Petrol,Trustmark Dealer,Manual
0.8108108108108141,229999,0.016521807650725112,Petrol,Dealer,Manual
0.6486486486486527,400000,0.01779274851977753,Petrol,Dealer,Automatic
0.8648648648648631,449000,0.014469661794161806,Petrol,Dealer,Manual
0.9189189189189193,455000,0.014467967206336403,Petrol,Dealer,Manual
0.8648648648648631,1750000,0.015674513738023498,Diesel,Dealer,Automatic
0.9189189189189193,1390000,0.04151697807542271,Diesel,Dealer,Automatic
0.9729729729729755,1150000,0.013132631999918659,Petrol,Dealer,Manual
0.9459459459459438,650000,0.026621974737084695,Petrol,Trustmark Dealer,Manual
0.8918918918918948,950000,0.01635234886818479,Diesel,Dealer,Manual
0.9459459459459438,698000,0.01171510928396886,Diesel,Dealer,Automatic
0.9189189189189193,975000,0.020630335833415236,Diesel,Dealer,Manual
0.9459459459459438,445000,0.013977807677838518,Petrol,Dealer,Automatic
0.9459459459459438,539000,0.025418393734092055,Diesel,Individual,Manual
0.7567567567567579,550000,0.11014778500425342,Diesel,Individual,Manual
0.8648648648648631,550000,0.05507368067864853,Diesel,Individual,Manual
0.7567567567567579,330000,0.05083721111514047,Diesel,Individual,Manual
0.8378378378378386,220000,0.033891332861108195,Petrol,Individual,Manual
0.8108108108108141,415000,0.025418393734092055,Petrol,Individual,Manual
0.6486486486486527,150000,0.03177309807935416,Petrol,Individual,Manual
0.5945945945945965,150000,0.03770415546826546,Petrol,Individual,Manual
0.6486486486486527,240000,0.046600741551632394,Diesel,Individual,Manual
0.7027027027027017,170000,0.03812780242461626,Petrol,Individual,Manual
0.8648648648648631,550000,0.01694545460707592,Diesel,Individual,Manual
0.9189189189189193,500000,0.011014397218164626,Petrol,Individual,Automatic
0.7567567567567579,180000,0.05083721111514047,Diesel,Individual,Manual
0.9189189189189193,360000,0.012285338087217046,Petrol,Individual,Manual
0.8378378378378386,400000,0.05083721111514047,Petrol,Individual,Manual
0.7027027027027017,120000,0.02965486329760012,Petrol,Individual,Manual
0.8918918918918948,765000,0.04236427198812433,Diesel,Individual,Manual
0.8918918918918948,919999,0.03819134946806888,Diesel,Individual,Manual
0.9459459459459438,730000,0.03812780242461626,Diesel,Individual,Manual
0.8918918918918948,320000,0.05083721111514047,Diesel,Individual,Manual
0.8648648648648631,455000,0.03812780242461626,Diesel,Individual,Manual
0.8648648648648631,350000,0.021181924170583986,Petrol,Individual,Manual
0.8918918918918948,509999,0.046600741551632394,Diesel,Individual,Manual
0.7567567567567579,175000,0.03630612051230779,Diesel,Individual,Manual
0.8108108108108141,325000,0.07540873458348726,Diesel,Individual,Manual
0.8378378378378386,300000,0.012708985043567853,Petrol,Individual,Manual
0.8648648648648631,500000,0.04236427198812433,Diesel,Individual,Manual
0.8918918918918948,562000,0.010734366580016742,Petrol,Individual,Manual
0.9189189189189193,484999,0.014827219825321886,Diesel,Individual,Manual
0.8108108108108141,280000,0.014827219825321886,Petrol,Individual,Manual
0.8648648648648631,571000,0.028807569384898507,Diesel,Individual,Manual
0.8108108108108141,400000,0.01694545460707592,Petrol,Individual,Manual
0.8648648648648631,295000,0.05083721111514047,Diesel,Individual,Manual
0.621621621621621,210000,0.05083721111514047,Diesel,Individual,Manual
0.7567567567567579,250000,0.010590750261813818,Petrol,Individual,Manual
0.8648648648648631,610000,0.01694545460707592,Diesel,Individual,Manual
0.7837837837837824,175000,0.025418393734092055,Diesel,Individual,Manual
0.7567567567567579,204999,0.02965486329760012,Diesel,Individual,Manual
0.8108108108108141,750000,0.033891332861108195,Diesel,Individual,Manual
0.8918918918918948,651000,0.017929586486678844,Diesel,Dealer,Manual
0.7567567567567579,1075000,0.01802363611098872,Diesel,Dealer,Automatic
0.8918918918918948,690000,0.013556278956269466,Diesel,Dealer,Manual
0.9189189189189193,589000,0.01746738765730011,Diesel,Dealer,Manual
0.8648648648648631,445000,0.01703018399834608,Diesel,Dealer,Manual
0.8378378378378386,465000,0.01153675391534517,Diesel,Dealer,Manual
0.7567567567567579,225000,0.014827219825321886,Petrol,Individual,Manual
0.8918918918918948,445000,0.026689334603144474,Diesel,Dealer,Manual
0.8648648648648631,445000,0.026265687646793667,Diesel,Dealer,Manual
0.7837837837837824,450000,0.0289092446544227,Diesel,Dealer,Manual
0.9189189189189193,525000,0.016098160694374305,Diesel,Dealer,Manual
0.7297297297297334,200000,0.014827219825321886,Petrol,Dealer,Manual
0.8918918918918948,825000,0.016521807650725112,Diesel,Dealer,Manual
0.8648648648648631,599000,0.03925089050590225,Diesel,Dealer,Manual
0.9459459459459438,490000,0.011861691130866239,Petrol,Dealer,Manual
1.0,500000,0.01694545460707592,Petrol,Individual,Manual
0.9189189189189193,1100000,0.03759993831700315,Diesel,Dealer,Manual
0.9729729729729755,675000,0.0029651050474992966,Petrol,Individual,Manual
0.9459459459459438,1350000,0.01694545460707592,Diesel,Individual,Manual
0.9459459459459438,570000,0.008472515480059785,Petrol,Individual,Manual
0.9189189189189193,455000,0.021181924170583986,Diesel,Individual,Manual
0.8108108108108141,165000,0.019063689388829953,Petrol,Individual,Manual
0.8918918918918948,925000,0.009319809392761398,Petrol,Individual,Manual
0.8378378378378386,215000,0.04236427198812433,Diesel,Individual,Manual
0.8918918918918948,470000,0.01004000921855777,Petrol,Individual,Manual
0.8918918918918948,470000,0.01004000921855777,Petrol,Individual,Manual
0.9189189189189193,650000,0.025418393734092055,Diesel,Individual,Manual
0.9189189189189193,900000,0.021181924170583986,Diesel,Individual,Manual
0.7567567567567579,325000,0.022574451716109088,Petrol,Dealer,Manual
0.7027027027027017,190000,0.04236427198812433,Diesel,Individual,Manual
0.9189189189189193,715000,0.025418393734092055,Diesel,Individual,Manual
0.8108108108108141,227999,0.025418393734092055,Diesel,Individual,Manual
0.9189189189189193,450000,0.021181924170583986,Diesel,Individual,Manual
0.8648648648648631,200000,0.01694545460707592,Diesel,Individual,Manual
0.9189189189189193,400000,0.046600741551632394,CNG,Individual,Manual
0.8918918918918948,725000,0.046600741551632394,Diesel,Individual,Manual
0.8378378378378386,300000,0.033891332861108195,Diesel,Individual,Manual
0.8918918918918948,1151000,0.02944303981942472,Diesel,Individual,Manual
0.8378378378378386,225000,0.013979925912620273,Petrol,Individual,Manual
0.9729729729729755,630000,0.0021178111347976833,Petrol,Individual,Manual
0.8378378378378386,351000,0.010590750261813818,Petrol,Individual,Manual
0.7837837837837824,199000,0.021181924170583986,Diesel,Individual,Manual
0.9189189189189193,850000,0.021181924170583986,Diesel,Individual,Manual
0.7297297297297334,105000,0.05083721111514047,Diesel,Individual,Manual
0.7297297297297334,300000,0.05083721111514047,Diesel,Individual,Manual
0.8648648648648631,430000,0.046600741551632394,Diesel,Individual,Manual
0.8918918918918948,2100000,0.033891332861108195,Diesel,Individual,Automatic
0.9459459459459438,540000,0.012708985043567853,Diesel,Individual,Manual
0.7837837837837824,175000,0.025418393734092055,LPG,Individual,Manual
0.9459459459459438,1150000,0.018640042432479145,Diesel,Individual,Automatic
1.0,350000,0.0021178111347976833,Petrol,Individual,Manual
0.9729729729729755,690000,0.0076252215673581715,Petrol,Individual,Manual
0.8648648648648631,535000,0.033891332861108195,Diesel,Individual,Manual
0.8918918918918948,730000,0.04236427198812433,Diesel,Individual,Manual
0.9729729729729755,650000,0.013979925912620273,Petrol,Individual,Automatic
0.7837837837837824,520000,0.06863038328187435,Diesel,Individual,Manual
1.0,360000,0.02753662851584609,Petrol,Individual,Manual
0.7567567567567579,250000,0.0720195589326808,Diesel,Individual,Manual
0.9189189189189193,575000,0.01694545460707592,Diesel,Individual,Manual
0.7837837837837824,170000,0.05083721111514047,Diesel,Individual,Manual
0.9189189189189193,711000,0.022452865039636408,Diesel,Individual,Manual
0.8108108108108141,250000,0.03812780242461626,Petrol,Individual,Manual
0.9189189189189193,675000,0.014827219825321886,Diesel,Individual,Manual
0.8918918918918948,325000,0.021181924170583986,Petrol,Individual,Manual
0.8918918918918948,250000,0.008472515480059785,Petrol,Individual,Manual
0.9729729729729755,740000,0.016098160694374305,Diesel,Individual,Automatic
0.9459459459459438,3975000,0.013471549564999305,Diesel,Dealer,Automatic
0.9729729729729755,5150000,0.008472515480059785,Petrol,Dealer,Automatic
0.9189189189189193,3200000,0.019063689388829953,Diesel,Dealer,Automatic
0.9189189189189193,4100000,0.007201574611007364,Petrol,Individual,Automatic
0.9729729729729755,4500000,0.00889616243641059,Diesel,Dealer,Automatic
0.9459459459459438,3790000,0.01249716156539245,Diesel,Dealer,Automatic
0.9189189189189193,1750000,0.030925804166652544,Petrol,Dealer,Automatic
0.9459459459459438,1864999,0.021181924170583986,Petrol,Dealer,Automatic
0.9189189189189193,800000,0.011882873478683779,Diesel,Dealer,Manual
0.9189189189189193,1825000,0.02457109982139044,Petrol,Dealer,Automatic
0.8378378378378386,425000,0.029231216341249314,Diesel,Dealer,Manual
0.8918918918918948,4090000,0.02965486329760012,Diesel,Dealer,Automatic
0.8648648648648631,910000,0.01694545460707592,Diesel,Dealer,Automatic
0.8108108108108141,625000,0.016521807650725112,Petrol,Dealer,Automatic
0.9459459459459438,3400000,0.009319809392761398,Diesel,Dealer,Automatic
0.8648648648648631,535000,0.01694545460707592,Diesel,Dealer,Manual
0.7567567567567579,325000,0.060157444154858214,Diesel,Individual,Manual
0.8918918918918948,500000,0.009721003060425613,Petrol,Individual,Manual
0.8108108108108141,300000,0.012708985043567853,Petrol,Individual,Manual
0.8918918918918948,270000,0.0032497958021670387,Petrol,Individual,Manual
0.7297297297297334,160000,0.015530050125907875,Petrol,Individual,Manual
0.8918918918918948,210000,0.025418393734092055,Petrol,Individual,Manual
0.8378378378378386,850000,0.05083721111514047,Diesel,Individual,Manual
0.8378378378378386,880000,0.05083721111514047,Diesel,Individual,Manual
0.7297297297297334,150000,0.016521807650725112,Petrol,Individual,Manual
0.8648648648648631,775000,0.019063689388829953,Diesel,Individual,Automatic
0.7027027027027017,160000,0.02965486329760012,Petrol,Individual,Manual
0.7837837837837824,220000,0.04236427198812433,Diesel,Individual,Manual
0.9189189189189193,670000,0.02033463025788237,Diesel,Individual,Manual
0.9459459459459438,780000,0.014827219825321886,Diesel,Individual,Manual
0.9189189189189193,515000,0.009743456349112205,Petrol,Individual,Manual
0.9189189189189193,800000,0.005930633741954944,Diesel,Individual,Manual
0.9189189189189193,800000,0.005930633741954944,Diesel,Individual,Manual
0.8378378378378386,850000,0.025418393734092055,Diesel,Individual,Manual
0.8108108108108141,200000,0.025418393734092055,Petrol,Individual,Manual
0.6756756756756772,140000,0.06354661980566467,Diesel,Individual,Manual
0.8918918918918948,800000,0.033891332861108195,Petrol,Individual,Automatic
0.8108108108108141,250000,0.014827219825321886,Petrol,Individual,Manual
0.9189189189189193,800000,0.01885186591065455,Diesel,Individual,Manual
0.8648648648648631,600000,0.025418393734092055,Diesel,Individual,Manual
0.7837837837837824,250000,0.05083721111514047,Diesel,Individual,Manual
0.8918918918918948,500000,0.033891332861108195,Diesel,Individual,Manual
0.9729729729729755,750000,0.004193681220916636,Petrol,Individual,Manual
0.8378378378378386,650000,0.028807569384898507,Diesel,Individual,Manual
0.7837837837837824,350000,0.01694545460707592,Petrol,Individual,Manual
0.8918918918918948,950000,0.025418393734092055,Diesel,Individual,Manual
0.8648648648648631,580000,0.046600741551632394,Diesel,Individual,Manual
0.9729729729729755,640000,0.004236045916551717,Petrol,Individual,Manual
0.8378378378378386,800000,0.033891332861108195,Diesel,Individual,Automatic
0.7567567567567579,347000,0.012708985043567853,Petrol,Individual,Manual
0.8378378378378386,1000000,0.05083721111514047,Diesel,Individual,Manual
0.8918918918918948,300000,0.014827219825321886,Petrol,Individual,Manual
0.9189189189189193,493000,0.01694545460707592,Petrol,Individual,Manual
0.8378378378378386,370000,0.025418393734092055,Petrol,Individual,Manual
0.6756756756756772,250000,0.03812780242461626,Diesel,Individual,Manual
0.9189189189189193,300000,0.008472515480059785,Petrol,Individual,Manual
0.9189189189189193,450000,0.01694545460707592,Petrol,Individual,Automatic
0.7297297297297334,185000,0.05266567137875055,Diesel,Dealer,Manual
0.9729729729729755,1225000,0.0027719220354033287,Diesel,Individual,Manual
0.8648648648648631,1000000,0.021181924170583986,Diesel,Individual,Manual
0.9459459459459438,1100000,0.021181924170583986,Diesel,Individual,Manual
0.8648648648648631,360000,0.012708985043567853,Petrol,Individual,Manual
0.7837837837837824,285000,0.029231216341249314,Petrol,Individual,Manual
0.8918918918918948,350000,0.021012465388043664,Diesel,Individual,Manual
0.6756756756756772,130000,0.012708985043567853,Petrol,Individual,Manual
0.8918918918918948,500000,0.0838816737105034,Diesel,Individual,Manual
0.9729729729729755,685000,0.008048868523708978,Petrol,Individual,Automatic
1.0,399000,0.0021178111347976833,CNG,Individual,Manual
0.9189189189189193,525000,0.004236045916551717,Petrol,Individual,Manual
0.9189189189189193,765000,0.01694545460707592,Petrol,Individual,Manual
0.7837837837837824,450000,0.04109333111907191,Diesel,Individual,Manual
0.8378378378378386,390000,0.012708985043567853,Petrol,Individual,Manual
0.9189189189189193,940000,0.05083721111514047,Diesel,Individual,Manual
0.8108108108108141,650000,0.05083721111514047,Diesel,Individual,Manual
0.7837837837837824,320000,0.04405631793178945,Diesel,Individual,Manual
0.5405405405405403,145000,0.02965486329760012,Petrol,Individual,Manual
0.9189189189189193,670000,0.02965486329760012,Diesel,Individual,Manual
0.7567567567567579,350000,0.048718976333386434,Diesel,Individual,Manual
0.7837837837837824,285000,0.07540873458348726,Diesel,Individual,Manual
0.7567567567567579,300000,0.01694545460707592,Petrol,Individual,Manual
0.7567567567567579,300000,0.033891332861108195,Diesel,Individual,Manual
0.7027027027027017,810000,0.04151697807542271,Diesel,Individual,Automatic
0.7027027027027017,90000,0.04998991720243885,Diesel,Individual,Manual
0.567567567567572,100000,0.04236427198812433,Petrol,Individual,Manual
0.7027027027027017,90000,0.05083721111514047,Diesel,Individual,Manual
0.8108108108108141,459999,0.05083721111514047,Diesel,Individual,Manual
0.7027027027027017,525000,0.09193096588116872,Diesel,Individual,Manual
0.7567567567567579,250000,0.02753662851584609,Petrol,Individual,Manual
0.7837837837837824,300000,0.017369101563426727,Petrol,Individual,Manual
0.5945945945945965,130000,0.05083721111514047,Petrol,Individual,Manual
0.7567567567567579,199000,0.02965486329760012,Petrol,Individual,Manual
0.7837837837837824,545000,0.03812780242461626,Diesel,Individual,Manual
0.8378378378378386,570000,0.033891332861108195,Diesel,Individual,Manual
0.621621621621621,150000,0.05083721111514047,Petrol,Individual,Manual
0.7027027027027017,114999,0.04236427198812433,Petrol,Individual,Manual
0.9459459459459438,450000,0.014827219825321886,Petrol,Individual,Manual
0.9729729729729755,600000,0.0021178111347976833,Petrol,Individual,Manual
0.8918918918918948,610000,0.046600741551632394,Diesel,Individual,Manual
0.9189189189189193,690000,0.008472515480059785,Petrol,Individual,Manual
0.9459459459459438,790000,0.006354280698305751,Petrol,Individual,Manual
0.8378378378378386,254999,0.01694545460707592,Petrol,Individual,Manual
0.8918918918918948,500000,0.017369101563426727,Petrol,Individual,Manual
0.7567567567567579,340000,0.04236427198812433,Diesel,Individual,Manual
0.6486486486486527,245000,0.046600741551632394,Diesel,Individual,Manual
0.7837837837837824,340000,0.05083721111514047,Diesel,Individual,Manual
0.6756756756756772,221000,0.014830609000972692,Petrol,Dealer,Manual
0.9189189189189193,270000,0.01317499669555374,Petrol,Dealer,Manual
0.8378378378378386,455000,0.017924926370158984,Diesel,Dealer,Manual
0.7567567567567579,300000,0.030502157210301736,Petrol,Dealer,Manual
0.8378378378378386,480000,0.023253981434095784,Diesel,Dealer,Manual
0.9459459459459438,1000000,0.012708985043567853,Diesel,Individual,Automatic
0.9189189189189193,2600000,0.018640042432479145,Diesel,Dealer,Automatic
0.9189189189189193,1850000,0.008002267358510388,Diesel,Dealer,Automatic
0.8108108108108141,1000000,0.031777334548917666,Diesel,Dealer,Automatic
0.7837837837837824,245000,0.04236427198812433,Diesel,Dealer,Manual
0.9729729729729755,625000,0.0018369332027370982,Petrol,Dealer,Automatic
0.9459459459459438,560000,0.006140338985348594,Petrol,Dealer,Manual
0.9459459459459438,1475000,0.010167103305463011,Diesel,Dealer,Manual
0.7297297297297334,425000,0.03541010719962583,Diesel,Dealer,Manual
0.8378378378378386,550000,0.013132631999918659,Petrol,Dealer,Automatic
0.8918918918918948,1475000,0.04236427198812433,Diesel,Dealer,Manual
0.9189189189189193,750000,0.0205066309221608,Diesel,Dealer,Manual
0.8918918918918948,570000,0.02382505753125667,Diesel,Dealer,Manual
0.8648648648648631,585000,0.01408287212301352,Petrol,Dealer,Manual
0.8918918918918948,600000,0.011014397218164626,Petrol,Dealer,Automatic
0.7837837837837824,415000,0.03812780242461626,Diesel,Individual,Manual
0.8918918918918948,540000,0.016098160694374305,Petrol,Individual,Manual
0.8108108108108141,180000,0.025418393734092055,Petrol,Individual,Manual
0.8378378378378386,450000,0.012708985043567853,Petrol,Individual,Manual
0.8648648648648631,200000,0.021181924170583986,Petrol,Individual,Manual
0.9189189189189193,425000,0.01779274851977753,Petrol,Individual,Manual
0.5945945945945965,150000,0.006717769786854743,Petrol,Individual,Manual
0.9189189189189193,310000,0.006354280698305751,Petrol,Individual,Manual
0.8378378378378386,500000,0.021181924170583986,Diesel,Individual,Manual
0.8108108108108141,200000,0.025418393734092055,Diesel,Individual,Manual
0.9459459459459438,900000,0.014827219825321886,Diesel,Individual,Manual
0.45945945945945965,75000,0.03812780242461626,Diesel,Individual,Manual
0.8648648648648631,400000,0.021181924170583986,Petrol,Individual,Manual
0.8648648648648631,650000,0.046600741551632394,Diesel,Individual,Manual
0.8648648648648631,480000,0.03721569052759297,Diesel,Dealer,Manual
0.7027027027027017,140000,0.014827219825321886,Petrol,Individual,Manual
0.9459459459459438,550000,0.0021178111347976833,Petrol,Individual,Manual
0.9189189189189193,380000,0.012285338087217046,Petrol,Individual,Automatic
0.9459459459459438,630000,0.006354280698305751,Petrol,Individual,Manual
0.9189189189189193,250000,0.01694545460707592,Petrol,Individual,Manual
0.7027027027027017,120000,0.007201574611007364,Petrol,Individual,Manual
0.7837837837837824,287000,0.05083721111514047,Diesel,Individual,Manual
0.8918918918918948,550000,0.019063689388829953,Petrol,Individual,Manual
0.8918918918918948,950000,0.025418393734092055,Diesel,Individual,Manual
0.9729729729729755,1630000,0.010590750261813818,Diesel,Individual,Manual
0.8648648648648631,501000,0.033891332861108195,Diesel,Individual,Manual
0.8378378378378386,550000,0.02965486329760012,Diesel,Individual,Manual
0.8918918918918948,300000,0.010590750261813818,Petrol,Individual,Manual
0.8648648648648631,300000,0.021181924170583986,Petrol,Individual,Manual
0.7837837837837824,280000,0.04236427198812433,Diesel,Individual,Manual
0.8648648648648631,416000,0.01694545460707592,Petrol,Individual,Automatic
0.9459459459459438,260000,0.012708985043567853,Petrol,Individual,Manual
0.8918918918918948,550000,0.006354280698305751,Petrol,Individual,Manual
0.7837837837837824,700000,0.04236427198812433,Diesel,Individual,Manual
0.7567567567567579,181000,0.02965486329760012,Petrol,Individual,Manual
0.7027027027027017,365000,0.046600741551632394,Diesel,Individual,Automatic
0.621621621621621,150000,0.0040487939618446605,Petrol,Individual,Manual
0.9189189189189193,400000,0.004236045916551717,Petrol,Individual,Automatic
0.7297297297297334,210000,0.046600741551632394,Petrol,Individual,Manual
0.8108108108108141,500000,0.03685686155556384,Diesel,Individual,Manual
0.9189189189189193,2711000,0.0038123989602009104,Diesel,Dealer,Automatic
0.9729729729729755,5150000,0.008472515480059785,Petrol,Dealer,Automatic
0.9189189189189193,3200000,0.019063689388829953,Diesel,Dealer,Automatic
0.8648648648648631,503000,0.046600741551632394,Diesel,Individual,Manual
0.9729729729729755,3800000,0.008472515480059785,Diesel,Individual,Automatic
0.8918918918918948,2000000,0.02884527396401373,Petrol,Trustmark Dealer,Automatic
0.8108108108108141,225000,0.02471641072741877,Petrol,Trustmark Dealer,Manual
0.9459459459459438,740000,0.016444280257712916,Diesel,Dealer,Manual
0.8108108108108141,750000,0.03360664210644045,Diesel,Trustmark Dealer,Manual
0.9729729729729755,650000,0.002380895894691534,Petrol,Trustmark Dealer,Automatic
0.9189189189189193,625000,0.010818672324330553,Petrol,Trustmark Dealer,Manual
0.9459459459459438,600000,0.029561237320246594,Petrol,Dealer,Automatic
0.9189189189189193,450000,0.02384666352603056,Diesel,Dealer,Manual
0.9729729729729755,5400000,0.0031769285256747003,Diesel,Dealer,Automatic
0.9729729729729755,5500000,0.0036005754820255067,Diesel,Dealer,Automatic
0.9729729729729755,779000,0.0029786617501025227,Petrol,Trustmark Dealer,Automatic
0.8918918918918948,645000,0.004659692872902524,Petrol,Dealer,Automatic
0.9459459459459438,2475000,0.0008468702657452627,Diesel,Dealer,Automatic
0.9189189189189193,735000,0.02965486329760012,Diesel,Individual,Manual
0.9189189189189193,550000,0.05083721111514047,Petrol,Individual,Manual
0.8108108108108141,509999,0.06269932589296305,Diesel,Individual,Manual
0.8108108108108141,459999,0.025418393734092055,Diesel,Individual,Manual
0.8648648648648631,310000,0.0076252215673581715,Petrol,Individual,Manual
0.567567567567572,105000,0.0406696841627211,Petrol,Individual,Manual
0.8648648648648631,430000,0.04109333111907191,Diesel,Individual,Manual
0.8108108108108141,360000,0.08896543718671307,Diesel,Individual,Manual
0.7837837837837824,400000,0.025418393734092055,Diesel,Individual,Manual
0.9729729729729755,580000,0.014827219825321886,Petrol,Individual,Manual
0.7837837837837824,140000,0.05083721111514047,Diesel,Individual,Manual
0.6756756756756772,210000,0.04236427198812433,Diesel,Individual,Manual
0.9189189189189193,550000,0.008472515480059785,Petrol,Individual,Manual
0.8108108108108141,120000,0.046600741551632394,Petrol,Individual,Manual
0.8108108108108141,400000,0.014827219825321886,Diesel,Individual,Manual
0.9459459459459438,1035000,0.006354280698305751,Diesel,Individual,Manual
0.8648648648648631,625000,0.03812780242461626,Diesel,Individual,Manual
0.6756756756756772,200000,0.01694545460707592,Petrol,Individual,Manual
0.8108108108108141,316000,0.0593101502421566,Diesel,Individual,Manual
0.9189189189189193,813000,0.046600741551632394,Diesel,Individual,Manual
0.8918918918918948,1575000,0.02330015895233802,Diesel,Individual,Automatic
0.8108108108108141,900000,0.030925804166652544,Diesel,Individual,Manual
0.8648648648648631,650000,0.04236427198812433,Diesel,Individual,Manual
0.8648648648648631,459999,0.013556278956269466,Diesel,Individual,Manual
0.8918918918918948,565000,0.02965486329760012,Diesel,Individual,Manual
0.7567567567567579,2150000,0.021181924170583986,Diesel,Individual,Manual
0.7027027027027017,150000,0.033891332861108195,Petrol,Individual,Manual
0.6486486486486527,480000,0.046600741551632394,Diesel,Individual,Automatic
0.6486486486486527,70000,0.033891332861108195,Petrol,Individual,Manual
0.7567567567567579,1190000,0.033891332861108195,Petrol,Individual,Automatic
0.621621621621621,140000,0.04236427198812433,Petrol,Individual,Manual
0.9459459459459438,900000,0.008048868523708978,Diesel,Individual,Manual
0.8648648648648631,600000,0.01694545460707592,Diesel,Individual,Manual
0.8648648648648631,1100000,0.022143179114543967,Diesel,Individual,Manual
0.7297297297297334,120000,0.0720195589326808,LPG,Individual,Manual
0.7027027027027017,120000,0.0593101502421566,Petrol,Individual,Manual
0.7297297297297334,120000,0.0720195589326808,Petrol,Individual,Manual
0.7027027027027017,229999,0.025418393734092055,Petrol,Individual,Manual
0.9189189189189193,570000,0.0066847253242593805,Petrol,Individual,Manual
0.8378378378378386,575000,0.04490615372622917,Diesel,Individual,Manual
0.7837837837837824,280000,0.033891332861108195,Diesel,Individual,Manual
0.8648648648648631,580000,0.03134945112300335,Diesel,Individual,Manual
0.9459459459459438,875000,0.014827219825321886,Diesel,Individual,Manual
0.8108108108108141,500000,0.02965486329760012,Diesel,Individual,Manual
0.8648648648648631,700000,0.025418393734092055,Diesel,Individual,Manual
0.8918918918918948,388000,0.021181924170583986,Petrol,Individual,Manual
0.7567567567567579,225000,0.033891332861108195,Petrol,Individual,Manual
0.7567567567567579,90000,0.03812780242461626,Petrol,Individual,Manual
0.8378378378378386,600000,0.04829532937703562,Diesel,Individual,Manual
0.7027027027027017,235000,0.04236427198812433,Petrol,Individual,Manual
0.7567567567567579,350000,0.04236427198812433,Diesel,Individual,Manual
0.7567567567567579,235000,0.033891332861108195,Petrol,Individual,Manual
0.7297297297297334,190000,0.014827219825321886,Petrol,Individual,Manual
0.7567567567567579,325000,0.033467685904757384,Diesel,Individual,Manual
0.6486486486486527,550000,1.0,Petrol,Individual,Manual
0.7567567567567579,300000,0.05083721111514047,Diesel,Individual,Manual
0.9189189189189193,550000,0.004236045916551717,Petrol,Individual,Manual
0.8108108108108141,720000,0.06354661980566467,Diesel,Individual,Manual
0.9459459459459438,310000,0.004236045916551717,Petrol,Individual,Manual
0.7297297297297334,150000,0.02965486329760012,LPG,Individual,Manual
0.7837837837837824,260000,0.01948733634518076,Diesel,Individual,Manual
0.5135135135135158,55000,0.05083721111514047,Petrol,Individual,Manual
0.8108108108108141,450000,0.04609236520401143,Diesel,Individual,Manual
0.7027027027027017,199000,0.02965486329760012,Petrol,Individual,Manual
0.9459459459459438,1000000,0.014827219825321886,Diesel,Individual,Manual
0.7567567567567579,240000,0.030502157210301736,Diesel,Individual,Manual
0.9459459459459438,350000,0.01694545460707592,Petrol,Individual,Manual
0.8378378378378386,530000,0.05083721111514047,Diesel,Individual,Manual
0.7567567567567579,150000,0.014827219825321886,Petrol,Individual,Manual
0.9729729729729755,625000,0.005295163307428734,Petrol,Individual,Manual
0.8648648648648631,210000,0.08896543718671307,Petrol,Individual,Manual
0.9459459459459438,700000,0.04236427198812433,Diesel,Individual,Manual
0.7567567567567579,156000,0.046600741551632394,Petrol,Individual,Manual
0.8918918918918948,700000,0.043635212857176746,Diesel,Individual,Manual
0.7297297297297334,194000,0.2446192600073884,Petrol,Individual,Manual
0.621621621621621,120000,0.04236427198812433,Petrol,Individual,Manual
0.8648648648648631,415000,0.019063689388829953,Petrol,Individual,Automatic
0.8648648648648631,450000,0.019063689388829953,Petrol,Individual,Automatic
0.8378378378378386,325000,0.01694545460707592,Petrol,Individual,Manual
0.9189189189189193,265000,0.04236427198812433,Petrol,Individual,Manual
0.6756756756756772,100000,0.05083721111514047,Petrol,Individual,Manual
0.9729729729729755,5150000,0.008472515480059785,Petrol,Dealer,Automatic
0.9189189189189193,3200000,0.019063689388829953,Diesel,Dealer,Automatic
0.8648648648648631,503000,0.046600741551632394,Diesel,Individual,Manual
0.9729729729729755,3800000,0.008472515480059785,Diesel,Individual,Automatic
0.8918918918918948,2000000,0.02884527396401373,Petrol,Trustmark Dealer,Automatic
0.8108108108108141,225000,0.02471641072741877,Petrol,Trustmark Dealer,Manual
0.9459459459459438,740000,0.016444280257712916,Diesel,Dealer,Manual
0.8918918918918948,550000,0.023933087505126127,Petrol,Trustmark Dealer,Manual
0.8108108108108141,750000,0.03360664210644045,Diesel,Trustmark Dealer,Manual
0.9729729729729755,650000,0.002380895894691534,Petrol,Trustmark Dealer,Automatic
0.9189189189189193,625000,0.010818672324330553,Petrol,Trustmark Dealer,Manual
0.9459459459459438,600000,0.029561237320246594,Petrol,Dealer,Automatic
0.9189189189189193,450000,0.02384666352603056,Diesel,Dealer,Manual
0.9729729729729755,5400000,0.0031769285256747003,Diesel,Dealer,Automatic
0.9729729729729755,5500000,0.0036005754820255067,Diesel,Dealer,Automatic
0.8918918918918948,645000,0.004659692872902524,Petrol,Dealer,Automatic
0.9459459459459438,2475000,0.0008468702657452627,Diesel,Dealer,Automatic
0.8648648648648631,400000,0.04236427198812433,Diesel,Individual,Manual
0.8108108108108141,345000,0.01694545460707592,Diesel,Individual,Manual
0.9459459459459438,850000,0.006354280698305751,Diesel,Individual,Manual
0.9459459459459438,620000,0.006354280698305751,Petrol,Individual,Automatic
0.9459459459459438,700000,0.004236045916551717,Petrol,Individual,Manual
0.7837837837837824,200000,0.03812780242461626,Diesel,Individual,Manual
0.9189189189189193,660000,0.033891332861108195,Diesel,Individual,Manual
0.8648648648648631,1700000,0.016521807650725112,Diesel,Individual,Manual
0.7027027027027017,90000,0.025418393734092055,Diesel,Individual,Manual
0.8648648648648631,1050000,0.011861691130866239,Diesel,Individual,Manual
0.7297297297297334,160000,0.03812780242461626,Petrol,Individual,Manual
0.621621621621621,150000,0.033891332861108195,Petrol,Individual,Manual
0.7297297297297334,200000,0.014827219825321886,Petrol,Individual,Manual
0.7567567567567579,365000,0.0783742632779429,Diesel,Individual,Manual
0.7027027027027017,140000,0.046600741551632394,Petrol,Individual,Manual
0.8918918918918948,360000,0.04236427198812433,Diesel,Individual,Manual
0.6756756756756772,200000,0.046600741551632394,Petrol,Individual,Manual
0.7297297297297334,250000,0.04236427198812433,Diesel,Individual,Manual
0.6756756756756772,229999,0.046600741551632394,Diesel,Individual,Manual
0.7567567567567579,320000,0.05507368067864853,Diesel,Individual,Manual
0.5405405405405403,85000,0.02893466347180375,Petrol,Individual,Manual
0.9459459459459438,1200000,0.011438044174515433,Petrol,Individual,Manual
0.9459459459459438,740000,0.0038123989602009104,Petrol,Individual,Automatic
0.8108108108108141,345000,0.01694545460707592,Diesel,Individual,Manual
0.9729729729729755,570000,0.008048868523708978,Petrol,Individual,Automatic
0.9729729729729755,490000,0.004236045916551717,Petrol,Individual,Manual
0.8108108108108141,250000,0.04236427198812433,Diesel,Individual,Manual
0.9189189189189193,430000,0.008472515480059785,Petrol,Individual,Automatic
0.8378378378378386,225000,0.014827219825321886,Petrol,Individual,Manual
0.9459459459459438,850000,0.006354280698305751,Diesel,Individual,Manual
0.9459459459459438,620000,0.006354280698305751,Petrol,Individual,Automatic
0.8378378378378386,440000,0.02965486329760012,Diesel,Individual,Manual
0.8918918918918948,800000,0.02965486329760012,Diesel,Individual,Manual
0.9459459459459438,700000,0.004236045916551717,Petrol,Individual,Manual
0.8918918918918948,600000,0.019910983301531567,Diesel,Individual,Manual
0.7837837837837824,200000,0.03812780242461626,Diesel,Individual,Manual
0.9189189189189193,660000,0.033891332861108195,Diesel,Individual,Manual
0.8648648648648631,1700000,0.016521807650725112,Diesel,Individual,Manual
0.8648648648648631,450000,0.022452865039636408,Diesel,Individual,Manual
0.8108108108108141,420000,0.04448250676987836,Diesel,Individual,Manual
0.7567567567567579,500000,0.05165950985741738,Diesel,Dealer,Manual
0.8918918918918948,350000,0.006354280698305751,Petrol,Individual,Manual
0.8378378378378386,280000,0.04236427198812433,Diesel,Individual,Manual
0.8108108108108141,425000,0.06447271205224753,Diesel,Dealer,Manual
0.8108108108108141,295000,0.03484284392507211,Petrol,Dealer,Manual
0.8918918918918948,540000,0.008472515480059785,Petrol,Individual,Manual
0.9189189189189193,754000,0.01694545460707592,Diesel,Individual,Manual
0.7567567567567579,650000,0.037949870702948925,Diesel,Dealer,Manual
0.7567567567567579,550000,0.10591131544074535,Diesel,Individual,Manual
0.7567567567567579,550000,0.10591131544074535,Diesel,Individual,Manual
0.9729729729729755,675000,0.0011811277143060493,Petrol,Dealer,Manual
0.9459459459459438,700000,0.014944993679187411,Diesel,Dealer,Manual
0.9459459459459438,795000,0.0012112066482069567,Diesel,Dealer,Manual
0.7297297297297334,515000,0.084728967623205,Diesel,Individual,Manual
0.9459459459459438,450000,0.008472515480059785,Petrol,Individual,Manual
0.6756756756756772,155000,0.025418393734092055,Petrol,Individual,Manual
0.7567567567567579,250000,0.03328212853787573,Diesel,Dealer,Manual
0.7567567567567579,450000,0.0406696841627211,Diesel,Individual,Manual
0.7567567567567579,450000,0.0406696841627211,Diesel,Individual,Manual
0.5405405405405403,55599,0.015288147713831563,Petrol,Individual,Manual
0.8378378378378386,420000,0.021181924170583986,Diesel,Individual,Manual
0.9459459459459438,750000,0.01694545460707592,Diesel,Individual,Manual
1.0,450000,0.004236045916551717,Petrol,Individual,Manual
0.6756756756756772,175000,0.025418393734092055,Diesel,Individual,Manual
0.9729729729729755,650000,0.004236045916551717,Petrol,Individual,Manual
0.9459459459459438,1050000,0.004236045916551717,Diesel,Individual,Manual
0.7567567567567579,375000,0.014827219825321886,Diesel,Individual,Manual
0.8378378378378386,1100000,0.033891332861108195,Diesel,Individual,Manual
0.9729729729729755,1550000,0.011861691130866239,Diesel,Individual,Manual
0.9189189189189193,620000,0.014827219825321886,Diesel,Individual,Manual
0.9189189189189193,1511000,0.013556278956269466,Diesel,Individual,Manual
0.5405405405405403,135000,0.01694545460707592,Petrol,Individual,Manual
0.7567567567567579,375000,0.014827219825321886,Diesel,Individual,Manual
0.9729729729729755,1650000,0.010590750261813818,Diesel,Individual,Automatic
0.8918918918918948,320000,0.021181924170583986,Petrol,Individual,Manual
0.7837837837837824,400000,0.05465003372229772,Diesel,Individual,Manual
0.8648648648648631,900000,0.04236427198812433,Diesel,Individual,Automatic
0.9459459459459438,310000,0.012708985043567853,Petrol,Individual,Manual
0.9459459459459438,595000,0.011861691130866239,Petrol,Individual,Manual
0.9189189189189193,800000,0.025418393734092055,Diesel,Individual,Manual
0.8108108108108141,350000,0.02965486329760012,Petrol,Individual,Manual
0.8108108108108141,275000,0.046600741551632394,Diesel,Individual,Manual
0.9729729729729755,420000,0.004236045916551717,Petrol,Individual,Manual
0.6486486486486527,250000,0.04236427198812433,Diesel,Individual,Manual
0.6756756756756772,290000,0.05083721111514047,Diesel,Individual,Manual
0.8918918918918948,525000,0.025418393734092055,Petrol,Individual,Automatic
0.6756756756756772,250000,0.046600741551632394,Diesel,Individual,Manual
0.6486486486486527,90000,0.02711298155949528,Petrol,Individual,Manual
0.9189189189189193,430000,0.004236045916551717,Petrol,Individual,Manual
0.9189189189189193,630000,0.014827219825321886,Petrol,Individual,Manual
0.9459459459459438,550000,0.009743456349112205,Petrol,Individual,Manual
0.9729729729729755,630000,0.006354280698305751,Diesel,Individual,Manual
0.9459459459459438,850000,0.008472515480059785,Diesel,Individual,Manual
0.7567567567567579,455000,0.03812780242461626,Diesel,Individual,Manual
0.7567567567567579,445000,0.03812780242461626,Diesel,Individual,Manual
0.8108108108108141,370000,0.033891332861108195,Diesel,Individual,Manual
0.8918918918918948,500000,0.021181924170583986,Petrol,Individual,Manual
0.5945945945945965,95000,0.021181924170583986,Diesel,Individual,Manual
0.7837837837837824,140000,0.0783742632779429,Diesel,Individual,Manual
0.9729729729729755,550000,0.01694545460707592,Petrol,Individual,Manual
0.9189189189189193,300000,0.012708985043567853,Petrol,Individual,Manual
0.7567567567567579,150000,0.05083721111514047,Diesel,Individual,Manual
0.7567567567567579,229999,0.21182305452844705,Petrol,Individual,Manual
0.9189189189189193,880000,0.01948733634518076,Diesel,Individual,Manual
0.7567567567567579,900000,0.05083721111514047,Diesel,Individual,Manual
0.8648648648648631,720000,0.033891332861108195,Diesel,Individual,Manual
0.8918918918918948,550000,0.03812780242461626,Diesel,Individual,Manual
0.8648648648648631,720000,0.03812780242461626,Diesel,Individual,Manual
0.621621621621621,70000,0.033891332861108195,Petrol,Individual,Manual
0.8918918918918948,535000,0.02965486329760012,Diesel,Individual,Manual
0.8648648648648631,320000,0.038551449380967065,Diesel,Individual,Manual
0.8648648648648631,500000,0.03812780242461626,Diesel,Individual,Manual
0.8378378378378386,525000,0.046600741551632394,Diesel,Individual,Manual
0.9729729729729755,220000,0.03812780242461626,Petrol,Individual,Manual
0.9459459459459438,350000,0.021181924170583986,Petrol,Individual,Manual
0.8918918918918948,530000,0.025418393734092055,Diesel,Individual,Manual
0.8108108108108141,215000,0.014827219825321886,Petrol,Individual,Manual
0.7837837837837824,335000,0.04236427198812433,Diesel,Individual,Manual
0.8648648648648631,320000,0.03812780242461626,Diesel,Individual,Manual
0.7567567567567579,135000,0.05083721111514047,Diesel,Individual,Manual
0.7027027027027017,175000,0.040246037206370294,Petrol,Individual,Manual
0.9189189189189193,800000,0.014827219825321886,Diesel,Individual,Manual
0.6486486486486527,78000,0.016098160694374305,Petrol,Individual,Manual
0.8378378378378386,565000,0.023723805908688826,Petrol,Individual,Manual
0.9189189189189193,575000,0.021181924170583986,Diesel,Individual,Manual
0.8378378378378386,170000,0.02965486329760012,Petrol,Individual,Manual
0.8378378378378386,250999,0.012708985043567853,Petrol,Individual,Manual
0.8648648648648631,950000,0.07964520414699533,Diesel,Individual,Manual
0.8378378378378386,650000,0.025418393734092055,Petrol,Individual,Manual
0.8108108108108141,550000,0.05634462154770095,Diesel,Individual,Manual
0.7297297297297334,650000,0.06778308936917274,Diesel,Individual,Manual
0.8108108108108141,800000,0.06354661980566467,Diesel,Individual,Manual
1.0,250999,0.012708985043567853,Petrol,Individual,Manual
0.8108108108108141,170000,0.025418393734092055,Petrol,Individual,Manual
0.8108108108108141,250000,0.012708985043567853,Diesel,Individual,Manual
0.8378378378378386,312000,0.033891332861108195,Petrol,Individual,Manual
0.8378378378378386,250000,0.008472515480059785,Petrol,Individual,Manual
0.8108108108108141,200000,0.033891332861108195,Petrol,Individual,Manual
0.8918918918918948,670000,0.030925804166652544,Diesel,Individual,Manual
0.9189189189189193,270000,0.021181924170583986,Petrol,Individual,Manual
0.7837837837837824,360000,0.084728967623205,Diesel,Individual,Manual
0.9459459459459438,630000,0.01948733634518076,Diesel,Individual,Manual
0.5405405405405403,55599,0.015288147713831563,Petrol,Individual,Manual
0.9459459459459438,400000,0.021181924170583986,Diesel,Individual,Manual
0.9459459459459438,764000,0.010590750261813818,Petrol,Individual,Manual
0.9729729729729755,710000,0.012708985043567853,Diesel,Individual,Manual
0.9459459459459438,1575000,0.012708985043567853,Diesel,Individual,Manual
0.9459459459459438,1050000,0.0055069867856041375,Diesel,Individual,Manual
0.9729729729729755,1000000,0.006354280698305751,Petrol,Individual,Manual
0.9189189189189193,650000,0.018640042432479145,Diesel,Dealer,Manual
0.8648648648648631,600000,0.026689334603144474,Diesel,Individual,Manual
0.8918918918918948,509999,0.046600741551632394,Diesel,Individual,Manual
0.9189189189189193,610000,0.005930633741954944,Petrol,Individual,Manual
0.9189189189189193,310000,0.014827219825321886,Petrol,Individual,Manual
0.8918918918918948,720000,0.014827219825321886,Diesel,Individual,Manual
0.7837837837837824,158000,0.046600741551632394,Diesel,Individual,Manual
0.7567567567567579,175000,0.03630612051230779,Diesel,Individual,Manual
0.7297297297297334,217000,0.05083721111514047,Diesel,Individual,Manual
0.8108108108108141,484999,0.021181924170583986,Diesel,Individual,Manual
0.7837837837837824,315000,0.04236427198812433,Diesel,Individual,Manual
0.8918918918918948,550000,0.014827219825321886,Diesel,Individual,Manual
0.7837837837837824,280000,0.02965486329760012,Petrol,Individual,Manual
0.8108108108108141,350000,0.03812780242461626,Petrol,Individual,Manual
0.9189189189189193,1150000,0.01779274851977753,Diesel,Individual,Manual
0.8918918918918948,420000,0.012708985043567853,Petrol,Individual,Manual
0.7567567567567579,290000,0.03812780242461626,Petrol,Individual,Manual
0.7837837837837824,180000,0.025418393734092055,Petrol,Individual,Manual
0.7297297297297334,160000,0.06863038328187435,Petrol,Individual,Manual
0.9189189189189193,66000,0.02965486329760012,Petrol,Individual,Manual
0.8648648648648631,369000,0.008472515480059785,Petrol,Individual,Manual
0.7837837837837824,300000,0.033891332861108195,Diesel,Individual,Manual
0.6756756756756772,350000,0.03812780242461626,Diesel,Individual,Manual
0.6756756756756772,220000,0.05083721111514047,Petrol,Individual,Automatic
0.5945945945945965,160000,0.09320190675022114,Diesel,Individual,Manual
0.7027027027027017,221000,0.04236427198812433,Diesel,Individual,Manual
0.9189189189189193,400000,0.014827219825321886,Petrol,Individual,Manual
0.567567567567572,250000,0.05083721111514047,Petrol,Individual,Manual
0.7567567567567579,390000,0.05083721111514047,Diesel,Individual,Manual
0.7837837837837824,190000,0.046600741551632394,Petrol,Individual,Manual
0.9189189189189193,300000,0.025418393734092055,Petrol,Individual,Manual
0.9189189189189193,750000,0.011438044174515433,Diesel,Individual,Manual
0.8918918918918948,650000,0.021181924170583986,Diesel,Individual,Manual
0.9459459459459438,635000,0.01694545460707592,Petrol,Individual,Manual
0.8108108108108141,520000,0.037280508511914646,Diesel,Individual,Manual
1.0,1500000,0.021181924170583986,Diesel,Individual,Manual
0.7837837837837824,415000,0.033891332861108195,Diesel,Individual,Manual
0.9729729729729755,700000,0.025418393734092055,Diesel,Individual,Manual
0.9189189189189193,484999,0.011014397218164626,Petrol,Individual,Manual
0.6486486486486527,120000,0.033891332861108195,Petrol,Individual,Manual
0.8378378378378386,220000,0.025418393734092055,Petrol,Individual,Manual
0.8378378378378386,320000,0.033891332861108195,Petrol,Individual,Manual
0.7567567567567579,375000,0.03812780242461626,Diesel,Individual,Manual
0.7837837837837824,440000,0.033891332861108195,Diesel,Individual,Manual
0.9729729729729755,550000,0.006354280698305751,Petrol,Individual,Automatic
0.9189189189189193,640000,0.014827219825321886,Diesel,Individual,Manual
0.8378378378378386,420000,0.05083721111514047,Diesel,Individual,Manual
0.8918918918918948,330000,0.026689334603144474,Diesel,Individual,Manual
0.9729729729729755,800000,0.010590750261813818,Diesel,Individual,Manual
0.7567567567567579,240000,0.027324805037670683,Petrol,Individual,Manual
0.8918918918918948,360000,0.04236427198812433,Diesel,Individual,Manual
0.9189189189189193,750000,0.01694545460707592,Diesel,Individual,Manual
0.9189189189189193,570000,0.006354280698305751,Petrol,Individual,Manual
0.8648648648648631,450000,0.010590750261813818,Diesel,Individual,Manual
0.8918918918918948,270000,0.03473862677380981,Petrol,Individual,Manual
0.7837837837837824,459999,0.03685686155556384,Diesel,Individual,Manual
0.8648648648648631,240000,0.033891332861108195,Petrol,Individual,Manual
0.7837837837837824,320000,0.046600741551632394,Diesel,Individual,Manual
0.7567567567567579,149000,0.06269932589296305,Diesel,Individual,Manual
0.9459459459459438,1500000,0.01694545460707592,Diesel,Individual,Manual
0.7567567567567579,180000,0.02965486329760012,Petrol,Individual,Manual
0.7837837837837824,185000,0.02965486329760012,LPG,Individual,Manual
0.6756756756756772,65000,0.01694545460707592,Petrol,Individual,Manual
0.7297297297297334,130000,0.05083721111514047,Diesel,Individual,Manual
0.7837837837837824,330000,0.025418393734092055,Diesel,Individual,Manual
0.7567567567567579,190000,0.03812780242461626,Diesel,Dealer,Manual
0.8378378378378386,501000,0.028807569384898507,Diesel,Dealer,Manual
0.9189189189189193,600000,0.010378926783638415,Diesel,Dealer,Manual
0.7837837837837824,570000,0.03262039199205577,Diesel,Dealer,Manual
0.8648648648648631,450000,0.03600956764286223,Diesel,Dealer,Manual
0.7567567567567579,285000,0.019275512867005355,Petrol,Dealer,Manual
0.8378378378378386,490000,0.028383922428547703,Diesel,Dealer,Manual
0.8378378378378386,500000,0.03262039199205577,Diesel,Dealer,Manual
0.8918918918918948,275000,0.019910983301531567,Petrol,Dealer,Manual
0.9189189189189193,440000,0.024147452865039633,Petrol,Dealer,Manual
0.9459459459459438,825000,0.03029033373212633,Diesel,Dealer,Manual
0.7837837837837824,411000,0.046600741551632394,Diesel,Dealer,Manual
0.8108108108108141,470000,0.03473862677380981,Diesel,Dealer,Manual
0.8108108108108141,445000,0.02965486329760012,Diesel,Dealer,Manual
0.9189189189189193,752000,0.011861691130866239,Diesel,Dealer,Manual
0.8918918918918948,650000,0.0529554458968945,Diesel,Dealer,Manual
0.8108108108108141,450000,0.028383922428547703,Diesel,Dealer,Manual
0.7567567567567579,350000,0.03961056677184408,Petrol,Dealer,Manual
0.7837837837837824,511000,0.0036005754820255067,Petrol,Dealer,Manual
0.8918918918918948,700000,0.033891332861108195,Diesel,Dealer,Manual
0.8918918918918948,1800000,0.012708985043567853,Diesel,Individual,Automatic
0.9459459459459438,550000,0.0060153631332251056,Petrol,Individual,Manual
0.6486486486486527,142000,0.04109333111907191,Petrol,Individual,Manual
0.7837837837837824,725000,0.03812780242461626,Diesel,Individual,Manual
0.9189189189189193,630000,0.012708985043567853,Petrol,Individual,Manual
0.8648648648648631,480000,0.021181924170583986,Petrol,Individual,Manual
0.8918918918918948,330000,0.012708985043567853,Petrol,Individual,Manual
0.9189189189189193,500000,0.008472515480059785,Petrol,Individual,Manual
0.7837837837837824,300000,0.025545487820997297,Diesel,Individual,Manual
0.8648648648648631,400000,0.014827219825321886,Diesel,Individual,Manual
0.7567567567567579,320000,0.033891332861108195,Diesel,Individual,Manual
0.6756756756756772,180000,0.018805688392412312,Petrol,Individual,Manual
0.8918918918918948,530000,0.02457109982139044,Diesel,Individual,Manual
0.8648648648648631,600000,0.01694545460707592,Diesel,Individual,Manual
0.9189189189189193,780000,0.027960275472196896,Diesel,Individual,Manual
0.8918918918918948,700000,0.046600741551632394,Diesel,Individual,Manual
0.8108108108108141,175000,0.02385725469993933,Diesel,Individual,Manual
0.9189189189189193,735000,0.02965486329760012,Diesel,Individual,Manual
0.8108108108108141,325000,0.05083721111514047,Diesel,Individual,Manual
0.621621621621621,225000,0.04236427198812433,Diesel,Individual,Manual
0.8648648648648631,350000,0.03812780242461626,Diesel,Individual,Manual
0.621621621621621,110000,0.05083721111514047,LPG,Individual,Manual
0.6486486486486527,85000,0.06778308936917274,Petrol,Individual,Manual
0.7027027027027017,225000,0.05083721111514047,Diesel,Individual,Manual
0.7297297297297334,111000,0.04236427198812433,Diesel,Individual,Manual
0.6486486486486527,150000,0.02965486329760012,Petrol,Individual,Manual
0.9189189189189193,300000,0.0064182513887147226,Petrol,Individual,Manual
0.8648648648648631,630000,0.025418393734092055,Diesel,Individual,Manual
0.7567567567567579,206000,0.04236427198812433,Petrol,Individual,Manual
0.621621621621621,70000,0.046600741551632394,Petrol,Individual,Manual
0.9729729729729755,567000,0.0029651050474992966,Petrol,Individual,Automatic
0.5945945945945965,65000,0.014827219825321886,Petrol,Individual,Manual
0.8918918918918948,550000,0.025418393734092055,Diesel,Individual,Manual
0.7297297297297334,140000,0.02965486329760012,Petrol,Individual,Manual
0.8918918918918948,300000,0.012708985043567853,Petrol,Individual,Manual
0.8648648648648631,400000,0.05422638676594692,Petrol,Individual,Manual
0.7567567567567579,340000,0.06778308936917274,Diesel,Individual,Manual
0.7837837837837824,850000,0.05083721111514047,Diesel,Individual,Manual
0.8378378378378386,570000,0.006354280698305751,Diesel,Individual,Manual
0.9189189189189193,699000,0.025418393734092055,Diesel,Individual,Manual
0.8108108108108141,355000,0.033891332861108195,Petrol,Individual,Manual
0.8918918918918948,690000,0.033891332861108195,Diesel,Individual,Manual
0.621621621621621,180000,0.048431320050024235,Diesel,Individual,Manual
0.8108108108108141,200000,0.05083721111514047,Diesel,Individual,Manual
0.7837837837837824,575000,0.05083721111514047,Diesel,Individual,Manual
0.8378378378378386,415000,0.06185203198026144,Diesel,Individual,Manual
0.7837837837837824,350000,0.012708985043567853,LPG,Individual,Manual
0.9189189189189193,350000,0.008472515480059785,Petrol,Individual,Manual
0.9189189189189193,632000,0.06354661980566467,Diesel,Individual,Manual
0.8378378378378386,325000,0.02965486329760012,CNG,Individual,Manual
0.8108108108108141,511000,0.03812780242461626,Petrol,Individual,Manual
0.7297297297297334,300000,0.04236427198812433,Petrol,Individual,Manual
0.5945945945945965,70000,0.07964520414699533,Petrol,Individual,Manual
0.6756756756756772,180000,0.04236427198812433,Petrol,Individual,Manual
0.9729729729729755,5150000,0.008472515480059785,Petrol,Dealer,Automatic
0.9189189189189193,3200000,0.019063689388829953,Diesel,Dealer,Automatic
0.8648648648648631,503000,0.046600741551632394,Diesel,Individual,Manual
0.8918918918918948,2000000,0.02884527396401373,Petrol,Trustmark Dealer,Automatic
0.8108108108108141,225000,0.02471641072741877,Petrol,Trustmark Dealer,Manual
0.9459459459459438,740000,0.016444280257712916,Diesel,Dealer,Manual
0.8918918918918948,550000,0.023933087505126127,Petrol,Trustmark Dealer,Manual
0.8108108108108141,750000,0.03360664210644045,Diesel,Trustmark Dealer,Manual
0.9729729729729755,650000,0.002380895894691534,Petrol,Trustmark Dealer,Automatic
0.9189189189189193,625000,0.010818672324330553,Petrol,Trustmark Dealer,Manual
0.9459459459459438,600000,0.029561237320246594,Petrol,Dealer,Automatic
0.9189189189189193,450000,0.02384666352603056,Diesel,Dealer,Manual
0.9729729729729755,5400000,0.0031769285256747003,Diesel,Dealer,Automatic
0.9729729729729755,5500000,0.0036005754820255067,Diesel,Dealer,Automatic
0.9729729729729755,779000,0.0029786617501025227,Petrol,Trustmark Dealer,Automatic
0.8918918918918948,645000,0.004659692872902524,Petrol,Dealer,Automatic
0.9459459459459438,2475000,0.0008468702657452627,Diesel,Dealer,Automatic
0.9189189189189193,730000,0.015815588174488318,Petrol,Individual,Manual
0.8378378378378386,450000,0.006354280698305751,Diesel,Individual,Manual
0.7837837837837824,550000,0.1398030719488099,Petrol,Individual,Manual
0.9189189189189193,420000,0.025418393734092055,CNG,Individual,Manual
0.8918918918918948,509999,0.033891332861108195,Diesel,Individual,Manual
0.8648648648648631,905000,0.046600741551632394,Diesel,Individual,Manual
0.7297297297297334,240000,0.05676826850405176,Diesel,Individual,Manual
0.7567567567567579,140000,0.030502157210301736,Petrol,Individual,Manual
0.621621621621621,300000,0.0593101502421566,Diesel,Individual,Manual
0.8648648648648631,300000,0.033891332861108195,Petrol,Individual,Manual
0.7297297297297334,225000,0.05083721111514047,Diesel,Individual,Manual
0.8648648648648631,860000,0.03812780242461626,Diesel,Individual,Manual
0.7837837837837824,400000,0.04236427198812433,Diesel,Individual,Manual
0.7027027027027017,190000,0.03812780242461626,Petrol,Individual,Manual
0.8108108108108141,350000,0.0593101502421566,Diesel,Individual,Manual
0.7297297297297334,75000,0.05083721111514047,Petrol,Individual,Manual
0.9729729729729755,860000,0.014827219825321886,Diesel,Individual,Automatic
0.8378378378378386,250000,0.021181924170583986,Petrol,Individual,Manual
0.9189189189189193,700000,0.03473862677380981,Diesel,Individual,Manual
0.8378378378378386,399000,0.02965486329760012,Diesel,Individual,Manual
0.8918918918918948,320000,0.03812780242461626,Petrol,Individual,Manual
0.8648648648648631,2000000,0.025418393734092055,Diesel,Individual,Automatic
0.8378378378378386,1100000,0.033467685904757384,Diesel,Individual,Manual
0.7567567567567579,750000,0.12328084065112842,Diesel,Individual,Manual
0.7297297297297334,750000,0.10591131544074535,Diesel,Individual,Manual
0.9459459459459438,530000,0.008472515480059785,Diesel,Individual,Manual
0.9189189189189193,750000,0.022452865039636408,Diesel,Individual,Manual
0.9189189189189193,450000,0.03770415546826546,Diesel,Individual,Manual
0.8108108108108141,459999,0.014827219825321886,Petrol,Individual,Manual
0.8108108108108141,235000,0.018216395476128338,Petrol,Individual,Manual
0.7027027027027017,180000,0.033891332861108195,Petrol,Individual,Manual
0.6486486486486527,140000,0.033891332861108195,Petrol,Individual,Manual
0.8378378378378386,620000,0.046600741551632394,Diesel,Individual,Manual
0.7837837837837824,190000,0.04236427198812433,Petrol,Individual,Manual
0.9459459459459438,380000,0.010590750261813818,Petrol,Individual,Manual
0.9729729729729755,1145000,0.008472515480059785,Diesel,Individual,Manual
0.9189189189189193,540000,0.02965486329760012,Diesel,Individual,Manual
0.7567567567567579,800000,0.08345802675415259,Diesel,Individual,Manual
0.621621621621621,150000,0.04236427198812433,Petrol,Individual,Manual
0.3243243243243228,55000,0.02965486329760012,Petrol,Individual,Manual
0.8648648648648631,919999,0.0593101502421566,Diesel,Individual,Manual
0.6756756756756772,75000,0.03643321459921303,Petrol,Individual,Manual
0.7027027027027017,135000,0.021181924170583986,Petrol,Individual,Manual
0.9189189189189193,340000,0.01707254869398116,Petrol,Individual,Manual
0.7297297297297334,525000,0.05083721111514047,Diesel,Individual,Manual
0.8918918918918948,411000,0.010590750261813818,Petrol,Individual,Manual
0.7297297297297334,150000,0.0656648545874187,Petrol,Individual,Manual
0.8648648648648631,575000,0.021181924170583986,Petrol,Individual,Automatic
0.9189189189189193,595000,0.012721694452258377,Petrol,Dealer,Manual
0.9189189189189193,525000,0.012297623848951219,Petrol,Dealer,Manual
0.7837837837837824,335000,0.030532659791158993,Diesel,Dealer,Manual
0.7837837837837824,300000,0.022876511995987215,Diesel,Individual,Manual
0.7837837837837824,415000,0.03477336582423057,Diesel,Dealer,Manual
0.8918918918918948,925000,0.02033463025788237,Diesel,Individual,Manual
0.8918918918918948,750000,0.008472515480059785,Petrol,Individual,Manual
0.9459459459459438,1150000,0.02075827721423318,Diesel,Individual,Automatic
0.8648648648648631,260000,0.014827219825321886,Petrol,Individual,Manual
0.7567567567567579,347000,0.03414552103491868,Diesel,Individual,Manual
0.8108108108108141,195000,0.02482910081780808,Petrol,Individual,Manual
0.8918918918918948,320000,0.018216395476128338,CNG,Individual,Manual
0.8918918918918948,590000,0.006989751132831961,Petrol,Individual,Manual
0.7837837837837824,650000,0.058462856329454985,Diesel,Individual,Manual
0.8108108108108141,509999,0.07011314762910217,Diesel,Individual,Manual
0.7567567567567579,350000,0.05083721111514047,Diesel,Individual,Manual
0.9459459459459438,749000,0.012708985043567853,Diesel,Individual,Manual
0.7297297297297334,150000,0.02965486329760012,Diesel,Individual,Manual
0.4864864864864842,33983,0.033891332861108195,Petrol,Individual,Manual
0.5405405405405403,58000,0.0720195589326808,Petrol,Individual,Manual
0.7567567567567579,200000,0.05083721111514047,Diesel,Individual,Manual
0.4054054054054035,210000,0.020330393788318864,Diesel,Individual,Manual
0.8378378378378386,240000,0.07117226501997918,Diesel,Individual,Manual
0.9189189189189193,515000,0.025418393734092055,Diesel,Individual,Manual
0.6756756756756772,145000,0.05083721111514047,Petrol,Individual,Manual
0.8918918918918948,450000,0.0024567286998783285,Petrol,Individual,Manual
0.7297297297297334,179000,0.029104122254344073,Petrol,Individual,Manual
0.6486486486486527,220000,0.045753447638930786,Petrol,Individual,Manual
1.0,500000,0.01694545460707592,Petrol,Individual,Manual
0.7027027027027017,190000,0.04236427198812433,Diesel,Individual,Manual
0.8648648648648631,200000,0.01694545460707592,Diesel,Individual,Manual
0.9459459459459438,850000,0.03812780242461626,Petrol,Individual,Manual
0.7567567567567579,270000,0.025418393734092055,Petrol,Individual,Manual
0.8918918918918948,335000,0.007201574611007364,Petrol,Individual,Manual
0.9459459459459438,459999,0.0021178111347976833,Petrol,Individual,Manual
0.9189189189189193,710000,0.025418393734092055,Diesel,Individual,Manual
0.8648648648648631,330000,0.0593101502421566,Diesel,Individual,Manual
0.9189189189189193,1515000,0.006354280698305751,Diesel,Individual,Manual
0.9459459459459438,750000,0.010590750261813818,Petrol,Individual,Manual
0.8918918918918948,160000,0.021181924170583986,Petrol,Individual,Manual
0.8918918918918948,215000,0.025418393734092055,Diesel,Individual,Manual
0.7837837837837824,60000,0.01694545460707592,Petrol,Individual,Manual
0.8378378378378386,480000,0.030502157210301736,Petrol,Individual,Manual
0.7837837837837824,140000,0.08261073284145097,Diesel,Individual,Manual
0.7837837837837824,200000,0.02965486329760012,Petrol,Individual,Manual
0.8108108108108141,400000,0.03516227373016061,Diesel,Individual,Manual
0.7837837837837824,180000,0.04236427198812433,Petrol,Individual,Manual
0.8648648648648631,550000,0.010590750261813818,Petrol,Individual,Manual
0.8918918918918948,550000,0.021181924170583986,Diesel,Individual,Manual
0.7837837837837824,550000,0.028383922428547703,Diesel,Individual,Manual
0.7567567567567579,270000,0.012708985043567853,Petrol,Individual,Manual
0.8108108108108141,315000,0.03600956764286223,Diesel,Individual,Manual
0.9459459459459438,875000,0.010590750261813818,Diesel,Individual,Manual
0.6486486486486527,400000,0.0720195589326808,Diesel,Individual,Manual
0.8378378378378386,540000,0.046600741551632394,Diesel,Individual,Manual
0.9189189189189193,350000,0.025418393734092055,CNG,Individual,Manual
0.7567567567567579,360000,0.033891332861108195,Diesel,Individual,Manual
0.8378378378378386,300000,0.013132631999918659,Petrol,Individual,Manual
0.8378378378378386,350000,0.04236427198812433,Diesel,Individual,Manual
0.8918918918918948,650000,0.05507368067864853,Diesel,Individual,Manual
0.8918918918918948,350000,0.008472515480059785,Petrol,Individual,Manual
0.9189189189189193,700000,0.025418393734092055,Diesel,Individual,Manual
0.8108108108108141,415000,0.04363351826935134,Diesel,Individual,Manual
0.9189189189189193,830000,0.014827219825321886,Diesel,Individual,Manual
0.9459459459459438,430000,0.0021178111347976833,Petrol,Individual,Manual
0.9189189189189193,850000,0.025418393734092055,Diesel,Individual,Manual
0.9189189189189193,650000,0.02965486329760012,Petrol,Individual,Manual
0.6756756756756772,120000,0.05083721111514047,Diesel,Individual,Manual
0.8918918918918948,730000,0.02757899321148117,Diesel,Individual,Manual
0.9729729729729755,525000,0.008472515480059785,Petrol,Individual,Automatic
0.8648648648648631,600000,0.045753447638930786,Diesel,Individual,Manual
0.7027027027027017,150000,0.03262039199205577,Petrol,Individual,Manual
0.8648648648648631,409999,0.007837045045533574,Petrol,Individual,Manual
0.8648648648648631,500000,0.014827219825321886,Petrol,Individual,Manual
0.7567567567567579,475000,0.033891332861108195,Diesel,Individual,Manual
0.8108108108108141,190000,0.02965486329760012,Petrol,Individual,Manual
0.8378378378378386,750000,0.033891332861108195,Diesel,Individual,Manual
0.8378378378378386,525000,0.05083721111514047,Diesel,Individual,Manual
0.7837837837837824,495000,0.03473862677380981,Diesel,Individual,Manual
0.8648648648648631,550000,0.025418393734092055,Diesel,Individual,Manual
0.7837837837837824,595000,0.05465003372229772,Diesel,Individual,Manual
0.8648648648648631,2000000,0.05083721111514047,Diesel,Individual,Manual
0.7297297297297334,400000,0.05083721111514047,Diesel,Individual,Manual
0.8648648648648631,500000,0.04088150764089651,Diesel,Individual,Manual
0.9189189189189193,340000,0.02220376062930213,Petrol,Dealer,Manual
0.8108108108108141,480000,0.0370483499798344,Diesel,Dealer,Manual
0.9459459459459438,750000,0.007201574611007364,Diesel,Individual,Manual
0.6756756756756772,100000,0.028184808359062823,Petrol,Individual,Manual
0.8648648648648631,425000,0.04088150764089651,Diesel,Individual,Manual
0.7297297297297334,285000,0.033467685904757384,Petrol,Individual,Manual
0.8918918918918948,625000,0.021181924170583986,Diesel,Individual,Manual
0.7837837837837824,170000,0.025418393734092055,Diesel,Individual,Manual
0.9459459459459438,459999,0.014827219825321886,Petrol,Individual,Manual
0.8648648648648631,450000,0.05083721111514047,Diesel,Individual,Manual
0.9729729729729755,650000,0.004236045916551717,Petrol,Individual,Automatic
0.9189189189189193,600000,0.006354280698305751,Petrol,Individual,Manual
0.8108108108108141,178000,0.02965486329760012,CNG,Individual,Manual
0.8918918918918948,300000,0.0021178111347976833,Petrol,Individual,Manual
0.7027027027027017,150000,0.01694545460707592,Petrol,Individual,Manual
0.9729729729729755,590000,0.004236045916551717,Petrol,Individual,Manual
0.8918918918918948,310000,0.010590750261813818,Petrol,Individual,Manual
0.9189189189189193,400000,0.022452865039636408,Petrol,Individual,Manual
0.8378378378378386,520000,0.046600741551632394,Diesel,Individual,Manual
0.8108108108108141,300000,0.084728967623205,Diesel,Individual,Manual
0.9729729729729755,1000000,0.009319809392761398,Petrol,Individual,Manual
0.5405405405405403,65000,0.02965486329760012,Petrol,Individual,Manual
0.8648648648648631,509999,0.03177309807935416,Diesel,Individual,Manual
0.7837837837837824,221000,0.02965486329760012,Petrol,Individual,Manual
0.8378378378378386,390000,0.02711298155949528,Petrol,Individual,Manual
0.5135135135135158,350000,0.025418393734092055,Petrol,Individual,Manual
0.7027027027027017,195000,0.01694545460707592,Petrol,Individual,Manual
0.7297297297297334,1750000,0.046600741551632394,Diesel,Individual,Automatic
0.8108108108108141,600000,0.025418393734092055,Diesel,Individual,Manual
0.8648648648648631,615000,0.030502157210301736,Diesel,Individual,Manual
0.8108108108108141,350000,0.02965486329760012,Diesel,Individual,Manual
0.7837837837837824,140000,0.03177309807935416,Diesel,Individual,Manual
0.9189189189189193,650000,0.013696506098821584,Diesel,Individual,Manual
0.8918918918918948,1100000,0.02965486329760012,Diesel,Individual,Manual
0.7297297297297334,285000,0.033891332861108195,Diesel,Individual,Manual
0.7567567567567579,190000,0.008472515480059785,Petrol,Individual,Manual
0.7837837837837824,350000,0.046600741551632394,Petrol,Individual,Manual
0.8378378378378386,400000,0.01694545460707592,Petrol,Individual,Manual
0.8918918918918948,2100000,0.01694545460707592,Petrol,Individual,Automatic
0.8648648648648631,434999,0.03812780242461626,Petrol,Individual,Manual
0.8378378378378386,450000,0.021181924170583986,Petrol,Individual,Manual
0.4864864864864842,45000,0.05803920937310418,Petrol,Individual,Manual
0.8648648648648631,450000,0.025418393734092055,Petrol,Individual,Manual
0.9189189189189193,580000,0.012708985043567853,Diesel,Individual,Manual
0.8918918918918948,900000,0.04151697807542271,Diesel,Individual,Manual
0.7027027027027017,140000,0.05083721111514047,Diesel,Individual,Manual
0.9189189189189193,525000,0.012708985043567853,Petrol,Individual,Manual
0.7027027027027017,114999,0.05083721111514047,Diesel,Individual,Manual
0.8918918918918948,399000,0.01694545460707592,Petrol,Individual,Manual
0.621621621621621,150000,0.04236427198812433,Petrol,Individual,Manual
0.7837837837837824,275000,0.03812780242461626,Diesel,Individual,Manual
0.7567567567567579,340000,0.033891332861108195,Diesel,Individual,Manual
0.7837837837837824,222000,0.05083721111514047,LPG,Individual,Manual
0.8108108108108141,850000,0.084728967623205,Diesel,Individual,Automatic
0.6486486486486527,70000,0.046600741551632394,Diesel,Individual,Manual
0.9189189189189193,430000,0.016098160694374305,Petrol,Individual,Manual
0.9189189189189193,430000,0.014827219825321886,Petrol,Individual,Manual
0.5945945945945965,95000,0.0529554458968945,Petrol,Individual,Manual
0.7837837837837824,500000,0.05083721111514047,Diesel,Individual,Manual
0.7837837837837824,500000,0.046600741551632394,Diesel,Individual,Manual
0.7297297297297334,229999,0.0593101502421566,Diesel,Individual,Manual
0.7027027027027017,600000,0.0656648545874187,Diesel,Individual,Automatic
0.6486486486486527,200000,0.05083721111514047,Petrol,Individual,Manual
0.9189189189189193,500000,0.033891332861108195,Diesel,Individual,Manual
0.7297297297297334,315000,0.05083721111514047,Diesel,Individual,Manual
0.7567567567567579,265000,0.033891332861108195,Petrol,Individual,Manual
0.8648648648648631,350000,0.046600741551632394,Diesel,Individual,Manual
0.7837837837837824,200000,0.09743837631372922,Diesel,Individual,Manual
0.7567567567567579,114999,0.07286685284538241,Diesel,Individual,Manual
0.8378378378378386,425000,0.010590750261813818,Petrol,Individual,Manual
0.9729729729729755,900000,0.014827219825321886,Diesel,Individual,Manual
0.8378378378378386,550000,0.053379092853245304,Diesel,Individual,Manual
0.9459459459459438,900000,0.012708985043567853,Diesel,Individual,Manual
0.7567567567567579,165000,0.04109333111907191,Petrol,Individual,Manual
0.8918918918918948,850000,0.05083721111514047,Diesel,Individual,Automatic
0.8918918918918948,850000,0.05083721111514047,Diesel,Individual,Manual
0.8378378378378386,550000,0.033891332861108195,Diesel,Individual,Manual
0.7567567567567579,500000,0.025418393734092055,Diesel,Individual,Manual
0.7567567567567579,160000,0.025418393734092055,Petrol,Individual,Manual
0.8648648648648631,670000,0.025418393734092055,Diesel,Individual,Manual
0.8378378378378386,430000,0.03812780242461626,Diesel,Individual,Manual
0.8648648648648631,375000,0.012708985043567853,Petrol,Individual,Manual
0.8918918918918948,500000,0.014827219825321886,Diesel,Individual,Manual
0.8918918918918948,500000,0.014827219825321886,Diesel,Individual,Manual
0.9189189189189193,1350000,0.010590750261813818,Diesel,Individual,Manual
0.9459459459459438,600000,0.01694545460707592,Diesel,Individual,Manual
0.9189189189189193,1200000,0.010590750261813818,Diesel,Individual,Manual
0.8108108108108141,3750000,0.023723805908688826,Diesel,Dealer,Automatic
0.9459459459459438,795000,0.017699122542424003,Petrol,Dealer,Manual
0.8918918918918948,625000,0.022876511995987215,Petrol,Dealer,Manual
0.8918918918918948,2900000,0.013132631999918659,Diesel,Dealer,Automatic
0.9189189189189193,625000,0.015674513738023498,Diesel,Individual,Automatic
0.9459459459459438,1400000,0.005733214260295468,Petrol,Dealer,Manual
0.9189189189189193,1450000,0.0029651050474992966,Petrol,Dealer,Automatic
0.9189189189189193,2700000,0.009743456349112205,Diesel,Dealer,Automatic
0.9189189189189193,550000,0.009936639361208173,Petrol,Dealer,Manual
0.9729729729729755,1925000,0.018216395476128338,Diesel,Dealer,Automatic
0.8648648648648631,1225000,0.016521807650725112,Diesel,Dealer,Manual
0.8108108108108141,530000,0.01694545460707592,Diesel,Individual,Manual
1.0,1900000,0.0021178111347976833,Diesel,Dealer,Automatic
0.9189189189189193,844999,0.02965486329760012,Diesel,Dealer,Manual
0.8918918918918948,650000,0.041940625031773524,Diesel,Dealer,Automatic
0.9459459459459438,750000,0.006354280698305751,Petrol,Dealer,Manual
0.9459459459459438,6000000,0.011927780056056965,Diesel,Dealer,Automatic
0.7297297297297334,150000,0.02965486329760012,Petrol,Individual,Manual
0.8378378378378386,475000,0.01694545460707592,Petrol,Individual,Manual
0.6756756756756772,375000,0.05782738589492878,Diesel,Individual,Manual
0.8918918918918948,425000,0.02965486329760012,Diesel,Individual,Manual
0.8648648648648631,800000,0.03812780242461626,Diesel,Individual,Manual
0.3513513513513544,40000,0.013556278956269466,Petrol,Individual,Manual
0.9459459459459438,509999,0.0033887520038501035,Petrol,Individual,Automatic
0.8648648648648631,387000,0.0720195589326808,Diesel,Individual,Manual
0.45945945945945965,95000,0.05083721111514047,Diesel,Individual,Manual
0.7297297297297334,340000,0.046600741551632394,Diesel,Individual,Manual
0.8918918918918948,1000000,0.04236427198812433,Diesel,Individual,Manual
0.7027027027027017,160000,0.048718976333386434,Diesel,Individual,Manual
0.6756756756756772,365000,0.05083721111514047,Diesel,Individual,Manual
0.7567567567567579,300000,0.11226601978600745,Diesel,Individual,Manual
0.6756756756756772,260000,0.03812780242461626,Diesel,Individual,Manual
0.9459459459459438,860000,0.01694545460707592,Petrol,Individual,Automatic
0.6756756756756772,114999,0.02330015895233802,Petrol,Individual,Manual
0.6486486486486527,100000,0.03812780242461626,Petrol,Individual,Manual
0.8378378378378386,565000,0.047024388507983204,Diesel,Individual,Manual
0.8108108108108141,450000,0.05083721111514047,Diesel,Individual,Manual
0.9189189189189193,625000,0.006354280698305751,Petrol,Individual,Manual
0.9189189189189193,330000,0.021181924170583986,Petrol,Individual,Manual
0.8648648648648631,1300000,0.01694545460707592,Diesel,Individual,Manual
0.6756756756756772,65000,0.021181924170583986,Petrol,Individual,Manual
0.9459459459459438,480000,0.019063689388829953,Petrol,Individual,Manual
0.8918918918918948,400000,0.014827219825321886,Diesel,Individual,Manual
0.7027027027027017,500000,0.033891332861108195,Diesel,Individual,Manual
0.7837837837837824,320000,0.05083721111514047,Diesel,Individual,Manual
0.8378378378378386,750000,0.03812780242461626,Diesel,Individual,Manual
0.9189189189189193,620000,0.04236427198812433,Diesel,Individual,Manual
0.7567567567567579,300000,0.05083721111514047,Diesel,Individual,Manual
0.9459459459459438,1405000,0.006354280698305751,Petrol,Individual,Manual
0.9189189189189193,282000,0.006354280698305751,Petrol,Individual,Manual
0.9189189189189193,700000,0.006354280698305751,Petrol,Individual,Automatic
0.9189189189189193,700000,0.02965486329760012,Diesel,Individual,Manual
0.8648648648648631,600000,0.057191915460402566,Diesel,Individual,Manual
0.7837837837837824,290000,0.033891332861108195,Diesel,Individual,Manual
0.7567567567567579,430000,0.033891332861108195,Diesel,Individual,Automatic
0.9189189189189193,575000,0.008048868523708978,Petrol,Individual,Manual
0.7297297297297334,180000,0.03262039199205577,Petrol,Individual,Manual
0.7837837837837824,229999,0.05083721111514047,Diesel,Individual,Manual
0.9729729729729755,800000,0.004236045916551717,Petrol,Individual,Automatic
0.7027027027027017,60000,0.046600741551632394,Petrol,Individual,Manual
0.7027027027027017,150000,0.046600741551632394,Petrol,Individual,Manual
0.6486486486486527,100000,0.03812780242461626,Diesel,Individual,Manual
0.9459459459459438,850000,0.021181924170583986,Diesel,Individual,Manual
0.8378378378378386,220000,0.021181924170583986,Diesel,Individual,Manual
0.8378378378378386,250000,0.01694545460707592,Petrol,Individual,Manual
0.7837837837837824,125000,0.05083721111514047,Diesel,Individual,Manual
0.9459459459459438,1200000,0.011438044174515433,Petrol,Individual,Manual
0.8108108108108141,250000,0.04236427198812433,Diesel,Individual,Manual
0.8378378378378386,440000,0.02965486329760012,Diesel,Individual,Manual
0.9189189189189193,400000,0.01694545460707592,Petrol,Individual,Manual
0.9459459459459438,1000000,0.004236045916551717,Petrol,Individual,Manual
0.8378378378378386,600000,0.06778308936917274,Diesel,Individual,Manual
0.7297297297297334,250000,0.025418393734092055,Petrol,Individual,Manual
0.5945945945945965,120000,0.025418393734092055,Petrol,Individual,Manual
0.8378378378378386,390000,0.03304403894840658,Diesel,Individual,Manual
0.9729729729729755,458000,0.012708985043567853,Petrol,Individual,Manual
0.9459459459459438,950000,0.008472515480059785,Diesel,Individual,Manual
0.9189189189189193,650000,0.00889616243641059,Petrol,Individual,Manual
0.8108108108108141,400000,0.02965486329760012,Diesel,Individual,Manual
0.8648648648648631,400000,0.02965486329760012,Petrol,Individual,Automatic
0.621621621621621,100000,0.018004571997952936,Petrol,Individual,Manual
0.7837837837837824,350000,0.010590750261813818,Petrol,Individual,Manual
0.8108108108108141,450000,0.033891332861108195,Diesel,Individual,Manual
0.621621621621621,350000,0.03812780242461626,Diesel,Individual,Manual
0.7297297297297334,250000,0.033891332861108195,Diesel,Individual,Manual
0.8108108108108141,450000,0.06185203198026144,Diesel,Individual,Manual
0.8108108108108141,157000,0.019995712692801728,Petrol,Individual,Manual
0.9459459459459438,1500000,0.025418393734092055,Diesel,Individual,Manual
0.9459459459459438,1500000,0.025418393734092055,Diesel,Individual,Manual
0.8648648648648631,600000,0.014827219825321886,Petrol,Individual,Manual
0.7837837837837824,250999,0.05083721111514047,Diesel,Individual,Manual
0.7297297297297334,350000,0.033891332861108195,Petrol,Individual,Manual
0.8918918918918948,300000,0.014403572868971079,Petrol,Individual,Manual
0.9189189189189193,819999,0.021181924170583986,Diesel,Individual,Manual
0.7297297297297334,409999,0.04236427198812433,Diesel,Individual,Manual
0.6756756756756772,275000,0.0220292180832856,Petrol,Individual,Manual
0.8108108108108141,497000,0.046600741551632394,Diesel,Individual,Manual
0.8648648648648631,500000,0.02965486329760012,Petrol,Individual,Manual
0.621621621621621,170000,0.05083721111514047,Diesel,Individual,Manual
0.8918918918918948,515000,0.02906557038131615,Diesel,Dealer,Manual
0.9459459459459438,925000,0.014132438816906564,Diesel,Dealer,Manual
0.9729729729729755,1460000,0.0021178111347976833,Diesel,Individual,Manual
0.9729729729729755,2700000,0.004236045916551717,Diesel,Individual,Automatic
0.9189189189189193,830000,0.014827219825321886,Diesel,Individual,Manual
0.9729729729729755,975000,0.012708985043567853,Diesel,Individual,Manual
0.9459459459459438,620000,0.006354280698305751,Petrol,Individual,Manual
0.9729729729729755,860000,0.00606492982711815,Petrol,Dealer,Manual
0.9459459459459438,430000,0.0021178111347976833,Petrol,Individual,Manual
0.9729729729729755,1227000,0.0021178111347976833,Petrol,Individual,Automatic
0.9189189189189193,860000,0.011861691130866239,Petrol,Individual,Manual
0.9459459459459438,950000,0.01694545460707592,Diesel,Individual,Manual
0.7837837837837824,225000,0.03695726588421898,Diesel,Dealer,Manual
0.7567567567567579,500000,0.042152448509948925,Diesel,Individual,Manual
0.9189189189189193,500000,0.02667238872489044,Diesel,Dealer,Manual
0.9729729729729755,1700000,0.006989751132831961,Petrol,Dealer,Automatic
0.8378378378378386,545000,0.046600741551632394,Diesel,Individual,Manual
0.7567567567567579,400000,0.030502157210301736,Diesel,Individual,Manual
0.9459459459459438,650000,0.021181924170583986,Diesel,Individual,Manual
0.6756756756756772,114999,0.02330015895233802,Petrol,Individual,Manual
0.8648648648648631,562000,0.025418393734092055,Diesel,Individual,Manual
0.5135135135135158,96000,0.05083721111514047,Diesel,Individual,Manual
0.9189189189189193,2711000,0.0038123989602009104,Diesel,Dealer,Automatic
0.9729729729729755,5150000,0.008472515480059785,Petrol,Dealer,Automatic
0.9189189189189193,3200000,0.019063689388829953,Diesel,Dealer,Automatic
0.9729729729729755,3800000,0.008472515480059785,Diesel,Individual,Automatic
0.8918918918918948,2000000,0.02884527396401373,Petrol,Trustmark Dealer,Automatic
0.8108108108108141,225000,0.02471641072741877,Petrol,Trustmark Dealer,Manual
0.9459459459459438,740000,0.016444280257712916,Diesel,Dealer,Manual
0.8918918918918948,550000,0.023933087505126127,Petrol,Trustmark Dealer,Manual
0.8108108108108141,750000,0.03360664210644045,Diesel,Trustmark Dealer,Manual
0.9729729729729755,650000,0.002380895894691534,Petrol,Trustmark Dealer,Automatic
0.9189189189189193,625000,0.010818672324330553,Petrol,Trustmark Dealer,Manual
0.9459459459459438,600000,0.029561237320246594,Petrol,Dealer,Automatic
0.9729729729729755,5400000,0.0031769285256747003,Diesel,Dealer,Automatic
0.9729729729729755,779000,0.0029786617501025227,Petrol,Trustmark Dealer,Automatic
0.8918918918918948,645000,0.004659692872902524,Petrol,Dealer,Automatic
0.9459459459459438,2475000,0.0008468702657452627,Diesel,Dealer,Automatic
0.9729729729729755,5150000,0.008472515480059785,Petrol,Dealer,Automatic
0.9189189189189193,3200000,0.019063689388829953,Diesel,Dealer,Automatic
0.8648648648648631,503000,0.046600741551632394,Diesel,Individual,Manual
0.9729729729729755,3800000,0.008472515480059785,Diesel,Individual,Automatic
0.8918918918918948,2000000,0.02884527396401373,Petrol,Trustmark Dealer,Automatic
0.8108108108108141,225000,0.02471641072741877,Petrol,Trustmark Dealer,Manual
0.9459459459459438,740000,0.016444280257712916,Diesel,Dealer,Manual
0.8918918918918948,550000,0.023933087505126127,Petrol,Trustmark Dealer,Manual
0.8108108108108141,750000,0.03360664210644045,Diesel,Trustmark Dealer,Manual
0.9189189189189193,625000,0.010818672324330553,Petrol,Trustmark Dealer,Manual
0.9459459459459438,600000,0.029561237320246594,Petrol,Dealer,Automatic
0.9189189189189193,450000,0.02384666352603056,Diesel,Dealer,Manual
0.9729729729729755,5500000,0.0036005754820255067,Diesel,Dealer,Automatic
0.9729729729729755,779000,0.0029786617501025227,Petrol,Trustmark Dealer,Automatic
0.8918918918918948,645000,0.004659692872902524,Petrol,Dealer,Automatic
0.9459459459459438,2475000,0.0008468702657452627,Diesel,Dealer,Automatic
0.7027027027027017,210000,0.05083721111514047,Diesel,Individual,Manual
0.9189189189189193,2711000,0.0038123989602009104,Diesel,Dealer,Automatic
0.9729729729729755,5150000,0.008472515480059785,Petrol,Dealer,Automatic
0.9189189189189193,3200000,0.019063689388829953,Diesel,Dealer,Automatic
0.8648648648648631,503000,0.046600741551632394,Diesel,Individual,Manual
0.9729729729729755,3800000,0.008472515480059785,Diesel,Individual,Automatic
0.8918918918918948,2000000,0.02884527396401373,Petrol,Trustmark Dealer,Automatic
0.8108108108108141,225000,0.02471641072741877,Petrol,Trustmark Dealer,Manual
0.9459459459459438,740000,0.016444280257712916,Diesel,Dealer,Manual
0.8918918918918948,550000,0.023933087505126127,Petrol,Trustmark Dealer,Manual
0.8108108108108141,750000,0.03360664210644045,Diesel,Trustmark Dealer,Manual
0.9189189189189193,625000,0.010818672324330553,Petrol,Trustmark Dealer,Manual
0.9459459459459438,600000,0.029561237320246594,Petrol,Dealer,Automatic
0.9189189189189193,450000,0.02384666352603056,Diesel,Dealer,Manual
0.9729729729729755,5400000,0.0031769285256747003,Diesel,Dealer,Automatic
0.9729729729729755,5500000,0.0036005754820255067,Diesel,Dealer,Automatic
0.9729729729729755,779000,0.0029786617501025227,Petrol,Trustmark Dealer,Automatic
0.8918918918918948,645000,0.004659692872902524,Petrol,Dealer,Automatic
0.9459459459459438,2475000,0.0008468702657452627,Diesel,Dealer,Automatic
0.8648648648648631,590000,0.033891332861108195,Diesel,Individual,Manual
0.8918918918918948,350000,0.05083721111514047,Diesel,Individual,Manual
0.9189189189189193,484999,0.012708985043567853,Petrol,Individual,Manual
0.8648648648648631,240000,0.046600741551632394,Diesel,Individual,Manual
0.6756756756756772,500000,0.09277825979387033,Diesel,Individual,Manual
0.9189189189189193,300000,0.033891332861108195,Petrol,Individual,Manual
0.8918918918918948,750000,0.033891332861108195,Diesel,Individual,Manual
0.8918918918918948,574000,0.014827219825321886,Petrol,Individual,Manual
0.8108108108108141,200000,0.07074861806362838,Diesel,Individual,Manual
0.8918918918918948,1100000,0.03982239025001949,Diesel,Individual,Manual
0.7837837837837824,350000,0.033891332861108195,Petrol,Individual,Manual
0.4054054054054035,70000,0.04236427198812433,Petrol,Individual,Manual
0.5945945945945965,120000,0.03812780242461626,Petrol,Individual,Manual
0.7837837837837824,700000,0.10421672761534212,Diesel,Individual,Manual
0.9729729729729755,500000,0.004236045916551717,Petrol,Individual,Manual
0.8918918918918948,370000,0.03812780242461626,Diesel,Individual,Manual
0.9729729729729755,600000,0.0022025405260678445,Petrol,Individual,Manual
0.621621621621621,100000,0.05083721111514047,Petrol,Individual,Manual
0.8108108108108141,409999,0.03812780242461626,Diesel,Individual,Manual
0.9189189189189193,600000,0.0021178111347976833,Petrol,Individual,Manual
0.9459459459459438,550000,0.00444786939472712,Petrol,Individual,Manual
0.9459459459459438,950000,0.011014397218164626,Diesel,Individual,Manual
0.8378378378378386,645000,0.058886503285805795,Diesel,Individual,Automatic
0.8378378378378386,750000,0.025418393734092055,Diesel,Individual,Manual
0.621621621621621,650000,0.01694545460707592,Petrol,Individual,Manual
0.8648648648648631,800000,0.010590750261813818,Petrol,Individual,Manual
0.7297297297297334,350000,0.025418393734092055,Petrol,Individual,Manual
0.8648648648648631,700000,0.010590750261813818,Petrol,Individual,Manual
0.7567567567567579,335000,0.006354280698305751,Petrol,Individual,Manual
0.7837837837837824,270000,0.046600741551632394,Diesel,Individual,Manual
0.4864864864864842,52000,0.02965486329760012,Petrol,Individual,Manual
0.6486486486486527,120000,0.05083721111514047,Petrol,Individual,Manual
0.6486486486486527,125000,0.05083721111514047,Petrol,Individual,Manual
0.6486486486486527,150000,0.014827219825321886,Petrol,Individual,Manual
0.9459459459459438,310000,0.0055069867856041375,Petrol,Individual,Manual
0.8648648648648631,625000,0.021181924170583986,Diesel,Individual,Manual
0.8918918918918948,600000,0.010590750261813818,Petrol,Individual,Manual
0.7567567567567579,180000,0.046600741551632394,Petrol,Individual,Manual
0.9729729729729755,700000,0.0021178111347976833,Petrol,Individual,Manual
0.8108108108108141,121000,0.021181924170583986,Petrol,Individual,Manual
0.8378378378378386,350000,0.033891332861108195,Petrol,Individual,Manual
0.7837837837837824,869999,0.09532014153197517,Diesel,Individual,Manual
0.9189189189189193,2711000,0.0038123989602009104,Diesel,Dealer,Automatic
0.9189189189189193,3200000,0.019063689388829953,Diesel,Dealer,Automatic
0.8648648648648631,503000,0.046600741551632394,Diesel,Individual,Manual
0.9729729729729755,3800000,0.008472515480059785,Diesel,Individual,Automatic
0.8918918918918948,2000000,0.02884527396401373,Petrol,Trustmark Dealer,Automatic
0.9459459459459438,740000,0.016444280257712916,Diesel,Dealer,Manual
0.8918918918918948,550000,0.023933087505126127,Petrol,Trustmark Dealer,Manual
0.8108108108108141,750000,0.03360664210644045,Diesel,Trustmark Dealer,Manual
0.9729729729729755,650000,0.002380895894691534,Petrol,Trustmark Dealer,Automatic
0.9189189189189193,625000,0.010818672324330553,Petrol,Trustmark Dealer,Manual
0.9459459459459438,600000,0.029561237320246594,Petrol,Dealer,Automatic
0.9189189189189193,450000,0.02384666352603056,Diesel,Dealer,Manual
0.9729729729729755,5400000,0.0031769285256747003,Diesel,Dealer,Automatic
0.9729729729729755,5500000,0.0036005754820255067,Diesel,Dealer,Automatic
0.9729729729729755,779000,0.0029786617501025227,Petrol,Trustmark Dealer,Automatic
0.8918918918918948,645000,0.004659692872902524,Petrol,Dealer,Automatic
0.9459459459459438,2475000,0.0008468702657452627,Diesel,Dealer,Automatic
0.6756756756756772,80000,0.04236427198812433,Petrol,Individual,Manual
0.6756756756756772,120000,0.039538970436220795,Petrol,Individual,Manual
0.7837837837837824,370000,0.05083721111514047,Diesel,Individual,Manual
0.8648648648648631,750000,0.02965486329760012,Diesel,Individual,Manual
0.8648648648648631,484999,0.04236427198812433,Diesel,Individual,Manual
0.9189189189189193,860000,0.011861691130866239,Petrol,Individual,Manual
0.9459459459459438,650000,0.021181924170583986,Diesel,Individual,Manual
0.8378378378378386,650000,0.03812780242461626,Diesel,Individual,Manual
0.8918918918918948,710000,0.01694545460707592,Diesel,Individual,Manual
0.9189189189189193,430000,0.04787168242068482,Diesel,Individual,Manual
0.7567567567567579,305000,0.07964520414699533,Diesel,Individual,Manual
0.7567567567567579,220000,0.04236427198812433,Diesel,Individual,Manual
0.7297297297297334,150000,0.09532014153197517,Diesel,Individual,Manual
0.9189189189189193,660000,0.028383922428547703,Diesel,Individual,Manual
0.7567567567567579,140000,0.02965486329760012,Diesel,Individual,Manual
0.8108108108108141,2450000,0.025418393734092055,Diesel,Individual,Automatic
0.9189189189189193,625000,0.014403572868971079,Diesel,Individual,Automatic
0.567567567567572,198000,0.046600741551632394,Petrol,Individual,Manual
0.4864864864864842,60000,0.03007851025395093,Petrol,Individual,Manual
0.5945945945945965,130000,0.0593101502421566,Petrol,Individual,Manual
0.7837837837837824,540000,0.04236427198812433,Petrol,Individual,Manual
0.9189189189189193,550000,0.004236045916551717,Petrol,Individual,Automatic
0.9459459459459438,475000,0.012708985043567853,Petrol,Individual,Manual
0.7297297297297334,217000,0.05083721111514047,Diesel,Individual,Manual
0.5135135135135158,35000,0.0779506163215921,Petrol,Individual,Manual
0.9729729729729755,750000,0.0027532815693238934,Petrol,Individual,Automatic
0.7297297297297334,350000,0.033891332861108195,Petrol,Individual,Manual
0.6756756756756772,400000,0.04236427198812433,Diesel,Individual,Manual
0.8648648648648631,570000,0.05083721111514047,Diesel,Individual,Manual
0.7837837837837824,180000,0.05083721111514047,Petrol,Individual,Manual
0.4054054054054035,68000,0.046600741551632394,Petrol,Individual,Manual
0.621621621621621,280000,0.06354661980566467,Diesel,Individual,Manual
0.8648648648648631,2600000,0.04236427198812433,Diesel,Individual,Automatic
0.9459459459459438,700000,0.026689334603144474,Diesel,Individual,Manual
0.8918918918918948,1850000,0.01694545460707592,Diesel,Individual,Automatic
0.8648648648648631,685000,0.04617709459528159,Diesel,Dealer,Manual
0.8648648648648631,565000,0.04829532937703562,Diesel,Dealer,Manual
0.9189189189189193,1600000,0.013979925912620273,Petrol,Dealer,Automatic
0.8378378378378386,395000,0.06778308936917274,Diesel,Dealer,Manual
0.8108108108108141,425000,0.04278791894447514,Diesel,Dealer,Manual
0.9729729729729755,1350000,0.0022872699173380057,Diesel,Dealer,Manual
0.8918918918918948,1950000,0.019063689388829953,Diesel,Dealer,Automatic
0.9459459459459438,535000,0.013132631999918659,Petrol,Dealer,Automatic
0.9459459459459438,500000,0.013132631999918659,Petrol,Dealer,Manual
0.8378378378378386,700000,0.04956627024608804,Diesel,Dealer,Manual
0.7297297297297334,1100000,0.04321156590082594,Diesel,Dealer,Automatic
0.7837837837837824,900000,0.045753447638930786,Diesel,Dealer,Automatic
0.8648648648648631,425000,0.03177309807935416,Petrol,Dealer,Manual
0.7567567567567579,1600000,0.03134945112300335,Diesel,Dealer,Automatic
0.8108108108108141,325000,0.06693579545647112,Diesel,Dealer,Manual
0.9729729729729755,2700000,0.004236045916551717,Diesel,Individual,Automatic
0.9459459459459438,950000,0.01694545460707592,Diesel,Individual,Manual
0.9729729729729755,1140000,0.004236045916551717,Diesel,Individual,Automatic
0.9189189189189193,980000,0.022452865039636408,Diesel,Individual,Manual
0.9189189189189193,1920000,0.008472515480059785,Diesel,Individual,Manual
1.0,808000,0.0021178111347976833,Petrol,Individual,Manual
0.8378378378378386,550000,0.012708985043567853,Petrol,Individual,Manual
0.7297297297297334,215000,0.02711298155949528,Petrol,Individual,Manual
0.8918918918918948,512000,0.00444786939472712,Petrol,Individual,Manual
0.7567567567567579,215000,0.021181924170583986,Petrol,Individual,Manual
0.7837837837837824,500000,0.025418393734092055,Diesel,Individual,Manual
0.8648648648648631,700000,0.014827219825321886,Diesel,Individual,Manual
0.7837837837837824,525000,0.057191915460402566,Diesel,Individual,Manual
0.7567567567567579,550000,0.02965486329760012,Diesel,Individual,Manual
0.8918918918918948,750000,0.033891332861108195,Diesel,Individual,Manual
0.9189189189189193,395000,0.010590750261813818,Petrol,Individual,Manual
0.9189189189189193,675000,0.0021178111347976833,Petrol,Individual,Manual
0.6756756756756772,140000,0.033891332861108195,Petrol,Individual,Manual
0.7567567567567579,430000,0.05083721111514047,Diesel,Individual,Manual
0.9189189189189193,2711000,0.0038123989602009104,Diesel,Dealer,Automatic
0.9729729729729755,5150000,0.008472515480059785,Petrol,Dealer,Automatic
0.9189189189189193,3200000,0.019063689388829953,Diesel,Dealer,Automatic
0.8648648648648631,503000,0.046600741551632394,Diesel,Individual,Manual
0.9729729729729755,3800000,0.008472515480059785,Diesel,Individual,Automatic
0.8918918918918948,2000000,0.02884527396401373,Petrol,Trustmark Dealer,Automatic
0.8108108108108141,225000,0.02471641072741877,Petrol,Trustmark Dealer,Manual
0.8918918918918948,550000,0.023933087505126127,Petrol,Trustmark Dealer,Manual
0.8108108108108141,750000,0.03360664210644045,Diesel,Trustmark Dealer,Manual
0.9729729729729755,650000,0.002380895894691534,Petrol,Trustmark Dealer,Automatic
0.9189189189189193,625000,0.010818672324330553,Petrol,Trustmark Dealer,Manual
0.9459459459459438,600000,0.029561237320246594,Petrol,Dealer,Automatic
0.9189189189189193,450000,0.02384666352603056,Diesel,Dealer,Manual
0.9729729729729755,5400000,0.0031769285256747003,Diesel,Dealer,Automatic
0.9729729729729755,5500000,0.0036005754820255067,Diesel,Dealer,Automatic
0.9729729729729755,779000,0.0029786617501025227,Petrol,Trustmark Dealer,Automatic
0.8918918918918948,645000,0.004659692872902524,Petrol,Dealer,Automatic
0.9459459459459438,2475000,0.0008468702657452627,Diesel,Dealer,Automatic
0.8378378378378386,300000,0.004236045916551717,Petrol,Individual,Manual
0.8108108108108141,355000,0.028807569384898507,Diesel,Individual,Manual
0.7567567567567579,250000,0.02965486329760012,Diesel,Individual,Manual
0.6486486486486527,125000,0.021181924170583986,Petrol,Individual,Manual
0.621621621621621,150000,0.033891332861108195,Diesel,Individual,Manual
0.621621621621621,95000,0.025798828700895077,Petrol,Individual,Manual
0.9459459459459438,810000,0.01258189095666261,Diesel,Individual,Manual
0.9459459459459438,671000,0.008472515480059785,Petrol,Individual,Automatic
0.9459459459459438,295000,0.008472515480059785,Petrol,Individual,Manual
0.9189189189189193,850000,0.01694545460707592,Diesel,Individual,Manual
0.8108108108108141,409999,0.03812780242461626,Diesel,Individual,Manual
0.8648648648648631,600000,0.03812780242461626,Petrol,Individual,Manual
0.8648648648648631,600000,0.033891332861108195,Diesel,Individual,Manual
0.8108108108108141,550000,0.023723805908688826,Diesel,Individual,Manual
0.8378378378378386,650000,0.021181924170583986,Diesel,Individual,Manual
0.8378378378378386,655000,0.021181924170583986,Diesel,Individual,Manual
0.621621621621621,130000,0.03134945112300335,Diesel,Individual,Manual
0.8378378378378386,400000,0.052108151984192885,Diesel,Individual,Manual
0.6486486486486527,250000,0.025418393734092055,Petrol,Individual,Manual
0.7027027027027017,155000,0.022876511995987215,Petrol,Individual,Manual
0.8108108108108141,250000,0.021181924170583986,Petrol,Individual,Manual
0.9729729729729755,500000,0.004236045916551717,Petrol,Individual,Manual
0.9459459459459438,565000,0.004236045916551717,Petrol,Individual,Automatic
0.9459459459459438,900000,0.01694545460707592,Diesel,Individual,Manual
0.9189189189189193,650000,0.05083721111514047,Diesel,Individual,Manual
0.8108108108108141,600000,0.019063689388829953,Diesel,Individual,Manual
0.9459459459459438,800000,0.014827219825321886,Diesel,Individual,Manual
0.8648648648648631,575000,0.025418393734092055,Diesel,Individual,Manual
0.8918918918918948,550000,0.01694545460707592,Petrol,Individual,Automatic
0.7567567567567579,190000,0.033891332861108195,Petrol,Individual,Manual
0.9189189189189193,750000,0.015674513738023498,Diesel,Individual,Manual
0.9459459459459438,625000,0.009319809392761398,Petrol,Individual,Manual
0.8108108108108141,300000,0.024147452865039633,Petrol,Individual,Manual
0.9189189189189193,850000,0.011438044174515433,Petrol,Individual,Manual
0.7837837837837824,130000,0.02965486329760012,Petrol,Individual,Manual
0.8648648648648631,400000,0.025418393734092055,Petrol,Individual,Manual
0.9459459459459438,900000,0.014827219825321886,Diesel,Individual,Manual
0.8648648648648631,250999,0.018216395476128338,Petrol,Individual,Manual
0.7567567567567579,250000,0.046600741551632394,Petrol,Individual,Manual
0.7027027027027017,100000,0.04236427198812433,Petrol,Individual,Manual
0.8918918918918948,450000,0.02711298155949528,Petrol,Individual,Manual
0.9189189189189193,575000,0.0406696841627211,Diesel,Individual,Manual
0.8108108108108141,400000,0.0406696841627211,Diesel,Individual,Manual
0.9729729729729755,480000,0.0032192932213097806,Petrol,Individual,Manual
0.9729729729729755,490000,0.0029651050474992966,Petrol,Individual,Manual
0.6486486486486527,150000,0.05083721111514047,Diesel,Individual,Manual
0.9189189189189193,600000,0.021181924170583986,Diesel,Individual,Manual
0.8648648648648631,500000,0.021181924170583986,Diesel,Individual,Manual
0.8648648648648631,425000,0.033891332861108195,Diesel,Individual,Manual
0.5405405405405403,108000,0.084728967623205,Diesel,Individual,Manual
0.8648648648648631,1030000,0.08049249805969694,Diesel,Individual,Manual
0.8648648648648631,360000,0.014403572868971079,Petrol,Individual,Manual
0.7837837837837824,290000,0.033891332861108195,Petrol,Individual,Manual
0.7567567567567579,400000,0.030502157210301736,Diesel,Individual,Manual
0.5405405405405403,70000,0.008472515480059785,Diesel,Individual,Manual
0.7837837837837824,320000,0.02965486329760012,Diesel,Individual,Manual
0.9729729729729755,975000,0.012708985043567853,Diesel,Individual,Manual
0.9729729729729755,1227000,0.0021178111347976833,Petrol,Individual,Automatic
0.8378378378378386,755000,0.01242937805237632,Diesel,Individual,Manual
0.7567567567567579,215000,0.05083721111514047,Diesel,Individual,Manual
0.6486486486486527,190000,0.02965486329760012,Petrol,Individual,Manual
0.8378378378378386,1365000,0.03423025042618884,Diesel,Individual,Manual
0.9459459459459438,675000,0.010279369748895976,Petrol,Dealer,Manual
0.8378378378378386,438999,0.034314979817459,Diesel,Dealer,Manual
0.8648648648648631,550000,0.10167484587723728,Diesel,Individual,Manual
0.8108108108108141,409999,0.014827219825321886,Petrol,Individual,Manual
0.9729729729729755,350000,0.006354280698305751,Petrol,Individual,Manual
0.7837837837837824,135000,0.02075827721423318,Diesel,Individual,Manual
0.8918918918918948,1490000,0.024105088169404553,Diesel,Individual,Manual
0.8378378378378386,520000,0.02965486329760012,Diesel,Individual,Manual
0.5945945945945965,80500,0.021181924170583986,Petrol,Individual,Manual
0.8108108108108141,375000,0.03736523790318481,Diesel,Individual,Manual
0.621621621621621,189000,0.03939874329366868,Petrol,Individual,Manual
0.9189189189189193,550000,0.05083721111514047,Diesel,Individual,Manual
0.7567567567567579,260000,0.046600741551632394,Diesel,Individual,Manual
0.8918918918918948,650000,0.021181924170583986,Diesel,Individual,Automatic
0.8108108108108141,480000,0.033891332861108195,Diesel,Individual,Manual
0.8918918918918948,700000,0.01694545460707592,Diesel,Individual,Manual
0.8648648648648631,650000,0.046600741551632394,Diesel,Individual,Manual
0.8648648648648631,1300000,0.02033463025788237,Diesel,Individual,Manual
0.8918918918918948,1350000,0.04109333111907191,Diesel,Individual,Automatic
0.8918918918918948,1000000,0.025418393734092055,Diesel,Individual,Automatic
0.7567567567567579,1700000,0.046600741551632394,Diesel,Individual,Automatic
0.9459459459459438,1080000,0.005422257394333976,Petrol,Individual,Automatic
0.7837837837837824,170000,0.01694545460707592,Petrol,Individual,Manual
0.9189189189189193,610000,0.02075827721423318,Diesel,Individual,Manual
0.8378378378378386,350000,0.010590750261813818,Petrol,Individual,Manual
0.8918918918918948,260000,0.02753662851584609,Petrol,Individual,Manual
0.8648648648648631,700000,0.008472515480059785,Diesel,Individual,Manual
0.9459459459459438,678000,0.007201574611007364,Petrol,Individual,Manual
0.8648648648648631,800000,0.006354280698305751,Diesel,Individual,Manual
0.8378378378378386,400000,0.05083721111514047,Diesel,Individual,Manual
0.7297297297297334,300000,0.02075827721423318,Petrol,Individual,Manual
0.8918918918918948,520000,0.012285338087217046,Petrol,Individual,Manual
0.9189189189189193,850000,0.02330015895233802,Diesel,Individual,Automatic
0.8648648648648631,300000,0.01694545460707592,Petrol,Individual,Manual
0.7297297297297334,350000,0.05083721111514047,Petrol,Individual,Manual
0.4324324324324351,70000,0.04236427198812433,LPG,Individual,Manual
0.9729729729729755,892000,0.004236045916551717,Diesel,Individual,Manual
0.7837837837837824,285000,0.02965486329760012,Diesel,Individual,Manual
0.7837837837837824,300000,0.025418393734092055,LPG,Individual,Manual
0.8918918918918948,620000,0.03812780242461626,Diesel,Individual,Manual
0.9189189189189193,750000,0.03812780242461626,Diesel,Individual,Manual
0.8918918918918948,270000,0.014827219825321886,Petrol,Individual,Manual
0.8378378378378386,560000,0.03812780242461626,Diesel,Individual,Manual
0.7837837837837824,300000,0.01694545460707592,Petrol,Individual,Manual
0.7837837837837824,300000,0.01694545460707592,Petrol,Individual,Manual
0.9459459459459438,570000,0.008472515480059785,Petrol,Individual,Manual
0.7567567567567579,220000,0.033891332861108195,Diesel,Individual,Manual
0.7837837837837824,260000,0.041940625031773524,Petrol,Individual,Manual
0.9729729729729755,600000,0.0031769285256747003,Petrol,Individual,Automatic
0.8918918918918948,300000,0.017284372172156563,Petrol,Individual,Manual
0.8648648648648631,300000,0.02965486329760012,Petrol,Individual,Manual
0.8918918918918948,400000,0.04236427198812433,Petrol,Individual,Manual
0.8918918918918948,550000,0.003637856414184378,Petrol,Individual,Manual
0.9729729729729755,1200000,0.01694545460707592,Diesel,Individual,Manual
0.8648648648648631,500000,0.025418393734092055,Diesel,Individual,Manual
0.5945945945945965,93000,0.033891332861108195,Petrol,Individual,Manual
0.8378378378378386,500000,0.046600741551632394,Diesel,Individual,Manual
0.9459459459459438,670000,0.06354661980566467,Diesel,Individual,Manual
0.7837837837837824,750000,0.05083721111514047,Diesel,Individual,Manual
0.9189189189189193,370000,0.012708985043567853,Petrol,Individual,Manual
0.8918918918918948,425000,0.021181924170583986,Petrol,Individual,Manual
0.621621621621621,370000,0.1292118980400397,Diesel,Individual,Manual
0.7027027027027017,229999,0.08981273109941469,Diesel,Individual,Manual
0.8918918918918948,850000,0.014827219825321886,Diesel,Individual,Manual
0.9459459459459438,750000,0.009319809392761398,Diesel,Individual,Manual
0.7297297297297334,235000,0.021181924170583986,Diesel,Individual,Manual
0.9189189189189193,700000,0.02965486329760012,Diesel,Individual,Manual
0.8918918918918948,480000,0.023723805908688826,Diesel,Individual,Manual
0.8918918918918948,475000,0.021181924170583986,Diesel,Individual,Manual
0.8648648648648631,610000,0.05083721111514047,Diesel,Individual,Manual
0.7567567567567579,650000,0.05083721111514047,Diesel,Individual,Manual
0.9189189189189193,800000,0.02965486329760012,Diesel,Individual,Manual
0.8648648648648631,520000,0.05083721111514047,Diesel,Individual,Manual
0.8378378378378386,160000,0.03812780242461626,Diesel,Individual,Manual
0.9459459459459438,1000000,0.02965486329760012,Diesel,Individual,Manual
0.8648648648648631,700000,0.05083721111514047,Diesel,Individual,Manual
0.5135135135135158,140000,0.033891332861108195,Petrol,Individual,Manual
0.9189189189189193,725000,0.04236427198812433,Diesel,Individual,Manual
0.9189189189189193,1680000,0.06651214850012031,Diesel,Individual,Manual
0.8648648648648631,550000,0.021181924170583986,Diesel,Individual,Manual
0.7837837837837824,240000,0.03812780242461626,Diesel,Individual,Manual
0.8108108108108141,667000,0.02753662851584609,Diesel,Individual,Manual
0.8648648648648631,550000,0.046600741551632394,Diesel,Individual,Manual
0.8648648648648631,400000,0.012708985043567853,Petrol,Individual,Manual
0.8648648648648631,599000,0.02965486329760012,Petrol,Individual,Manual
0.8918918918918948,725000,0.04236427198812433,Diesel,Individual,Manual
0.8648648648648631,525000,0.05083721111514047,Petrol,Individual,Manual
0.7567567567567579,204999,0.03600956764286223,Diesel,Individual,Manual
0.7837837837837824,190000,0.046600741551632394,Diesel,Individual,Manual
0.8648648648648631,310000,0.025418393734092055,Diesel,Individual,Manual
0.8918918918918948,380000,0.03812780242461626,Diesel,Individual,Manual
0.7837837837837824,204000,0.046600741551632394,Petrol,Individual,Manual
0.9459459459459438,350000,0.010590750261813818,Petrol,Individual,Manual
0.8108108108108141,350000,0.04236427198812433,Diesel,Individual,Manual
0.7837837837837824,175000,0.05083721111514047,Diesel,Individual,Manual
0.7567567567567579,340000,0.03812780242461626,Diesel,Individual,Manual
0.9189189189189193,950000,0.014827219825321886,Petrol,Individual,Manual
0.9189189189189193,894999,0.014827219825321886,Petrol,Individual,Manual
0.8378378378378386,350000,0.0428726483357453,Diesel,Individual,Manual
0.5945945945945965,100000,0.03812780242461626,Petrol,Individual,Manual
0.567567567567572,100000,0.025418393734092055,Diesel,Individual,Manual
0.8918918918918948,800000,0.03812780242461626,Diesel,Individual,Manual
0.8108108108108141,525000,0.033891332861108195,Diesel,Individual,Manual
0.6756756756756772,500000,0.07589592858329068,Diesel,Individual,Manual
0.5405405405405403,42000,0.026265687646793667,Petrol,Individual,Manual
0.7027027027027017,190000,0.06778308936917274,Petrol,Individual,Manual
0.9729729729729755,694000,0.014827219825321886,Diesel,Individual,Manual
0.8918918918918948,861999,0.05083721111514047,Diesel,Individual,Automatic
0.9189189189189193,650000,0.021181924170583986,Diesel,Individual,Manual
0.7567567567567579,310000,0.02965486329760012,Diesel,Individual,Manual
0.8108108108108141,360000,0.04109333111907191,Diesel,Individual,Manual
0.7567567567567579,240000,0.03812780242461626,Diesel,Individual,Manual
0.7837837837837824,500000,0.03579223675425426,Diesel,Individual,Manual
0.7297297297297334,475000,0.04236427198812433,Diesel,Individual,Manual
0.6486486486486527,100000,0.025418393734092055,Petrol,Individual,Manual
0.7027027027027017,200000,0.046600741551632394,Petrol,Individual,Manual
0.621621621621621,430000,0.11184237282965664,Diesel,Individual,Manual
0.7297297297297334,245000,0.06185203198026144,Diesel,Individual,Manual
0.8378378378378386,450000,0.02965486329760012,Diesel,Individual,Manual
0.9189189189189193,800000,0.02166742358256201,Diesel,Individual,Manual
0.9189189189189193,760000,0.021181924170583986,Diesel,Individual,Manual
0.8648648648648631,416000,0.033891332861108195,Diesel,Individual,Manual
0.7567567567567579,195000,0.05083721111514047,Petrol,Individual,Manual
0.9189189189189193,325000,0.009743456349112205,Petrol,Individual,Manual
0.7297297297297334,145000,0.02965486329760012,Petrol,Individual,Manual
0.9459459459459438,675000,0.009743456349112205,Diesel,Individual,Manual
0.8918918918918948,340000,0.012708985043567853,Petrol,Individual,Manual
0.8378378378378386,260000,0.01694545460707592,Petrol,Individual,Manual
0.8648648648648631,300000,0.021181924170583986,Petrol,Individual,Manual
0.6486486486486527,75000,0.025418393734092055,Petrol,Individual,Manual
0.7567567567567579,350000,0.033891332861108195,Diesel,Individual,Manual
0.9729729729729755,1000000,0.006354280698305751,Petrol,Individual,Manual
0.7297297297297334,170000,0.06354661980566467,Diesel,Individual,Manual
0.9459459459459438,600000,0.01694545460707592,Petrol,Individual,Manual
0.7297297297297334,800000,0.010590750261813818,Petrol,Individual,Automatic
0.9459459459459438,850000,0.05083721111514047,Diesel,Individual,Manual
0.8378378378378386,980000,0.05083721111514047,Diesel,Individual,Manual
0.9459459459459438,900000,0.021181924170583986,Diesel,Individual,Automatic
0.7297297297297334,310000,0.05083721111514047,Diesel,Individual,Manual
0.8108108108108141,600000,0.025418393734092055,Diesel,Individual,Manual
0.6756756756756772,270000,0.06312297284931385,Diesel,Individual,Manual
0.9729729729729755,509999,0.0021178111347976833,Petrol,Individual,Manual
0.8108108108108141,225000,0.02965486329760012,Diesel,Individual,Manual
0.8648648648648631,280000,0.02330015895233802,Petrol,Individual,Manual
0.8918918918918948,490000,0.04236427198812433,Diesel,Individual,Manual
0.8108108108108141,440000,0.05083721111514047,Diesel,Individual,Manual
0.8378378378378386,500000,0.12369474372748317,Diesel,Individual,Manual
0.5945945945945965,476999,0.03600956764286223,Petrol,Individual,Manual
0.8648648648648631,590000,0.02965486329760012,Petrol,Individual,Manual
0.7297297297297334,500000,0.05083721111514047,Diesel,Individual,Manual
0.8648648648648631,600000,0.01694545460707592,Diesel,Individual,Manual
0.8918918918918948,750000,0.02965486329760012,Diesel,Individual,Manual
0.9189189189189193,2950000,0.016521807650725112,Diesel,Dealer,Automatic
0.9729729729729755,5200000,0.004236045916551717,Diesel,Dealer,Automatic
0.9729729729729755,695000,0.015589784346753338,Diesel,Dealer,Manual
0.9459459459459438,690000,0.02211394747455576,Diesel,Dealer,Manual
0.8918918918918948,409999,0.03304403894840658,Diesel,Dealer,Manual
1.0,1650000,0.006777927654656558,Diesel,Dealer,Manual
0.8918918918918948,2375000,0.012708985043567853,Diesel,Dealer,Automatic
0.9189189189189193,525000,0.012285338087217046,Diesel,Dealer,Manual
0.9729729729729755,2150000,0.010590750261813818,Diesel,Dealer,Manual
0.8108108108108141,540000,0.025418393734092055,Diesel,Individual,Manual
0.9189189189189193,2750000,0.025418393734092055,Diesel,Dealer,Automatic
0.8918918918918948,1000000,0.04744803546433401,Diesel,Dealer,Manual
0.9459459459459438,2900000,0.006354280698305751,Diesel,Dealer,Automatic
0.9189189189189193,725000,0.01694545460707592,Diesel,Dealer,Manual
0.9459459459459438,975000,0.015250866781672694,Diesel,Dealer,Manual
0.8918918918918948,355000,0.025418393734092055,Petrol,Dealer,Manual
0.6756756756756772,400000,0.05083721111514047,Petrol,Individual,Manual
0.8648648648648631,265000,0.02033463025788237,Petrol,Dealer,Manual
0.9459459459459438,650000,0.01694545460707592,Diesel,Dealer,Manual
0.9189189189189193,720000,0.025418393734092055,Diesel,Individual,Manual
0.8918918918918948,850000,0.010590750261813818,Petrol,Individual,Manual
0.8648648648648631,290000,0.01779274851977753,Petrol,Individual,Manual
0.7297297297297334,1200000,0.014827219825321886,Petrol,Individual,Automatic
0.8918918918918948,600000,0.03812780242461626,Diesel,Individual,Automatic
0.7567567567567579,300000,0.03812780242461626,Diesel,Individual,Manual
0.7027027027027017,240000,0.02965486329760012,Diesel,Individual,Manual
0.8378378378378386,700000,0.033891332861108195,Diesel,Individual,Manual
0.8378378378378386,470000,0.02965486329760012,Diesel,Individual,Manual
0.8918918918918948,800000,0.033891332861108195,Diesel,Individual,Manual
0.7837837837837824,450000,0.03812780242461626,Diesel,Individual,Manual
0.6486486486486527,90000,0.03812780242461626,Diesel,Individual,Manual
0.7297297297297334,450000,0.05083721111514047,Diesel,Individual,Manual
0.7837837837837824,400000,0.04554162416075538,Diesel,Individual,Manual
0.9189189189189193,1465000,0.026265687646793667,Diesel,Dealer,Automatic
0.8918918918918948,925000,0.033467685904757384,Diesel,Dealer,Manual
0.8918918918918948,1385000,0.025418393734092055,Diesel,Dealer,Manual
0.8648648648648631,2000000,0.008472515480059785,Diesel,Individual,Manual
0.567567567567572,80000,0.10514875091931389,Diesel,Individual,Manual
0.6486486486486527,300000,0.046600741551632394,Diesel,Individual,Manual
0.7027027027027017,360000,0.04236427198812433,Diesel,Individual,Manual
0.7297297297297334,320000,0.02965486329760012,Diesel,Individual,Manual
0.29729729729729826,99000,0.04236427198812433,Diesel,Individual,Manual
0.8108108108108141,620000,0.058886503285805795,Diesel,Individual,Manual
0.621621621621621,100000,0.05083721111514047,Petrol,Individual,Manual
0.8378378378378386,210000,0.014827219825321886,Petrol,Individual,Manual
0.8648648648648631,375000,0.033891332861108195,Diesel,Individual,Manual
0.9729729729729755,786000,0.0032701308560718774,Petrol,Individual,Manual
0.8378378378378386,1000000,0.021181924170583986,Diesel,Individual,Manual
0.5135135135135158,120000,0.025418393734092055,Diesel,Individual,Manual
0.8918918918918948,750000,0.04236427198812433,Diesel,Individual,Manual
0.8918918918918948,550000,0.024521109480541044,Petrol,Individual,Manual
0.9459459459459438,890000,0.0593101502421566,Diesel,Individual,Manual
0.8648648648648631,700000,0.014827219825321886,Petrol,Individual,Manual
0.8648648648648631,550000,0.012708985043567853,Diesel,Individual,Manual
0.9459459459459438,400000,0.004236045916551717,Petrol,Individual,Manual
0.8648648648648631,290000,0.012708985043567853,Petrol,Individual,Manual
0.8648648648648631,300000,0.014827219825321886,Petrol,Individual,Manual
0.7027027027027017,220000,0.010590750261813818,Petrol,Individual,Manual
0.6756756756756772,221000,0.014830609000972692,Petrol,Dealer,Manual
0.9189189189189193,270000,0.01317499669555374,Petrol,Dealer,Manual
0.8378378378378386,455000,0.017924926370158984,Diesel,Dealer,Manual
0.7567567567567579,300000,0.030502157210301736,Petrol,Dealer,Manual
0.8378378378378386,480000,0.023253981434095784,Diesel,Dealer,Manual
0.9459459459459438,1000000,0.012708985043567853,Diesel,Individual,Automatic
0.9189189189189193,2600000,0.018640042432479145,Diesel,Dealer,Automatic
0.9189189189189193,1850000,0.008002267358510388,Diesel,Dealer,Automatic
0.9729729729729755,500000,0.0021178111347976833,Petrol,Individual,Manual
0.8108108108108141,800000,0.04956627024608804,Diesel,Dealer,Automatic
0.8108108108108141,1000000,0.031777334548917666,Diesel,Dealer,Automatic
0.8108108108108141,250000,0.021181924170583986,Diesel,Individual,Manual
0.7837837837837824,245000,0.04236427198812433,Diesel,Dealer,Manual
0.9729729729729755,625000,0.0018369332027370982,Petrol,Dealer,Automatic
0.9459459459459438,560000,0.006140338985348594,Petrol,Dealer,Manual
0.9459459459459438,680000,0.003632772650708168,Petrol,Dealer,Manual
0.9729729729729755,700000,0.012708985043567853,Diesel,Individual,Manual
0.8108108108108141,220000,0.033891332861108195,Diesel,Individual,Manual
0.9189189189189193,450000,0.02965486329760012,Diesel,Individual,Manual
0.9189189189189193,525000,0.008355165273150611,Petrol,Dealer,Automatic
0.7027027027027017,650000,0.10252213978993889,Diesel,Individual,Manual
0.9459459459459438,5500000,0.009319809392761398,Diesel,Individual,Automatic
0.9189189189189193,875000,0.012708985043567853,Diesel,Dealer,Automatic
0.9729729729729755,785000,0.0038123989602009104,Petrol,Dealer,Manual
0.9189189189189193,819999,0.012708985043567853,Petrol,Dealer,Manual
0.8918918918918948,2950000,0.025418393734092055,Diesel,Dealer,Automatic
0.8918918918918948,1925000,0.011438044174515433,Diesel,Dealer,Manual
0.9189189189189193,885000,0.016521807650725112,Diesel,Dealer,Manual
0.8648648648648631,680000,0.02711298155949528,Petrol,Dealer,Automatic
0.7837837837837824,385000,0.019063689388829953,Petrol,Dealer,Manual
0.9459459459459438,890000,0.02330015895233802,Diesel,Dealer,Manual
0.8648648648648631,1275000,0.02711298155949528,Diesel,Dealer,Automatic
0.9459459459459438,6000000,0.011438044174515433,Diesel,Dealer,Automatic
0.9729729729729755,1025000,0.006354280698305751,Petrol,Dealer,Automatic
0.8918918918918948,675000,0.029231216341249314,Petrol,Dealer,Automatic
0.9189189189189193,700000,0.033891332861108195,Petrol,Dealer,Manual
0.8918918918918948,780000,0.025418393734092055,Diesel,Dealer,Manual
0.9189189189189193,1050000,0.02965486329760012,Diesel,Dealer,Manual
0.8648648648648631,2700000,0.04448250676987836,Diesel,Dealer,Automatic
0.8918918918918948,400000,0.04236427198812433,Diesel,Individual,Manual
0.7567567567567579,400000,0.04236427198812433,Diesel,Individual,Manual
0.7027027027027017,85000,0.03812780242461626,Petrol,Individual,Manual
0.9459459459459438,1300000,0.014827219825321886,Diesel,Individual,Manual
0.9459459459459438,819999,0.004871516351077927,Diesel,Individual,Manual
0.9459459459459438,260000,0.021181924170583986,Petrol,Individual,Manual
0.8918918918918948,805000,0.021139559474948905,Petrol,Dealer,Manual
0.8648648648648631,484999,0.023461144795751326,Petrol,Dealer,Manual
0.9459459459459438,811000,0.004659692872902524,Petrol,Dealer,Manual
0.8648648648648631,575000,0.021181924170583986,Petrol,Individual,Automatic
0.9459459459459438,1675000,0.033891332861108195,Diesel,Individual,Manual
0.8918918918918948,645000,0.004659692872902524,Petrol,Dealer,Automatic
0.8648648648648631,2500000,0.005718810263779541,Diesel,Dealer,Automatic
0.9459459459459438,2550000,0.0076252215673581715,Petrol,Dealer,Automatic
0.9189189189189193,2700000,0.006777927654656558,Petrol,Dealer,Automatic
0.9189189189189193,650000,0.007970917483740429,Petrol,Dealer,Manual
0.9189189189189193,1748999,0.013987975204790937,Diesel,Dealer,Manual
0.9189189189189193,925000,0.0076252215673581715,Petrol,Dealer,Automatic
0.9729729729729755,894999,0.004089464069654338,Petrol,Dealer,Automatic
0.7567567567567579,175000,0.004659692872902524,Petrol,Dealer,Manual
0.7837837837837824,340000,0.010294197392368254,Petrol,Dealer,Manual
0.8918918918918948,1525000,0.017861802973662712,Diesel,Dealer,Automatic
0.9189189189189193,810000,0.02022744757792562,Diesel,Dealer,Manual
0.9459459459459438,1025000,0.0033887520038501035,Diesel,Dealer,Automatic
0.8918918918918948,2150000,0.012708985043567853,Diesel,Dealer,Automatic
0.8108108108108141,910000,0.02965486329760012,Diesel,Individual,Manual
0.8918918918918948,300000,0.025418393734092055,Diesel,Individual,Manual
0.567567567567572,120000,0.033891332861108195,Petrol,Individual,Manual
0.8648648648648631,490000,0.01944497164954568,Petrol,Individual,Manual
0.8108108108108141,425000,0.02965486329760012,Diesel,Individual,Manual
0.7567567567567579,155000,0.01694545460707592,Petrol,Individual,Manual
0.8108108108108141,490000,0.03812780242461626,Diesel,Individual,Manual
0.7297297297297334,132000,0.04448250676987836,Petrol,Individual,Manual
0.9459459459459438,750000,0.012708985043567853,Diesel,Individual,Manual
0.7567567567567579,225000,0.008472515480059785,Petrol,Individual,Manual
0.7567567567567579,240000,0.033891332861108195,Petrol,Individual,Manual
0.567567567567572,33351,0.03812780242461626,Petrol,Individual,Manual
0.7297297297297334,80000,0.033891332861108195,Petrol,Individual,Manual
0.567567567567572,40000,0.05083721111514047,Petrol,Individual,Manual
0.9729729729729755,1100000,0.021181924170583986,Diesel,Individual,Manual
0.9189189189189193,2711000,0.0038123989602009104,Diesel,Dealer,Automatic
0.9729729729729755,5150000,0.008472515480059785,Petrol,Dealer,Automatic
0.9189189189189193,3200000,0.019063689388829953,Diesel,Dealer,Automatic
0.8648648648648631,503000,0.046600741551632394,Diesel,Individual,Manual
0.9729729729729755,3800000,0.008472515480059785,Diesel,Individual,Automatic
0.8918918918918948,2000000,0.02884527396401373,Petrol,Trustmark Dealer,Automatic
0.8108108108108141,225000,0.02471641072741877,Petrol,Trustmark Dealer,Manual
0.9459459459459438,740000,0.016444280257712916,Diesel,Dealer,Manual
0.8918918918918948,550000,0.023933087505126127,Petrol,Trustmark Dealer,Manual
0.8108108108108141,750000,0.03360664210644045,Diesel,Trustmark Dealer,Manual
0.9729729729729755,650000,0.002380895894691534,Petrol,Trustmark Dealer,Automatic
0.9459459459459438,600000,0.029561237320246594,Petrol,Dealer,Automatic
0.9729729729729755,5400000,0.0031769285256747003,Diesel,Dealer,Automatic
0.9729729729729755,5500000,0.0036005754820255067,Diesel,Dealer,Automatic
0.9729729729729755,779000,0.0029786617501025227,Petrol,Trustmark Dealer,Automatic
0.8918918918918948,645000,0.004659692872902524,Petrol,Dealer,Automatic
0.9459459459459438,2475000,0.0008468702657452627,Diesel,Dealer,Automatic
0.8918918918918948,380000,0.033891332861108195,Diesel,Individual,Manual
0.7567567567567579,300000,0.05083721111514047,Diesel,Individual,Manual
0.8378378378378386,240000,0.021181924170583986,Petrol,Individual,Manual
0.7567567567567579,325000,0.02965486329760012,Diesel,Individual,Manual
0.8918918918918948,400000,0.05507368067864853,Diesel,Individual,Manual
0.9189189189189193,800000,0.021181924170583986,Diesel,Individual,Manual
0.9459459459459438,950000,0.033891332861108195,Diesel,Individual,Manual
0.8108108108108141,300000,0.05083721111514047,Diesel,Individual,Manual
1.0,350000,0.0021178111347976833,Petrol,Individual,Manual
0.9189189189189193,530000,0.024994746777741248,Petrol,Individual,Manual
0.8108108108108141,350000,0.04236427198812433,Diesel,Individual,Manual
0.6756756756756772,168000,0.021181924170583986,Petrol,Individual,Automatic
0.8918918918918948,240000,0.019063689388829953,Petrol,Individual,Manual
0.6756756756756772,110000,0.033891332861108195,Petrol,Individual,Manual
0.8918918918918948,850000,0.04236427198812433,Diesel,Individual,Manual
0.8378378378378386,545000,0.046600741551632394,Diesel,Individual,Manual
0.9459459459459438,2064000,0.010167103305463011,Diesel,Individual,Manual
0.9459459459459438,950000,0.010590750261813818,Diesel,Individual,Manual
0.8108108108108141,200000,0.02910285131347502,Petrol,Individual,Manual
0.9189189189189193,660000,0.012708985043567853,Diesel,Individual,Manual
0.8108108108108141,420000,0.01694545460707592,Diesel,Individual,Manual
0.7297297297297334,150000,0.012285338087217046,Petrol,Individual,Manual
0.8108108108108141,175000,0.028807569384898507,Diesel,Individual,Manual
0.9459459459459438,750000,0.006354280698305751,Petrol,Individual,Automatic
0.8378378378378386,425000,0.02965486329760012,Diesel,Individual,Manual
0.8648648648648631,790000,0.053379092853245304,Diesel,Individual,Manual
0.7567567567567579,830000,0.1270936632582857,Diesel,Individual,Manual
0.8648648648648631,650000,0.03982239025001949,Diesel,Individual,Manual
0.8648648648648631,780000,0.05465003372229772,Diesel,Individual,Manual
0.7297297297297334,180000,0.02330015895233802,Petrol,Individual,Manual
0.9729729729729755,869999,0.01694545460707592,Diesel,Individual,Manual
0.9189189189189193,630000,0.010590750261813818,Petrol,Individual,Manual
0.6756756756756772,150000,0.025418393734092055,Petrol,Individual,Manual
0.8918918918918948,315000,0.010590750261813818,Petrol,Individual,Manual
0.7567567567567579,189000,0.02965486329760012,Diesel,Individual,Manual
0.8378378378378386,580000,0.05083721111514047,Diesel,Individual,Manual
0.7027027027027017,150000,0.06481756067471708,Diesel,Individual,Manual
0.9459459459459438,825000,0.014827219825321886,Diesel,Individual,Manual
0.8918918918918948,650000,0.025418393734092055,Diesel,Individual,Manual
0.567567567567572,50000,0.026265687646793667,Petrol,Individual,Manual
0.7567567567567579,200000,0.05083721111514047,Petrol,Individual,Manual
0.8108108108108141,135000,0.05083721111514047,Diesel,Individual,Manual
0.9189189189189193,680000,0.033891332861108195,Diesel,Individual,Manual
0.9189189189189193,670000,0.033891332861108195,Diesel,Individual,Manual
0.7297297297297334,1000000,0.025418393734092055,Diesel,Individual,Automatic
0.7297297297297334,240000,0.033891332861108195,Petrol,Individual,Manual
0.8378378378378386,555000,0.062393876437434125,Diesel,Individual,Manual
0.8108108108108141,455000,0.04151697807542271,Diesel,Individual,Manual
0.8918918918918948,700000,0.03812780242461626,Diesel,Individual,Automatic
0.8918918918918948,220000,0.009319809392761398,Petrol,Individual,Automatic
0.8378378378378386,160000,0.05083721111514047,Diesel,Individual,Manual
0.8108108108108141,225000,0.04236427198812433,Diesel,Individual,Manual
0.6756756756756772,140000,0.05083721111514047,Diesel,Individual,Manual
0.8378378378378386,600000,0.02965486329760012,Diesel,Individual,Manual
0.8648648648648631,1000000,0.010463656174908577,Diesel,Individual,Manual
0.6756756756756772,65000,0.04236427198812433,Petrol,Individual,Manual
0.9729729729729755,500000,0.004236045916551717,Petrol,Individual,Manual
0.9189189189189193,1100000,0.03759993831700315,Diesel,Dealer,Manual
0.7567567567567579,325000,0.022574451716109088,Petrol,Dealer,Manual
0.9189189189189193,1150000,0.018439233775168862,Diesel,Dealer,Manual
0.9729729729729755,950000,0.006792331651172485,Diesel,Dealer,Manual
0.7837837837837824,250000,0.06610544742202354,Diesel,Dealer,Manual
0.567567567567572,400000,0.039574556780554264,Diesel,Dealer,Manual
0.6756756756756772,1100000,0.051684505027842075,Diesel,Individual,Automatic
0.9189189189189193,600000,0.008472515480059785,Diesel,Individual,Manual
0.9189189189189193,509999,0.01948733634518076,Petrol,Individual,Manual
0.8918918918918948,395000,0.021181924170583986,Petrol,Individual,Manual
0.9189189189189193,250000,0.01779274851977753,Petrol,Individual,Manual
0.9729729729729755,906000,0.012708985043567853,Diesel,Individual,Manual
0.7567567567567579,160000,0.03600956764286223,Diesel,Individual,Manual
0.7837837837837824,300000,0.037280508511914646,Petrol,Individual,Manual
0.7297297297297334,60000,0.04236427198812433,Petrol,Individual,Manual
0.8378378378378386,400000,0.04236427198812433,Petrol,Individual,Manual
0.9459459459459438,450000,0.009729052352596277,Petrol,Dealer,Manual
0.8378378378378386,465000,0.033891332861108195,Diesel,Individual,Manual
0.7837837837837824,325000,0.033891332861108195,Diesel,Individual,Manual
0.6756756756756772,150000,0.02965486329760012,Petrol,Individual,Manual
0.8378378378378386,250000,0.0009951467004680453,Petrol,Individual,Manual
0.7567567567567579,175000,0.021181924170583986,Petrol,Individual,Manual
0.7297297297297334,175000,0.02457109982139044,Petrol,Individual,Manual
0.621621621621621,150000,0.033891332861108195,Petrol,Individual,Manual
0.9459459459459438,797000,0.025418393734092055,Diesel,Individual,Manual
0.9729729729729755,800000,0.014827219825321886,Petrol,Individual,Manual
0.9729729729729755,750000,0.02536416692367915,Diesel,Individual,Manual
0.7567567567567579,400000,0.0593101502421566,Diesel,Individual,Manual
0.7837837837837824,160000,0.046600741551632394,Petrol,Individual,Manual
0.8918918918918948,700000,0.038628553127022916,Diesel,Individual,Manual
0.7297297297297334,160000,0.025418393734092055,Petrol,Individual,Manual
0.7837837837837824,400000,0.04236427198812433,Diesel,Individual,Manual
0.8108108108108141,451000,0.05083721111514047,Diesel,Individual,Manual
0.5135135135135158,40000,0.033891332861108195,Petrol,Individual,Manual
0.7837837837837824,300000,0.02965486329760012,Diesel,Individual,Manual
0.9189189189189193,421000,0.02520657025591665,Petrol,Individual,Manual
0.45945945945945965,80000,0.04236427198812433,CNG,Individual,Manual
0.8918918918918948,950000,0.019063689388829953,Diesel,Individual,Manual
0.7027027027027017,360000,0.025418393734092055,Petrol,Individual,Automatic
0.6756756756756772,235000,0.06460573719654168,Diesel,Individual,Manual
0.8378378378378386,1850000,0.025418393734092055,Diesel,Individual,Automatic
0.8648648648648631,1900000,0.05507368067864853,Diesel,Individual,Automatic
0.9189189189189193,550000,0.009936639361208173,Petrol,Dealer,Manual
0.8648648648648631,1225000,0.016521807650725112,Diesel,Dealer,Manual
0.9189189189189193,700000,0.006354280698305751,Petrol,Individual,Manual
0.9189189189189193,1650000,0.029283324916880463,Diesel,Dealer,Manual
0.7837837837837824,376000,0.011014397218164626,Petrol,Individual,Manual
0.9189189189189193,875000,0.032842382997183596,Diesel,Dealer,Manual
0.8378378378378386,459999,0.01716702196524739,Petrol,Dealer,Manual
0.9459459459459438,755000,0.016521807650725112,Diesel,Dealer,Manual
0.9729729729729755,6223000,0.0033040226125799423,Petrol,Dealer,Automatic
0.9729729729729755,5923000,0.004871516351077927,Petrol,Dealer,Automatic
0.9729729729729755,6523000,0.00999764452292269,Petrol,Dealer,Automatic
0.7297297297297334,1050000,0.09320190675022114,Diesel,Individual,Manual
0.567567567567572,215000,0.09235461283751953,Diesel,Individual,Manual
0.8648648648648631,1050000,0.05083721111514047,Diesel,Individual,Manual
0.9459459459459438,800000,0.010590750261813818,Petrol,Individual,Automatic
0.8648648648648631,600000,0.013132631999918659,Diesel,Individual,Manual
0.9189189189189193,530000,0.01779274851977753,Petrol,Individual,Manual
0.8648648648648631,450000,0.033891332861108195,Petrol,Individual,Manual
0.7567567567567579,235000,0.025418393734092055,Petrol,Individual,Manual
0.8108108108108141,550000,0.10167484587723728,Diesel,Individual,Manual
0.8108108108108141,395000,0.014827219825321886,Petrol,Individual,Automatic
0.9459459459459438,450000,0.014827219825321886,Petrol,Individual,Manual
0.8918918918918948,610000,0.046600741551632394,Diesel,Individual,Manual
0.9189189189189193,690000,0.008472515480059785,Petrol,Individual,Manual
0.9459459459459438,790000,0.006354280698305751,Petrol,Individual,Manual
0.8378378378378386,254999,0.01694545460707592,Petrol,Individual,Manual
0.8918918918918948,500000,0.017369101563426727,Petrol,Individual,Manual
0.7567567567567579,340000,0.04236427198812433,Diesel,Individual,Manual
0.6756756756756772,150000,0.05083721111514047,Diesel,Individual,Manual
0.6486486486486527,245000,0.046600741551632394,Diesel,Individual,Manual
0.6756756756756772,122000,0.025418393734092055,Diesel,Individual,Manual
0.7027027027027017,160000,0.014827219825321886,Petrol,Individual,Manual
0.6486486486486527,110000,0.05083721111514047,Petrol,Individual,Manual
0.8378378378378386,360000,0.02965486329760012,Diesel,Individual,Manual
0.7027027027027017,210000,0.046600741551632394,Diesel,Individual,Manual
0.7567567567567579,260000,0.03812780242461626,Diesel,Individual,Manual
0.6486486486486527,128000,0.025418393734092055,Petrol,Individual,Manual
0.8648648648648631,600000,0.033891332861108195,Diesel,Individual,Manual
0.7297297297297334,800000,0.06397026676201548,Diesel,Individual,Manual
0.9729729729729755,675000,0.010590750261813818,Diesel,Individual,Manual
0.8648648648648631,1000000,0.010463656174908577,Diesel,Individual,Manual
0.6756756756756772,65000,0.04236427198812433,Petrol,Individual,Manual
0.9729729729729755,500000,0.004236045916551717,Petrol,Individual,Manual
0.7297297297297334,300000,0.021181924170583986,Petrol,Individual,Manual
0.7027027027027017,125000,0.033891332861108195,Petrol,Individual,Manual
0.9189189189189193,550000,0.010590750261813818,Petrol,Individual,Manual
0.6486486486486527,150000,0.033891332861108195,Petrol,Individual,Manual
0.9189189189189193,891000,0.033891332861108195,Diesel,Individual,Manual
0.8648648648648631,1050000,0.02965486329760012,Diesel,Individual,Manual
0.9459459459459438,750000,0.006354280698305751,Petrol,Individual,Manual
0.7837837837837824,380000,0.011649867652690835,Petrol,Individual,Manual
0.8108108108108141,800000,0.046600741551632394,Diesel,Individual,Manual
0.7297297297297334,200000,0.05083721111514047,Petrol,Individual,Manual
0.8918918918918948,700000,0.02965486329760012,Diesel,Individual,Manual
0.5135135135135158,229999,0.12285719369477761,Diesel,Individual,Manual
0.7297297297297334,300000,0.03134945112300335,Petrol,Individual,Manual
0.8648648648648631,670000,0.05083721111514047,Diesel,Individual,Manual
0.6486486486486527,210000,0.0593101502421566,Petrol,Individual,Manual
0.9189189189189193,370000,0.01694545460707592,Petrol,Individual,Manual
0.9729729729729755,600000,0.008472515480059785,Petrol,Individual,Automatic
1.0,810000,0.006354280698305751,Diesel,Individual,Manual
0.621621621621621,80000,0.014827219825321886,Petrol,Individual,Manual
0.9729729729729755,346000,0.006777927654656558,Petrol,Individual,Manual
0.5945945945945965,55000,0.05507368067864853,Petrol,Individual,Manual
0.7837837837837824,250000,0.04998991720243885,Diesel,Individual,Manual
0.621621621621621,120000,0.018640042432479145,Petrol,Individual,Manual
0.8108108108108141,600000,0.021181924170583986,Diesel,Individual,Manual
0.8918918918918948,330000,0.025418393734092055,Petrol,Individual,Manual
0.8378378378378386,400000,0.06227567893661225,Petrol,Individual,Manual
0.567567567567572,100000,0.01694545460707592,Diesel,Individual,Manual
0.8378378378378386,450000,0.04236427198812433,Petrol,Individual,Manual
0.9189189189189193,800000,0.02330015895233802,Diesel,Individual,Manual
0.8648648648648631,340000,0.01694545460707592,Diesel,Individual,Manual
0.7297297297297334,225000,0.02711298155949528,Diesel,Individual,Manual
0.5135135135135158,55000,0.04236427198812433,Petrol,Individual,Manual
0.8918918918918948,900000,0.021181924170583986,Diesel,Individual,Manual
0.8378378378378386,2500000,0.012708985043567853,Diesel,Individual,Automatic
0.9459459459459438,465000,0.012708985043567853,Petrol,Individual,Manual
0.8918918918918948,400000,0.010242088816737105,Petrol,Individual,Manual
0.7837837837837824,185000,0.033891332861108195,Diesel,Individual,Manual
0.621621621621621,140000,0.06354661980566467,Petrol,Individual,Manual
0.8648648648648631,415000,0.05083721111514047,Diesel,Individual,Manual
0.7837837837837824,532000,0.05159087905048855,Diesel,Individual,Manual
0.9189189189189193,600000,0.023723805908688826,Diesel,Individual,Manual
0.6756756756756772,150000,0.04236427198812433,Petrol,Individual,Manual
0.9459459459459438,459999,0.00508333982925333,Petrol,Individual,Manual
0.9189189189189193,800000,0.006515690188675408,Diesel,Individual,Manual
0.8378378378378386,475000,0.01694545460707592,Diesel,Individual,Manual
0.8918918918918948,310000,0.014827219825321886,CNG,Individual,Manual
0.9459459459459438,350000,0.004236045916551717,Petrol,Individual,Manual
0.9729729729729755,1800000,0.004236045916551717,Diesel,Individual,Manual
0.9459459459459438,640000,0.010590750261813818,Petrol,Individual,Automatic
0.9189189189189193,350000,0.021181924170583986,Petrol,Individual,Automatic
0.8648648648648631,575000,0.009743456349112205,Diesel,Individual,Manual
0.9729729729729755,974000,0.006354280698305751,Diesel,Individual,Manual
0.9459459459459438,445000,0.0021178111347976833,Petrol,Individual,Automatic
0.8648648648648631,580000,0.006354280698305751,Diesel,Individual,Manual
1.0,1050000,0.008472515480059785,Diesel,Individual,Manual
0.6486486486486527,150000,0.02965486329760012,Petrol,Individual,Manual
0.8918918918918948,470000,0.004236045916551717,Petrol,Individual,Manual
0.7567567567567579,345000,0.02965486329760012,Petrol,Individual,Manual
1.0,600000,0.0021178111347976833,Petrol,Individual,Automatic
0.7027027027027017,300000,0.025418393734092055,Petrol,Individual,Manual
0.6486486486486527,160000,0.031688368688084,Petrol,Individual,Manual
0.7837837837837824,220000,0.11438425456776148,CNG,Individual,Manual
0.9459459459459438,340000,0.05083721111514047,Petrol,Individual,Manual
0.6486486486486527,138000,0.05083721111514047,Petrol,Individual,Manual
0.45945945945945965,100000,0.10591131544074535,Diesel,Individual,Manual
0.7297297297297334,231000,0.033891332861108195,Petrol,Individual,Manual
0.8108108108108141,800000,0.05083721111514047,Diesel,Individual,Manual
0.9729729729729755,960000,0.008472515480059785,Petrol,Individual,Manual
0.7027027027027017,120000,0.02965486329760012,Petrol,Individual,Manual
0.7837837837837824,270000,0.01694545460707592,Petrol,Individual,Manual
0.7567567567567579,200000,0.04236427198812433,Petrol,Individual,Manual
0.7837837837837824,328000,0.052108151984192885,Petrol,Individual,Manual
0.7837837837837824,432000,0.03262039199205577,Diesel,Individual,Manual
0.9729729729729755,565000,0.0029651050474992966,Petrol,Individual,Manual
0.9189189189189193,390000,0.02965486329760012,Petrol,Individual,Manual
0.9189189189189193,600000,0.012708985043567853,Diesel,Individual,Manual
0.7567567567567579,250000,0.05083721111514047,Diesel,Individual,Manual
0.7567567567567579,165000,0.02965486329760012,Petrol,Individual,Manual
0.7567567567567579,421000,0.04448250676987836,Petrol,Individual,Manual
0.7837837837837824,225000,0.04631350891522655,Petrol,Individual,Manual
0.8108108108108141,350000,0.05083721111514047,Diesel,Individual,Manual
0.9459459459459438,1757000,0.010167103305463011,Diesel,Individual,Manual
0.8648648648648631,600000,0.02965486329760012,Diesel,Individual,Manual
0.9459459459459438,515000,0.014827219825321886,Petrol,Individual,Manual
0.4324324324324351,80000,0.033891332861108195,Petrol,Individual,Manual
0.9189189189189193,800000,0.02965486329760012,Diesel,Individual,Manual
0.567567567567572,120000,0.04236427198812433,Diesel,Individual,Manual
0.9189189189189193,2711000,0.0038123989602009104,Diesel,Dealer,Automatic
0.9729729729729755,5150000,0.008472515480059785,Petrol,Dealer,Automatic
0.9189189189189193,3200000,0.019063689388829953,Diesel,Dealer,Automatic
0.8648648648648631,503000,0.046600741551632394,Diesel,Individual,Manual
0.9729729729729755,3800000,0.008472515480059785,Diesel,Individual,Automatic
0.8918918918918948,2000000,0.02884527396401373,Petrol,Trustmark Dealer,Automatic
0.8108108108108141,225000,0.02471641072741877,Petrol,Trustmark Dealer,Manual
0.9459459459459438,740000,0.016444280257712916,Diesel,Dealer,Manual
0.8918918918918948,550000,0.023933087505126127,Petrol,Trustmark Dealer,Manual
0.8108108108108141,750000,0.03360664210644045,Diesel,Trustmark Dealer,Manual
0.9729729729729755,650000,0.002380895894691534,Petrol,Trustmark Dealer,Automatic
0.9189189189189193,625000,0.010818672324330553,Petrol,Trustmark Dealer,Manual
0.9459459459459438,600000,0.029561237320246594,Petrol,Dealer,Automatic
0.9189189189189193,450000,0.02384666352603056,Diesel,Dealer,Manual
0.9729729729729755,5400000,0.0031769285256747003,Diesel,Dealer,Automatic
0.9729729729729755,5500000,0.0036005754820255067,Diesel,Dealer,Automatic
0.9729729729729755,779000,0.0029786617501025227,Petrol,Trustmark Dealer,Automatic
0.8918918918918948,645000,0.004659692872902524,Petrol,Dealer,Automatic
0.9459459459459438,2475000,0.0008468702657452627,Diesel,Dealer,Automatic
0.9189189189189193,475000,0.01694545460707592,Petrol,Individual,Manual
0.8648648648648631,400000,0.008472515480059785,Petrol,Individual,Automatic
0.567567567567572,80000,0.03812780242461626,Petrol,Individual,Automatic
0.7567567567567579,300000,0.025418393734092055,Diesel,Individual,Manual
0.7567567567567579,400000,0.20123188061967687,Diesel,Individual,Manual
0.7027027027027017,235000,0.02965486329760012,Petrol,Individual,Manual
0.8648648648648631,350000,0.01694545460707592,Petrol,Individual,Manual
0.9189189189189193,625000,0.014403572868971079,Diesel,Individual,Manual
0.8378378378378386,525000,0.05083721111514047,Diesel,Individual,Manual
0.9459459459459438,550000,0.004236045916551717,Petrol,Individual,Manual
0.8648648648648631,550000,0.033891332861108195,Diesel,Individual,Manual
0.621621621621621,200000,0.04236427198812433,Petrol,Individual,Manual
0.7567567567567579,350000,0.05083721111514047,Diesel,Individual,Manual
0.621621621621621,220000,0.04236427198812433,Petrol,Individual,Manual
0.8918918918918948,412000,0.010590750261813818,Petrol,Individual,Manual
0.7027027027027017,126000,0.0220292180832856,Petrol,Individual,Manual
0.8108108108108141,430000,0.026689334603144474,Diesel,Individual,Manual
0.7027027027027017,130000,0.03812780242461626,Petrol,Individual,Manual
0.9189189189189193,350000,0.025418393734092055,Petrol,Individual,Manual
0.7567567567567579,220000,0.014827219825321886,Petrol,Individual,Manual
0.7567567567567579,380000,0.033891332861108195,Diesel,Individual,Manual
0.7297297297297334,200000,0.046600741551632394,Diesel,Individual,Manual
0.8648648648648631,2000000,0.008472515480059785,Diesel,Individual,Manual
0.8648648648648631,610000,0.03812780242461626,Diesel,Individual,Manual
0.8918918918918948,2500000,0.012708985043567853,Petrol,Individual,Automatic
0.9189189189189193,620000,0.02584204069044286,Diesel,Individual,Manual
0.8108108108108141,150000,0.027960275472196896,Petrol,Individual,Manual
0.9459459459459438,450000,0.033891332861108195,Petrol,Individual,Manual
0.9189189189189193,1150000,0.011438044174515433,Diesel,Individual,Manual
0.9459459459459438,500000,0.025418393734092055,Petrol,Individual,Manual
0.7567567567567579,246000,0.058886503285805795,Petrol,Individual,Manual
0.9189189189189193,400000,0.025418393734092055,CNG,Individual,Manual
0.6756756756756772,65000,0.004236045916551717,Petrol,Individual,Manual
0.8918918918918948,725000,0.012708985043567853,Diesel,Individual,Manual
0.8378378378378386,736000,0.0529554458968945,Diesel,Individual,Automatic
0.9459459459459438,700000,0.019063689388829953,Diesel,Individual,Manual
0.7567567567567579,150000,0.012708985043567853,Petrol,Individual,Manual
0.7297297297297334,180000,0.0341031563392836,Petrol,Individual,Manual
0.8378378378378386,409999,0.084728967623205,Diesel,Individual,Manual
0.8108108108108141,550000,0.025418393734092055,Diesel,Individual,Manual
0.567567567567572,50000,0.0076252215673581715,Petrol,Individual,Manual
0.621621621621621,80000,0.046600741551632394,Diesel,Individual,Manual
0.5945945945945965,110000,0.03812780242461626,Petrol,Individual,Manual
0.621621621621621,180000,0.05083721111514047,Petrol,Individual,Manual
0.9189189189189193,605000,0.053802739809596115,Diesel,Individual,Manual
0.9189189189189193,800000,0.02965486329760012,Diesel,Individual,Manual
0.7837837837837824,300000,0.05083721111514047,Petrol,Individual,Manual
0.6756756756756772,160000,0.04236427198812433,Petrol,Individual,Manual
0.7567567567567579,225000,0.03812780242461626,Diesel,Individual,Manual
0.7027027027027017,1025000,0.05083721111514047,Diesel,Individual,Automatic
0.9189189189189193,1300000,0.01694545460707592,Diesel,Individual,Automatic
0.9459459459459438,560000,0.0076252215673581715,Diesel,Individual,Manual
0.9189189189189193,650000,0.02965486329760012,Diesel,Individual,Manual
0.9459459459459438,1150000,0.012285338087217046,Diesel,Individual,Manual
0.8918918918918948,480000,0.027856481967890947,Petrol,Individual,Manual
0.9729729729729755,960000,0.0011010584395557469,Diesel,Individual,Manual
0.9189189189189193,1050000,0.01948733634518076,Diesel,Individual,Automatic
0.9189189189189193,310000,0.006354280698305751,Petrol,Individual,Manual
0.8378378378378386,500000,0.025418393734092055,Diesel,Individual,Manual
0.9189189189189193,350000,0.006566104176481154,Petrol,Individual,Automatic
0.8648648648648631,365000,0.05083721111514047,Diesel,Individual,Manual
0.6756756756756772,165000,0.05083721111514047,Diesel,Individual,Manual
0.6486486486486527,100000,0.05083721111514047,Diesel,Individual,Manual
0.6486486486486527,240000,0.033891332861108195,Diesel,Individual,Manual
0.9729729729729755,925000,0.01694545460707592,Diesel,Individual,Manual
0.9459459459459438,590000,0.006354280698305751,Petrol,Individual,Manual
0.8108108108108141,525000,0.046600741551632394,Diesel,Individual,Manual
0.8378378378378386,720000,0.033891332861108195,Diesel,Individual,Manual
0.9189189189189193,850000,0.021181924170583986,Diesel,Individual,Automatic
0.7297297297297334,490000,0.046600741551632394,Diesel,Individual,Automatic
0.8108108108108141,325000,0.04236427198812433,Diesel,Individual,Manual
0.9729729729729755,1200000,0.008472515480059785,Diesel,Individual,Automatic
0.7837837837837824,450000,0.057191915460402566,Diesel,Individual,Manual
0.8378378378378386,300000,0.021478477040029552,Diesel,Individual,Manual
0.8108108108108141,365000,0.02965486329760012,Diesel,Individual,Manual
0.6486486486486527,500000,0.05083721111514047,Petrol,Individual,Automatic
0.9459459459459438,700000,0.014827219825321886,Diesel,Individual,Manual
0.9189189189189193,880000,0.021181924170583986,Diesel,Individual,Manual
0.8378378378378386,700000,0.05126085807149127,Diesel,Individual,Manual
0.7027027027027017,380000,0.05083721111514047,Diesel,Individual,Manual
0.621621621621621,150000,0.03812780242461626,Petrol,Individual,Manual
0.8378378378378386,235000,0.02965486329760012,CNG,Individual,Manual
0.9459459459459438,320000,0.008472515480059785,Petrol,Individual,Manual
0.8648648648648631,550000,0.025418393734092055,Diesel,Individual,Manual
0.8918918918918948,3200000,0.01694545460707592,Diesel,Individual,Automatic
0.8108108108108141,750000,0.18640423714739862,Diesel,Individual,Manual
0.8648648648648631,300000,0.046600741551632394,Petrol,Individual,Manual
0.8918918918918948,580000,0.06439391371836628,Diesel,Individual,Manual
0.8108108108108141,451000,0.02965486329760012,Diesel,Individual,Manual
0.9459459459459438,850000,0.021181924170583986,Petrol,Individual,Manual
0.7567567567567579,300000,0.0529554458968945,Diesel,Individual,Manual
0.8918918918918948,350000,0.025418393734092055,Petrol,Individual,Manual
0.8378378378378386,300000,0.03812780242461626,CNG,Individual,Manual
0.9189189189189193,390000,0.012708985043567853,CNG,Individual,Manual
0.8918918918918948,1200000,0.03812780242461626,Diesel,Individual,Manual
0.9189189189189193,550000,0.008472515480059785,Petrol,Individual,Manual
0.7837837837837824,300000,0.046600741551632394,Diesel,Individual,Manual
0.7837837837837824,300000,0.06354661980566467,Diesel,Individual,Manual
0.7837837837837824,350000,0.046600741551632394,Diesel,Individual,Manual
0.8648648648648631,880000,0.05083721111514047,Diesel,Individual,Manual
0.7297297297297334,160000,0.05083721111514047,CNG,Individual,Manual
0.7837837837837824,250000,0.033891332861108195,Diesel,Individual,Manual
0.8918918918918948,660000,0.046600741551632394,Diesel,Individual,Manual
0.8648648648648631,450000,0.01694545460707592,Petrol,Individual,Manual
0.7837837837837824,400000,0.046600741551632394,Diesel,Individual,Manual
0.9729729729729755,1300000,0.008472515480059785,Diesel,Individual,Manual
0.8108108108108141,229999,0.09743837631372922,Diesel,Individual,Manual
0.7297297297297334,140000,0.025418393734092055,Petrol,Individual,Manual
0.8648648648648631,500000,0.019063689388829953,Petrol,Individual,Manual
0.7837837837837824,60000,0.019063689388829953,Petrol,Individual,Manual
0.8918918918918948,400000,0.010590750261813818,Petrol,Individual,Manual
0.8378378378378386,400000,0.004236045916551717,Petrol,Individual,Manual
0.9459459459459438,380000,0.008048868523708978,Petrol,Individual,Manual
0.9729729729729755,400000,0.010590750261813818,Petrol,Individual,Manual
0.7837837837837824,270000,0.012708985043567853,Petrol,Individual,Manual
0.8378378378378386,500000,0.03812780242461626,Diesel,Individual,Manual
0.9189189189189193,475000,0.008472515480059785,Petrol,Individual,Manual
0.9459459459459438,850000,0.02033463025788237,Diesel,Individual,Manual
0.7027027027027017,475000,0.05083721111514047,Diesel,Individual,Manual
0.7837837837837824,370000,0.08896543718671307,Diesel,Individual,Manual
0.7297297297297334,187000,0.08489842640574533,Petrol,Individual,Manual
0.6756756756756772,195000,0.046600741551632394,Petrol,Individual,Manual
0.567567567567572,135000,0.03812780242461626,Petrol,Individual,Manual
0.9189189189189193,850000,0.018216395476128338,Diesel,Individual,Manual
0.9459459459459438,500000,0.010590750261813818,Petrol,Individual,Manual
0.8918918918918948,385000,0.011014397218164626,Petrol,Individual,Manual
0.621621621621621,135000,0.05083721111514047,Diesel,Individual,Manual
0.6756756756756772,120000,0.02965486329760012,Petrol,Individual,Manual
0.621621621621621,200000,0.025418393734092055,Petrol,Individual,Manual
0.6486486486486527,200000,0.05083721111514047,Diesel,Individual,Manual
0.8918918918918948,700000,0.008472515480059785,Petrol,Individual,Manual
0.8108108108108141,290000,0.010590750261813818,Diesel,Individual,Manual
0.9189189189189193,725000,0.025418393734092055,Diesel,Individual,Manual
0.6756756756756772,200000,0.033891332861108195,Diesel,Individual,Manual
0.8378378378378386,155000,0.033891332861108195,Petrol,Individual,Manual
0.9729729729729755,690000,0.0005515883371687504,Petrol,Dealer,Manual
0.9459459459459438,3975000,0.013471549564999305,Diesel,Dealer,Automatic
0.9729729729729755,5150000,0.008472515480059785,Petrol,Dealer,Automatic
0.9189189189189193,3200000,0.019063689388829953,Diesel,Dealer,Automatic
0.9189189189189193,4100000,0.007201574611007364,Petrol,Individual,Automatic
0.8918918918918948,2000000,0.02884527396401373,Petrol,Trustmark Dealer,Automatic
0.8918918918918948,550000,0.023933087505126127,Petrol,Trustmark Dealer,Manual
0.8108108108108141,750000,0.03360664210644045,Diesel,Trustmark Dealer,Manual
0.9729729729729755,5500000,0.0036005754820255067,Diesel,Dealer,Automatic
0.9459459459459438,2475000,0.0008468702657452627,Diesel,Dealer,Automatic
0.9729729729729755,5200000,0.007201574611007364,Petrol,Dealer,Automatic
0.9189189189189193,6000000,0.015674513738023498,Diesel,Dealer,Automatic
0.9459459459459438,4000000,0.004236045916551717,Diesel,Dealer,Automatic
0.9729729729729755,1125000,0.001482340700271473,Petrol,Dealer,Automatic
0.8918918918918948,1898999,0.01948733634518076,Diesel,Dealer,Automatic
0.9189189189189193,1650000,0.0220292180832856,Petrol,Dealer,Automatic
0.7567567567567579,280000,0.008472515480059785,Petrol,Individual,Manual
0.9729729729729755,450000,0.010590750261813818,Petrol,Individual,Manual
0.621621621621621,135000,0.02965486329760012,Petrol,Individual,Manual
0.8378378378378386,650000,0.01694545460707592,Diesel,Individual,Manual
1.0,650000,0.0030921991344045386,Petrol,Individual,Manual
0.9459459459459438,750000,0.010590750261813818,Diesel,Individual,Manual
0.7297297297297334,150000,0.04236427198812433,Petrol,Individual,Manual
0.9189189189189193,500000,0.014827219825321886,Diesel,Individual,Manual
0.7837837837837824,311000,0.04236427198812433,Diesel,Individual,Manual
0.8108108108108141,425000,0.033891332861108195,Diesel,Individual,Manual
0.7297297297297334,260000,0.025418393734092055,Petrol,Individual,Manual
0.8378378378378386,400000,0.046600741551632394,Diesel,Individual,Manual
0.9189189189189193,575000,0.02965486329760012,Diesel,Individual,Manual
0.6756756756756772,175000,0.01694545460707592,Petrol,Individual,Manual
0.7297297297297334,250000,0.03812780242461626,CNG,Individual,Manual
0.7837837837837824,400000,0.040246037206370294,Diesel,Individual,Manual
0.7567567567567579,350000,0.084728967623205,Diesel,Individual,Manual
0.8648648648648631,484999,0.012708985043567853,Diesel,Individual,Manual
0.8648648648648631,484999,0.012708985043567853,Diesel,Individual,Manual
0.8108108108108141,350000,0.02965486329760012,Diesel,Individual,Manual
0.8378378378378386,1400000,0.033891332861108195,Diesel,Individual,Automatic
0.7837837837837824,250000,0.04236427198812433,Diesel,Individual,Manual
0.8918918918918948,500000,0.012708985043567853,Diesel,Individual,Manual
0.8918918918918948,300000,0.006354280698305751,Petrol,Individual,Manual
0.9459459459459438,650000,0.00889616243641059,Diesel,Individual,Manual
0.8378378378378386,300000,0.014827219825321886,Petrol,Individual,Manual
0.8918918918918948,475000,0.010590750261813818,Petrol,Individual,Manual
0.9729729729729755,754000,0.004236045916551717,Diesel,Individual,Manual
0.8108108108108141,300000,0.01694545460707592,Petrol,Individual,Manual
0.6756756756756772,95000,0.02965486329760012,Petrol,Individual,Manual
0.9459459459459438,475000,0.0033040226125799423,Petrol,Individual,Manual
0.8378378378378386,575000,0.02330015895233802,Diesel,Individual,Manual
0.8918918918918948,350000,0.012708985043567853,Petrol,Individual,Manual
0.8108108108108141,330000,0.0529554458968945,Diesel,Individual,Manual
0.8918918918918948,482000,0.021181924170583986,Petrol,Individual,Manual
0.9189189189189193,625000,0.01694545460707592,Diesel,Individual,Manual
0.9189189189189193,380000,0.012708985043567853,Petrol,Individual,Manual
0.8918918918918948,310000,0.012708985043567853,Petrol,Individual,Manual
0.7027027027027017,280000,0.014827219825321886,Petrol,Individual,Manual
0.9459459459459438,900000,0.012708985043567853,Petrol,Individual,Automatic
0.7297297297297334,250000,0.025418393734092055,Petrol,Individual,Manual
0.9189189189189193,750000,0.016521807650725112,Petrol,Individual,Manual
0.9729729729729755,420000,0.006354280698305751,Petrol,Individual,Manual
0.9729729729729755,670000,0.0021178111347976833,Petrol,Individual,Manual
0.8918918918918948,420000,0.004130134177464015,Petrol,Individual,Manual
0.8918918918918948,1800000,0.046600741551632394,Diesel,Individual,Manual
0.9459459459459438,900000,0.014827219825321886,Petrol,Individual,Manual
0.8648648648648631,1200000,0.004236045916551717,Diesel,Individual,Manual
0.6486486486486527,185000,0.05083721111514047,Diesel,Individual,Manual
0.6756756756756772,185000,0.046600741551632394,Petrol,Individual,Manual
0.9459459459459438,1525000,0.01948733634518076,Diesel,Individual,Manual
0.621621621621621,215000,0.04321156590082594,Petrol,Individual,Manual
0.8648648648648631,210000,0.021181924170583986,Petrol,Individual,Manual
0.8918918918918948,1700000,0.046600741551632394,Diesel,Individual,Manual
0.21621621621621756,55000,0.05083721111514047,LPG,Individual,Manual
0.7027027027027017,530000,0.12073895891302358,Diesel,Individual,Manual
0.8648648648648631,800000,0.021181924170583986,Petrol,Individual,Manual
0.8378378378378386,570000,0.02965486329760012,Diesel,Individual,Manual
0.7837837837837824,350000,0.05083721111514047,Diesel,Individual,Manual
0.7567567567567579,350000,0.03939874329366868,Diesel,Individual,Manual
0.9459459459459438,750000,0.021181924170583986,Diesel,Individual,Manual
0.7297297297297334,150000,0.02965486329760012,Diesel,Individual,Manual
0.6756756756756772,250000,0.03812780242461626,Diesel,Individual,Manual
0.9729729729729755,562000,0.0021178111347976833,Petrol,Individual,Manual
0.7837837837837824,290000,0.011438044174515433,Petrol,Individual,Manual
0.8378378378378386,600000,0.051684505027842075,Diesel,Individual,Manual
0.8648648648648631,401000,0.03134945112300335,Diesel,Individual,Manual
0.9729729729729755,750000,0.0027532815693238934,Petrol,Individual,Automatic
0.6486486486486527,240000,0.033891332861108195,Diesel,Individual,Manual
0.7837837837837824,229999,0.021181924170583986,Petrol,Individual,Manual
0.8108108108108141,500000,0.021181924170583986,Diesel,Individual,Manual
0.7297297297297334,350000,0.033891332861108195,Petrol,Individual,Manual
0.9459459459459438,217000,0.010590750261813818,Petrol,Individual,Manual
0.9459459459459438,670000,0.014827219825321886,Diesel,Individual,Manual
0.7567567567567579,225000,0.012708985043567853,Petrol,Individual,Manual
1.0,737000,0.004236045916551717,Petrol,Individual,Automatic
0.8378378378378386,300000,0.033891332861108195,Petrol,Individual,Manual
0.6756756756756772,85000,0.05083721111514047,Diesel,Individual,Manual
0.7297297297297334,195000,0.05083721111514047,Diesel,Individual,Manual
0.9189189189189193,675000,0.054222573943339764,Diesel,Dealer,Manual
0.4324324324324351,150000,0.0838816737105034,Diesel,Individual,Manual
0.7297297297297334,290000,0.02753662851584609,Petrol,Individual,Manual
0.5135135135135158,95000,0.03812780242461626,Petrol,Individual,Manual
0.9459459459459438,889000,0.008472515480059785,Diesel,Individual,Manual
0.8918918918918948,400000,0.025418393734092055,Petrol,Individual,Manual
0.9459459459459438,390000,0.005557824420366234,Petrol,Individual,Manual
0.9189189189189193,1550000,0.037068685033739245,Diesel,Individual,Manual
0.8378378378378386,600000,0.0529554458968945,Diesel,Individual,Manual
0.9459459459459438,800000,0.010590750261813818,Petrol,Individual,Automatic
0.8108108108108141,600000,0.05083721111514047,Diesel,Individual,Manual
0.8648648648648631,795000,0.014827219825321886,Petrol,Individual,Manual
0.8918918918918948,735000,0.010590750261813818,Diesel,Individual,Manual
0.5945945945945965,250000,0.05083721111514047,Diesel,Individual,Manual
0.9459459459459438,400000,0.010590750261813818,Petrol,Individual,Automatic
0.8378378378378386,395000,0.0593101502421566,Diesel,Individual,Manual
0.8648648648648631,600000,0.0529554458968945,Diesel,Individual,Manual
0.8918918918918948,720000,0.033891332861108195,Diesel,Individual,Manual
0.7567567567567579,450000,0.046600741551632394,Petrol,Individual,Manual
0.7297297297297334,220000,0.033891332861108195,Diesel,Individual,Manual
0.8378378378378386,545000,0.04236427198812433,Diesel,Individual,Manual
0.7567567567567579,370000,0.04236427198812433,Diesel,Individual,Manual
0.7297297297297334,450000,0.03304403894840658,Diesel,Individual,Manual
0.9459459459459438,750000,0.006354280698305751,Petrol,Individual,Automatic
0.8648648648648631,1100000,0.02965486329760012,Diesel,Individual,Manual
0.9729729729729755,711000,0.0021178111347976833,Petrol,Individual,Manual
0.8918918918918948,285000,0.03177309807935416,Petrol,Individual,Manual
1.0,749000,0.0023296346129730865,Petrol,Individual,Manual
0.8918918918918948,550000,0.033891332861108195,Diesel,Individual,Manual
0.7297297297297334,300000,0.05083721111514047,Diesel,Individual,Manual
0.9189189189189193,650000,0.033891332861108195,Petrol,Individual,Manual
0.8378378378378386,575000,0.05083721111514047,Diesel,Individual,Manual
0.8918918918918948,631000,0.03177309807935416,Diesel,Individual,Manual
0.7297297297297334,220000,0.033891332861108195,Diesel,Individual,Manual
0.9189189189189193,600000,0.01694545460707592,Petrol,Individual,Manual
0.37837837837837895,160000,0.04236427198812433,Diesel,Individual,Manual
0.7837837837837824,390000,0.05083721111514047,Diesel,Individual,Manual
0.6486486486486527,375000,0.046600741551632394,Diesel,Individual,Manual
0.7297297297297334,340000,0.046600741551632394,Diesel,Individual,Manual
0.9729729729729755,670000,0.0008468702657452627,Diesel,Individual,Manual
0.8378378378378386,530000,0.033891332861108195,Diesel,Individual,Manual
0.8648648648648631,350000,0.016098160694374305,Petrol,Individual,Automatic
0.8378378378378386,700000,0.04321156590082594,Diesel,Dealer,Manual
0.7837837837837824,925000,0.0406696841627211,Diesel,Dealer,Automatic
0.9189189189189193,375000,0.008472515480059785,Petrol,Dealer,Automatic
0.8648648648648631,575000,0.006777927654656558,Petrol,Dealer,Manual
0.8108108108108141,425000,0.009743456349112205,Petrol,Dealer,Manual
0.7567567567567579,245000,0.010590750261813818,Petrol,Dealer,Manual
0.8648648648648631,540000,0.014827219825321886,Petrol,Dealer,Manual
0.7567567567567579,1000000,0.03812780242461626,Diesel,Dealer,Automatic
0.8108108108108141,291000,0.015674513738023498,Petrol,Dealer,Manual
0.7837837837837824,355000,0.025418393734092055,Petrol,Dealer,Manual
0.7297297297297334,225000,0.021181924170583986,Petrol,Dealer,Manual
0.8108108108108141,350000,0.015674513738023498,Petrol,Dealer,Manual
0.7837837837837824,200000,0.016098160694374305,Petrol,Dealer,Manual
0.9189189189189193,600000,0.01694545460707592,Diesel,Individual,Manual
0.7837837837837824,434999,0.024147452865039633,Petrol,Dealer,Manual
0.8378378378378386,440000,0.026350417038063827,Petrol,Dealer,Manual
0.8108108108108141,390000,0.03262039199205577,Diesel,Dealer,Manual
0.37837837837837895,50000,0.046600741551632394,Petrol,Individual,Manual
0.7837837837837824,450000,0.012708985043567853,Petrol,Individual,Manual
0.8378378378378386,999000,0.010590750261813818,Diesel,Individual,Manual
0.5945945945945965,225000,0.07964520414699533,Diesel,Individual,Manual
0.7297297297297334,85000,0.06354661980566467,Petrol,Individual,Manual
0.7837837837837824,150000,0.01694545460707592,Petrol,Individual,Manual
0.8378378378378386,500000,0.05083721111514047,Diesel,Individual,Manual
0.7567567567567579,220000,0.02965486329760012,Petrol,Individual,Manual
0.9189189189189193,957000,0.025418393734092055,Diesel,Individual,Manual
0.621621621621621,1050000,0.10591131544074535,Diesel,Individual,Manual
0.9459459459459438,320000,0.014827219825321886,Petrol,Individual,Manual
0.8918918918918948,300000,0.006354280698305751,Petrol,Individual,Manual
0.7297297297297334,270000,0.04151697807542271,Diesel,Individual,Manual
0.7567567567567579,170000,0.026265687646793667,Petrol,Individual,Manual
0.7297297297297334,270000,0.03812780242461626,Diesel,Individual,Manual
0.7297297297297334,170000,0.03812780242461626,Petrol,Individual,Manual
0.9729729729729755,1450000,0.004236045916551717,Diesel,Individual,Manual
0.9729729729729755,1200000,0.010590750261813818,Diesel,Individual,Manual
0.9729729729729755,834000,0.0055069867856041375,Diesel,Individual,Manual
0.9189189189189193,450000,0.033891332861108195,Diesel,Individual,Manual
0.8378378378378386,575000,0.01694545460707592,Diesel,Individual,Manual
0.9729729729729755,900000,0.008472515480059785,Diesel,Individual,Manual
0.6756756756756772,149000,0.037085630911993274,LPG,Individual,Manual
0.6486486486486527,100000,0.03558592068651142,LPG,Individual,Manual
0.7837837837837824,400000,0.04236427198812433,Diesel,Individual,Manual
0.9189189189189193,250000,0.014827219825321886,Petrol,Individual,Manual
0.7297297297297334,225000,0.025418393734092055,Petrol,Individual,Manual
0.7837837837837824,300000,0.02965486329760012,Diesel,Individual,Manual
0.8648648648648631,459999,0.025418393734092055,Diesel,Individual,Manual
0.8918918918918948,825000,0.014827219825321886,Diesel,Individual,Manual
0.7837837837837824,150000,0.09804758063696167,Diesel,Individual,Manual
0.8918918918918948,710000,0.03007851025395093,Diesel,Individual,Manual
0.6756756756756772,200000,0.03812780242461626,Petrol,Individual,Manual
0.8918918918918948,425000,0.02965486329760012,Diesel,Individual,Manual
0.7567567567567579,380000,0.10144226369820068,Diesel,Individual,Manual
0.45945945945945965,150000,0.021181924170583986,Diesel,Individual,Manual
0.7027027027027017,240000,0.03812780242461626,Diesel,Individual,Manual
0.8918918918918948,1150000,0.06524120763106789,Diesel,Individual,Manual
0.8108108108108141,520000,0.04617709459528159,Diesel,Individual,Manual
0.8918918918918948,675000,0.05083721111514047,Diesel,Individual,Manual
0.621621621621621,170000,0.03262039199205577,Diesel,Individual,Manual
0.7027027027027017,250000,0.046600741551632394,Diesel,Individual,Manual
0.5945945945945965,200000,0.084728967623205,Diesel,Individual,Manual
0.6756756756756772,225000,0.05083721111514047,Diesel,Individual,Manual
0.8918918918918948,380000,0.016521807650725112,Petrol,Individual,Manual
0.8378378378378386,575000,0.03812780242461626,Diesel,Individual,Manual
0.7297297297297334,300000,0.057191915460402566,Diesel,Individual,Manual
0.9459459459459438,450000,0.03812780242461626,Diesel,Individual,Manual
0.5405405405405403,45000,0.03812780242461626,Petrol,Individual,Manual
0.7297297297297334,950000,0.18047317975848734,Diesel,Individual,Manual
0.9189189189189193,745000,0.014827219825321886,Diesel,Individual,Manual
0.8918918918918948,509999,0.05083721111514047,Diesel,Individual,Manual
0.7027027027027017,142000,0.046600741551632394,Petrol,Individual,Manual
0.7027027027027017,185000,0.021181924170583986,Petrol,Individual,Manual
0.7837837837837824,300000,0.03262039199205577,Diesel,Individual,Manual
0.6486486486486527,210000,0.05083721111514047,Petrol,Individual,Manual
0.6756756756756772,260000,0.05083721111514047,Petrol,Individual,Manual
0.8108108108108141,430000,0.08049249805969694,Diesel,Individual,Manual
0.8108108108108141,600000,0.046600741551632394,Diesel,Individual,Manual
0.7297297297297334,400000,0.012708985043567853,Petrol,Individual,Manual
0.9189189189189193,669000,0.025418393734092055,Diesel,Individual,Manual
0.9729729729729755,509999,0.01694545460707592,Petrol,Individual,Manual
0.8918918918918948,616000,0.04744803546433401,Diesel,Individual,Manual
0.7297297297297334,190000,0.03812780242461626,Diesel,Individual,Manual
0.8648648648648631,700000,0.0593101502421566,Diesel,Individual,Manual
0.7837837837837824,250000,0.07964520414699533,Diesel,Individual,Manual
0.8378378378378386,225000,0.025418393734092055,Petrol,Individual,Manual
0.9189189189189193,470000,0.012708985043567853,Petrol,Individual,Manual
0.9729729729729755,900000,0.01694545460707592,Diesel,Individual,Manual
0.8108108108108141,170000,0.02965486329760012,Diesel,Individual,Manual
0.8108108108108141,140000,0.04236427198812433,Diesel,Individual,Manual
0.7567567567567579,95000,0.018640042432479145,Petrol,Individual,Manual
0.8918918918918948,280000,0.046600741551632394,Petrol,Individual,Manual
0.7837837837837824,470000,0.0910836719684671,Diesel,Individual,Manual
0.7567567567567579,129000,0.033891332861108195,Petrol,Individual,Manual
0.7837837837837824,165000,0.02965486329760012,Diesel,Individual,Manual
0.8918918918918948,600000,0.010590750261813818,Petrol,Individual,Manual
0.7837837837837824,260000,0.013132631999918659,Petrol,Individual,Manual
0.5945945945945965,70000,0.021181924170583986,Petrol,Individual,Manual
0.8648648648648631,515000,0.05083721111514047,Petrol,Individual,Manual
0.7567567567567579,270000,0.025418393734092055,Diesel,Individual,Manual
0.7567567567567579,225000,0.046600741551632394,Diesel,Individual,Manual
0.7837837837837824,459999,0.02965486329760012,Diesel,Individual,Manual
0.7027027027027017,115999,0.046600741551632394,Petrol,Individual,Manual
0.8108108108108141,475000,0.03274748607896102,Diesel,Dealer,Manual
0.8108108108108141,1925000,0.038763272859142474,Diesel,Dealer,Automatic
0.7567567567567579,165000,0.03177309807935416,Diesel,Dealer,Manual
0.8648648648648631,550000,0.019063689388829953,Diesel,Dealer,Manual
0.9189189189189193,861000,0.02595218889909407,Diesel,Dealer,Manual
0.9729729729729755,1050000,0.011014397218164626,Diesel,Dealer,Manual
0.9459459459459438,3251000,0.007456186431774199,Diesel,Dealer,Automatic
0.9189189189189193,750000,0.018216395476128338,Diesel,Dealer,Manual
0.9459459459459438,730000,0.00202164327570605,Petrol,Dealer,Manual
0.9189189189189193,860000,0.013132631999918659,Diesel,Dealer,Automatic
0.9189189189189193,940000,0.02452873512575536,Diesel,Dealer,Manual
0.9729729729729755,1075000,0.0036429401776605875,Diesel,Dealer,Manual
0.8918918918918948,775000,0.0220292180832856,Diesel,Dealer,Manual
0.8108108108108141,411000,0.026265687646793667,Petrol,Dealer,Manual
0.7837837837837824,911000,0.0656648545874187,Diesel,Dealer,Manual
0.8918918918918948,540000,0.027960275472196896,Diesel,Dealer,Manual
0.8918918918918948,660000,0.03304827541797009,Diesel,Dealer,Automatic
0.9459459459459438,875000,0.035519831761320696,Diesel,Dealer,Manual
0.8648648648648631,411000,0.01016667965850666,Petrol,Dealer,Automatic
0.8918918918918948,635000,0.0220292180832856,Diesel,Dealer,Manual
0.7837837837837824,350000,0.06142838502391063,Diesel,Individual,Manual
0.9459459459459438,800000,0.02965486329760012,Diesel,Individual,Manual
0.8648648648648631,180000,0.010590750261813818,Petrol,Individual,Manual
0.8378378378378386,2000000,0.021605571126934793,Diesel,Individual,Automatic
0.8378378378378386,490000,0.05083721111514047,Diesel,Individual,Manual
0.7297297297297334,180000,0.02330015895233802,Petrol,Individual,Manual
0.8108108108108141,310000,0.03872090816350739,Petrol,Individual,Automatic
0.7837837837837824,275000,0.02033463025788237,CNG,Individual,Manual
0.8378378378378386,450000,0.033891332861108195,Diesel,Individual,Manual
0.9189189189189193,500000,0.021181924170583986,Diesel,Individual,Manual
0.7297297297297334,245000,0.0783742632779429,Diesel,Individual,Automatic
0.7567567567567579,275000,0.0529554458968945,Diesel,Individual,Manual
0.621621621621621,200000,0.07562055806166267,Petrol,Individual,Manual
0.9189189189189193,1500000,0.028364011021599213,Diesel,Individual,Manual
0.7837837837837824,229999,0.07032497110727758,Diesel,Individual,Manual
0.7567567567567579,280000,0.05549732763499934,Diesel,Individual,Manual
0.7027027027027017,125000,0.021181924170583986,Petrol,Individual,Manual
0.8648648648648631,600000,0.010590750261813818,Diesel,Individual,Manual
0.9459459459459438,600000,0.008472515480059785,Petrol,Individual,Manual
0.8918918918918948,411000,0.025418393734092055,Petrol,Individual,Manual
0.7297297297297334,150000,0.0720195589326808,Petrol,Individual,Manual
0.8648648648648631,630000,0.02965486329760012,Diesel,Individual,Manual
0.8108108108108141,1200000,0.046600741551632394,Diesel,Individual,Automatic
0.9729729729729755,700000,0.019063689388829953,Petrol,Individual,Automatic
0.7297297297297334,250000,0.025418393734092055,Diesel,Individual,Manual
0.8918918918918948,535000,0.013556278956269466,Diesel,Individual,Manual
0.8918918918918948,600000,0.025418393734092055,Diesel,Individual,Manual
0.5405405405405403,145000,0.05083721111514047,Diesel,Individual,Manual
0.8648648648648631,400000,0.06058109111120902,Diesel,Individual,Manual
0.8648648648648631,600000,0.04236427198812433,Diesel,Individual,Manual
0.9459459459459438,459999,0.021181924170583986,Petrol,Individual,Manual
0.9459459459459438,800000,0.012708985043567853,Diesel,Individual,Manual
0.9189189189189193,370000,0.010590750261813818,CNG,Individual,Manual
0.7837837837837824,800000,0.04321156590082594,Diesel,Individual,Manual
0.8108108108108141,290000,0.03812780242461626,Diesel,Individual,Manual
0.9459459459459438,671000,0.026265687646793667,Diesel,Individual,Manual
0.7837837837837824,140000,0.033891332861108195,Diesel,Individual,Manual
0.8108108108108141,150000,0.03812780242461626,Diesel,Individual,Manual
0.9459459459459438,600000,0.010590750261813818,Petrol,Individual,Manual
0.9189189189189193,700000,0.01694545460707592,Diesel,Individual,Manual
0.9189189189189193,700000,0.02965486329760012,Diesel,Individual,Manual
0.7567567567567579,140000,0.084728967623205,Diesel,Individual,Manual
0.9459459459459438,1150000,0.014827219825321886,Diesel,Individual,Manual
0.6486486486486527,300000,0.0656648545874187,Diesel,Individual,Manual
0.7567567567567579,300000,0.046600741551632394,Petrol,Individual,Manual
0.8648648648648631,530000,0.046600741551632394,Diesel,Individual,Manual
0.9189189189189193,530000,0.033891332861108195,Diesel,Individual,Manual
0.7567567567567579,210000,0.021181924170583986,Petrol,Individual,Manual
0.6486486486486527,130000,0.03812780242461626,Petrol,Individual,Manual
0.6756756756756772,148000,0.033891332861108195,LPG,Individual,Manual
0.6756756756756772,585000,0.05083721111514047,Diesel,Individual,Automatic
0.7567567567567579,270000,0.04448250676987836,Diesel,Individual,Manual
0.8108108108108141,375000,0.01694545460707592,Petrol,Individual,Manual
0.8378378378378386,725000,0.0597337971985074,Diesel,Individual,Manual
0.5945945945945965,350000,0.006354280698305751,Diesel,Individual,Manual
0.8378378378378386,425000,0.033891332861108195,Diesel,Individual,Manual
0.9459459459459438,900000,0.010590750261813818,Diesel,Individual,Manual
0.9189189189189193,570000,0.021605571126934793,Diesel,Individual,Manual
0.9189189189189193,290000,0.01694545460707592,Diesel,Individual,Manual
0.7567567567567579,229999,0.01694545460707592,Diesel,Individual,Manual
0.7837837837837824,300000,0.02965486329760012,Diesel,Individual,Manual
0.7297297297297334,220000,0.046600741551632394,Diesel,Individual,Manual
0.7567567567567579,409999,0.033891332861108195,Diesel,Individual,Manual
0.8108108108108141,355000,0.05761556241675337,Diesel,Individual,Manual
0.8108108108108141,695000,0.05083721111514047,Diesel,Individual,Manual
0.7297297297297334,320000,0.05083721111514047,Diesel,Individual,Manual
0.9189189189189193,710000,0.05083721111514047,Diesel,Individual,Manual
0.7297297297297334,409999,0.08896543718671307,Diesel,Individual,Manual
0.8648648648648631,550000,0.03812780242461626,Diesel,Individual,Manual
0.6486486486486527,215000,0.04268200720538743,Petrol,Individual,Manual
0.6486486486486527,170000,0.046600741551632394,Petrol,Individual,Manual
0.7297297297297334,350000,0.06269932589296305,Diesel,Individual,Manual
0.8648648648648631,250000,0.0656648545874187,Diesel,Individual,Manual
0.8648648648648631,433000,0.02965486329760012,Diesel,Individual,Manual
0.7297297297297334,1200000,0.04236427198812433,Diesel,Individual,Manual
0.8648648648648631,300000,0.019063689388829953,Petrol,Individual,Manual
0.4054054054054035,70000,0.01694545460707592,Petrol,Individual,Manual
0.9189189189189193,760000,0.03812780242461626,Diesel,Individual,Manual
0.8378378378378386,250000,0.008472515480059785,Petrol,Individual,Manual
0.8108108108108141,187000,0.05083721111514047,Petrol,Individual,Manual
0.9189189189189193,2711000,0.0038123989602009104,Diesel,Dealer,Automatic
0.9729729729729755,5150000,0.008472515480059785,Petrol,Dealer,Automatic
0.9189189189189193,3200000,0.019063689388829953,Diesel,Dealer,Automatic
0.8648648648648631,503000,0.046600741551632394,Diesel,Individual,Manual
0.9729729729729755,3800000,0.008472515480059785,Diesel,Individual,Automatic
0.8918918918918948,2000000,0.02884527396401373,Petrol,Trustmark Dealer,Automatic
0.8108108108108141,225000,0.02471641072741877,Petrol,Trustmark Dealer,Manual
0.8918918918918948,550000,0.023933087505126127,Petrol,Trustmark Dealer,Manual
0.8108108108108141,750000,0.03360664210644045,Diesel,Trustmark Dealer,Manual
0.9729729729729755,650000,0.002380895894691534,Petrol,Trustmark Dealer,Automatic
0.9189189189189193,625000,0.010818672324330553,Petrol,Trustmark Dealer,Manual
0.9459459459459438,600000,0.029561237320246594,Petrol,Dealer,Automatic
0.9189189189189193,450000,0.02384666352603056,Diesel,Dealer,Manual
0.9729729729729755,5400000,0.0031769285256747003,Diesel,Dealer,Automatic
0.9729729729729755,5500000,0.0036005754820255067,Diesel,Dealer,Automatic
0.9729729729729755,779000,0.0029786617501025227,Petrol,Trustmark Dealer,Automatic
0.8918918918918948,645000,0.004659692872902524,Petrol,Dealer,Automatic
0.9459459459459438,2475000,0.0008468702657452627,Diesel,Dealer,Automatic
0.8918918918918948,488000,0.033891332861108195,Petrol,Individual,Manual
0.6756756756756772,111000,0.046600741551632394,Petrol,Individual,Manual
0.8648648648648631,600000,0.02965486329760012,Diesel,Individual,Manual
1.0,570000,0.0021178111347976833,Petrol,Individual,Manual
0.6486486486486527,110000,0.03177309807935416,Petrol,Individual,Manual
0.8378378378378386,229999,0.02965486329760012,Petrol,Individual,Manual
0.8378378378378386,490000,0.03812780242461626,Diesel,Individual,Manual
0.7567567567567579,300000,0.04236427198812433,Petrol,Individual,Manual
0.9729729729729755,580000,0.014827219825321886,Petrol,Individual,Manual
0.9189189189189193,385000,0.0656648545874187,Diesel,Individual,Manual
0.9729729729729755,434999,0.008260692001884382,Petrol,Dealer,Manual
0.9459459459459438,3200000,0.021181924170583986,Diesel,Individual,Manual
0.8648648648648631,495000,0.012708985043567853,Petrol,Dealer,Manual
0.8918918918918948,575000,0.022452865039636408,Diesel,Dealer,Manual
0.8108108108108141,200000,0.05083721111514047,Diesel,Individual,Manual
0.7837837837837824,140000,0.05083721111514047,Diesel,Individual,Manual
0.7837837837837824,300000,0.02711298155949528,Diesel,Individual,Manual
0.8648648648648631,350000,0.021181924170583986,Petrol,Individual,Manual
0.8648648648648631,250000,0.033891332861108195,Diesel,Individual,Manual
0.8108108108108141,280000,0.033891332861108195,Diesel,Individual,Manual
0.9189189189189193,600000,0.0021178111347976833,Petrol,Individual,Manual
0.8648648648648631,700000,0.010590750261813818,Petrol,Individual,Manual
0.8378378378378386,560000,0.030502157210301736,Diesel,Dealer,Manual
0.8918918918918948,565000,0.030502157210301736,Diesel,Dealer,Manual
0.9189189189189193,880000,0.02753662851584609,Diesel,Individual,Manual
0.5945945945945965,250000,0.033891332861108195,Diesel,Individual,Manual
0.8918918918918948,550000,0.05083721111514047,Diesel,Individual,Manual
0.9459459459459438,530000,0.025418393734092055,Diesel,Individual,Manual
0.8108108108108141,750000,0.046600741551632394,Diesel,Individual,Manual
0.9189189189189193,310000,0.014827219825321886,Petrol,Individual,Manual
0.8378378378378386,620000,0.05507368067864853,Diesel,Individual,Manual
0.8108108108108141,400000,0.07964520414699533,Diesel,Individual,Manual
0.6756756756756772,67000,0.033891332861108195,Diesel,Individual,Manual
0.8648648648648631,480000,0.033891332861108195,Diesel,Individual,Manual
0.6756756756756772,110000,0.02062101560037552,Petrol,Individual,Manual
0.621621621621621,105000,0.025418393734092055,Petrol,Individual,Manual
0.9459459459459438,475000,0.01694545460707592,Petrol,Individual,Manual
0.7837837837837824,275000,0.05083721111514047,Diesel,Individual,Manual
0.5405405405405403,40000,0.02965486329760012,Diesel,Individual,Manual
0.9459459459459438,300000,0.006354280698305751,Petrol,Individual,Manual
0.7567567567567579,70000,0.033891332861108195,Diesel,Individual,Manual
0.9189189189189193,900000,0.025418393734092055,Diesel,Individual,Manual
0.9189189189189193,650000,0.05083721111514047,Diesel,Individual,Manual
0.5405405405405403,55000,0.05083721111514047,Petrol,Individual,Manual
0.45945945945945965,50000,0.07625602849618887,Petrol,Individual,Manual
0.8918918918918948,550000,0.02965486329760012,Petrol,Individual,Manual
0.8108108108108141,475000,0.10591131544074535,Diesel,Individual,Manual
0.9729729729729755,425000,0.006354280698305751,Petrol,Individual,Manual
0.8648648648648631,516000,0.03812780242461626,Petrol,Individual,Manual
0.7567567567567579,150000,0.02965486329760012,Petrol,Individual,Manual
0.8918918918918948,400000,0.012708985043567853,Petrol,Individual,Manual
0.8918918918918948,800000,0.03367950938293279,Diesel,Individual,Manual
0.6486486486486527,165000,0.03812780242461626,Petrol,Individual,Manual
0.8648648648648631,1000000,0.046600741551632394,Diesel,Individual,Manual
0.8648648648648631,440000,0.046600741551632394,Diesel,Individual,Manual
0.7567567567567579,390000,0.06481756067471708,Diesel,Individual,Manual
0.6756756756756772,136000,0.0848073423101299,Petrol,Individual,Manual
0.8918918918918948,515000,0.04236427198812433,Diesel,Individual,Manual
0.7837837837837824,175000,0.03812780242461626,Diesel,Individual,Manual
0.7837837837837824,380000,0.033891332861108195,Diesel,Individual,Manual
0.7837837837837824,405000,0.06354661980566467,Diesel,Individual,Manual
0.9459459459459438,535000,0.00508333982925333,Petrol,Individual,Manual
0.7567567567567579,215000,0.01694545460707592,Petrol,Individual,Manual
0.37837837837837895,70000,0.04236427198812433,Petrol,Individual,Manual
0.9189189189189193,445000,0.011438044174515433,Petrol,Individual,Manual
0.8648648648648631,335000,0.05083721111514047,Petrol,Individual,Manual
0.8648648648648631,600000,0.033891332861108195,Diesel,Individual,Manual
0.8378378378378386,300000,0.02076886838814195,Petrol,Individual,Manual
0.8918918918918948,300000,0.03812780242461626,Petrol,Individual,Manual
0.7297297297297334,2000000,0.03812780242461626,Diesel,Individual,Automatic
0.7027027027027017,295000,0.08261073284145097,Diesel,Individual,Manual
0.621621621621621,310000,0.03812780242461626,Diesel,Individual,Manual
0.37837837837837895,29999,0.033891332861108195,Petrol,Individual,Manual
0.8918918918918948,925000,0.009319809392761398,Petrol,Individual,Manual
0.8918918918918948,640000,0.02965486329760012,Diesel,Individual,Manual
0.7837837837837824,350000,0.014827219825321886,Petrol,Individual,Manual
0.8108108108108141,385000,0.05083721111514047,Petrol,Individual,Manual
0.8108108108108141,409999,0.04236427198812433,Diesel,Individual,Manual
0.8918918918918948,1300000,0.01694545460707592,Diesel,Individual,Automatic
0.7027027027027017,210000,0.025418393734092055,Petrol,Individual,Manual
0.6486486486486527,300000,0.046600741551632394,Diesel,Individual,Manual
0.6756756756756772,450000,0.04744803546433401,Diesel,Individual,Manual
0.7567567567567579,170000,0.02965486329760012,Diesel,Individual,Manual
0.8378378378378386,650000,0.0593101502421566,Diesel,Individual,Manual
0.37837837837837895,125000,0.03982239025001949,Petrol,Individual,Automatic
0.7837837837837824,145000,0.02965486329760012,Petrol,Individual,Manual
0.9459459459459438,681000,0.011438044174515433,Diesel,Individual,Manual
0.8648648648648631,635000,0.07329049980173322,Diesel,Individual,Manual
0.7297297297297334,140000,0.033891332861108195,Petrol,Individual,Manual
0.8918918918918948,750000,0.03643321459921303,Diesel,Individual,Manual
0.8648648648648631,611000,0.033891332861108195,Diesel,Individual,Manual
0.6486486486486527,110000,0.05083721111514047,Petrol,Individual,Manual
0.621621621621621,100000,0.04236427198812433,Petrol,Individual,Automatic
0.8378378378378386,225000,0.05083721111514047,Diesel,Individual,Manual
0.7297297297297334,250000,0.08049249805969694,Diesel,Individual,Manual
0.7567567567567579,385000,0.05083721111514047,Diesel,Individual,Manual
0.7837837837837824,135000,0.02965486329760012,Petrol,Individual,Manual
0.621621621621621,65000,0.04236427198812433,Petrol,Individual,Manual
0.8918918918918948,260000,0.05083721111514047,Petrol,Individual,Manual
0.6486486486486527,150000,0.033891332861108195,Petrol,Individual,Manual
0.9189189189189193,430000,0.008472515480059785,Petrol,Individual,Manual
0.7027027027027017,200000,0.034314979817459,Petrol,Individual,Manual
0.7567567567567579,125000,0.03812780242461626,Petrol,Individual,Manual
0.4864864864864842,45000,0.025418393734092055,Petrol,Individual,Manual
0.6486486486486527,80000,0.033891332861108195,Petrol,Individual,Manual
0.8378378378378386,545000,0.014827219825321886,CNG,Individual,Manual
0.9729729729729755,1050000,0.008472515480059785,Diesel,Individual,Manual
0.8648648648648631,1100000,0.03262039199205577,Diesel,Individual,Automatic
0.8378378378378386,750000,0.021181924170583986,Diesel,Individual,Manual
0.8918918918918948,425000,0.005718810263779541,Petrol,Individual,Manual
0.8918918918918948,300000,0.016098160694374305,Petrol,Individual,Manual
0.9729729729729755,1200000,0.005930633741954944,Diesel,Individual,Manual
0.7027027027027017,240000,0.02965486329760012,Petrol,Individual,Manual
0.8918918918918948,450000,0.02330015895233802,Diesel,Individual,Manual
0.8108108108108141,500000,0.06778308936917274,Diesel,Individual,Manual
0.8108108108108141,295000,0.021181924170583986,Diesel,Individual,Manual
0.6756756756756772,100000,0.05083721111514047,Diesel,Individual,Manual
0.8108108108108141,700000,0.03239162263562634,Diesel,Individual,Manual
0.7567567567567579,180000,0.0529554458968945,Diesel,Individual,Manual
0.7837837837837824,225000,0.046600741551632394,Diesel,Individual,Manual
0.9189189189189193,310000,0.010590750261813818,Petrol,Individual,Manual
0.8648648648648631,625000,0.012708985043567853,Diesel,Individual,Manual
0.8108108108108141,275000,0.02965486329760012,LPG,Individual,Manual
0.8108108108108141,245000,0.046600741551632394,Petrol,Individual,Manual
0.7297297297297334,160000,0.084728967623205,Petrol,Individual,Manual
0.8378378378378386,250000,0.033891332861108195,Petrol,Individual,Manual
0.8378378378378386,450000,0.032196745035704966,Diesel,Individual,Manual
0.6486486486486527,85000,0.06354661980566467,Diesel,Individual,Manual
0.9459459459459438,1938000,0.014827219825321886,Diesel,Individual,Manual
0.8918918918918948,550000,0.01694545460707592,Petrol,Individual,Manual
0.8648648648648631,551000,0.046600741551632394,Diesel,Individual,Manual
0.9459459459459438,585000,0.006354280698305751,Petrol,Individual,Manual
0.8108108108108141,172000,0.05083721111514047,Petrol,Individual,Manual
0.7837837837837824,360000,0.04236427198812433,Diesel,Individual,Manual
0.9189189189189193,350000,0.010167103305463011,Diesel,Individual,Manual
0.7567567567567579,148000,0.01694545460707592,Petrol,Individual,Manual
0.8918918918918948,330000,0.020067732675381363,CNG,Individual,Manual
0.6486486486486527,110000,0.05083721111514047,Diesel,Individual,Manual
0.8648648648648631,450000,0.04236427198812433,Diesel,Individual,Manual
0.7027027027027017,260000,0.033891332861108195,Diesel,Individual,Manual
0.7567567567567579,200000,0.038551449380967065,Petrol,Individual,Manual
0.9729729729729755,430000,0.008472515480059785,CNG,Individual,Manual
0.8108108108108141,550000,0.033891332861108195,Diesel,Individual,Manual
0.8108108108108141,245000,0.033891332861108195,Diesel,Individual,Manual
0.8918918918918948,320000,0.033891332861108195,CNG,Individual,Manual
0.6756756756756772,120000,0.046600741551632394,CNG,Individual,Manual
0.8108108108108141,615000,0.05083721111514047,Diesel,Individual,Manual
0.8108108108108141,600000,0.03812780242461626,Diesel,Individual,Automatic
0.7297297297297334,300000,0.05083721111514047,Petrol,Individual,Manual
0.8918918918918948,400000,0.019155620778358078,Diesel,Dealer,Manual
0.9189189189189193,1000000,0.025418393734092055,Diesel,Individual,Automatic
0.7837837837837824,525000,0.02965486329760012,Petrol,Individual,Manual
0.8108108108108141,300000,0.05634462154770095,Diesel,Individual,Manual
0.7567567567567579,220000,0.04956627024608804,Diesel,Individual,Manual
0.8648648648648631,850000,0.07329049980173322,Diesel,Individual,Manual
0.7567567567567579,500000,0.014827219825321886,Petrol,Individual,Manual
0.5405405405405403,59000,0.02965486329760012,Petrol,Individual,Manual
0.7567567567567579,130000,0.025418393734092055,Petrol,Individual,Manual
0.8918918918918948,375000,0.05083721111514047,Petrol,Individual,Manual
0.7027027027027017,180000,0.06905403023822515,Diesel,Dealer,Manual
0.7567567567567579,220000,0.094176294749828,Diesel,Individual,Manual
0.8108108108108141,625000,0.04236427198812433,Diesel,Individual,Manual
0.8108108108108141,295000,0.05083721111514047,Diesel,Individual,Manual
0.7567567567567579,350000,0.06778308936917274,Diesel,Individual,Manual
0.7837837837837824,500000,0.1398030719488099,Petrol,Individual,Manual
0.9189189189189193,509999,0.008472515480059785,Petrol,Individual,Manual
1.0,370000,0.006777927654656558,CNG,Individual,Manual
0.8918918918918948,370000,0.012708985043567853,Petrol,Individual,Manual
0.7027027027027017,180000,0.021181924170583986,Petrol,Individual,Manual
0.7837837837837824,300000,0.08896543718671307,Diesel,Individual,Manual
0.8648648648648631,350000,0.008472515480059785,Petrol,Individual,Manual
0.9459459459459438,395000,0.008472515480059785,Petrol,Individual,Manual
0.8648648648648631,850000,0.04236427198812433,Diesel,Individual,Manual
0.8918918918918948,3500000,0.014827219825321886,Diesel,Individual,Automatic
0.7837837837837824,280000,0.05083721111514047,Diesel,Individual,Manual
0.9459459459459438,775000,0.021181924170583986,Diesel,Individual,Manual
0.7837837837837824,420000,0.04236427198812433,Diesel,Individual,Manual
0.7297297297297334,310000,0.038551449380967065,Petrol,Individual,Manual
0.9189189189189193,1550000,0.021181924170583986,Diesel,Individual,Manual
0.8648648648648631,375000,0.028383922428547703,Diesel,Individual,Manual
0.8648648648648631,500000,0.01694545460707592,Petrol,Individual,Manual
0.8108108108108141,300000,0.04236427198812433,Diesel,Individual,Manual
0.6756756756756772,155000,0.05083721111514047,Petrol,Individual,Manual
0.8108108108108141,350000,0.0783742632779429,Diesel,Individual,Manual
0.8918918918918948,950000,0.03177309807935416,Diesel,Individual,Automatic
0.8648648648648631,350000,0.033891332861108195,Diesel,Individual,Manual
0.9729729729729755,1900000,0.012708985043567853,Diesel,Individual,Automatic
1.0,537000,0.0021178111347976833,Petrol,Individual,Manual
0.9729729729729755,585000,0.004236045916551717,Petrol,Individual,Manual
0.5135135135135158,56000,0.025418393734092055,Petrol,Individual,Manual
0.7837837837837824,350000,0.0593101502421566,Diesel,Individual,Manual
0.9729729729729755,700000,0.008048868523708978,Petrol,Individual,Manual
0.9189189189189193,849000,0.01889423060628963,Diesel,Dealer,Manual
0.8378378378378386,574000,0.011895582887374304,Petrol,Dealer,Automatic
0.8378378378378386,484999,0.012200608695946885,Petrol,Dealer,Manual
0.9459459459459438,360000,0.009277444697126318,Petrol,Dealer,Manual
0.8378378378378386,575000,0.011904055826501319,Petrol,Dealer,Automatic
0.8378378378378386,550000,0.046600741551632394,Diesel,Individual,Manual
0.8918918918918948,700000,0.04236427198812433,Diesel,Individual,Manual
0.9729729729729755,825000,0.0032502194491233895,Diesel,Individual,Automatic
0.7027027027027017,150000,0.03177309807935416,Petrol,Individual,Manual
0.9459459459459438,851000,0.021181924170583986,Diesel,Individual,Automatic
0.8378378378378386,550000,0.01694545460707592,Petrol,Individual,Manual
0.8918918918918948,890000,0.01694545460707592,Diesel,Individual,Manual
0.7837837837837824,265000,0.04236427198812433,Petrol,Individual,Manual
0.8378378378378386,900000,0.046600741551632394,Diesel,Individual,Manual
0.8108108108108141,210000,0.04078491613484852,Diesel,Individual,Manual
0.8648648648648631,1650000,0.03134945112300335,Diesel,Individual,Automatic
0.7567567567567579,750000,0.07117226501997918,Diesel,Individual,Manual
0.9729729729729755,675000,0.0029651050474992966,Petrol,Individual,Manual
0.9189189189189193,715000,0.025418393734092055,Diesel,Individual,Manual
0.8108108108108141,227999,0.025418393734092055,Diesel,Individual,Manual
0.8648648648648631,400000,0.009531632870936802,Petrol,Individual,Manual
1.0,925000,0.0031345638300396194,Diesel,Individual,Automatic
0.7567567567567579,275000,0.02965486329760012,Petrol,Individual,Manual
0.7027027027027017,175000,0.028383922428547703,Petrol,Individual,Manual
0.7027027027027017,155000,0.046600741551632394,Diesel,Individual,Manual
0.7837837837837824,325000,0.07413779371443484,Diesel,Individual,Manual
0.6756756756756772,50000,0.05083721111514047,Diesel,Individual,Manual
0.8378378378378386,645000,0.06369913270995096,Diesel,Individual,Manual
0.9189189189189193,597000,0.006354280698305751,Diesel,Individual,Manual
0.9459459459459438,400000,0.012708985043567853,Petrol,Individual,Automatic
0.7027027027027017,300000,0.06354661980566467,Diesel,Individual,Manual
0.8648648648648631,573000,0.04236427198812433,Diesel,Individual,Manual
0.7567567567567579,180000,0.02965486329760012,Petrol,Individual,Manual
0.7567567567567579,70000,0.01694545460707592,Petrol,Individual,Manual
0.6756756756756772,500000,0.06524120763106789,Diesel,Individual,Manual
0.567567567567572,110000,0.046600741551632394,Petrol,Individual,Manual
0.8108108108108141,450000,0.05083721111514047,Diesel,Individual,Manual
0.8108108108108141,310000,0.06142838502391063,Diesel,Individual,Manual
0.9189189189189193,400000,0.012708985043567853,Diesel,Individual,Manual
0.8378378378378386,390000,0.03812780242461626,Diesel,Individual,Manual
0.8918918918918948,741000,0.02965486329760012,Diesel,Individual,Manual
0.7837837837837824,330000,0.01694545460707592,Diesel,Individual,Manual
0.7297297297297334,300000,0.07032497110727758,Diesel,Individual,Manual
0.7567567567567579,215000,0.04236427198812433,Petrol,Individual,Manual
0.7027027027027017,150000,0.03177309807935416,Petrol,Individual,Manual
0.8108108108108141,250000,0.017847822624103137,Petrol,Individual,Manual
0.7297297297297334,180000,0.022452865039636408,Petrol,Individual,Manual
0.621621621621621,150000,0.04490615372622917,Petrol,Individual,Manual
0.5945945945945965,275000,0.0406696841627211,Petrol,Individual,Manual
0.9729729729729755,556000,0.004236045916551717,Petrol,Individual,Manual
0.8918918918918948,550000,0.015674513738023498,Petrol,Individual,Manual
0.9459459459459438,1500000,0.008472515480059785,Diesel,Individual,Automatic
0.9189189189189193,549000,0.014827219825321886,Petrol,Individual,Manual
0.8918918918918948,630000,0.021181924170583986,Petrol,Individual,Manual
1.0,679000,0.0021178111347976833,Diesel,Individual,Manual
0.7567567567567579,320000,0.03600956764286223,Petrol,Individual,Manual
0.9189189189189193,1125000,0.019910983301531567,Diesel,Individual,Manual
0.9189189189189193,680000,0.03007851025395093,Diesel,Individual,Manual
0.9189189189189193,1050000,0.021181924170583986,Diesel,Individual,Manual
0.8648648648648631,450000,0.024147452865039633,Diesel,Individual,Manual
0.7297297297297334,210000,0.018216395476128338,Petrol,Individual,Manual
0.8378378378378386,470000,0.025418393734092055,Diesel,Individual,Manual
0.8378378378378386,470000,0.025418393734092055,Petrol,Individual,Manual
0.8648648648648631,550000,0.01694545460707592,Diesel,Individual,Manual
0.7567567567567579,204999,0.025418393734092055,Petrol,Individual,Manual
0.8648648648648631,950000,0.012708985043567853,Petrol,Individual,Automatic
0.8648648648648631,550000,0.06778308936917274,Diesel,Individual,Manual
0.6486486486486527,270000,0.06248750241478765,Diesel,Individual,Manual
0.8108108108108141,280000,0.03812780242461626,Diesel,Individual,Manual
0.8648648648648631,630000,0.02965486329760012,Diesel,Individual,Manual
0.6486486486486527,220000,0.02965486329760012,Petrol,Individual,Manual
0.8378378378378386,320000,0.05083721111514047,Diesel,Individual,Manual
0.8108108108108141,225000,0.03177309807935416,Petrol,Individual,Manual
0.7297297297297334,380000,0.03600956764286223,Petrol,Individual,Manual
0.7837837837837824,380000,0.02965486329760012,Diesel,Individual,Manual
0.9189189189189193,600000,0.012285338087217046,Diesel,Individual,Manual
0.8378378378378386,620000,0.01694545460707592,Diesel,Individual,Manual
0.7837837837837824,500000,0.03812780242461626,Diesel,Individual,Automatic
0.8648648648648631,700000,0.01694545460707592,Diesel,Individual,Automatic
0.8648648648648631,550000,0.058462856329454985,Diesel,Individual,Manual
0.8918918918918948,600000,0.02965486329760012,Diesel,Individual,Manual
0.9729729729729755,550000,0.012708985043567853,Petrol,Individual,Manual
0.8108108108108141,475000,0.0529554458968945,Diesel,Individual,Manual
0.8648648648648631,615000,0.05083721111514047,Diesel,Individual,Manual
0.8108108108108141,385000,0.07625602849618887,Diesel,Individual,Manual
0.8648648648648631,500000,0.008472515480059785,Petrol,Individual,Manual
0.7837837837837824,450000,0.033891332861108195,Diesel,Individual,Manual
0.8108108108108141,580000,0.033891332861108195,Diesel,Individual,Manual
0.9189189189189193,550000,0.01694545460707592,Diesel,Individual,Manual
0.9459459459459438,780000,0.012708985043567853,Petrol,Individual,Manual
0.8378378378378386,500000,0.033891332861108195,Diesel,Individual,Manual
0.7567567567567579,270000,0.0593101502421566,Diesel,Individual,Manual
0.9189189189189193,755000,0.008472515480059785,Diesel,Individual,Manual
0.8918918918918948,651000,0.017929586486678844,Diesel,Dealer,Manual
0.7567567567567579,1075000,0.01802363611098872,Diesel,Dealer,Automatic
0.8918918918918948,690000,0.013556278956269466,Diesel,Dealer,Manual
0.9189189189189193,589000,0.01746738765730011,Diesel,Dealer,Manual
0.8648648648648631,445000,0.01703018399834608,Diesel,Dealer,Manual
0.8108108108108141,475000,0.02033463025788237,Diesel,Dealer,Manual
0.8378378378378386,465000,0.01153675391534517,Diesel,Dealer,Manual
0.5945945945945965,310000,0.084728967623205,Diesel,Individual,Manual
0.8918918918918948,445000,0.026689334603144474,Diesel,Dealer,Manual
0.8648648648648631,445000,0.026265687646793667,Diesel,Dealer,Manual
0.7837837837837824,450000,0.0289092446544227,Diesel,Dealer,Manual
0.6756756756756772,450000,0.03304403894840658,Diesel,Dealer,Manual
0.9189189189189193,525000,0.016098160694374305,Diesel,Dealer,Manual
0.7297297297297334,200000,0.014827219825321886,Petrol,Dealer,Manual
0.9459459459459438,611000,0.0038123989602009104,Petrol,Dealer,Manual
0.8918918918918948,819999,0.016521807650725112,Diesel,Dealer,Manual
0.8918918918918948,825000,0.016521807650725112,Diesel,Dealer,Manual
0.8648648648648631,599000,0.03925089050590225,Diesel,Dealer,Manual
0.9459459459459438,490000,0.011861691130866239,Petrol,Dealer,Manual
0.9189189189189193,340000,0.012708985043567853,Petrol,Individual,Manual
0.7027027027027017,1000000,0.033891332861108195,Petrol,Individual,Automatic
0.9459459459459438,1237000,0.01948733634518076,Diesel,Individual,Manual
0.8108108108108141,350000,0.02965486329760012,Diesel,Individual,Manual
0.45945945945945965,31000,0.023805993418220883,Petrol,Individual,Manual
0.9459459459459438,695000,0.01694545460707592,Petrol,Individual,Manual
0.8648648648648631,270000,0.01694545460707592,Petrol,Individual,Manual
0.8918918918918948,790000,0.05083721111514047,Diesel,Individual,Manual
0.8918918918918948,590000,0.05083721111514047,Diesel,Individual,Manual
0.9189189189189193,635000,0.05083721111514047,Petrol,Individual,Automatic
0.8648648648648631,540000,0.046600741551632394,Diesel,Individual,Manual
0.7837837837837824,265000,0.028383922428547703,Diesel,Individual,Manual
0.8378378378378386,600000,0.021181924170583986,Diesel,Individual,Manual
0.7837837837837824,409999,0.04236427198812433,Diesel,Individual,Manual
0.8648648648648631,525000,0.033891332861108195,Diesel,Individual,Manual
0.7567567567567579,150000,0.021181924170583986,Diesel,Individual,Manual
0.6486486486486527,55000,0.02965486329760012,Petrol,Individual,Manual
0.7567567567567579,130000,0.02965486329760012,Petrol,Individual,Manual
0.9189189189189193,925000,0.021181924170583986,Diesel,Individual,Manual
0.9189189189189193,690000,0.02753662851584609,Diesel,Individual,Manual
0.7837837837837824,560000,0.084728967623205,Diesel,Individual,Manual
0.9459459459459438,950000,0.0031769285256747003,Diesel,Individual,Manual
0.9189189189189193,695000,0.02753662851584609,Diesel,Individual,Manual
0.8108108108108141,450000,0.014827219825321886,Petrol,Individual,Manual
0.8108108108108141,2000000,0.025418393734092055,Diesel,Individual,Automatic
0.7027027027027017,229999,0.03007851025395093,Petrol,Individual,Manual
0.9189189189189193,300000,0.012708985043567853,Petrol,Individual,Manual
0.7837837837837824,200000,0.021181924170583986,Petrol,Individual,Manual
0.6756756756756772,725000,0.033891332861108195,Diesel,Individual,Automatic
0.7567567567567579,235000,0.03812780242461626,Petrol,Individual,Manual
0.9189189189189193,666000,0.0055069867856041375,Petrol,Individual,Manual
0.45945945945945965,65000,0.04236427198812433,Petrol,Individual,Manual
0.567567567567572,85000,0.033891332861108195,Petrol,Individual,Manual
0.9459459459459438,834000,0.012708985043567853,Diesel,Individual,Manual
0.7837837837837824,430000,0.05083721111514047,Diesel,Individual,Manual
0.7297297297297334,360000,0.05083721111514047,Diesel,Individual,Manual
0.8378378378378386,240000,0.02965486329760012,Petrol,Individual,Manual
0.8918918918918948,210000,0.08896543718671307,Diesel,Individual,Manual
0.7297297297297334,135000,0.06269932589296305,Diesel,Individual,Manual
0.9189189189189193,700000,0.022956157623781163,Diesel,Individual,Manual
0.9189189189189193,750000,0.025418393734092055,Diesel,Individual,Manual
0.7837837837837824,425000,0.03812780242461626,Diesel,Individual,Manual
0.7567567567567579,150000,0.04236427198812433,Petrol,Individual,Manual
0.8378378378378386,225000,0.014827219825321886,Petrol,Individual,Manual
0.9189189189189193,330000,0.008472515480059785,Petrol,Individual,Manual
0.6486486486486527,54000,0.06100473806755983,LPG,Individual,Manual
0.8378378378378386,374000,0.0228947288151103,Petrol,Dealer,Automatic
0.7837837837837824,549000,0.028238611522519375,Diesel,Dealer,Automatic
0.8918918918918948,390000,0.01779274851977753,Diesel,Individual,Manual
0.8108108108108141,455999,0.015073782353918055,Petrol,Dealer,Manual
0.8108108108108141,453000,0.023015044550713928,Petrol,Dealer,Automatic
0.8918918918918948,579000,0.003367146009076212,Petrol,Dealer,Manual
0.7297297297297334,258000,0.02530570364370274,Petrol,Dealer,Automatic
0.7837837837837824,428000,0.02083665190115808,Petrol,Dealer,Manual
0.7567567567567579,262000,0.02388860457470929,Petrol,Dealer,Manual
0.8108108108108141,389000,0.02467489332569639,Petrol,Dealer,Manual
0.8648648648648631,346000,0.015429645797252733,Petrol,Dealer,Manual
0.7567567567567579,339000,0.018019399641425213,Petrol,Dealer,Manual
0.7567567567567579,272000,0.017257258766950112,Petrol,Dealer,Automatic
0.7837837837837824,369000,0.023828023059951124,Petrol,Dealer,Manual
0.7567567567567579,277000,0.023470888675747394,Petrol,Dealer,Manual
0.9459459459459438,535000,0.012708985043567853,Petrol,Individual,Manual
0.8648648648648631,265000,0.028383922428547703,Petrol,Individual,Manual
0.8108108108108141,400000,0.02965486329760012,Petrol,Individual,Manual
0.8378378378378386,459999,0.03812780242461626,Diesel,Individual,Manual
0.9729729729729755,667000,0.0031769285256747003,Petrol,Individual,Manual
0.7567567567567579,300000,0.033891332861108195,Diesel,Individual,Manual
0.7837837837837824,229999,0.07879791023429371,Diesel,Individual,Manual
0.8918918918918948,200000,0.046600741551632394,Diesel,Individual,Manual
0.5945945945945965,150000,0.05083721111514047,Diesel,Individual,Manual
0.7837837837837824,280000,0.044634172380251955,Diesel,Individual,Manual
0.8378378378378386,590000,0.02965486329760012,Petrol,Individual,Manual
0.7297297297297334,142000,0.020843006605503343,Petrol,Individual,Manual
0.8378378378378386,600000,0.01694545460707592,Diesel,Individual,Manual
0.9189189189189193,700000,0.01694545460707592,Diesel,Individual,Manual
0.8108108108108141,200000,0.02965486329760012,Petrol,Individual,Manual
0.8918918918918948,900000,0.046600741551632394,Diesel,Individual,Manual
0.8378378378378386,220000,0.04236427198812433,Petrol,Individual,Manual
0.9459459459459438,650000,0.004236045916551717,Petrol,Individual,Automatic
0.9189189189189193,3100000,0.02965486329760012,Diesel,Individual,Automatic
0.8918918918918948,1500000,0.04261846016193481,Diesel,Individual,Manual
0.7837837837837824,1800000,0.021181924170583986,Diesel,Individual,Automatic
0.9189189189189193,2100000,0.02033463025788237,Diesel,Individual,Automatic
0.7297297297297334,250000,0.046600741551632394,Diesel,Individual,Manual
0.7837837837837824,550000,0.03643321459921303,Diesel,Individual,Manual
0.7027027027027017,125000,0.0597337971985074,Petrol,Individual,Manual
0.7567567567567579,450000,0.033891332861108195,Petrol,Individual,Manual
0.8648648648648631,850000,0.0593101502421566,Diesel,Individual,Manual
0.8378378378378386,459999,0.02753662851584609,Diesel,Individual,Manual
0.8378378378378386,434999,0.046600741551632394,Diesel,Individual,Manual
0.6756756756756772,120000,0.04236427198812433,Diesel,Individual,Manual
0.8648648648648631,600000,0.033891332861108195,Diesel,Individual,Manual
0.6756756756756772,135000,0.03812780242461626,Petrol,Individual,Manual
0.8918918918918948,550000,0.018640042432479145,Petrol,Individual,Manual
0.8378378378378386,385000,0.010590750261813818,Petrol,Individual,Manual
0.8918918918918948,800000,0.010590750261813818,Petrol,Individual,Manual
0.8918918918918948,780000,0.014827219825321886,Diesel,Individual,Manual
0.6756756756756772,100000,0.08261073284145097,Petrol,Individual,Manual
0.9189189189189193,650000,0.025418393734092055,Diesel,Individual,Manual
0.567567567567572,50000,0.021181924170583986,Petrol,Individual,Manual
0.7837837837837824,425000,0.04236427198812433,Diesel,Individual,Manual
0.8648648648648631,500000,0.02965486329760012,Diesel,Individual,Manual
0.8918918918918948,459999,0.011438044174515433,Petrol,Individual,Manual
1.0,578000,0.0021178111347976833,Petrol,Individual,Manual
0.7837837837837824,550000,0.046600741551632394,Diesel,Individual,Manual
0.8108108108108141,465000,0.033891332861108195,Petrol,Individual,Manual
0.9459459459459438,890000,0.033891332861108195,Diesel,Individual,Manual
0.8378378378378386,250000,0.046600741551632394,Diesel,Individual,Manual
0.9459459459459438,420000,0.014827219825321886,Petrol,Individual,Automatic
0.9189189189189193,550000,0.008472515480059785,Petrol,Individual,Manual
0.9459459459459438,270000,0.008472515480059785,Petrol,Individual,Manual
0.9459459459459438,700000,0.0033040226125799423,Petrol,Individual,Automatic
0.9189189189189193,500000,0.008472515480059785,Petrol,Individual,Manual
0.9729729729729755,1250000,0.006354280698305751,Diesel,Individual,Manual
0.8108108108108141,320000,0.013292346902462913,Petrol,Individual,Manual
0.8648648648648631,290000,0.025418393734092055,Petrol,Individual,Manual
0.7837837837837824,550000,0.04236427198812433,Petrol,Individual,Automatic
0.7837837837837824,265000,0.025418393734092055,Petrol,Individual,Manual
0.9459459459459438,830000,0.0021178111347976833,Petrol,Individual,Automatic
0.7567567567567579,160000,0.010590750261813818,Petrol,Individual,Manual
0.9459459459459438,335000,0.012708985043567853,Petrol,Individual,Manual
0.9189189189189193,329000,0.033891332861108195,Petrol,Individual,Manual
0.9189189189189193,775000,0.03177309807935416,Diesel,Individual,Manual
1.0,524000,0.013556278956269466,Petrol,Individual,Manual
0.8648648648648631,245000,0.01694545460707592,Petrol,Individual,Manual
0.7837837837837824,275000,0.03939874329366868,Petrol,Individual,Manual
0.8648648648648631,610000,0.021181924170583986,Diesel,Individual,Manual
0.8648648648648631,615000,0.025418393734092055,Diesel,Individual,Manual
0.8378378378378386,684000,0.025418393734092055,Diesel,Individual,Manual
0.8378378378378386,680000,0.02711298155949528,Diesel,Individual,Manual
0.8378378378378386,500000,0.05083721111514047,Diesel,Individual,Manual
0.8378378378378386,520000,0.05083721111514047,Diesel,Individual,Manual
0.7837837837837824,390000,0.0593101502421566,Diesel,Individual,Manual
0.7837837837837824,434999,0.057191915460402566,Diesel,Individual,Manual
0.7297297297297334,350000,0.07032497110727758,Diesel,Individual,Manual
0.9459459459459438,675000,0.025418393734092055,Diesel,Individual,Manual
0.7567567567567579,1350000,0.0345268032956344,Diesel,Individual,Automatic
0.7567567567567579,1350000,0.033891332861108195,Diesel,Individual,Automatic
0.9729729729729755,675000,0.0021178111347976833,Petrol,Individual,Manual
0.8918918918918948,725000,0.012708985043567853,Diesel,Individual,Manual
0.9729729729729755,1200000,0.006354280698305751,Diesel,Individual,Manual
0.9459459459459438,650000,0.01694545460707592,Diesel,Dealer,Manual
0.9729729729729755,1090000,0.006989751132831961,Petrol,Dealer,Manual
0.9189189189189193,1100000,0.028383922428547703,Diesel,Individual,Automatic
0.9189189189189193,720000,0.025418393734092055,Diesel,Individual,Manual
0.9459459459459438,610000,0.0220292180832856,Petrol,Dealer,Manual
0.9189189189189193,600000,0.012285338087217046,Diesel,Individual,Manual
0.8918918918918948,535000,0.021181924170583986,Diesel,Individual,Manual
0.7027027027027017,142000,0.046600741551632394,Petrol,Individual,Manual
0.9189189189189193,515000,0.009743456349112205,Petrol,Individual,Manual
0.8918918918918948,335000,0.01694545460707592,Petrol,Dealer,Manual
0.9189189189189193,957000,0.025418393734092055,Diesel,Individual,Manual
0.9189189189189193,605000,0.053802739809596115,Diesel,Individual,Manual
0.8108108108108141,316000,0.0593101502421566,Diesel,Individual,Manual
0.9729729729729755,675000,0.0021178111347976833,Petrol,Individual,Manual
0.8648648648648631,520000,0.02965486329760012,Diesel,Individual,Manual
0.7567567567567579,265000,0.025418393734092055,Diesel,Individual,Manual
0.8918918918918948,395000,0.01694545460707592,Petrol,Individual,Manual
0.8918918918918948,385000,0.01694545460707592,Petrol,Individual,Manual
0.7027027027027017,142000,0.02965486329760012,Petrol,Individual,Manual
0.7027027027027017,160000,0.014827219825321886,Petrol,Individual,Manual
0.7837837837837824,180000,0.021181924170583986,Diesel,Individual,Manual
0.8108108108108141,480000,0.017988473413611605,Petrol,Dealer,Manual
0.8648648648648631,470000,0.023182808745428846,Diesel,Dealer,Manual
0.9459459459459438,480000,0.008631383088691337,Petrol,Dealer,Manual
0.8108108108108141,450000,0.01863072219943943,Diesel,Dealer,Manual
0.9189189189189193,520000,0.01221416539855011,Diesel,Dealer,Manual
0.9729729729729755,700000,0.0013455027333701625,Petrol,Dealer,Manual
0.8648648648648631,400000,0.016697197490654347,Petrol,Dealer,Manual
0.7837837837837824,200000,0.012742029506163216,Petrol,Dealer,Manual
0.7837837837837824,250000,0.01888914684281342,Petrol,Dealer,Manual
0.8648648648648631,400000,0.021142525003643362,Petrol,Dealer,Manual
0.8108108108108141,371000,0.028418661478968467,Petrol,Dealer,Manual
0.8918918918918948,450000,0.01694545460707592,Petrol,Individual,Manual
0.8918918918918948,570000,0.04782042113896637,Diesel,Dealer,Manual
0.8108108108108141,300000,0.033891332861108195,Petrol,Individual,Manual
0.9189189189189193,620000,0.010590750261813818,Petrol,Individual,Manual
0.9459459459459438,949000,0.004320775307821878,Petrol,Individual,Manual
0.9459459459459438,750000,0.025418393734092055,Diesel,Individual,Manual
0.9189189189189193,350000,0.008472515480059785,Petrol,Individual,Manual
0.9189189189189193,1250000,0.025418393734092055,Diesel,Individual,Manual
0.8108108108108141,235000,0.01694545460707592,Petrol,Individual,Manual
0.7837837837837824,220000,0.047024388507983204,Petrol,Individual,Manual
0.8378378378378386,380000,0.02965486329760012,Diesel,Individual,Manual
0.7297297297297334,160000,0.04236427198812433,Petrol,Individual,Manual
0.7297297297297334,160000,0.04236427198812433,Petrol,Individual,Manual
0.9189189189189193,339000,0.010590750261813818,Petrol,Individual,Manual
0.7567567567567579,229999,0.04236427198812433,Petrol,Individual,Manual
0.8918918918918948,400000,0.014827219825321886,Diesel,Individual,Manual
0.9459459459459438,470000,0.010590750261813818,Diesel,Individual,Manual
0.9729729729729755,575000,0.008472515480059785,Petrol,Individual,Manual
0.9729729729729755,325000,0.000550317396299698,Petrol,Individual,Manual
0.37837837837837895,50000,0.05083721111514047,Petrol,Individual,Manual
0.8378378378378386,350000,0.006354280698305751,Petrol,Individual,Manual
0.9189189189189193,2711000,0.0038123989602009104,Diesel,Dealer,Automatic
0.9189189189189193,3200000,0.019063689388829953,Diesel,Dealer,Automatic
0.8648648648648631,503000,0.046600741551632394,Diesel,Individual,Manual
0.8918918918918948,2000000,0.02884527396401373,Petrol,Trustmark Dealer,Automatic
0.8108108108108141,225000,0.02471641072741877,Petrol,Trustmark Dealer,Manual
0.9459459459459438,740000,0.016444280257712916,Diesel,Dealer,Manual
0.8918918918918948,550000,0.023933087505126127,Petrol,Trustmark Dealer,Manual
0.8108108108108141,750000,0.03360664210644045,Diesel,Trustmark Dealer,Manual
0.9729729729729755,650000,0.002380895894691534,Petrol,Trustmark Dealer,Automatic
0.9189189189189193,625000,0.010818672324330553,Petrol,Trustmark Dealer,Manual
0.9459459459459438,600000,0.029561237320246594,Petrol,Dealer,Automatic
0.9189189189189193,450000,0.02384666352603056,Diesel,Dealer,Manual
0.9729729729729755,5400000,0.0031769285256747003,Diesel,Dealer,Automatic
0.9729729729729755,5500000,0.0036005754820255067,Diesel,Dealer,Automatic
0.9729729729729755,779000,0.0029786617501025227,Petrol,Trustmark Dealer,Automatic
0.8918918918918948,645000,0.004659692872902524,Petrol,Dealer,Automatic
0.9459459459459438,2475000,0.0008468702657452627,Diesel,Dealer,Automatic
0.8918918918918948,300000,0.010590750261813818,Petrol,Individual,Manual
0.8378378378378386,540000,0.06354661980566467,Diesel,Individual,Manual
0.9459459459459438,580000,0.004236045916551717,Petrol,Individual,Manual
0.8648648648648631,1000000,0.02965486329760012,Diesel,Individual,Manual
0.9189189189189193,459999,0.033891332861108195,Diesel,Individual,Manual
0.8648648648648631,635000,0.021181924170583986,Diesel,Individual,Manual
0.8378378378378386,650000,0.03516227373016061,Diesel,Individual,Manual
0.8108108108108141,525000,0.04914262328973724,Diesel,Individual,Manual
0.8648648648648631,350000,0.025418393734092055,Petrol,Individual,Manual
0.6756756756756772,320000,0.07447755857342818,Diesel,Individual,Manual
0.621621621621621,450000,0.08133979197239855,Diesel,Individual,Manual
0.7567567567567579,227000,0.031281667609987227,Petrol,Individual,Manual
0.7567567567567579,325000,0.06863038328187435,Diesel,Individual,Manual
0.9459459459459438,275000,0.008472515480059785,Petrol,Individual,Automatic
0.8108108108108141,300000,0.03177309807935416,Petrol,Individual,Manual
0.7567567567567579,400000,0.13556660238530183,Diesel,Individual,Manual
0.8918918918918948,550000,0.008472515480059785,Petrol,Individual,Manual
0.9189189189189193,900000,0.01694545460707592,Diesel,Individual,Automatic
0.7297297297297334,165000,0.008472515480059785,Petrol,Individual,Manual
0.8378378378378386,210000,0.02965486329760012,Petrol,Individual,Manual
0.8918918918918948,650000,0.012708985043567853,Diesel,Individual,Manual
0.8918918918918948,260000,0.033891332861108195,Petrol,Individual,Manual
0.8108108108108141,450000,0.028383922428547703,Petrol,Individual,Manual
0.6756756756756772,130000,0.05083721111514047,Petrol,Individual,Manual
0.9729729729729755,890000,0.0038123989602009104,Diesel,Individual,Manual
0.7297297297297334,225000,0.033891332861108195,Petrol,Individual,Manual
0.9459459459459438,3200000,0.025418393734092055,Diesel,Individual,Automatic
0.7297297297297334,210000,0.05083721111514047,Diesel,Individual,Manual
0.8378378378378386,3500000,0.025418393734092055,Diesel,Individual,Automatic
0.8378378378378386,750000,0.033891332861108195,Diesel,Individual,Manual
0.9729729729729755,2000000,0.010530168747055653,Petrol,Dealer,Automatic
0.9189189189189193,270000,0.011201649172871682,Petrol,Individual,Manual
0.9189189189189193,700000,0.014827219825321886,Petrol,Individual,Manual
0.7297297297297334,130000,0.011861691130866239,Petrol,Individual,Manual
0.8648648648648631,650000,0.033891332861108195,Diesel,Individual,Manual
0.5945945945945965,55000,0.016521807650725112,Petrol,Individual,Manual
0.9189189189189193,475000,0.008472515480059785,Petrol,Individual,Automatic
0.8108108108108141,325000,0.021181924170583986,Diesel,Individual,Manual
0.9189189189189193,615000,0.01694545460707592,Petrol,Individual,Automatic
0.8648648648648631,390000,0.006354280698305751,Petrol,Individual,Manual
0.9729729729729755,650000,0.006354280698305751,Petrol,Individual,Automatic
0.8648648648648631,440000,0.012708985043567853,Petrol,Individual,Manual
0.8108108108108141,499000,0.033891332861108195,Diesel,Individual,Manual
0.7837837837837824,525000,0.05083721111514047,Diesel,Individual,Manual
0.8648648648648631,580000,0.03812780242461626,Diesel,Individual,Manual
0.8918918918918948,420000,0.046600741551632394,Diesel,Individual,Manual
0.8918918918918948,800000,0.033891332861108195,Diesel,Individual,Manual
1.0,600000,0.0021178111347976833,Petrol,Individual,Manual
0.9189189189189193,400000,0.021181924170583986,Petrol,Individual,Manual
0.9189189189189193,700000,0.02753662851584609,Diesel,Individual,Manual
0.9189189189189193,800000,0.014827219825321886,Diesel,Individual,Manual
0.8648648648648631,600000,0.03812780242461626,Diesel,Individual,Manual
0.8918918918918948,580000,0.04236427198812433,Diesel,Individual,Manual
0.8918918918918948,350000,0.006354280698305751,Petrol,Individual,Manual
0.7567567567567579,204999,0.06227567893661225,Diesel,Individual,Manual
0.9189189189189193,1350000,0.008472515480059785,Diesel,Individual,Manual
0.7027027027027017,310000,0.05083721111514047,Diesel,Individual,Manual
0.7567567567567579,700000,0.10591131544074535,Diesel,Individual,Manual
0.8918918918918948,459999,0.029231216341249314,Diesel,Individual,Manual
0.7837837837837824,275000,0.04109333111907191,LPG,Individual,Manual
0.8918918918918948,390000,0.006354280698305751,Petrol,Individual,Manual
0.9459459459459438,1525000,0.021181924170583986,Diesel,Individual,Manual
0.5945945945945965,110000,0.021520841735664632,Petrol,Dealer,Manual
0.9189189189189193,484999,0.004236045916551717,Petrol,Dealer,Manual
0.9459459459459438,5830000,0.012708985043567853,Diesel,Individual,Automatic
0.7837837837837824,185000,0.025418393734092055,Petrol,Individual,Manual
0.9459459459459438,665000,0.017005612474877734,Diesel,Dealer,Manual
0.9729729729729755,721000,0.003981857742741233,Petrol,Dealer,Manual
0.8918918918918948,390000,0.026265687646793667,Diesel,Dealer,Manual
0.7567567567567579,190000,0.03812780242461626,Diesel,Dealer,Manual
0.9729729729729755,975000,0.005330749651762202,Diesel,Dealer,Manual
0.8918918918918948,275000,0.02075827721423318,Petrol,Dealer,Manual
0.8918918918918948,315000,0.013556278956269466,Petrol,Dealer,Manual
0.9729729729729755,685000,0.0018212582653521184,Petrol,Dealer,Manual
0.9729729729729755,595000,0.006162792274035186,Petrol,Dealer,Manual
0.9459459459459438,900000,0.018967097882781968,Diesel,Dealer,Manual
0.9459459459459438,950000,0.020546453736057776,Diesel,Dealer,Manual
0.8918918918918948,275000,0.016098160694374305,Petrol,Dealer,Manual
0.9189189189189193,570000,0.01219298305073257,Petrol,Dealer,Manual
0.9459459459459438,700000,0.012052755908180453,Petrol,Dealer,Manual
0.9459459459459438,910000,0.015462690259848097,Diesel,Dealer,Manual
0.9459459459459438,751000,0.01901496998884961,Diesel,Dealer,Manual
0.7027027027027017,135000,0.046600741551632394,Diesel,Individual,Manual
0.9189189189189193,825000,0.033467685904757384,Diesel,Dealer,Manual
0.8648648648648631,1650000,0.038551449380967065,Diesel,Dealer,Automatic
0.9459459459459438,875000,0.021181924170583986,Diesel,Dealer,Manual
0.8918918918918948,650000,0.034314979817459,Diesel,Dealer,Manual
0.9729729729729755,1450000,0.009319809392761398,Petrol,Dealer,Automatic
0.9189189189189193,975000,0.017369101563426727,Diesel,Dealer,Manual
0.9729729729729755,925000,0.021181924170583986,Diesel,Dealer,Manual
0.8918918918918948,725000,0.027960275472196896,Diesel,Dealer,Manual
0.8108108108108141,550000,0.02753662851584609,Diesel,Dealer,Manual
0.8378378378378386,550000,0.032196745035704966,Diesel,Dealer,Manual
0.8108108108108141,750000,0.040246037206370294,Diesel,Dealer,Manual
0.8108108108108141,475000,0.02330015895233802,Petrol,Dealer,Manual
0.9189189189189193,325000,0.02753662851584609,Petrol,Dealer,Manual
0.9189189189189193,725000,0.032196745035704966,Diesel,Dealer,Manual
0.9459459459459438,775000,0.019910983301531567,Petrol,Dealer,Manual
0.9189189189189193,625000,0.02965486329760012,Diesel,Dealer,Manual
0.7027027027027017,195000,0.023723805908688826,Petrol,Dealer,Manual
0.8378378378378386,470000,0.03770415546826546,Diesel,Dealer,Manual
0.8918918918918948,1650000,0.03812780242461626,Diesel,Dealer,Manual
0.9459459459459438,1050000,0.02965486329760012,Diesel,Individual,Manual
0.8108108108108141,380000,0.024147452865039633,Diesel,Individual,Manual
0.9189189189189193,650000,0.02965486329760012,Diesel,Individual,Manual
0.8918918918918948,275000,0.020843006605503343,Petrol,Individual,Manual
0.7027027027027017,220000,0.0529554458968945,Petrol,Individual,Manual
0.6756756756756772,200000,0.025418393734092055,Petrol,Individual,Manual
0.8648648648648631,315000,0.05083721111514047,Petrol,Individual,Manual
0.567567567567572,90000,0.046600741551632394,Petrol,Individual,Manual
0.6486486486486527,120000,0.02965486329760012,Petrol,Individual,Manual
0.621621621621621,90000,0.07117226501997918,Petrol,Individual,Manual
0.9459459459459438,1500000,0.012708985043567853,Diesel,Individual,Manual
0.8648648648648631,370000,0.025418393734092055,Diesel,Individual,Manual
0.8918918918918948,595000,0.05554435244715428,Diesel,Individual,Manual
0.6486486486486527,150000,0.05083721111514047,Diesel,Individual,Manual
0.7837837837837824,400000,0.024740558603930762,Diesel,Individual,Manual
0.8918918918918948,310000,0.009912915131652527,Petrol,Individual,Manual
0.5945945945945965,105000,0.06698112568080065,Petrol,Individual,Manual
0.8378378378378386,750000,0.03812780242461626,Diesel,Individual,Manual
0.9729729729729755,521000,0.0012747536916595777,Petrol,Individual,Automatic
0.7297297297297334,180000,0.033891332861108195,Diesel,Individual,Manual
0.7567567567567579,220000,0.0656648545874187,Diesel,Individual,Manual
0.4054054054054035,40000,0.02965486329760012,Petrol,Individual,Manual
0.9459459459459438,540000,0.0016941641784468764,Petrol,Individual,Manual
0.6486486486486527,140000,0.014827219825321886,Petrol,Individual,Manual
0.5405405405405403,200000,0.05126085807149127,Petrol,Individual,Manual
0.8648648648648631,650000,0.046600741551632394,Diesel,Individual,Manual
0.7297297297297334,229999,0.0720195589326808,Diesel,Individual,Manual
0.7297297297297334,305000,0.07413779371443484,Diesel,Individual,Manual
0.9459459459459438,1400000,0.012708985043567853,Diesel,Individual,Manual
0.7297297297297334,465000,0.03265767292421464,Diesel,Individual,Manual
0.7567567567567579,210000,0.046600741551632394,Diesel,Individual,Manual
0.8918918918918948,570000,0.05783204601144863,Diesel,Individual,Manual
0.8648648648648631,650000,0.025418393734092055,Petrol,Individual,Manual
0.8918918918918948,620000,0.015250866781672694,Petrol,Individual,Manual
0.7837837837837824,250000,0.02753662851584609,Petrol,Individual,Manual
0.7567567567567579,1000000,0.021181924170583986,Diesel,Individual,Automatic
0.7837837837837824,300000,0.025418393734092055,LPG,Individual,Manual
0.8108108108108141,300000,0.03495045025198521,Diesel,Individual,Manual
0.9459459459459438,810000,0.012708985043567853,Diesel,Individual,Manual
0.7567567567567579,270000,0.04236427198812433,Diesel,Individual,Manual
0.8648648648648631,470000,0.02965486329760012,Diesel,Individual,Manual
0.9189189189189193,400000,0.03600956764286223,Diesel,Individual,Manual
0.8378378378378386,300000,0.025418393734092055,Petrol,Individual,Manual
0.8648648648648631,170000,0.008472515480059785,Petrol,Individual,Manual
0.8378378378378386,455999,0.033891332861108195,Diesel,Individual,Manual
0.5135135135135158,35000,0.03177309807935416,Petrol,Individual,Manual
0.5945945945945965,85000,0.04236427198812433,Petrol,Individual,Manual
0.8918918918918948,650000,0.033891332861108195,Diesel,Individual,Manual
0.9189189189189193,350000,0.014827219825321886,Petrol,Individual,Manual
0.8108108108108141,125000,0.058886503285805795,Diesel,Individual,Manual
0.5945945945945965,80000,0.03812780242461626,Petrol,Individual,Automatic
0.7027027027027017,120000,0.05083721111514047,Petrol,Individual,Manual
0.6756756756756772,250000,0.04236427198812433,Petrol,Individual,Manual
0.7567567567567579,225000,0.03812780242461626,Diesel,Individual,Manual
0.6486486486486527,215000,0.04448250676987836,Diesel,Individual,Manual
0.9189189189189193,450000,0.01694545460707592,Diesel,Individual,Manual
0.9189189189189193,509999,0.03812780242461626,Petrol,Individual,Manual
0.8648648648648631,245000,0.015551656120681765,Petrol,Individual,Manual
0.8918918918918948,620000,0.011937947583009385,Diesel,Dealer,Manual
0.9189189189189193,650000,0.018640042432479145,Diesel,Dealer,Manual
0.9729729729729755,1700000,0.006354280698305751,Diesel,Individual,Manual
0.9729729729729755,590000,0.0016941641784468764,Petrol,Individual,Manual
0.8378378378378386,370000,0.012708985043567853,Diesel,Individual,Manual
0.8108108108108141,350000,0.006354280698305751,Petrol,Individual,Manual
0.9189189189189193,580000,0.008472515480059785,Petrol,Individual,Manual
0.9459459459459438,450000,0.023723805908688826,Petrol,Individual,Manual
0.9189189189189193,600000,0.008048868523708978,Petrol,Individual,Manual
0.8918918918918948,2400000,0.012708985043567853,Diesel,Individual,Automatic
0.9189189189189193,450000,0.02965486329760012,Petrol,Individual,Manual
0.7027027027027017,150000,0.012708985043567853,Diesel,Individual,Manual
0.9729729729729755,400000,0.006354280698305751,Petrol,Individual,Manual
0.8108108108108141,185000,0.03600956764286223,Petrol,Individual,Manual
0.9459459459459438,625000,0.021181924170583986,Petrol,Individual,Automatic
0.9729729729729755,700000,0.008472515480059785,Petrol,Individual,Manual
0.9189189189189193,390000,0.010590750261813818,Petrol,Individual,Manual
0.9459459459459438,625000,0.010590750261813818,Petrol,Individual,Manual
0.8378378378378386,400000,0.021181924170583986,Petrol,Individual,Manual
0.7567567567567579,380000,0.06354661980566467,Diesel,Individual,Manual
0.7027027027027017,400000,0.03812780242461626,Petrol,Individual,Automatic
0.9729729729729755,620000,0.04236427198812433,Petrol,Individual,Manual
0.6756756756756772,190000,0.07625602849618887,Diesel,Individual,Manual
0.8108108108108141,210000,0.021181924170583986,Petrol,Individual,Manual
0.7837837837837824,270000,0.033891332861108195,Diesel,Individual,Manual
0.4324324324324351,45000,0.04236427198812433,Petrol,Individual,Manual
0.8378378378378386,220000,0.03939874329366868,Petrol,Individual,Manual
0.8378378378378386,550000,0.004871516351077927,Diesel,Individual,Manual
0.8108108108108141,370000,0.05083721111514047,Petrol,Individual,Manual
0.621621621621621,95000,0.04236427198812433,Petrol,Individual,Automatic
0.8648648648648631,650000,0.021181924170583986,Diesel,Individual,Manual
0.7837837837837824,550000,0.05083721111514047,Petrol,Individual,Manual
0.7297297297297334,225000,0.04236427198812433,Diesel,Individual,Manual
0.567567567567572,40000,0.024147452865039633,Petrol,Individual,Manual
0.8918918918918948,280000,0.025418393734092055,Petrol,Individual,Manual
0.9189189189189193,570000,0.018672663248118157,Petrol,Dealer,Automatic
0.9189189189189193,290000,0.03812780242461626,Petrol,Individual,Manual
0.9459459459459438,720000,0.021181924170583986,Diesel,Individual,Manual
0.9189189189189193,800000,0.025418393734092055,Diesel,Individual,Manual
0.7837837837837824,265000,0.008472515480059785,Petrol,Individual,Manual
0.8918918918918948,350000,0.02965486329760012,Diesel,Individual,Manual
0.6756756756756772,200000,0.033891332861108195,Petrol,Individual,Manual
0.8918918918918948,490000,0.033891332861108195,Diesel,Individual,Manual
0.7837837837837824,450000,0.030502157210301736,Diesel,Individual,Manual
0.8918918918918948,950000,0.021181924170583986,Diesel,Individual,Manual
0.7837837837837824,355000,0.03812780242461626,Petrol,Individual,Manual
0.9729729729729755,700000,0.007201574611007364,Petrol,Individual,Manual
0.7837837837837824,459999,0.02965486329760012,Diesel,Individual,Manual
0.7837837837837824,350000,0.03134945112300335,Diesel,Individual,Manual
0.621621621621621,85000,0.025418393734092055,Petrol,Individual,Manual
0.8918918918918948,290000,0.006354280698305751,Petrol,Individual,Manual
0.9729729729729755,1000000,0.030502157210301736,Diesel,Individual,Manual
0.6756756756756772,85000,0.010590750261813818,Petrol,Individual,Manual
0.5405405405405403,65000,0.04829532937703562,Petrol,Individual,Manual
0.5945945945945965,75000,0.05083721111514047,Petrol,Individual,Manual
0.5405405405405403,100000,0.10591131544074535,Diesel,Individual,Manual
0.7027027027027017,170000,0.02362551981481544,Diesel,Individual,Manual
0.9189189189189193,525000,0.01694545460707592,Petrol,Individual,Automatic
1.0,265000,0.02965486329760012,Petrol,Individual,Manual
0.9459459459459438,459999,0.021181924170583986,Petrol,Individual,Manual
0.9189189189189193,250000,0.008472515480059785,Petrol,Individual,Manual
0.8108108108108141,395000,0.02965486329760012,Diesel,Individual,Manual
0.8378378378378386,375000,0.025418393734092055,Petrol,Individual,Manual
0.7027027027027017,120000,0.05083721111514047,Diesel,Individual,Manual
0.7567567567567579,290000,0.046600741551632394,Diesel,Individual,Manual
0.9189189189189193,409999,0.025418393734092055,Petrol,Individual,Manual
0.7027027027027017,200000,0.012708985043567853,Petrol,Individual,Manual
0.9459459459459438,900000,0.014827219825321886,Diesel,Individual,Manual
0.5405405405405403,50000,0.021181924170583986,Petrol,Individual,Manual
0.7837837837837824,450000,0.04236427198812433,Diesel,Individual,Manual
0.7837837837837824,650000,0.033891332861108195,Diesel,Individual,Manual
0.8378378378378386,300000,0.03558592068651142,Diesel,Individual,Manual
0.8378378378378386,425000,0.025418393734092055,Diesel,Individual,Manual
0.4054054054054035,55000,0.021181924170583986,Petrol,Individual,Manual
0.7567567567567579,200000,0.025418393734092055,Petrol,Individual,Manual
0.8648648648648631,975000,0.04236427198812433,Diesel,Individual,Manual
0.8108108108108141,450000,0.02965486329760012,Diesel,Individual,Manual
0.8378378378378386,600000,0.03495045025198521,Diesel,Individual,Manual
0.8378378378378386,550000,0.032196745035704966,Diesel,Individual,Manual
0.7567567567567579,180000,0.03685686155556384,Diesel,Individual,Manual
0.7297297297297334,300000,0.05083721111514047,Diesel,Individual,Manual
0.8918918918918948,350000,0.02965486329760012,Petrol,Individual,Manual
0.8378378378378386,465000,0.03812780242461626,Diesel,Individual,Manual
0.7297297297297334,200000,0.07964520414699533,Diesel,Individual,Manual
0.8378378378378386,350000,0.05083721111514047,Diesel,Individual,Manual
0.8648648648648631,650000,0.033891332861108195,Petrol,Individual,Manual
0.7297297297297334,150000,0.05222592583805841,Petrol,Individual,Manual
0.8378378378378386,560000,0.04236427198812433,Diesel,Individual,Manual
0.8648648648648631,625000,0.03812780242461626,Diesel,Individual,Manual
0.7837837837837824,220000,0.046600741551632394,Diesel,Individual,Manual
0.8108108108108141,250000,0.046600741551632394,Diesel,Individual,Manual
0.9459459459459438,575000,0.02965486329760012,Diesel,Individual,Manual
0.8648648648648631,1050000,0.02753662851584609,Diesel,Individual,Manual
0.8648648648648631,3000000,0.02965486329760012,Diesel,Individual,Automatic
0.7837837837837824,200000,0.03812780242461626,Diesel,Individual,Manual
0.8918918918918948,262000,0.021181924170583986,Petrol,Individual,Manual
0.9459459459459438,299000,0.013979925912620273,Petrol,Individual,Manual
0.8648648648648631,250000,0.01122622069634003,Petrol,Individual,Manual
0.7567567567567579,140000,0.025418393734092055,Petrol,Individual,Manual
0.8108108108108141,360000,0.02965486329760012,Diesel,Individual,Manual
0.8648648648648631,210000,0.033891332861108195,Petrol,Individual,Manual
0.9189189189189193,600000,0.025418393734092055,Diesel,Individual,Manual
0.7567567567567579,210000,0.04236427198812433,Diesel,Individual,Manual
0.7567567567567579,300000,0.033891332861108195,Diesel,Individual,Manual
0.8918918918918948,450000,0.014827219825321886,Petrol,Individual,Manual
0.9459459459459438,3200000,0.014827219825321886,Diesel,Individual,Automatic
0.9729729729729755,550000,0.004236045916551717,Petrol,Individual,Manual
0.7567567567567579,100000,0.033891332861108195,Diesel,Individual,Manual
0.621621621621621,80000,0.03812780242461626,Petrol,Individual,Manual
0.9189189189189193,295000,0.033891332861108195,Petrol,Individual,Manual
0.9189189189189193,360000,0.010590750261813818,Petrol,Individual,Manual
0.8378378378378386,210000,0.02965486329760012,Petrol,Individual,Manual
0.9729729729729755,585000,0.033891332861108195,Petrol,Individual,Automatic
0.8918918918918948,560000,0.021181924170583986,Diesel,Individual,Manual
0.8648648648648631,600000,0.02965486329760012,Diesel,Individual,Manual
0.9189189189189193,330000,0.025418393734092055,Petrol,Individual,Manual
0.9729729729729755,990000,0.006354280698305751,Petrol,Individual,Manual
0.9729729729729755,695000,0.008472515480059785,Petrol,Individual,Automatic
0.8378378378378386,300000,0.025418393734092055,Diesel,Individual,Manual
0.8648648648648631,270000,0.009319809392761398,Petrol,Individual,Manual
0.7297297297297334,185000,0.02965486329760012,Diesel,Individual,Manual
0.8108108108108141,200000,0.033891332861108195,Diesel,Individual,Manual
0.9729729729729755,459999,0.014827219825321886,CNG,Individual,Manual
0.8108108108108141,240000,0.060157444154858214,Diesel,Individual,Manual
0.8648648648648631,570000,0.030502157210301736,Diesel,Individual,Manual
0.9459459459459438,850000,0.03812780242461626,Diesel,Individual,Manual
0.7567567567567579,155000,0.033891332861108195,Diesel,Individual,Manual
0.7567567567567579,270000,0.0529554458968945,Diesel,Individual,Manual
0.8648648648648631,610000,0.013979925912620273,Petrol,Individual,Manual
0.8648648648648631,1000000,0.021181924170583986,Diesel,Individual,Manual
0.7837837837837824,450000,0.05083721111514047,Diesel,Individual,Manual
0.9459459459459438,500000,0.014827219825321886,Diesel,Individual,Manual
0.9459459459459438,700000,0.018216395476128338,Diesel,Individual,Manual
0.6486486486486527,135000,0.025418393734092055,Petrol,Individual,Manual
0.7837837837837824,430000,0.06269932589296305,Diesel,Individual,Manual
0.8378378378378386,625000,0.02965486329760012,Diesel,Individual,Manual
0.7567567567567579,280000,0.0406696841627211,Petrol,Individual,Manual
0.7837837837837824,220000,0.02965486329760012,Diesel,Individual,Manual
0.9189189189189193,620000,0.007830266694231963,Petrol,Individual,Manual
0.7567567567567579,300000,0.02965486329760012,Diesel,Individual,Manual
0.7297297297297334,180000,0.010590750261813818,Petrol,Individual,Manual
0.8108108108108141,250000,0.05083721111514047,Diesel,Individual,Manual
0.9189189189189193,480000,0.02330015895233802,Petrol,Individual,Manual
0.9729729729729755,885000,0.004236045916551717,Petrol,Individual,Manual
1.0,550000,0.025418393734092055,Diesel,Individual,Manual
0.9459459459459438,800000,0.012708985043567853,Diesel,Individual,Manual
0.8108108108108141,180000,0.02753662851584609,Petrol,Individual,Manual
0.7297297297297334,200000,0.011438044174515433,Petrol,Individual,Manual
0.7837837837837824,380000,0.021181924170583986,Diesel,Individual,Manual
0.9729729729729755,520000,0.0010841125613017147,Petrol,Individual,Automatic
0.567567567567572,90000,0.025418393734092055,Petrol,Individual,Manual
0.4324324324324351,40000,0.021181924170583986,Petrol,Individual,Manual
0.8648648648648631,370000,0.05083721111514047,Diesel,Individual,Manual
0.7027027027027017,290000,0.05083721111514047,Petrol,Individual,Manual
0.8108108108108141,215000,0.019910983301531567,Petrol,Individual,Manual
0.9189189189189193,1282000,0.019063689388829953,Diesel,Individual,Manual
0.7837837837837824,610000,0.03812780242461626,Diesel,Individual,Manual
0.8108108108108141,380000,0.046600741551632394,Diesel,Individual,Manual
0.9189189189189193,1250000,0.040246037206370294,Diesel,Individual,Manual
0.7837837837837824,400000,0.04391270161358653,Diesel,Individual,Manual
0.9459459459459438,700000,0.010590750261813818,Petrol,Individual,Automatic
0.8378378378378386,650000,0.033891332861108195,Diesel,Individual,Manual
0.8378378378378386,95000,0.021181924170583986,Petrol,Individual,Manual
0.8648648648648631,1147000,0.024136861691130863,Diesel,Individual,Manual
0.7297297297297334,150000,0.046600741551632394,Petrol,Individual,Manual
0.6756756756756772,120000,0.033891332861108195,Petrol,Individual,Manual
0.5405405405405403,130000,0.031675659279393475,CNG,Individual,Manual
0.7297297297297334,180000,0.07922155719064451,Diesel,Dealer,Manual
0.8108108108108141,325000,0.029231216341249314,Diesel,Dealer,Manual
0.8648648648648631,550000,0.08727084936130984,Diesel,Dealer,Manual
0.9459459459459438,950000,0.011438044174515433,Diesel,Dealer,Manual
0.8378378378378386,500000,0.05592097459135015,Diesel,Dealer,Manual
0.9189189189189193,725000,0.03177309807935416,Diesel,Dealer,Manual
0.7567567567567579,180000,0.09235461283751953,Diesel,Individual,Manual
0.8918918918918948,650000,0.004236045916551717,Diesel,Individual,Manual
0.7567567567567579,210000,0.0910836719684671,Diesel,Individual,Manual
0.7837837837837824,200000,0.05803920937310418,Diesel,Individual,Manual
0.7567567567567579,295000,0.02753662851584609,Diesel,Individual,Manual
0.6486486486486527,160000,0.05083721111514047,Petrol,Individual,Manual
0.9189189189189193,450000,0.004236045916551717,Petrol,Individual,Automatic
0.8918918918918948,385000,0.008472515480059785,Petrol,Individual,Manual
0.7567567567567579,350000,0.03961056677184408,Diesel,Individual,Manual
0.9189189189189193,2711000,0.0038123989602009104,Diesel,Dealer,Automatic
0.9729729729729755,5150000,0.008472515480059785,Petrol,Dealer,Automatic
0.9189189189189193,3200000,0.019063689388829953,Diesel,Dealer,Automatic
0.8648648648648631,503000,0.046600741551632394,Diesel,Individual,Manual
0.9729729729729755,3800000,0.008472515480059785,Diesel,Individual,Automatic
0.8108108108108141,225000,0.02471641072741877,Petrol,Trustmark Dealer,Manual
0.9459459459459438,740000,0.016444280257712916,Diesel,Dealer,Manual
0.8918918918918948,550000,0.023933087505126127,Petrol,Trustmark Dealer,Manual
0.8108108108108141,750000,0.03360664210644045,Diesel,Trustmark Dealer,Manual
0.9189189189189193,625000,0.010818672324330553,Petrol,Trustmark Dealer,Manual
0.9459459459459438,600000,0.029561237320246594,Petrol,Dealer,Automatic
0.9189189189189193,450000,0.02384666352603056,Diesel,Dealer,Manual
0.9729729729729755,5400000,0.0031769285256747003,Diesel,Dealer,Automatic
0.9729729729729755,5500000,0.0036005754820255067,Diesel,Dealer,Automatic
0.9729729729729755,779000,0.0029786617501025227,Petrol,Trustmark Dealer,Automatic
0.8918918918918948,645000,0.004659692872902524,Petrol,Dealer,Automatic
0.9459459459459438,2475000,0.0008468702657452627,Diesel,Dealer,Automatic
0.9189189189189193,2711000,0.0038123989602009104,Diesel,Dealer,Automatic
0.9729729729729755,5150000,0.008472515480059785,Petrol,Dealer,Automatic
0.9189189189189193,3200000,0.019063689388829953,Diesel,Dealer,Automatic
0.8648648648648631,503000,0.046600741551632394,Diesel,Individual,Manual
0.9729729729729755,3800000,0.008472515480059785,Diesel,Individual,Automatic
0.8918918918918948,2000000,0.02884527396401373,Petrol,Trustmark Dealer,Automatic
0.8108108108108141,225000,0.02471641072741877,Petrol,Trustmark Dealer,Manual
0.9459459459459438,740000,0.016444280257712916,Diesel,Dealer,Manual
0.8918918918918948,550000,0.023933087505126127,Petrol,Trustmark Dealer,Manual
0.8108108108108141,750000,0.03360664210644045,Diesel,Trustmark Dealer,Manual
0.9729729729729755,650000,0.002380895894691534,Petrol,Trustmark Dealer,Automatic
0.9189189189189193,625000,0.010818672324330553,Petrol,Trustmark Dealer,Manual
0.9189189189189193,450000,0.02384666352603056,Diesel,Dealer,Manual
0.9729729729729755,5400000,0.0031769285256747003,Diesel,Dealer,Automatic
0.9729729729729755,5500000,0.0036005754820255067,Diesel,Dealer,Automatic
0.9729729729729755,779000,0.0029786617501025227,Petrol,Trustmark Dealer,Automatic
0.8918918918918948,645000,0.004659692872902524,Petrol,Dealer,Automatic
0.9729729729729755,558000,0.02965486329760012,Diesel,Individual,Manual
0.7297297297297334,165000,0.023723805908688826,Petrol,Individual,Manual
0.7837837837837824,300000,0.033891332861108195,Diesel,Individual,Manual
0.9729729729729755,500000,0.0021178111347976833,Petrol,Individual,Manual
0.7837837837837824,900000,0.04236427198812433,Diesel,Individual,Manual
0.6756756756756772,830000,0.025418393734092055,Diesel,Individual,Automatic
0.6756756756756772,890000,0.02965486329760012,Diesel,Individual,Automatic
0.8378378378378386,640000,0.02753662851584609,Diesel,Individual,Manual
0.8108108108108141,450000,0.025418393734092055,Diesel,Individual,Manual
0.9459459459459438,825000,0.03473862677380981,Diesel,Individual,Manual
0.8108108108108141,500000,0.033891332861108195,Diesel,Individual,Manual
0.9189189189189193,325000,0.0021178111347976833,Petrol,Individual,Manual
0.8378378378378386,450000,0.05634462154770095,Diesel,Individual,Manual
0.9189189189189193,675000,0.010590750261813818,Petrol,Individual,Manual
0.9189189189189193,415000,0.006354280698305751,Petrol,Individual,Manual
0.9189189189189193,1100000,0.01694545460707592,Diesel,Individual,Manual
0.8378378378378386,509999,0.02965486329760012,Diesel,Individual,Manual
0.6486486486486527,200000,0.06439391371836628,Diesel,Individual,Manual
0.8108108108108141,500000,0.033891332861108195,Diesel,Individual,Manual
0.7027027027027017,45000,0.04236427198812433,Diesel,Individual,Manual
0.9189189189189193,270000,0.021181924170583986,Petrol,Individual,Manual
0.9189189189189193,550000,0.01694545460707592,Petrol,Individual,Manual
0.8918918918918948,235000,0.025418393734092055,Petrol,Individual,Manual
0.9459459459459438,600000,0.01694545460707592,Petrol,Individual,Manual
0.8648648648648631,525000,0.025418393734092055,Diesel,Individual,Manual
0.7837837837837824,325000,0.03812780242461626,Diesel,Individual,Manual
0.8378378378378386,420000,0.03812780242461626,Diesel,Individual,Manual
0.8378378378378386,229999,0.025418393734092055,Petrol,Individual,Manual
0.8108108108108141,375000,0.033891332861108195,Diesel,Individual,Manual
0.7837837837837824,750000,0.05083721111514047,Diesel,Individual,Manual
0.9459459459459438,400000,0.01694545460707592,Petrol,Individual,Manual
0.8108108108108141,600000,0.038551449380967065,Diesel,Individual,Manual
0.6756756756756772,110000,0.033891332861108195,Petrol,Individual,Manual
0.6486486486486527,45000,0.031034681434434698,Petrol,Individual,Manual
0.9729729729729755,722000,0.033891332861108195,Diesel,Individual,Manual
1.0,500000,0.006354280698305751,Petrol,Individual,Manual
0.6486486486486527,250000,0.046600741551632394,Diesel,Individual,Manual
0.9459459459459438,950000,0.01694545460707592,Diesel,Individual,Manual
0.8108108108108141,375000,0.08981273109941469,Diesel,Individual,Manual
0.9459459459459438,780000,0.012708985043567853,Diesel,Individual,Manual
0.9459459459459438,575000,0.012708985043567853,Petrol,Individual,Manual
0.9189189189189193,563000,0.012708985043567853,Petrol,Individual,Manual
0.9189189189189193,450000,0.006354280698305751,Petrol,Individual,Manual
1.0,2300000,0.000423223309394456,Diesel,Individual,Automatic
0.4324324324324351,80000,0.011149964244196883,Petrol,Individual,Manual
0.7297297297297334,320000,0.057191915460402566,Diesel,Individual,Manual
0.6756756756756772,375000,0.04236427198812433,Petrol,Individual,Manual
0.9189189189189193,400000,0.05083721111514047,Petrol,Individual,Manual
0.7567567567567579,600000,0.09743837631372922,Diesel,Individual,Manual
0.8918918918918948,315000,0.025418393734092055,Petrol,Individual,Manual
0.7837837837837824,1100000,0.033891332861108195,Diesel,Individual,Automatic
0.7297297297297334,350000,0.08049249805969694,Diesel,Individual,Manual
0.8918918918918948,375000,0.05083721111514047,Petrol,Individual,Manual
0.8108108108108141,1050000,0.09193096588116872,Diesel,Individual,Manual
0.5945945945945965,130000,0.03812780242461626,Diesel,Individual,Manual
0.8648648648648631,350000,0.012285338087217046,Petrol,Individual,Manual
0.7567567567567579,170000,0.05083721111514047,CNG,Individual,Manual
0.7297297297297334,120000,0.05083721111514047,Petrol,Individual,Manual
0.8648648648648631,819999,0.03812780242461626,Diesel,Individual,Manual
0.9459459459459438,700000,0.012708985043567853,Petrol,Individual,Manual
0.9459459459459438,451999,0.012708985043567853,Petrol,Individual,Automatic
0.8918918918918948,500000,0.023723805908688826,Petrol,Individual,Manual
0.8648648648648631,1250000,0.03812780242461626,Diesel,Individual,Manual
0.8648648648648631,500000,0.05083721111514047,Diesel,Individual,Manual
0.8648648648648631,490000,0.025418393734092055,Diesel,Individual,Manual
0.6756756756756772,200000,0.06227567893661225,Diesel,Individual,Manual
0.7837837837837824,240000,0.014827219825321886,Petrol,Individual,Manual
0.9459459459459438,655000,0.008260692001884382,Petrol,Individual,Manual
0.8648648648648631,450000,0.014827219825321886,Petrol,Individual,Manual
0.8378378378378386,310000,0.014827219825321886,Petrol,Individual,Manual
0.6486486486486527,150000,0.021181924170583986,Petrol,Individual,Manual
0.7837837837837824,180000,0.05083721111514047,Diesel,Individual,Manual
0.7567567567567579,150000,0.05083721111514047,Diesel,Individual,Manual
0.7567567567567579,160000,0.04744803546433401,Diesel,Individual,Manual
0.8108108108108141,600000,0.02965486329760012,Diesel,Individual,Manual
0.7837837837837824,380000,0.06142838502391063,Diesel,Individual,Manual
0.6486486486486527,120000,0.057191915460402566,Diesel,Individual,Manual
0.7837837837837824,135000,0.06185203198026144,Diesel,Individual,Manual
0.9459459459459438,610000,0.004236045916551717,Petrol,Individual,Manual
1.0,260000,0.021181924170583986,Diesel,Individual,Manual
0.9189189189189193,500000,0.010590750261813818,Petrol,Individual,Manual
0.8918918918918948,220000,0.008472515480059785,Petrol,Individual,Manual
0.621621621621621,121000,0.02965486329760012,Petrol,Individual,Manual
0.9459459459459438,2200000,0.010590750261813818,Diesel,Individual,Automatic
0.7567567567567579,280000,0.04236427198812433,Diesel,Individual,Manual
1.0,919999,0.008472515480059785,Petrol,Individual,Manual
0.7567567567567579,320000,0.0656648545874187,Diesel,Individual,Manual
0.7837837837837824,140000,0.02965486329760012,Diesel,Individual,Manual
0.7837837837837824,310000,0.010590750261813818,Diesel,Individual,Manual
0.621621621621621,65000,0.05083721111514047,Petrol,Individual,Manual
0.8108108108108141,300000,0.03812780242461626,Diesel,Individual,Manual
0.9189189189189193,2711000,0.0038123989602009104,Diesel,Dealer,Automatic
0.9729729729729755,5150000,0.008472515480059785,Petrol,Dealer,Automatic
0.9189189189189193,3200000,0.019063689388829953,Diesel,Dealer,Automatic
0.8648648648648631,503000,0.046600741551632394,Diesel,Individual,Manual
0.9729729729729755,3800000,0.008472515480059785,Diesel,Individual,Automatic
0.8918918918918948,2000000,0.02884527396401373,Petrol,Trustmark Dealer,Automatic
0.8108108108108141,225000,0.02471641072741877,Petrol,Trustmark Dealer,Manual
0.9459459459459438,740000,0.016444280257712916,Diesel,Dealer,Manual
0.8918918918918948,550000,0.023933087505126127,Petrol,Trustmark Dealer,Manual
0.8108108108108141,750000,0.03360664210644045,Diesel,Trustmark Dealer,Manual
0.9729729729729755,650000,0.002380895894691534,Petrol,Trustmark Dealer,Automatic
0.9189189189189193,625000,0.010818672324330553,Petrol,Trustmark Dealer,Manual
0.9459459459459438,600000,0.029561237320246594,Petrol,Dealer,Automatic
0.9189189189189193,450000,0.02384666352603056,Diesel,Dealer,Manual
0.9729729729729755,5400000,0.0031769285256747003,Diesel,Dealer,Automatic
0.9729729729729755,5500000,0.0036005754820255067,Diesel,Dealer,Automatic
0.9729729729729755,779000,0.0029786617501025227,Petrol,Trustmark Dealer,Automatic
0.8918918918918948,645000,0.004659692872902524,Petrol,Dealer,Automatic
0.9459459459459438,2475000,0.0008468702657452627,Diesel,Dealer,Automatic
0.7567567567567579,575000,0.046600741551632394,Diesel,Individual,Manual
0.8378378378378386,440000,0.046600741551632394,Diesel,Individual,Manual
0.7837837837837824,380000,0.04236427198812433,Diesel,Individual,Manual
0.7297297297297334,140000,0.0494391761591828,Petrol,Individual,Manual
0.8648648648648631,475000,0.010590750261813818,Diesel,Individual,Manual
0.7567567567567579,200000,0.084728967623205,Diesel,Individual,Manual
0.7297297297297334,400000,0.07458770678207939,Diesel,Individual,Manual
0.6756756756756772,425000,0.10591131544074535,Diesel,Individual,Manual
0.5405405405405403,68000,0.02965486329760012,Petrol,Individual,Manual
0.8648648648648631,509999,0.03473862677380981,Diesel,Individual,Manual
0.7297297297297334,275000,0.033891332861108195,Petrol,Individual,Manual
0.9189189189189193,650000,0.01694545460707592,Diesel,Individual,Manual
0.9729729729729755,1850000,0.005930633741954944,Diesel,Individual,Manual
0.8378378378378386,650000,0.05465003372229772,Diesel,Individual,Manual
0.8918918918918948,360000,0.025418393734092055,Diesel,Individual,Manual
0.9459459459459438,650000,0.03473862677380981,Diesel,Individual,Automatic
0.8108108108108141,2000000,0.03283221547023118,Diesel,Individual,Automatic
0.9189189189189193,675000,0.021181924170583986,Diesel,Individual,Manual
0.621621621621621,50000,0.01694545460707592,Petrol,Individual,Manual
0.9189189189189193,445000,0.016733631128900514,Petrol,Individual,Manual
0.9459459459459438,750000,0.01694545460707592,Diesel,Individual,Manual
0.7837837837837824,425000,0.023723805908688826,Diesel,Individual,Manual
0.37837837837837895,57000,0.046600741551632394,Diesel,Individual,Manual
0.9189189189189193,850000,0.022876511995987215,Diesel,Individual,Manual
0.8918918918918948,400000,0.008472515480059785,Petrol,Individual,Manual
0.8918918918918948,550000,0.014827219825321886,Diesel,Individual,Manual
0.7837837837837824,250000,0.04109333111907191,Petrol,Individual,Manual
0.8378378378378386,206000,0.05083721111514047,Petrol,Individual,Manual
0.8378378378378386,290000,0.021181924170583986,Petrol,Individual,Manual
0.7297297297297334,45000,0.012878443826108175,Petrol,Individual,Manual
0.9729729729729755,1200000,0.006354280698305751,Diesel,Individual,Manual
0.7837837837837824,220000,0.046600741551632394,Diesel,Individual,Manual
0.6756756756756772,515000,0.05083721111514047,Diesel,Individual,Automatic
0.7297297297297334,260000,0.05083721111514047,Diesel,Individual,Manual
0.7837837837837824,315000,0.05507368067864853,Diesel,Individual,Manual
0.7567567567567579,225000,0.032196745035704966,Petrol,Individual,Manual
0.7837837837837824,420000,0.046600741551632394,Diesel,Individual,Manual
0.7567567567567579,525000,0.0406696841627211,Diesel,Individual,Manual
0.9459459459459438,670000,0.03812780242461626,Diesel,Individual,Automatic
0.7837837837837824,220000,0.046600741551632394,Diesel,Individual,Manual
0.8108108108108141,250000,0.010590750261813818,Diesel,Individual,Manual
0.7027027027027017,229999,0.03812780242461626,Diesel,Individual,Manual
0.7027027027027017,229999,0.06947767719457597,Diesel,Individual,Manual
0.8108108108108141,300000,0.05083721111514047,Petrol,Individual,Manual
0.7297297297297334,165000,0.027960275472196896,Petrol,Individual,Manual
0.7297297297297334,295000,0.10591131544074535,Diesel,Individual,Manual
0.7567567567567579,360000,0.06651214850012031,Diesel,Individual,Manual
0.7567567567567579,380000,0.06651214850012031,Diesel,Individual,Manual
0.9189189189189193,300000,0.014827219825321886,Petrol,Individual,Manual
0.6756756756756772,320000,0.04236427198812433,Diesel,Individual,Manual
0.8918918918918948,325000,0.02965486329760012,Petrol,Individual,Manual
0.7297297297297334,160000,0.012708985043567853,Diesel,Individual,Manual
0.9459459459459438,630000,0.01694545460707592,Diesel,Individual,Manual
1.0,600000,0.0021178111347976833,Petrol,Individual,Manual
0.8378378378378386,229999,0.012708985043567853,Petrol,Individual,Manual
0.8378378378378386,440000,0.02965486329760012,Diesel,Individual,Manual
0.6486486486486527,90000,0.025418393734092055,Petrol,Individual,Manual
0.9189189189189193,750000,0.025418393734092055,Diesel,Individual,Manual
0.7837837837837824,330000,0.033891332861108195,Petrol,Individual,Manual
0.8108108108108141,250000,0.06354661980566467,Diesel,Individual,Manual
0.6486486486486527,120000,0.06354661980566467,Petrol,Individual,Manual
0.567567567567572,100000,0.010590750261813818,Petrol,Individual,Manual
0.9189189189189193,850000,0.014827219825321886,Diesel,Individual,Automatic
0.9459459459459438,450000,0.02033463025788237,Diesel,Individual,Manual
0.7837837837837824,240000,0.084728967623205,Diesel,Individual,Manual
0.45945945945945965,30000,0.03812780242461626,Petrol,Individual,Manual
0.8648648648648631,600000,0.057191915460402566,Diesel,Individual,Manual
0.8918918918918948,280000,0.046600741551632394,Diesel,Individual,Manual
0.7837837837837824,465000,0.06185203198026144,Diesel,Individual,Manual
0.9459459459459438,350000,0.018640042432479145,Petrol,Individual,Manual
0.8108108108108141,325000,0.02965486329760012,Petrol,Individual,Manual
0.567567567567572,50000,0.11480790152411229,Diesel,Individual,Manual
0.621621621621621,110000,0.05083721111514047,Petrol,Individual,Manual
0.8108108108108141,220000,0.033891332861108195,Diesel,Individual,Manual
0.8648648648648631,515000,0.025418393734092055,Diesel,Individual,Manual
0.9459459459459438,750000,0.01694545460707592,Petrol,Individual,Manual
0.9459459459459438,350000,0.010590750261813818,Petrol,Individual,Manual
0.9729729729729755,488999,0.006354280698305751,Petrol,Individual,Manual
0.9189189189189193,300000,0.011438044174515433,Petrol,Individual,Manual
0.9189189189189193,650000,0.014827219825321886,Diesel,Individual,Manual
0.8378378378378386,250000,0.01694545460707592,Petrol,Individual,Manual
0.8378378378378386,200000,0.01694545460707592,Petrol,Individual,Manual
0.7837837837837824,200000,0.05083721111514047,Diesel,Individual,Manual
0.8918918918918948,276000,0.025418393734092055,Petrol,Individual,Manual
0.8378378378378386,250000,0.01694545460707592,Petrol,Individual,Manual
0.6756756756756772,95000,0.033891332861108195,Petrol,Individual,Manual
0.7567567567567579,200000,0.02965486329760012,Diesel,Individual,Manual
0.7837837837837824,450000,0.04236427198812433,Diesel,Individual,Manual
0.8108108108108141,900000,0.0076252215673581715,Diesel,Individual,Manual
0.7297297297297334,200000,0.07413779371443484,Diesel,Individual,Manual
0.7297297297297334,200000,0.02965486329760012,Petrol,Individual,Manual
0.7567567567567579,370000,0.03891705670429781,Diesel,Individual,Manual
0.6756756756756772,250000,0.04236427198812433,Petrol,Individual,Manual
0.8918918918918948,290000,0.004236045916551717,Petrol,Individual,Manual
0.9459459459459438,900000,0.014827219825321886,Diesel,Individual,Manual
0.8108108108108141,325000,0.05083721111514047,Diesel,Individual,Manual
0.8918918918918948,425000,0.012708985043567853,Petrol,Individual,Manual
0.8918918918918948,315000,0.025418393734092055,Petrol,Individual,Manual
0.8378378378378386,300000,0.02965486329760012,Petrol,Individual,Manual
0.8108108108108141,325000,0.02965486329760012,Petrol,Individual,Manual
0.8918918918918948,900000,0.05507368067864853,Diesel,Individual,Manual
0.8918918918918948,950000,0.05634462154770095,Diesel,Individual,Manual
0.7297297297297334,320000,0.05083721111514047,Diesel,Individual,Manual
0.9729729729729755,500000,0.008472515480059785,Petrol,Individual,Manual
0.7837837837837824,290000,0.010590750261813818,Petrol,Individual,Manual
0.7837837837837824,60000,0.03812780242461626,Petrol,Individual,Manual
0.7027027027027017,120000,0.0593101502421566,Petrol,Individual,Manual
0.9189189189189193,850000,0.043635212857176746,Diesel,Dealer,Manual
0.9189189189189193,1750000,0.009743456349112205,Diesel,Dealer,Manual
0.8648648648648631,600000,0.05422638676594692,Diesel,Dealer,Manual
0.8648648648648631,620000,0.013979925912620273,Diesel,Individual,Manual
0.7027027027027017,150000,0.02965486329760012,Petrol,Individual,Manual
0.7567567567567579,150000,0.01694545460707592,Petrol,Individual,Manual
0.6756756756756772,135000,0.01694545460707592,Petrol,Individual,Manual
0.7567567567567579,200000,0.033891332861108195,Diesel,Individual,Manual
0.8648648648648631,730000,0.02965486329760012,Diesel,Individual,Manual
0.8108108108108141,800000,0.04236427198812433,Diesel,Individual,Manual
0.7027027027027017,300000,0.03812780242461626,Diesel,Individual,Manual
0.7837837837837824,190000,0.04744803546433401,Diesel,Individual,Manual
0.7567567567567579,350000,0.021181924170583986,Petrol,Individual,Manual
0.8648648648648631,509999,0.026265687646793667,Diesel,Individual,Manual
0.7837837837837824,400000,0.03812780242461626,Diesel,Individual,Manual
0.8108108108108141,800000,0.033891332861108195,Diesel,Individual,Manual
0.8108108108108141,250000,0.021181924170583986,Diesel,Individual,Manual
0.8918918918918948,930000,0.02014483642143721,Diesel,Individual,Manual
0.8918918918918948,720000,0.01694545460707592,Diesel,Individual,Manual
0.7567567567567579,225000,0.006354280698305751,Petrol,Individual,Manual
0.9729729729729755,950000,0.008472515480059785,Diesel,Individual,Manual
0.9459459459459438,530000,0.0220292180832856,Petrol,Individual,Manual
0.8918918918918948,470000,0.02965486329760012,Petrol,Individual,Manual
0.9189189189189193,650000,0.046600741551632394,Diesel,Individual,Manual
0.8378378378378386,540000,0.03283221547023118,Diesel,Individual,Manual
0.8648648648648631,459999,0.04236427198812433,Diesel,Individual,Manual
0.9729729729729755,325000,0.006227186611400509,Petrol,Individual,Manual
0.8918918918918948,240000,0.01694545460707592,Petrol,Individual,Manual
0.9189189189189193,400000,0.013556278956269466,Petrol,Individual,Manual
0.567567567567572,70000,0.02965486329760012,Petrol,Individual,Manual
0.7027027027027017,250000,0.033891332861108195,Petrol,Individual,Manual
0.8378378378378386,910000,0.033891332861108195,Diesel,Individual,Manual
0.9459459459459438,720000,0.010590750261813818,Diesel,Individual,Manual
0.8648648648648631,590000,0.021181924170583986,Diesel,Individual,Manual
0.8648648648648631,434000,0.05083721111514047,Diesel,Individual,Manual
0.621621621621621,145000,0.0720195589326808,Diesel,Individual,Manual
0.9459459459459438,445000,0.008345421393154542,Petrol,Individual,Manual
0.7567567567567579,191000,0.02965486329760012,LPG,Individual,Manual
0.9459459459459438,372000,0.021181924170583986,Diesel,Individual,Manual
0.5945945945945965,65000,0.03812780242461626,Petrol,Individual,Manual
0.6486486486486527,150000,0.025418393734092055,Petrol,Individual,Manual
0.8648648648648631,300000,0.0593101502421566,Diesel,Individual,Manual
0.5405405405405403,125000,0.05083721111514047,Diesel,Individual,Manual
0.9189189189189193,520000,0.01694545460707592,Petrol,Individual,Manual
0.8378378378378386,190000,0.02965486329760012,Petrol,Individual,Manual
0.9459459459459438,310000,0.0029651050474992966,Petrol,Individual,Manual
0.7837837837837824,750000,0.03812780242461626,Diesel,Individual,Manual
0.8918918918918948,750000,0.046600741551632394,Diesel,Individual,Automatic
0.9729729729729755,350000,0.006354280698305751,Petrol,Individual,Manual
1.0,360000,0.0021178111347976833,Petrol,Individual,Manual
0.9189189189189193,285000,0.0021178111347976833,Petrol,Individual,Manual
0.8108108108108141,160000,0.02965486329760012,Petrol,Individual,Manual
0.8648648648648631,229999,0.025418393734092055,Petrol,Individual,Manual
0.6486486486486527,85000,0.05083721111514047,Petrol,Individual,Manual
0.9459459459459438,300000,0.0029651050474992966,Petrol,Individual,Manual
0.8378378378378386,675000,0.05083721111514047,Diesel,Individual,Manual
0.8378378378378386,700000,0.06153048394039118,Diesel,Individual,Manual
0.6756756756756772,400000,0.046600741551632394,Diesel,Individual,Manual
0.8918918918918948,254999,0.012708985043567853,Petrol,Individual,Manual
0.8648648648648631,1050000,0.033891332861108195,Diesel,Individual,Manual
0.8108108108108141,390000,0.04236427198812433,Diesel,Individual,Manual
0.8648648648648631,450000,0.033891332861108195,Diesel,Individual,Manual
0.8918918918918948,1630000,0.01694545460707592,Diesel,Individual,Automatic
0.9189189189189193,725000,0.021181924170583986,Diesel,Individual,Manual
0.8108108108108141,466000,0.040457860684545696,Diesel,Individual,Manual
0.9189189189189193,370000,0.01694545460707592,Petrol,Individual,Manual
0.6486486486486527,150000,0.02965486329760012,Petrol,Individual,Manual
0.9189189189189193,483000,0.006354280698305751,Petrol,Individual,Manual
0.8918918918918948,470000,0.004236045916551717,Petrol,Individual,Manual
0.9459459459459438,950000,0.010590750261813818,Diesel,Individual,Manual
0.7567567567567579,345000,0.02965486329760012,Petrol,Individual,Manual
0.7027027027027017,300000,0.025418393734092055,Petrol,Individual,Manual
0.6486486486486527,160000,0.031688368688084,Petrol,Individual,Manual
1.0,500000,0.01694545460707592,Petrol,Individual,Manual
0.9459459459459438,1350000,0.01694545460707592,Diesel,Individual,Manual
0.9189189189189193,455000,0.021181924170583986,Diesel,Individual,Manual
0.8108108108108141,165000,0.019063689388829953,Petrol,Individual,Manual
0.8918918918918948,470000,0.01004000921855777,Petrol,Individual,Manual
0.8918918918918948,470000,0.01004000921855777,Petrol,Individual,Manual
0.9729729729729755,1520000,0.004236045916551717,Petrol,Individual,Manual
0.8378378378378386,229999,0.022653250049990338,Petrol,Individual,Manual
0.7567567567567579,250000,0.04236427198812433,Diesel,Individual,Manual
0.8918918918918948,1350000,0.010590750261813818,Diesel,Individual,Manual
0.8108108108108141,220000,0.033891332861108195,Petrol,Individual,Manual
0.8648648648648631,360000,0.05083721111514047,Diesel,Individual,Manual
0.9459459459459438,350000,0.01694545460707592,Petrol,Individual,Manual
0.7837837837837824,500000,0.02965486329760012,Diesel,Individual,Manual
0.8108108108108141,145000,0.03812780242461626,Diesel,Individual,Manual
0.8378378378378386,300000,0.021605571126934793,Petrol,Individual,Manual
0.7297297297297334,180000,0.03685686155556384,Diesel,Individual,Manual
0.7027027027027017,180000,0.03685686155556384,Petrol,Individual,Manual
0.621621621621621,200000,0.05083721111514047,Diesel,Individual,Manual
0.8108108108108141,530000,0.01694545460707592,Diesel,Individual,Manual
0.8648648648648631,360000,0.046600741551632394,Petrol,Individual,Manual
0.7297297297297334,245000,0.03643321459921303,Petrol,Individual,Manual
0.7027027027027017,370000,0.05083721111514047,Diesel,Individual,Manual
0.5405405405405403,130000,0.033891332861108195,Petrol,Individual,Manual
0.4324324324324351,70000,0.02753662851584609,Petrol,Individual,Manual
0.8378378378378386,650000,0.0593101502421566,Diesel,Individual,Manual
0.8648648648648631,300000,0.010167103305463011,Petrol,Individual,Manual
0.8378378378378386,425000,0.025418393734092055,Diesel,Individual,Manual
0.7837837837837824,450000,0.06354661980566467,Diesel,Individual,Manual
0.7567567567567579,450000,0.045753447638930786,Diesel,Individual,Manual
0.7567567567567579,340000,0.025418393734092055,Petrol,Individual,Automatic
0.8108108108108141,650000,0.03812780242461626,Diesel,Individual,Manual
0.7027027027027017,160000,0.02965486329760012,Diesel,Individual,Manual
0.8378378378378386,250000,0.05083721111514047,Diesel,Individual,Manual
0.7837837837837824,225000,0.04236427198812433,Diesel,Individual,Manual
0.6486486486486527,55000,0.03217895186353823,Diesel,Individual,Manual
0.3513513513513544,42000,0.02965486329760012,Petrol,Individual,Manual
0.7837837837837824,250000,0.04236427198812433,Diesel,Individual,Manual
0.621621621621621,282000,0.05422638676594692,Diesel,Individual,Manual
0.6486486486486527,80000,0.046600741551632394,Diesel,Individual,Manual
0.8918918918918948,500000,0.01694545460707592,Petrol,Individual,Manual
0.8918918918918948,500000,0.02965486329760012,Diesel,Individual,Manual
0.7567567567567579,400000,0.025418393734092055,Diesel,Individual,Manual
0.8108108108108141,550000,0.03812780242461626,Diesel,Individual,Manual
0.6486486486486527,200000,0.02965486329760012,Diesel,Individual,Manual
0.7837837837837824,280000,0.02753662851584609,Petrol,Individual,Manual
0.8378378378378386,580000,0.037280508511914646,Diesel,Individual,Manual
0.7027027027027017,100000,0.033891332861108195,Diesel,Individual,Manual
0.8378378378378386,550000,0.025418393734092055,Diesel,Individual,Manual
0.7297297297297334,150000,0.033891332861108195,Petrol,Individual,Manual
0.8378378378378386,190000,0.025418393734092055,Petrol,Individual,Manual
0.8108108108108141,500000,0.046600741551632394,Diesel,Individual,Manual
0.9189189189189193,640000,0.046600741551632394,Diesel,Individual,Manual
0.7567567567567579,340000,0.06142838502391063,Diesel,Individual,Manual
0.9729729729729755,811000,0.018216395476128338,Diesel,Individual,Manual
0.8918918918918948,409999,0.05083721111514047,Diesel,Individual,Manual
0.6486486486486527,220000,0.05761556241675337,Petrol,Individual,Manual
0.9459459459459438,700000,0.010590750261813818,Petrol,Individual,Manual
0.8648648648648631,950000,0.033891332861108195,Diesel,Individual,Manual
0.5405405405405403,80000,0.01694545460707592,Petrol,Individual,Manual
0.9189189189189193,2711000,0.0038123989602009104,Diesel,Dealer,Automatic
0.9729729729729755,5150000,0.008472515480059785,Petrol,Dealer,Automatic
0.9189189189189193,3200000,0.019063689388829953,Diesel,Dealer,Automatic
0.8648648648648631,503000,0.046600741551632394,Diesel,Individual,Manual
0.9729729729729755,3800000,0.008472515480059785,Diesel,Individual,Automatic
0.8108108108108141,225000,0.02471641072741877,Petrol,Trustmark Dealer,Manual
0.9459459459459438,740000,0.016444280257712916,Diesel,Dealer,Manual
0.8918918918918948,550000,0.023933087505126127,Petrol,Trustmark Dealer,Manual
0.8108108108108141,750000,0.03360664210644045,Diesel,Trustmark Dealer,Manual
0.9729729729729755,650000,0.002380895894691534,Petrol,Trustmark Dealer,Automatic
0.9189189189189193,625000,0.010818672324330553,Petrol,Trustmark Dealer,Manual
0.9459459459459438,600000,0.029561237320246594,Petrol,Dealer,Automatic
0.9189189189189193,450000,0.02384666352603056,Diesel,Dealer,Manual
0.9729729729729755,5400000,0.0031769285256747003,Diesel,Dealer,Automatic
0.9729729729729755,5500000,0.0036005754820255067,Diesel,Dealer,Automatic
0.9729729729729755,779000,0.0029786617501025227,Petrol,Trustmark Dealer,Automatic
0.8918918918918948,645000,0.004659692872902524,Petrol,Dealer,Automatic
0.9459459459459438,2475000,0.0008468702657452627,Diesel,Dealer,Automatic
0.8378378378378386,420000,0.05083721111514047,Diesel,Individual,Manual
0.9459459459459438,899000,0.014827219825321886,Diesel,Individual,Manual
0.9729729729729755,459999,0.014827219825321886,Petrol,Individual,Manual
0.6756756756756772,150000,0.05083721111514047,Diesel,Individual,Manual
0.9189189189189193,350000,0.010590750261813818,Petrol,Individual,Manual
0.8648648648648631,509999,0.04236427198812433,Diesel,Individual,Manual
0.8108108108108141,500000,0.05083721111514047,Diesel,Individual,Manual
0.9189189189189193,370000,0.014827219825321886,Petrol,Individual,Manual
0.8108108108108141,240000,0.018640042432479145,Petrol,Individual,Manual
0.8648648648648631,530000,0.04236427198812433,Diesel,Individual,Manual
0.8648648648648631,1000000,0.05634462154770095,Diesel,Individual,Manual
0.9459459459459438,1600000,0.014827219825321886,Diesel,Individual,Manual
0.8378378378378386,350000,0.02711298155949528,Petrol,Individual,Manual
0.8648648648648631,1100000,0.02965486329760012,Diesel,Individual,Automatic
0.7567567567567579,220000,0.02965486329760012,Petrol,Individual,Manual
0.8108108108108141,370000,0.03812780242461626,Diesel,Individual,Manual
0.8378378378378386,220000,0.021181924170583986,Petrol,Individual,Manual
0.8108108108108141,200000,0.033891332861108195,Diesel,Individual,Manual
0.9189189189189193,400000,0.021181924170583986,Diesel,Individual,Manual
0.7027027027027017,150000,0.02330015895233802,Petrol,Individual,Manual
0.7567567567567579,130000,0.02965486329760012,Petrol,Individual,Manual
0.8108108108108141,185000,0.033891332861108195,Petrol,Individual,Manual
0.7297297297297334,110000,0.033891332861108195,Petrol,Individual,Manual
0.7837837837837824,450000,0.05083721111514047,Diesel,Individual,Manual
0.9459459459459438,500000,0.008472515480059785,Petrol,Individual,Manual
0.9189189189189193,570000,0.01338512558590374,Petrol,Dealer,Manual
0.8108108108108141,650000,0.0363103569818713,Diesel,Dealer,Manual
0.7837837837837824,1680000,0.05491566036392968,Diesel,Dealer,Manual
0.9459459459459438,250000,0.004236045916551717,Petrol,Individual,Manual
0.8378378378378386,320000,0.006354280698305751,Petrol,Individual,Manual
0.9189189189189193,440000,0.014827219825321886,Petrol,Individual,Automatic
0.8108108108108141,315000,0.02075827721423318,Petrol,Individual,Manual
0.6486486486486527,100000,0.02965486329760012,Petrol,Individual,Manual
0.7297297297297334,202999,0.06693579545647112,Diesel,Individual,Manual
0.7837837837837824,179000,0.012708985043567853,Petrol,Individual,Manual
0.6756756756756772,150000,0.01694545460707592,Petrol,Individual,Manual
0.7567567567567579,440000,0.025418393734092055,Diesel,Individual,Manual
0.7567567567567579,250000,0.023355233056663625,Diesel,Dealer,Manual
0.8378378378378386,330000,0.009319809392761398,Petrol,Individual,Manual
0.7297297297297334,250000,0.02033463025788237,Petrol,Individual,Manual
0.7837837837837824,335000,0.019063689388829953,Petrol,Individual,Manual
0.8918918918918948,1025000,0.00954095310397652,Diesel,Dealer,Manual
0.7837837837837824,320000,0.021968212921571084,Petrol,Dealer,Manual
0.8648648648648631,550000,0.012469200866273296,Petrol,Individual,Manual
0.9459459459459438,800000,0.010590750261813818,Diesel,Individual,Manual
0.9189189189189193,380000,0.011861691130866239,Petrol,Individual,Manual
0.8108108108108141,400000,0.01885186591065455,Diesel,Individual,Manual
0.8918918918918948,375000,0.014615396347146483,Petrol,Individual,Manual
0.9189189189189193,1100000,0.008472515480059785,Petrol,Individual,Automatic
0.9459459459459438,650000,0.006354280698305751,Petrol,Individual,Manual
0.8378378378378386,361000,0.011014397218164626,Petrol,Individual,Automatic
0.7837837837837824,140000,0.008472515480059785,Petrol,Individual,Manual
0.9729729729729755,550000,0.0012705172220960695,Petrol,Individual,Manual
0.9729729729729755,670000,0.008472515480059785,Petrol,Individual,Manual
0.9189189189189193,880000,0.010590750261813818,Diesel,Individual,Manual
0.9459459459459438,950000,0.014827219825321886,Diesel,Individual,Manual
0.7297297297297334,300000,0.025418393734092055,Diesel,Individual,Manual
0.9189189189189193,1150000,0.0028909668301379055,Petrol,Individual,Automatic
0.8648648648648631,450000,0.0656648545874187,Diesel,Individual,Automatic
0.9459459459459438,375000,0.021181924170583986,CNG,Individual,Manual
0.8918918918918948,600000,0.005718810263779541,Petrol,Individual,Manual
0.6756756756756772,700000,0.11014778500425342,Diesel,Individual,Manual
0.9459459459459438,600000,0.02753662851584609,Diesel,Individual,Manual
0.8378378378378386,630000,0.040246037206370294,Diesel,Individual,Manual
0.8918918918918948,590000,0.01694545460707592,Petrol,Individual,Manual
0.8918918918918948,1950000,0.05083721111514047,Diesel,Individual,Manual
0.8108108108108141,541000,0.04745269558085387,Diesel,Individual,Manual
0.8648648648648631,900000,0.0529554458968945,Diesel,Individual,Manual
0.7027027027027017,250000,0.018216395476128338,Diesel,Individual,Manual
0.9729729729729755,530000,0.008472515480059785,Petrol,Individual,Manual
0.7837837837837824,150000,0.02965486329760012,Diesel,Individual,Manual
0.8108108108108141,550000,0.02965486329760012,Diesel,Individual,Manual
0.8648648648648631,650000,0.06354661980566467,Diesel,Individual,Manual
0.7837837837837824,180000,0.04236427198812433,Diesel,Individual,Manual
0.8648648648648631,585000,0.021181924170583986,Diesel,Individual,Manual
0.8108108108108141,345000,0.05083721111514047,Petrol,Individual,Manual
0.8108108108108141,350000,0.046600741551632394,Diesel,Individual,Manual
0.8918918918918948,725000,0.0593101502421566,Petrol,Individual,Manual
0.7837837837837824,250000,0.05083721111514047,Diesel,Individual,Manual
0.5135135135135158,45000,0.02965486329760012,Petrol,Individual,Manual
0.6486486486486527,409999,0.10511443551584948,Diesel,Individual,Manual
0.9189189189189193,325000,0.006989751132831961,Petrol,Individual,Manual
0.8918918918918948,350000,0.004193681220916636,Petrol,Individual,Manual
0.7837837837837824,180000,0.033891332861108195,Petrol,Individual,Manual
0.7297297297297334,150000,0.04236427198812433,Petrol,Individual,Manual
1.0,700000,0.008472515480059785,Petrol,Individual,Manual
0.8918918918918948,795000,0.03812780242461626,Diesel,Individual,Manual
0.9729729729729755,950000,0.006354280698305751,Diesel,Individual,Manual
0.9459459459459438,885000,0.03177309807935416,Diesel,Individual,Automatic
0.7567567567567579,160000,0.0593101502421566,Diesel,Individual,Manual
0.7837837837837824,300000,0.05083721111514047,Diesel,Individual,Manual
0.9459459459459438,950000,0.03177309807935416,Diesel,Individual,Automatic
0.8648648648648631,549000,0.03812780242461626,Diesel,Individual,Manual
0.9459459459459438,3000000,0.008472515480059785,Diesel,Individual,Automatic
0.8648648648648631,1200000,0.02584204069044286,Diesel,Individual,Manual
0.7837837837837824,570000,0.04236427198812433,Diesel,Individual,Manual
0.9189189189189193,800000,0.025418393734092055,Diesel,Individual,Manual
0.7027027027027017,375000,0.04236427198812433,Diesel,Individual,Manual
0.7027027027027017,300000,0.0720195589326808,Diesel,Individual,Manual
0.7567567567567579,400000,0.05083721111514047,Diesel,Individual,Manual
0.8648648648648631,434999,0.021181924170583986,Diesel,Individual,Manual
0.7837837837837824,200000,0.05083721111514047,Petrol,Individual,Manual
0.8648648648648631,260000,0.010590750261813818,Petrol,Individual,Manual
0.8108108108108141,450000,0.010175152597633677,Diesel,Individual,Manual
0.8108108108108141,459999,0.033891332861108195,Diesel,Individual,Manual
0.7567567567567579,210000,0.04236427198812433,Diesel,Individual,Manual
0.8648648648648631,540000,0.03939874329366868,Petrol,Individual,Manual
0.9189189189189193,710000,0.021181924170583986,Diesel,Individual,Manual
0.9459459459459438,285000,0.009319809392761398,Petrol,Individual,Manual
0.9729729729729755,990000,0.008303056697519462,Diesel,Individual,Manual
0.9189189189189193,362000,0.04405885981352756,Petrol,Individual,Manual
0.9189189189189193,880000,0.013979925912620273,Diesel,Individual,Manual
0.9189189189189193,700000,0.025418393734092055,Diesel,Individual,Manual
0.8918918918918948,600000,0.025418393734092055,Diesel,Individual,Manual
0.8648648648648631,700000,0.01694545460707592,Petrol,Individual,Manual
0.8918918918918948,400000,0.025418393734092055,Diesel,Individual,Manual
0.7297297297297334,165000,0.033891332861108195,LPG,Individual,Manual
0.6486486486486527,350000,0.15946537448696352,Diesel,Individual,Manual
0.8378378378378386,425000,0.033891332861108195,Petrol,Individual,Manual
0.7837837837837824,180000,0.02965486329760012,Petrol,Individual,Manual
0.7837837837837824,170000,0.03812780242461626,Petrol,Individual,Manual
0.8378378378378386,370000,0.0775269693652413,Diesel,Individual,Manual
0.9459459459459438,800000,0.011438044174515433,Diesel,Individual,Manual
0.9189189189189193,900000,0.014827219825321886,Diesel,Individual,Manual
0.8108108108108141,390000,0.05083721111514047,Diesel,Individual,Manual
0.8378378378378386,445000,0.033891332861108195,Diesel,Individual,Manual
0.8108108108108141,275000,0.02330015895233802,LPG,Individual,Manual
0.7027027027027017,200000,0.05083721111514047,Diesel,Individual,Manual
0.7837837837837824,350000,0.030502157210301736,Petrol,Individual,Manual
0.8378378378378386,550000,0.10591131544074535,Diesel,Individual,Manual
0.8918918918918948,900000,0.04236427198812433,Diesel,Individual,Manual
0.8108108108108141,350000,0.05083721111514047,Diesel,Individual,Manual
0.8648648648648631,325000,0.021181924170583986,Petrol,Individual,Automatic
0.8378378378378386,455999,0.013556278956269466,Petrol,Individual,Manual
0.6756756756756772,129000,0.025418393734092055,Petrol,Individual,Manual
0.9189189189189193,254000,0.01694545460707592,Petrol,Individual,Manual
0.8378378378378386,570000,0.02033463025788237,Diesel,Individual,Manual
0.9459459459459438,840000,0.012708985043567853,Diesel,Individual,Manual
0.7297297297297334,235000,0.04236427198812433,Diesel,Individual,Manual
0.8918918918918948,700000,0.021181924170583986,Diesel,Individual,Manual
0.7297297297297334,140000,0.01694545460707592,Petrol,Individual,Manual
0.9459459459459438,528000,0.0021178111347976833,Petrol,Individual,Manual
0.9189189189189193,1500000,0.00508333982925333,Diesel,Individual,Manual
0.8918918918918948,560000,0.030502157210301736,Diesel,Individual,Manual
0.8918918918918948,600000,0.02965486329760012,Diesel,Individual,Manual
0.6486486486486527,102000,0.021181924170583986,Petrol,Individual,Manual
0.8378378378378386,750000,0.02965486329760012,Diesel,Individual,Manual
0.7297297297297334,148000,0.02965486329760012,Petrol,Individual,Manual
0.8648648648648631,650000,0.021181924170583986,Petrol,Individual,Manual
0.7837837837837824,310000,0.01694545460707592,Petrol,Individual,Manual
0.8378378378378386,480000,0.012708985043567853,Petrol,Individual,Manual
0.9459459459459438,320000,0.006354280698305751,Petrol,Individual,Manual
0.8648648648648631,750000,0.01694545460707592,Petrol,Individual,Manual
0.9189189189189193,370000,0.01694545460707592,Petrol,Individual,Manual
0.8108108108108141,320000,0.025418393734092055,Petrol,Individual,Manual
0.8108108108108141,420000,0.028383922428547703,Petrol,Individual,Manual
0.7297297297297334,240000,0.025418393734092055,Petrol,Individual,Manual
0.9189189189189193,220000,0.025418393734092055,Petrol,Individual,Manual
0.8918918918918948,350000,0.012708985043567853,Petrol,Individual,Manual
0.9459459459459438,675000,0.01694545460707592,Diesel,Individual,Manual
0.8918918918918948,434999,0.021181924170583986,Petrol,Individual,Manual
0.621621621621621,125000,0.084728967623205,Petrol,Individual,Automatic
0.8918918918918948,400000,0.005930633741954944,Petrol,Individual,Manual
0.8648648648648631,425000,0.02965486329760012,Diesel,Individual,Manual
0.7297297297297334,311000,0.03982239025001949,Diesel,Individual,Manual
0.8648648648648631,509999,0.08345802675415259,Diesel,Individual,Manual
0.8648648648648631,530000,0.033467685904757384,Diesel,Individual,Manual
0.6756756756756772,210000,0.05083721111514047,Diesel,Individual,Manual
0.9729729729729755,977000,0.012708985043567853,Diesel,Individual,Manual
0.9459459459459438,440000,0.007201574611007364,Petrol,Individual,Manual
0.9459459459459438,655000,0.008472515480059785,Petrol,Individual,Manual
0.8918918918918948,295000,0.025418393734092055,Petrol,Individual,Manual
0.6486486486486527,65000,0.02965486329760012,Petrol,Individual,Manual
0.9189189189189193,1200000,0.06354661980566467,Diesel,Individual,Manual
0.9189189189189193,1251000,0.014827219825321886,Diesel,Individual,Manual
0.8918918918918948,750000,0.01694545460707592,Diesel,Individual,Manual
0.9189189189189193,475000,0.024147452865039633,Petrol,Individual,Manual
0.7837837837837824,110000,0.05083721111514047,Diesel,Individual,Manual
0.9189189189189193,350000,0.012708985043567853,Petrol,Individual,Manual
0.8918918918918948,450000,0.07413779371443484,Diesel,Individual,Manual
0.7297297297297334,150000,0.03812780242461626,Diesel,Individual,Manual
0.7027027027027017,80000,0.046600741551632394,Diesel,Individual,Manual
0.8648648648648631,430000,0.014827219825321886,Petrol,Individual,Manual
0.9189189189189193,1450000,0.034314979817459,Diesel,Individual,Manual
0.9189189189189193,1445000,0.025418393734092055,Diesel,Individual,Automatic
0.8918918918918948,670000,0.025418393734092055,Diesel,Individual,Manual
0.8918918918918948,2000000,0.02965486329760012,Petrol,Individual,Automatic
0.7297297297297334,175000,0.03516227373016061,Petrol,Individual,Manual
0.8648648648648631,440000,0.021181924170583986,Diesel,Individual,Manual
0.9459459459459438,530000,0.02753662851584609,Petrol,Individual,Manual
0.8918918918918948,890000,0.01694545460707592,Diesel,Individual,Manual
0.9189189189189193,725000,0.014827219825321886,Petrol,Individual,Automatic
0.8918918918918948,700000,0.012708985043567853,Diesel,Individual,Manual
0.6486486486486527,90000,0.02965486329760012,Petrol,Individual,Manual
0.8648648648648631,287000,0.04236427198812433,Petrol,Individual,Manual
0.9459459459459438,1380000,0.02330015895233802,Petrol,Individual,Automatic
0.8108108108108141,750000,0.033891332861108195,Diesel,Individual,Manual
0.8918918918918948,650000,0.01694545460707592,Petrol,Individual,Manual
0.8108108108108141,240000,0.04614150825094812,Petrol,Individual,Manual
0.8108108108108141,290000,0.01694545460707592,Petrol,Individual,Manual
0.8378378378378386,229999,0.033891332861108195,Petrol,Individual,Manual
0.8918918918918948,1000000,0.021181924170583986,Diesel,Individual,Manual
0.7837837837837824,200000,0.03812780242461626,Petrol,Individual,Manual
0.567567567567572,90000,0.02965486329760012,Petrol,Individual,Manual
0.7837837837837824,330000,0.03812780242461626,Diesel,Individual,Manual
0.7027027027027017,200000,0.02965486329760012,Diesel,Individual,Manual
0.9459459459459438,420000,0.013132631999918659,Diesel,Individual,Manual
0.7027027027027017,260000,0.05083721111514047,Diesel,Individual,Manual
0.8918918918918948,590000,0.01694545460707592,Petrol,Individual,Manual
0.8648648648648631,545000,0.07625602849618887,Diesel,Individual,Manual
0.7567567567567579,210000,0.03812780242461626,Petrol,Individual,Manual
0.6756756756756772,185000,0.046600741551632394,Petrol,Individual,Manual
0.621621621621621,125000,0.024994746777741248,Petrol,Individual,Manual
0.5945945945945965,99000,0.03791597894644086,Petrol,Individual,Manual
0.5945945945945965,98000,0.02965486329760012,Petrol,Individual,Manual
0.7027027027027017,100000,0.08049249805969694,Diesel,Individual,Manual
0.8108108108108141,250000,0.07625602849618887,Diesel,Individual,Manual
0.7297297297297334,750000,0.06354661980566467,Diesel,Individual,Manual
0.6486486486486527,160000,0.05507368067864853,Diesel,Individual,Manual
0.8108108108108141,509999,0.05083721111514047,Diesel,Individual,Automatic
0.7027027027027017,95000,0.033891332861108195,Diesel,Individual,Manual
0.8378378378378386,525000,0.033891332861108195,Diesel,Individual,Manual
0.9189189189189193,278000,0.008472515480059785,Petrol,Individual,Manual
0.37837837837837895,50000,0.025418393734092055,Petrol,Individual,Manual
0.7567567567567579,254999,0.05083721111514047,Diesel,Individual,Manual
0.9729729729729755,675000,0.004236045916551717,Petrol,Individual,Manual
0.8918918918918948,600000,0.06227567893661225,Diesel,Individual,Manual
0.9459459459459438,950000,0.021605571126934793,Diesel,Individual,Manual
0.6486486486486527,229999,0.025418393734092055,Petrol,Individual,Manual
0.7027027027027017,600000,0.09320190675022114,Diesel,Individual,Manual
0.9189189189189193,330000,0.008472515480059785,Petrol,Individual,Manual
0.9189189189189193,350000,0.01694545460707592,Petrol,Individual,Manual
0.9189189189189193,440000,0.012708985043567853,Petrol,Individual,Manual
0.7567567567567579,220000,0.03812780242461626,Petrol,Individual,Manual
0.9189189189189193,750000,0.046600741551632394,Diesel,Individual,Manual
0.8648648648648631,800000,0.0593101502421566,Diesel,Individual,Manual
0.6486486486486527,59259,0.04405885981352756,Diesel,Individual,Manual
0.9459459459459438,740000,0.0038123989602009104,Petrol,Individual,Automatic
0.9729729729729755,570000,0.008048868523708978,Petrol,Individual,Automatic
0.9189189189189193,430000,0.008472515480059785,Petrol,Individual,Automatic
0.8918918918918948,800000,0.02965486329760012,Diesel,Individual,Manual
0.8648648648648631,450000,0.022452865039636408,Diesel,Individual,Manual
0.8108108108108141,420000,0.04448250676987836,Diesel,Individual,Manual
0.8648648648648631,750000,0.006777927654656558,Diesel,Individual,Manual
0.7567567567567579,320000,0.03262039199205577,Diesel,Individual,Manual
0.9189189189189193,690000,0.01694545460707592,Diesel,Individual,Manual
0.9189189189189193,620000,0.021181924170583986,Petrol,Individual,Manual
0.8648648648648631,300000,0.03600956764286223,LPG,Individual,Manual
0.8918918918918948,370000,0.02457109982139044,Petrol,Individual,Manual
0.8108108108108141,770000,0.03600956764286223,Diesel,Individual,Manual
0.8378378378378386,500000,0.02753662851584609,Petrol,Individual,Manual
0.9189189189189193,450000,0.05083721111514047,Diesel,Individual,Manual
0.8108108108108141,195000,0.021181924170583986,Petrol,Individual,Manual
0.9459459459459438,472000,0.012708985043567853,Petrol,Individual,Automatic
0.8378378378378386,250000,0.02457109982139044,Petrol,Individual,Manual
0.7567567567567579,165000,0.02965486329760012,Diesel,Individual,Manual
0.9459459459459438,525000,0.046600741551632394,Diesel,Individual,Manual
0.5405405405405403,145000,0.02753662851584609,Petrol,Individual,Manual
0.8108108108108141,325000,0.04236427198812433,Diesel,Individual,Manual
0.9189189189189193,660000,0.025418393734092055,Diesel,Individual,Manual
0.8378378378378386,310000,0.03812780242461626,Diesel,Individual,Manual
0.6756756756756772,250000,0.084728967623205,Diesel,Individual,Manual
0.8378378378378386,330000,0.04236427198812433,Diesel,Individual,Manual
0.7837837837837824,250000,0.033891332861108195,Diesel,Individual,Manual
0.9189189189189193,650000,0.025418393734092055,Diesel,Individual,Automatic
0.8918918918918948,305000,0.01694545460707592,Petrol,Individual,Manual
0.8648648648648631,600000,0.021181924170583986,Diesel,Individual,Manual
0.8648648648648631,280000,0.046600741551632394,Petrol,Individual,Manual
0.7567567567567579,153000,0.021181924170583986,Diesel,Individual,Manual
0.9459459459459438,700000,0.012708985043567853,Diesel,Individual,Manual
0.9189189189189193,325000,0.01694545460707592,Petrol,Individual,Manual
0.8918918918918948,305000,0.01694545460707592,Petrol,Individual,Manual
0.621621621621621,155000,0.02965486329760012,Petrol,Individual,Manual
0.7837837837837824,235000,0.033891332861108195,Petrol,Individual,Manual
0.5945945945945965,60000,0.04236427198812433,Diesel,Individual,Manual
0.8918918918918948,500000,0.006354280698305751,Petrol,Individual,Manual
0.567567567567572,120000,0.06354661980566467,Diesel,Individual,Manual
0.8918918918918948,675000,0.037280508511914646,Diesel,Dealer,Automatic
0.8378378378378386,950000,0.033891332861108195,Diesel,Dealer,Manual
0.9459459459459438,1051000,0.025361201394984694,Diesel,Dealer,Manual
0.8648648648648631,585000,0.030502157210301736,Diesel,Dealer,Manual
0.9189189189189193,1025000,0.02886687995878762,Petrol,Dealer,Automatic
0.8378378378378386,450000,0.02253335796134306,Diesel,Dealer,Manual
0.9459459459459438,650000,0.0202181273448859,Diesel,Dealer,Manual
0.7567567567567579,195000,0.03278773253981434,Diesel,Dealer,Manual
0.9729729729729755,1000000,0.007201574611007364,Diesel,Dealer,Manual
0.8108108108108141,650000,0.02711298155949528,Diesel,Dealer,Automatic
0.8378378378378386,190000,0.03148544179599196,Diesel,Dealer,Manual
0.8108108108108141,409999,0.03399088989585063,Diesel,Dealer,Manual
0.8918918918918948,1050000,0.0326839390355084,Diesel,Dealer,Automatic
0.8648648648648631,651000,0.029231216341249314,Diesel,Dealer,Automatic
0.8648648648648631,650000,0.024147452865039633,Diesel,Dealer,Manual
0.9189189189189193,750000,0.03770415546826546,Diesel,Dealer,Manual
0.7837837837837824,799000,0.025884405386077943,Diesel,Dealer,Automatic
0.7297297297297334,355000,0.04914262328973724,Diesel,Individual,Manual
0.8648648648648631,600000,0.033891332861108195,Diesel,Individual,Manual
0.9459459459459438,685000,0.011014397218164626,Diesel,Individual,Manual
0.9459459459459438,509999,0.04236427198812433,Diesel,Individual,Manual
0.7837837837837824,150000,0.03486572086071505,CNG,Individual,Manual
0.9189189189189193,650000,0.03475980912162735,Diesel,Individual,Manual
0.7837837837837824,400000,0.03156127460117875,Diesel,Individual,Manual
0.7837837837837824,675000,0.05083721111514047,Diesel,Individual,Manual
0.9459459459459438,319000,0.012708985043567853,Petrol,Individual,Automatic
0.9189189189189193,650000,0.012708985043567853,Petrol,Individual,Manual
0.8648648648648631,650000,0.02965486329760012,Diesel,Individual,Manual
0.7297297297297334,155000,0.02965486329760012,CNG,Individual,Manual
0.8648648648648631,650000,0.02965486329760012,Diesel,Individual,Manual
0.6756756756756772,175000,0.05083721111514047,Diesel,Individual,Manual
0.8378378378378386,375000,0.032196745035704966,Diesel,Individual,Manual
0.8378378378378386,430000,0.033891332861108195,Diesel,Individual,Manual
0.6756756756756772,65000,0.046600741551632394,Diesel,Individual,Manual
0.7027027027027017,150000,0.02965486329760012,Petrol,Individual,Manual
0.9729729729729755,620000,0.0055069867856041375,Petrol,Individual,Manual
0.8108108108108141,250000,0.025418393734092055,Petrol,Individual,Manual
0.7567567567567579,275000,0.06990132415092677,Diesel,Individual,Manual
0.8108108108108141,454000,0.05083721111514047,Diesel,Individual,Manual
0.9189189189189193,600000,0.012708985043567853,Diesel,Individual,Manual
0.7567567567567579,400000,0.04236427198812433,Diesel,Individual,Manual
0.6486486486486527,180000,0.07922155719064451,Diesel,Individual,Manual
0.8918918918918948,750000,0.02965486329760012,Diesel,Individual,Manual
0.8918918918918948,500000,0.01694545460707592,Petrol,Individual,Manual
0.9189189189189193,2825000,0.009319809392761398,Diesel,Dealer,Automatic
1.0,2125000,0.0023296346129730865,Diesel,Dealer,Manual
0.9459459459459438,3350000,0.0076252215673581715,Diesel,Dealer,Automatic
0.9729729729729755,840000,0.0006350467875698593,Petrol,Individual,Automatic
0.8648648648648631,1000000,0.01948733634518076,Diesel,Individual,Manual
0.9189189189189193,740000,0.010336562088003334,Diesel,Individual,Manual
0.9459459459459438,1290000,0.01266619670097642,Diesel,Dealer,Automatic
0.9459459459459438,1800000,0.008472515480059785,Diesel,Dealer,Automatic
1.0,775000,0.0008468702657452627,Petrol,Dealer,Manual
0.9189189189189193,695000,0.014403572868971079,Diesel,Dealer,Manual
0.9459459459459438,730000,0.013132631999918659,Petrol,Dealer,Automatic
0.8918918918918948,1295000,0.01948733634518076,Diesel,Dealer,Automatic
0.8918918918918948,1160000,0.05126085807149127,Diesel,Dealer,Automatic
0.9189189189189193,3300000,0.025418393734092055,Diesel,Dealer,Automatic
0.9459459459459438,540000,0.0029651050474992966,Petrol,Dealer,Manual
0.8918918918918948,434999,0.004236045916551717,Petrol,Dealer,Automatic
0.9459459459459438,4600000,0.0025414580911484897,Diesel,Dealer,Automatic
0.9459459459459438,910000,0.008472515480059785,Diesel,Dealer,Manual
0.8648648648648631,850000,0.025094303812483686,Diesel,Dealer,Manual
0.9729729729729755,5800000,0.00889616243641059,Diesel,Dealer,Automatic
0.8378378378378386,520000,0.02033463025788237,Diesel,Individual,Manual
0.9459459459459438,650000,0.04829532937703562,Diesel,Individual,Manual
0.7567567567567579,430000,0.05083721111514047,Diesel,Individual,Manual
0.8108108108108141,360000,0.06100473806755983,Diesel,Individual,Manual
0.8108108108108141,350000,0.06100473806755983,Diesel,Individual,Manual
0.8648648648648631,950000,0.08049249805969694,Diesel,Individual,Manual
0.9729729729729755,690000,0.008472515480059785,Diesel,Individual,Manual
0.9189189189189193,860000,0.01694545460707592,Diesel,Individual,Manual
0.7837837837837824,371000,0.04236427198812433,Diesel,Individual,Manual
0.6756756756756772,45000,0.025418393734092055,Diesel,Individual,Manual
0.621621621621621,55000,0.08515261457955581,Diesel,Individual,Manual
0.8378378378378386,495000,0.03271147608767119,Diesel,Individual,Manual
0.5945945945945965,170000,0.021181924170583986,Petrol,Individual,Manual
0.8648648648648631,671000,0.020431221763930356,Petrol,Dealer,Manual
0.9189189189189193,693000,0.02480791846999054,Diesel,Dealer,Manual
0.7297297297297334,352000,0.03057799001548853,Diesel,Dealer,Manual
0.8918918918918948,802999,0.021544565965220277,Diesel,Dealer,Manual
0.9189189189189193,890000,0.0077523156542634135,Petrol,Individual,Manual
0.8648648648648631,495000,0.025118451688995683,Diesel,Dealer,Manual
0.9459459459459438,545000,0.004236045916551717,Petrol,Dealer,Automatic
0.9459459459459438,775000,0.008958438538994161,Petrol,Dealer,Automatic
0.9729729729729755,1450000,0.004236045916551717,Diesel,Individual,Manual
0.9459459459459438,790000,0.006777927654656558,Diesel,Dealer,Automatic
0.9189189189189193,1789999,0.015250866781672694,Diesel,Dealer,Manual
0.9189189189189193,620000,0.015674513738023498,Petrol,Dealer,Manual
0.8918918918918948,375000,0.025915331613891552,Diesel,Dealer,Manual
0.8918918918918948,595000,0.03275638266504438,Diesel,Dealer,Manual
0.8918918918918948,2450000,0.012708985043567853,Diesel,Dealer,Automatic
0.8378378378378386,850000,0.03177309807935416,Diesel,Dealer,Manual
0.9189189189189193,750000,0.021605571126934793,Petrol,Dealer,Automatic
0.9459459459459438,775000,0.007201574611007364,Petrol,Dealer,Manual
0.6756756756756772,260000,0.04236427198812433,Diesel,Individual,Manual
0.8108108108108141,2000000,0.014827219825321886,Diesel,Individual,Automatic
0.9189189189189193,300000,0.004236045916551717,Petrol,Individual,Manual
0.8918918918918948,1300000,0.038791657205217975,Diesel,Individual,Automatic
0.9189189189189193,380000,0.021181924170583986,Petrol,Individual,Manual
0.9189189189189193,480000,0.025418393734092055,Petrol,Individual,Manual
0.8918918918918948,240000,0.014827219825321886,Petrol,Individual,Manual
0.8378378378378386,500000,0.014149384695160595,Petrol,Individual,Manual
0.8648648648648631,420000,0.015250866781672694,Petrol,Individual,Manual
0.7837837837837824,110000,0.033891332861108195,Petrol,Individual,Manual
0.6486486486486527,120000,0.05083721111514047,Petrol,Individual,Manual
0.9189189189189193,700000,0.033891332861108195,Diesel,Individual,Automatic
0.9459459459459438,550000,0.05083721111514047,Diesel,Individual,Manual
0.8378378378378386,190000,0.046600741551632394,Diesel,Individual,Manual
0.9459459459459438,665000,0.02965486329760012,Diesel,Individual,Manual
0.7837837837837824,340000,0.039265718149374525,Diesel,Dealer,Manual
0.7027027027027017,330000,0.07625602849618887,Diesel,Individual,Manual
0.7837837837837824,270000,0.033891332861108195,Diesel,Individual,Manual
0.8648648648648631,1044999,0.02965486329760012,Diesel,Individual,Automatic
0.7027027027027017,279000,0.04956627024608804,Diesel,Individual,Manual
0.9459459459459438,620000,0.006354280698305751,Petrol,Individual,Manual
0.7837837837837824,475000,0.03516227373016061,Petrol,Individual,Automatic
0.8918918918918948,750000,0.028638110602358186,Diesel,Individual,Automatic
0.8648648648648631,1250000,0.06778308936917274,Diesel,Individual,Manual
0.8378378378378386,250000,0.033891332861108195,Petrol,Individual,Manual
0.8108108108108141,445000,0.04236427198812433,Diesel,Individual,Manual
0.7297297297297334,400000,0.04236427198812433,Diesel,Individual,Manual
0.7297297297297334,350000,0.03812780242461626,Diesel,Individual,Manual
0.7837837837837824,295000,0.0593101502421566,Diesel,Individual,Manual
0.9459459459459438,600000,0.010590750261813818,Petrol,Individual,Manual
0.9459459459459438,1650000,0.008472515480059785,Diesel,Individual,Manual
0.7837837837837824,100000,0.012708985043567853,Petrol,Individual,Manual
0.9459459459459438,690000,0.0055069867856041375,Petrol,Individual,Manual
0.9459459459459438,710000,0.01779274851977753,Petrol,Individual,Manual
0.7837837837837824,220000,0.0055069867856041375,Petrol,Individual,Manual
0.9729729729729755,700000,0.0027532815693238934,Petrol,Individual,Manual
0.8108108108108141,198000,0.020970100692408584,Petrol,Individual,Manual
0.7567567567567579,350000,0.021181924170583986,Diesel,Individual,Manual
0.7567567567567579,210000,0.07413779371443484,Diesel,Individual,Manual
0.7567567567567579,210000,0.07413779371443484,Diesel,Individual,Manual
0.5405405405405403,70000,0.05083721111514047,Petrol,Individual,Manual
0.8378378378378386,375000,0.046600741551632394,Diesel,Individual,Manual
0.7837837837837824,380000,0.04746837051823885,Petrol,Individual,Manual
0.7297297297297334,360000,0.04151697807542271,Petrol,Individual,Manual
0.8648648648648631,944999,0.017369101563426727,Diesel,Individual,Manual
0.8918918918918948,620000,0.05083721111514047,Diesel,Individual,Manual
0.9459459459459438,780000,0.04914262328973724,Diesel,Individual,Manual
1.0,445000,0.000423223309394456,Petrol,Individual,Manual
0.9459459459459438,575000,0.006354280698305751,Petrol,Individual,Automatic
0.9459459459459438,975000,0.0021178111347976833,Diesel,Individual,Manual
0.9729729729729755,450000,0.001482340700271473,Petrol,Individual,Manual
0.7027027027027017,198000,0.038551449380967065,Petrol,Individual,Manual
0.9189189189189193,495000,0.023723805908688826,Diesel,Individual,Manual
0.8108108108108141,830000,0.0910836719684671,Diesel,Individual,Manual
0.7837837837837824,800000,0.01694545460707592,Diesel,Individual,Manual
0.7297297297297334,300000,0.02965486329760012,Diesel,Individual,Manual
0.8108108108108141,300000,0.05083721111514047,Diesel,Individual,Manual
0.5405405405405403,200000,0.05083721111514047,Diesel,Individual,Manual
0.9189189189189193,480000,0.012878443826108175,Petrol,Dealer,Manual
0.9189189189189193,840000,0.012982660977370475,Petrol,Dealer,Manual
0.9189189189189193,800000,0.006354280698305751,Diesel,Individual,Manual
0.9189189189189193,750000,0.021181924170583986,Diesel,Individual,Manual
0.9189189189189193,254999,0.014403572868971079,Petrol,Individual,Manual
0.8918918918918948,725000,0.022876511995987215,Diesel,Individual,Manual
0.8918918918918948,1859000,0.01694545460707592,Diesel,Individual,Automatic
0.7837837837837824,145000,0.05083721111514047,Petrol,Individual,Manual
0.9459459459459438,750000,0.006354280698305751,Petrol,Individual,Manual
0.9189189189189193,655000,0.021181924170583986,Diesel,Individual,Automatic
0.7567567567567579,210000,0.03558592068651142,Diesel,Individual,Manual
0.7567567567567579,450000,0.021181924170583986,Petrol,Individual,Manual
0.9729729729729755,466000,0.010590750261813818,Petrol,Individual,Automatic
0.9459459459459438,624000,0.0062191373192298435,Diesel,Dealer,Manual
0.8648648648648631,580000,0.0220292180832856,Diesel,Individual,Manual
0.9729729729729755,430000,0.007837045045533574,Petrol,Individual,Manual
0.7837837837837824,155000,0.021181924170583986,Diesel,Individual,Manual
0.9189189189189193,240000,0.014827219825321886,Petrol,Individual,Manual
0.8918918918918948,540000,0.006566104176481154,Petrol,Individual,Manual
0.8108108108108141,250000,0.05083721111514047,Diesel,Individual,Manual
0.7837837837837824,260000,0.025418393734092055,Diesel,Individual,Manual
0.7567567567567579,550000,0.033891332861108195,Diesel,Individual,Manual
0.8378378378378386,550000,0.018221055592648198,Petrol,Dealer,Manual
0.8648648648648631,600000,0.05761556241675337,Diesel,Individual,Manual
0.9189189189189193,550000,0.006354280698305751,Diesel,Individual,Manual
0.6756756756756772,250000,0.04236427198812433,Petrol,Individual,Manual
0.5945945945945965,125000,0.02965486329760012,Petrol,Individual,Manual
0.7297297297297334,200000,0.046600741551632394,Diesel,Individual,Manual
0.4324324324324351,150000,0.0838816737105034,Diesel,Individual,Manual
0.7297297297297334,290000,0.02753662851584609,Petrol,Individual,Manual
0.5135135135135158,95000,0.03812780242461626,Petrol,Individual,Manual
0.9459459459459438,889000,0.008472515480059785,Diesel,Individual,Manual
0.8918918918918948,400000,0.025418393734092055,Petrol,Individual,Manual
0.9459459459459438,390000,0.005557824420366234,Petrol,Individual,Manual
0.9189189189189193,1550000,0.037068685033739245,Diesel,Individual,Manual
0.8378378378378386,600000,0.0529554458968945,Diesel,Individual,Manual
0.9459459459459438,800000,0.010590750261813818,Petrol,Individual,Automatic
0.8108108108108141,600000,0.05083721111514047,Diesel,Individual,Manual
0.8648648648648631,795000,0.014827219825321886,Petrol,Individual,Manual
0.8918918918918948,735000,0.010590750261813818,Diesel,Individual,Manual
0.5945945945945965,250000,0.05083721111514047,Diesel,Individual,Manual
0.9459459459459438,400000,0.010590750261813818,Petrol,Individual,Automatic
0.5945945945945965,130000,0.033467685904757384,Diesel,Individual,Manual
0.8648648648648631,600000,0.0529554458968945,Diesel,Individual,Manual
0.8378378378378386,395000,0.0593101502421566,Diesel,Individual,Manual
0.7567567567567579,450000,0.046600741551632394,Petrol,Individual,Manual
0.9459459459459438,700000,0.010590750261813818,Petrol,Individual,Manual
0.8648648648648631,1000000,0.01948733634518076,Diesel,Individual,Manual
1.0,500000,0.000423223309394456,Petrol,Individual,Manual
0.6486486486486527,125000,0.025418393734092055,Petrol,Individual,Manual
0.8648648648648631,690000,0.033891332861108195,Diesel,Individual,Manual
0.8108108108108141,170000,0.046600741551632394,Petrol,Individual,Manual
0.7297297297297334,275000,0.046600741551632394,Diesel,Individual,Manual
0.6486486486486527,500000,0.084728967623205,Diesel,Individual,Manual
0.8108108108108141,950000,0.033891332861108195,Diesel,Individual,Manual
0.9729729729729755,802999,0.010167103305463011,Diesel,Individual,Manual
0.8108108108108141,470000,0.06354661980566467,Diesel,Individual,Manual
0.8648648648648631,300000,0.025418393734092055,Petrol,Individual,Manual
0.8378378378378386,600000,0.04914262328973724,Diesel,Individual,Manual
0.8108108108108141,275000,0.0441859539004328,Diesel,Individual,Manual
0.9459459459459438,700000,0.012708985043567853,Diesel,Individual,Manual
0.8378378378378386,3250000,0.013979925912620273,Diesel,Individual,Automatic
1.0,800000,0.010590750261813818,Diesel,Individual,Manual
0.8378378378378386,2200000,0.025418393734092055,Diesel,Individual,Automatic
0.6486486486486527,245000,0.05126085807149127,Diesel,Individual,Manual
0.7297297297297334,310000,0.05083721111514047,Diesel,Individual,Manual
0.6486486486486527,245000,0.05083721111514047,Diesel,Individual,Manual
0.7567567567567579,450000,0.046600741551632394,Petrol,Individual,Manual
0.8108108108108141,850000,0.03558592068651142,Diesel,Individual,Automatic
0.567567567567572,325000,0.05083721111514047,Petrol,Individual,Automatic
0.8108108108108141,409999,0.04236427198812433,Diesel,Individual,Manual
0.9459459459459438,5500000,0.021181924170583986,Diesel,Individual,Automatic
0.8648648648648631,1000000,0.031137627644827946,Diesel,Individual,Manual
0.8918918918918948,590000,0.014403572868971079,Diesel,Individual,Manual
0.9729729729729755,1200000,0.009743456349112205,Diesel,Individual,Manual
0.6756756756756772,175000,0.06905403023822515,Diesel,Individual,Manual
0.7567567567567579,300000,0.050413564158789656,Diesel,Individual,Manual
0.9189189189189193,2175000,0.021181924170583986,Diesel,Individual,Automatic
0.9729729729729755,1110000,0.00444786939472712,Diesel,Individual,Manual
0.45945945945945965,150000,0.11862072413126955,Diesel,Individual,Manual
0.8108108108108141,325000,0.0656648545874187,Diesel,Individual,Manual
0.7297297297297334,325000,0.06905403023822515,Diesel,Individual,Manual
0.6756756756756772,280000,0.03177309807935416,Petrol,Individual,Manual
0.6756756756756772,160000,0.023723805908688826,Petrol,Individual,Manual
0.8918918918918948,765000,0.033891332861108195,Diesel,Individual,Manual
0.8378378378378386,640000,0.05083721111514047,Diesel,Individual,Manual
0.6486486486486527,65000,0.05083721111514047,Diesel,Individual,Manual
0.6486486486486527,195000,0.07413779371443484,Diesel,Individual,Manual
0.9189189189189193,295000,0.006354280698305751,Petrol,Individual,Manual
0.7837837837837824,625000,0.04236427198812433,Diesel,Individual,Manual
0.7027027027027017,160000,0.033891332861108195,Petrol,Individual,Manual
0.8648648648648631,330000,0.03558592068651142,Petrol,Individual,Manual
0.7297297297297334,180000,0.021181924170583986,Petrol,Individual,Manual
0.5405405405405403,70000,0.021181924170583986,Petrol,Individual,Manual
0.7837837837837824,150000,0.014827219825321886,Petrol,Individual,Manual
0.7567567567567579,300000,0.012708985043567853,Petrol,Individual,Manual
0.9459459459459438,730000,0.0010112452848093758,Petrol,Individual,Manual
0.9189189189189193,650000,0.006862657045926719,Diesel,Individual,Manual
0.9729729729729755,330000,0.004236045916551717,CNG,Individual,Manual
0.9729729729729755,366000,0.006354280698305751,Petrol,Individual,Manual
0.9729729729729755,1149000,0.0021178111347976833,Petrol,Individual,Manual
0.8918918918918948,150000,0.01779274851977753,Petrol,Individual,Manual
0.8108108108108141,187000,0.05083721111514047,Petrol,Individual,Manual
0.7567567567567579,425000,0.025418393734092055,Diesel,Individual,Manual
0.7837837837837824,150000,0.032196745035704966,Petrol,Individual,Manual
0.9459459459459438,620000,0.006354280698305751,Petrol,Individual,Manual
0.6486486486486527,250000,0.04236427198812433,Diesel,Individual,Manual
0.7837837837837824,475000,0.03516227373016061,Petrol,Individual,Automatic
0.8918918918918948,750000,0.028638110602358186,Diesel,Individual,Automatic
0.8648648648648631,1250000,0.06778308936917274,Diesel,Individual,Manual
0.8378378378378386,250000,0.033891332861108195,Petrol,Individual,Manual
0.8108108108108141,445000,0.04236427198812433,Diesel,Individual,Manual
0.7297297297297334,400000,0.04236427198812433,Diesel,Individual,Manual
0.7297297297297334,350000,0.03812780242461626,Diesel,Individual,Manual
0.7837837837837824,295000,0.0593101502421566,Diesel,Individual,Manual
0.9459459459459438,600000,0.010590750261813818,Petrol,Individual,Manual
0.9459459459459438,1650000,0.008472515480059785,Diesel,Individual,Manual
0.7837837837837824,100000,0.012708985043567853,Petrol,Individual,Manual
0.9459459459459438,690000,0.0055069867856041375,Petrol,Individual,Manual
0.9459459459459438,710000,0.01779274851977753,Petrol,Individual,Manual
0.9459459459459438,350000,0.004236045916551717,Petrol,Individual,Manual
0.7837837837837824,220000,0.0055069867856041375,Petrol,Individual,Manual
0.9729729729729755,700000,0.0027532815693238934,Petrol,Individual,Manual
0.8108108108108141,198000,0.020970100692408584,Petrol,Individual,Manual
0.7567567567567579,350000,0.021181924170583986,Diesel,Individual,Manual
0.8918918918918948,650000,0.014827219825321886,Petrol,Individual,Manual
0.8648648648648631,380000,0.05083721111514047,Diesel,Individual,Manual
0.8378378378378386,360000,0.021181924170583986,Petrol,Individual,Manual
0.7837837837837824,385000,0.04914262328973724,Petrol,Individual,Manual
0.7837837837837824,590000,0.046600741551632394,Diesel,Individual,Manual
0.8108108108108141,750000,0.02965486329760012,Diesel,Individual,Manual
0.7567567567567579,254999,0.04236427198812433,Diesel,Individual,Manual
0.8648648648648631,499000,0.008472515480059785,Petrol,Individual,Manual
0.9459459459459438,730000,0.025418393734092055,Diesel,Individual,Automatic
0.8918918918918948,650000,0.012708985043567853,Diesel,Individual,Manual
0.7837837837837824,220000,0.03177309807935416,Diesel,Individual,Manual
0.621621621621621,229999,0.046600741551632394,Petrol,Individual,Manual
0.621621621621621,215000,0.03812780242461626,Petrol,Individual,Manual
0.567567567567572,110000,0.05083721111514047,Petrol,Individual,Manual
0.7027027027027017,152000,0.02033463025788237,Diesel,Individual,Manual
1.0,600000,0.0021178111347976833,Petrol,Individual,Automatic
0.8918918918918948,620000,0.05083721111514047,Diesel,Individual,Manual
0.9459459459459438,780000,0.04914262328973724,Diesel,Individual,Manual
0.9459459459459438,575000,0.006354280698305751,Petrol,Individual,Automatic
0.9459459459459438,975000,0.0021178111347976833,Diesel,Individual,Manual
0.9729729729729755,450000,0.001482340700271473,Petrol,Individual,Manual
0.8648648648648631,480000,0.033891332861108195,Diesel,Individual,Manual
0.6756756756756772,110000,0.02062101560037552,Petrol,Individual,Manual
0.621621621621621,105000,0.025418393734092055,Petrol,Individual,Manual
0.9459459459459438,5830000,0.012708985043567853,Diesel,Individual,Automatic
0.8378378378378386,415000,0.030502157210301736,Petrol,Dealer,Manual
0.8648648648648631,475000,0.021605571126934793,Petrol,Dealer,Manual
0.9189189189189193,525000,0.012285338087217046,Petrol,Dealer,Manual
0.8648648648648631,365000,0.011861691130866239,Petrol,Dealer,Manual
0.7567567567567579,375000,0.04109333111907191,Diesel,Dealer,Manual
0.9459459459459438,765000,0.024994746777741248,Diesel,Dealer,Manual
0.9729729729729755,770000,0.011438044174515433,Diesel,Individual,Manual
0.9459459459459438,350000,0.012708985043567853,Petrol,Individual,Manual
0.8648648648648631,875000,0.02965486329760012,Diesel,Individual,Manual
0.8378378378378386,780000,0.029231216341249314,Diesel,Dealer,Manual
0.9459459459459438,990000,0.006354280698305751,Diesel,Individual,Manual
0.9729729729729755,800000,0.01512377269476745,Diesel,Dealer,Manual
0.7837837837837824,350000,0.05083721111514047,Diesel,Individual,Manual
0.8108108108108141,325000,0.05083721111514047,Diesel,Individual,Manual
0.8108108108108141,360000,0.033891332861108195,Diesel,Individual,Manual
0.7297297297297334,148000,0.05083721111514047,Petrol,Individual,Manual
0.9189189189189193,670000,0.015250866781672694,Diesel,Individual,Manual
0.8378378378378386,430999,0.05083721111514047,Diesel,Individual,Manual
0.9189189189189193,260000,0.0038123989602009104,Petrol,Individual,Manual
0.7837837837837824,70000,0.021181924170583986,Petrol,Individual,Manual
0.9729729729729755,300000,0.014827219825321886,Petrol,Individual,Manual
0.7567567567567579,150000,0.05507368067864853,Diesel,Individual,Manual
0.7297297297297334,260000,0.02965486329760012,Diesel,Individual,Manual
0.9459459459459438,700000,0.014827219825321886,Petrol,Individual,Manual
0.7837837837837824,415000,0.033891332861108195,Petrol,Individual,Manual
0.6756756756756772,260000,0.05083721111514047,Diesel,Individual,Manual
0.7567567567567579,70000,0.033891332861108195,Petrol,Individual,Manual
0.8648648648648631,515000,0.012708985043567853,Petrol,Individual,Manual
0.8918918918918948,803999,0.025418393734092055,Diesel,Individual,Manual
0.6486486486486527,275000,0.084728967623205,Diesel,Individual,Manual
0.9189189189189193,934000,0.04278791894447514,Diesel,Individual,Manual
0.6486486486486527,210000,0.046600741551632394,Diesel,Individual,Manual
0.7567567567567579,650000,0.10591131544074535,Diesel,Individual,Manual
0.7837837837837824,550000,0.03134945112300335,Diesel,Individual,Manual
0.7297297297297334,285000,0.11226601978600745,Diesel,Individual,Manual
0.8648648648648631,700000,0.009616362262206963,Petrol,Individual,Manual
0.8918918918918948,525000,0.019063689388829953,Petrol,Individual,Manual
0.7567567567567579,250000,0.015250866781672694,Petrol,Individual,Manual
0.8648648648648631,575000,0.024147452865039633,Diesel,Individual,Manual
0.9459459459459438,540000,0.013979925912620273,Diesel,Individual,Manual
0.7837837837837824,560000,0.024994746777741248,Petrol,Individual,Manual
0.7837837837837824,380000,0.084728967623205,Diesel,Individual,Manual
0.7567567567567579,240000,0.033891332861108195,Petrol,Individual,Manual
0.7837837837837824,300000,0.02965486329760012,LPG,Individual,Manual
0.9459459459459438,280000,0.021181924170583986,Petrol,Individual,Manual
0.7567567567567579,350000,0.04998991720243885,Diesel,Individual,Manual
0.8378378378378386,110000,0.10591131544074535,Diesel,Individual,Manual
0.9459459459459438,980000,0.008472515480059785,Diesel,Individual,Manual
0.9459459459459438,969999,0.009265158935392145,Diesel,Individual,Manual
0.8918918918918948,357000,0.05083721111514047,Diesel,Individual,Manual
0.8378378378378386,280000,0.04236427198812433,Diesel,Individual,Manual
0.7837837837837824,430000,0.021181924170583986,Diesel,Individual,Manual
0.8378378378378386,217000,0.021181924170583986,Diesel,Individual,Manual
0.8918918918918948,525000,0.033891332861108195,Diesel,Individual,Manual
0.9459459459459438,500000,0.010590750261813818,Petrol,Individual,Manual
0.9729729729729755,1000000,0.025418393734092055,Diesel,Individual,Manual
0.9189189189189193,316000,0.010590750261813818,Petrol,Individual,Manual
0.9459459459459438,350000,0.021181924170583986,Petrol,Individual,Manual
0.9459459459459438,950000,0.005930633741954944,Diesel,Individual,Manual
0.5945945945945965,45000,0.023480208908787114,Petrol,Individual,Manual
0.8108108108108141,475000,0.032196745035704966,Diesel,Individual,Manual
1.0,3200000,0.0012705172220960695,Diesel,Individual,Automatic
0.8918918918918948,600000,0.058886503285805795,Diesel,Individual,Manual
0.8378378378378386,430000,0.04236427198812433,Petrol,Individual,Manual
0.8648648648648631,965000,0.025418393734092055,Diesel,Individual,Manual
0.8108108108108141,395000,0.014827219825321886,Petrol,Individual,Automatic
0.6756756756756772,150000,0.05083721111514047,Diesel,Individual,Manual
0.8108108108108141,700000,0.01595369708225868,Diesel,Individual,Manual
0.7837837837837824,250000,0.03770415546826546,Diesel,Individual,Manual
0.8108108108108141,680000,0.015886337216198903,Diesel,Individual,Manual
0.9459459459459438,500000,0.0021178111347976833,Petrol,Individual,Automatic
0.8108108108108141,420000,0.00889616243641059,Petrol,Individual,Manual
0.9189189189189193,290000,0.004236045916551717,Petrol,Individual,Manual
0.9189189189189193,750000,0.012708985043567853,Diesel,Individual,Manual
0.8648648648648631,300000,0.008387786088789623,Petrol,Individual,Manual
0.7567567567567579,250000,0.03812780242461626,Diesel,Individual,Manual
0.8378378378378386,335000,0.01399390626217985,Petrol,Dealer,Manual
0.8648648648648631,465000,0.026716024361394575,Petrol,Dealer,Automatic
0.6486486486486527,100000,0.02965486329760012,Petrol,Individual,Manual
0.6486486486486527,100000,0.033891332861108195,Petrol,Individual,Manual
0.8108108108108141,550000,0.05083721111514047,Diesel,Individual,Manual
0.7837837837837824,341000,0.05083721111514047,Diesel,Individual,Manual
0.9189189189189193,600000,0.021181924170583986,Diesel,Individual,Manual
0.6756756756756772,75527,0.033891332861108195,Petrol,Individual,Manual
0.8378378378378386,215000,0.04236427198812433,Diesel,Individual,Manual
0.9189189189189193,650000,0.025418393734092055,Diesel,Individual,Manual
0.9189189189189193,900000,0.021181924170583986,Diesel,Individual,Manual
0.8378378378378386,500000,0.007201574611007364,Petrol,Individual,Manual
0.9189189189189193,550000,0.01948733634518076,Petrol,Individual,Manual
0.8648648648648631,475000,0.025418393734092055,Diesel,Individual,Manual
0.621621621621621,65000,0.0838816737105034,Petrol,Individual,Manual
0.8648648648648631,425000,0.025418393734092055,Diesel,Individual,Manual
0.7837837837837824,476999,0.03812780242461626,Diesel,Individual,Manual
0.7567567567567579,150000,0.01694545460707592,Petrol,Individual,Manual
0.7297297297297334,190000,0.033891332861108195,Petrol,Individual,Manual
0.5405405405405403,100000,0.06947767719457597,Petrol,Individual,Manual
0.7567567567567579,400000,0.02965486329760012,Diesel,Individual,Manual
0.8918918918918948,1350000,0.03134945112300335,Petrol,Dealer,Automatic
0.9729729729729755,5150000,0.008472515480059785,Petrol,Dealer,Automatic
0.9189189189189193,3200000,0.019063689388829953,Diesel,Dealer,Automatic
0.9189189189189193,4100000,0.007201574611007364,Petrol,Individual,Automatic
0.9459459459459438,900000,0.00508333982925333,Diesel,Dealer,Manual
0.8918918918918948,2000000,0.02884527396401373,Petrol,Trustmark Dealer,Automatic
0.8918918918918948,550000,0.023933087505126127,Petrol,Trustmark Dealer,Manual
0.8108108108108141,750000,0.03360664210644045,Diesel,Trustmark Dealer,Manual
0.9729729729729755,779000,0.0029786617501025227,Petrol,Trustmark Dealer,Automatic
0.9459459459459438,4000000,0.004236045916551717,Diesel,Dealer,Automatic
0.9729729729729755,5200000,0.007201574611007364,Petrol,Dealer,Automatic
0.9729729729729755,4500000,0.00889616243641059,Diesel,Dealer,Automatic
0.9189189189189193,969999,0.01122622069634003,Diesel,Dealer,Manual
0.9189189189189193,6000000,0.015674513738023498,Diesel,Dealer,Automatic
0.8918918918918948,475000,0.01933016332437461,Petrol,Trustmark Dealer,Automatic
0.9729729729729755,1125000,0.001482340700271473,Petrol,Dealer,Automatic
0.9189189189189193,1650000,0.0220292180832856,Petrol,Dealer,Automatic
0.9729729729729755,740000,0.014827219825321886,Diesel,Individual,Manual
0.9459459459459438,400000,0.006354280698305751,Petrol,Individual,Manual
0.9459459459459438,430000,0.005930633741954944,Petrol,Individual,Manual
0.9729729729729755,1132000,0.008472515480059785,Petrol,Individual,Manual
0.9189189189189193,352000,0.029167669297796694,Petrol,Dealer,Manual
0.8918918918918948,252999,0.01939201578000183,Petrol,Dealer,Manual
0.7837837837837824,80000,0.02965486329760012,Petrol,Individual,Manual
0.8648648648648631,313000,0.028893569717037722,Petrol,Dealer,Manual
0.8378378378378386,380000,0.012708985043567853,Petrol,Individual,Manual
0.9459459459459438,350000,0.010590750261813818,Petrol,Individual,Manual
0.8918918918918948,600000,0.03812780242461626,Diesel,Individual,Manual
0.7567567567567579,88000,0.04123864202510023,Diesel,Dealer,Manual
0.6756756756756772,160000,0.02965486329760012,Petrol,Individual,Manual
0.6756756756756772,125000,0.02965486329760012,Petrol,Individual,Manual
0.8378378378378386,290000,0.013132631999918659,Petrol,Individual,Manual
0.8378378378378386,650000,0.02965486329760012,Diesel,Individual,Manual
0.8648648648648631,380000,0.008472515480059785,CNG,Individual,Manual
0.8378378378378386,180000,0.026265687646793667,Petrol,Individual,Manual
0.6756756756756772,75000,0.012285338087217046,Petrol,Individual,Manual
0.7837837837837824,132000,0.03495341578067967,Diesel,Dealer,Manual
0.7297297297297334,110000,0.025418393734092055,Petrol,Individual,Manual
0.9459459459459438,390000,0.004236045916551717,Petrol,Individual,Manual
0.8648648648648631,550000,0.02965486329760012,Petrol,Individual,Manual
0.567567567567572,70000,0.02965486329760012,Petrol,Individual,Manual
0.6756756756756772,70000,0.02516420556028157,Petrol,Individual,Manual
0.8108108108108141,275000,0.008472515480059785,Petrol,Individual,Manual
0.7027027027027017,250000,0.053326560630657806,Petrol,Individual,Manual
0.7567567567567579,250000,0.03812780242461626,Diesel,Individual,Manual
0.9189189189189193,1250000,0.024062723473769473,Diesel,Individual,Manual
0.8378378378378386,1500000,0.025418393734092055,Diesel,Individual,Automatic
0.8378378378378386,1380000,0.06354661980566467,Diesel,Individual,Manual
0.9729729729729755,1150000,0.0009680332952615935,Petrol,Trustmark Dealer,Automatic
0.9459459459459438,655000,0.006664390270354542,Petrol,Dealer,Automatic
0.9729729729729755,890000,0.0055069867856041375,Diesel,Dealer,Manual
0.9459459459459438,525000,0.013979925912620273,Petrol,Dealer,Manual
0.8378378378378386,300000,0.04236427198812433,Petrol,Individual,Manual
0.9189189189189193,2950000,0.016521807650725112,Diesel,Dealer,Automatic
0.9729729729729755,5200000,0.004236045916551717,Diesel,Dealer,Automatic
0.9459459459459438,925000,0.012242973391581966,Petrol,Dealer,Manual
0.9189189189189193,675000,0.020979844572404652,Petrol,Dealer,Manual
0.9459459459459438,745000,0.02033463025788237,Diesel,Dealer,Manual
0.9459459459459438,835000,0.007201574611007364,Diesel,Dealer,Manual
0.9729729729729755,695000,0.015589784346753338,Diesel,Dealer,Manual
0.9459459459459438,725000,0.015471586845931463,Diesel,Dealer,Manual
0.9189189189189193,620000,0.03812780242461626,Petrol,Individual,Manual
0.4054054054054035,58000,0.033891332861108195,Petrol,Individual,Manual
0.7567567567567579,475000,0.045753447638930786,Diesel,Dealer,Manual
0.8648648648648631,484999,0.03177309807935416,Diesel,Dealer,Manual
0.8648648648648631,610000,0.013979925912620273,Petrol,Individual,Manual
0.8648648648648631,1000000,0.021181924170583986,Diesel,Individual,Manual
0.9729729729729755,300000,0.014827219825321886,Petrol,Individual,Manual
0.9459459459459438,1405000,0.006354280698305751,Petrol,Individual,Manual
0.9459459459459438,650000,0.009319809392761398,Petrol,Individual,Manual
0.8648648648648631,850000,0.045753447638930786,Diesel,Individual,Manual
0.8378378378378386,1850000,0.03225224278698692,Diesel,Individual,Automatic
0.7837837837837824,267000,0.01694545460707592,Petrol,Individual,Manual
0.8108108108108141,215000,0.019910983301531567,Petrol,Individual,Manual
0.9189189189189193,1282000,0.019063689388829953,Diesel,Individual,Manual
0.9189189189189193,282000,0.006354280698305751,Petrol,Individual,Manual
0.7837837837837824,610000,0.03812780242461626,Diesel,Individual,Manual
0.9459459459459438,900000,0.014827219825321886,Diesel,Individual,Manual
0.8648648648648631,800000,0.02965486329760012,Diesel,Individual,Manual
0.8108108108108141,380000,0.046600741551632394,Diesel,Individual,Manual
0.7837837837837824,450000,0.05083721111514047,Diesel,Individual,Manual
0.9189189189189193,350000,0.014827219825321886,Petrol,Individual,Manual
0.9459459459459438,400000,0.009319809392761398,Petrol,Individual,Manual
0.9189189189189193,400000,0.02965486329760012,Petrol,Individual,Manual
0.8108108108108141,246000,0.023723805908688826,Diesel,Dealer,Manual
0.8378378378378386,221000,0.02753662851584609,Diesel,Dealer,Manual
0.8108108108108141,700000,0.026265687646793667,Diesel,Dealer,Manual
0.8918918918918948,1750000,0.0220292180832856,Diesel,Dealer,Automatic
0.9189189189189193,550000,0.02075827721423318,Diesel,Dealer,Manual
0.8648648648648631,550000,0.021181924170583986,Diesel,Dealer,Manual
0.8108108108108141,375000,0.02753662851584609,Diesel,Dealer,Manual
0.8648648648648631,391000,0.02330015895233802,Diesel,Dealer,Manual
0.8648648648648631,2051000,0.014827219825321886,Diesel,Dealer,Automatic
0.8378378378378386,525000,0.03304403894840658,Diesel,Dealer,Manual
0.6486486486486527,212000,0.02457109982139044,Diesel,Dealer,Manual
0.7567567567567579,221000,0.023723805908688826,Diesel,Dealer,Manual
0.7297297297297334,265000,0.02584204069044286,Diesel,Dealer,Manual
0.8108108108108141,399000,0.02584204069044286,Diesel,Dealer,Manual
0.6756756756756772,175000,0.02584204069044286,Diesel,Dealer,Manual
0.7567567567567579,365000,0.02753662851584609,Diesel,Dealer,Manual
0.8648648648648631,499000,0.02584204069044286,Diesel,Dealer,Manual
0.8378378378378386,2575000,0.02965486329760012,Diesel,Individual,Automatic
0.7027027027027017,145000,0.012708985043567853,Petrol,Individual,Manual
0.7567567567567579,200000,0.084728967623205,Diesel,Individual,Manual
0.8378378378378386,1200000,0.09743837631372922,Diesel,Individual,Automatic
0.8918918918918948,280000,0.04236427198812433,Petrol,Individual,Manual
0.7567567567567579,450000,0.040246037206370294,Diesel,Individual,Automatic
0.621621621621621,150000,0.0593101502421566,Petrol,Individual,Manual
0.9189189189189193,600000,0.02965486329760012,Petrol,Individual,Manual
0.8918918918918948,275000,0.025418393734092055,Petrol,Individual,Manual
0.7297297297297334,110000,0.037280508511914646,Diesel,Individual,Manual
0.7837837837837824,500000,0.084728967623205,Diesel,Individual,Manual
0.7837837837837824,700000,0.025418393734092055,Diesel,Individual,Manual
0.7837837837837824,900000,0.0656648545874187,Diesel,Individual,Automatic
0.5945945945945965,150000,0.033891332861108195,Petrol,Individual,Manual
0.8108108108108141,275000,0.033891332861108195,Petrol,Individual,Manual
0.8378378378378386,455000,0.01694545460707592,Diesel,Individual,Manual
0.8648648648648631,900000,0.021181924170583986,Diesel,Individual,Manual
0.8378378378378386,455000,0.01694545460707592,Diesel,Individual,Manual
0.9189189189189193,650000,0.019910983301531567,Diesel,Individual,Manual
0.9189189189189193,650000,0.02078369603161423,Diesel,Individual,Manual
0.8648648648648631,600000,0.025418393734092055,Petrol,Individual,Manual
0.8108108108108141,235000,0.0076252215673581715,Petrol,Individual,Manual
0.9459459459459438,800000,0.015742720897995978,Diesel,Dealer,Manual
0.8918918918918948,1050000,0.033891332861108195,Diesel,Individual,Manual
0.7837837837837824,45000,0.011861691130866239,Petrol,Individual,Manual
0.8108108108108141,450000,0.04236427198812433,Petrol,Individual,Automatic
0.8378378378378386,391000,0.05083721111514047,Diesel,Individual,Manual
0.8108108108108141,380000,0.02965486329760012,Diesel,Individual,Manual
0.7297297297297334,170000,0.03812780242461626,Petrol,Individual,Manual
0.7567567567567579,250000,0.03812780242461626,Diesel,Individual,Manual
0.7567567567567579,800000,0.025418393734092055,Diesel,Individual,Manual
0.8378378378378386,1380000,0.06354661980566467,Diesel,Individual,Manual
0.8378378378378386,700000,0.010167103305463011,Diesel,Individual,Manual
0.8918918918918948,450000,0.04236427198812433,Diesel,Individual,Manual
0.9459459459459438,650000,0.0025414580911484897,Petrol,Individual,Manual
0.8108108108108141,950000,0.021054830083678745,Diesel,Individual,Manual
0.6486486486486527,626000,0.033891332861108195,Diesel,Individual,Manual
0.45945945945945965,200000,0.04236427198812433,Diesel,Individual,Manual
0.9729729729729755,600000,0.004236045916551717,Petrol,Individual,Automatic
0.9729729729729755,290000,0.00889616243641059,Petrol,Individual,Manual
0.8108108108108141,215000,0.010590750261813818,Petrol,Individual,Manual
0.8918918918918948,250000,0.009319809392761398,Petrol,Individual,Manual
0.9189189189189193,750000,0.021181924170583986,Diesel,Individual,Manual
0.8918918918918948,250000,0.008472515480059785,Petrol,Individual,Manual
0.9189189189189193,950000,0.006354280698305751,Petrol,Individual,Automatic
0.9459459459459438,793000,0.012708985043567853,Diesel,Individual,Manual
0.8648648648648631,750000,0.03134945112300335,Diesel,Individual,Manual
0.9189189189189193,725000,0.0027744639171414336,Petrol,Individual,Automatic
0.8918918918918948,480000,0.012708985043567853,Diesel,Individual,Manual
0.9189189189189193,2711000,0.0038123989602009104,Diesel,Dealer,Automatic
0.9729729729729755,5150000,0.008472515480059785,Petrol,Dealer,Automatic
0.9189189189189193,3200000,0.019063689388829953,Diesel,Dealer,Automatic
0.8648648648648631,503000,0.046600741551632394,Diesel,Individual,Manual
0.9729729729729755,3800000,0.008472515480059785,Diesel,Individual,Automatic
0.8918918918918948,2000000,0.02884527396401373,Petrol,Trustmark Dealer,Automatic
0.8108108108108141,225000,0.02471641072741877,Petrol,Trustmark Dealer,Manual
0.9459459459459438,740000,0.016444280257712916,Diesel,Dealer,Manual
0.8108108108108141,750000,0.03360664210644045,Diesel,Trustmark Dealer,Manual
0.9729729729729755,650000,0.002380895894691534,Petrol,Trustmark Dealer,Automatic
0.9189189189189193,625000,0.010818672324330553,Petrol,Trustmark Dealer,Manual
0.9189189189189193,450000,0.02384666352603056,Diesel,Dealer,Manual
0.9729729729729755,5500000,0.0036005754820255067,Diesel,Dealer,Automatic
0.9729729729729755,779000,0.0029786617501025227,Petrol,Trustmark Dealer,Automatic
0.8918918918918948,645000,0.004659692872902524,Petrol,Dealer,Automatic
0.9459459459459438,2475000,0.0008468702657452627,Diesel,Dealer,Automatic
0.7837837837837824,370000,0.028807569384898507,Diesel,Individual,Manual
0.8378378378378386,300000,0.025492531951453446,Petrol,Individual,Manual
0.7837837837837824,250000,0.010590750261813818,Petrol,Individual,Manual
0.9189189189189193,700000,0.021163707351460902,Diesel,Dealer,Manual
0.9189189189189193,600000,0.01831595251087078,Diesel,Dealer,Manual
0.9459459459459438,925000,0.0214780533930732,Diesel,Dealer,Manual
0.8918918918918948,700000,0.047024388507983204,Diesel,Individual,Manual
0.9459459459459438,700000,0.02033463025788237,Petrol,Individual,Manual
0.8648648648648631,434999,0.033891332861108195,Diesel,Individual,Manual
0.9189189189189193,400000,0.04236427198812433,Petrol,Individual,Manual
0.8648648648648631,600000,0.021181924170583986,Diesel,Individual,Manual
0.8378378378378386,320000,0.03812780242461626,Diesel,Individual,Manual
0.8918918918918948,1689999,0.05083721111514047,Diesel,Individual,Manual
0.7567567567567579,250000,0.0593101502421566,Petrol,Individual,Automatic
0.9729729729729755,650000,0.008472515480059785,Petrol,Individual,Manual
0.7027027027027017,340000,0.03473862677380981,Petrol,Individual,Manual
0.6756756756756772,200000,0.033891332861108195,Diesel,Individual,Manual
0.9189189189189193,869999,0.01694545460707592,Diesel,Individual,Manual
0.9189189189189193,795000,0.05083721111514047,Diesel,Individual,Manual
0.9189189189189193,869999,0.025418393734092055,Diesel,Individual,Manual
0.7297297297297334,200000,0.02965486329760012,Diesel,Individual,Manual
0.9189189189189193,800000,0.019275512867005355,Diesel,Individual,Manual
0.8378378378378386,1100000,0.05083721111514047,Diesel,Individual,Manual
0.6756756756756772,114999,0.04236427198812433,Petrol,Individual,Manual
0.8108108108108141,500000,0.038975096337317876,Diesel,Individual,Manual
0.8378378378378386,700000,0.0597337971985074,Diesel,Individual,Manual
0.8918918918918948,1516000,0.05083721111514047,Diesel,Individual,Automatic
0.8918918918918948,200000,0.014827219825321886,Petrol,Individual,Manual
0.8648648648648631,450000,0.021181924170583986,Petrol,Individual,Manual
0.9459459459459438,850000,0.004024222438376314,Diesel,Individual,Manual
0.9729729729729755,359000,0.0023296346129730865,Petrol,Individual,Manual
0.9189189189189193,320000,0.011861691130866239,Petrol,Individual,Manual
0.7027027027027017,110000,0.04787168242068482,Petrol,Individual,Manual
0.7567567567567579,209000,0.0,CNG,Individual,Manual
0.7297297297297334,169000,0.04236427198812433,Petrol,Individual,Manual
0.8378378378378386,400000,0.021213274045353947,Diesel,Individual,Manual
0.8378378378378386,600000,0.04236427198812433,Diesel,Individual,Manual
0.9189189189189193,350000,0.014827219825321886,Petrol,Individual,Manual
0.9459459459459438,990000,0.025418393734092055,Diesel,Individual,Manual
0.7567567567567579,1600000,0.02965486329760012,Diesel,Individual,Automatic
0.9189189189189193,1400000,0.02965486329760012,Diesel,Individual,Manual
0.9189189189189193,745000,0.004236045916551717,Petrol,Individual,Automatic
0.9459459459459438,2800000,0.01694545460707592,Diesel,Individual,Automatic
0.8648648648648631,500000,0.014827219825321886,Diesel,Individual,Manual
0.9729729729729755,540000,0.0021178111347976833,Petrol,Individual,Automatic
0.8918918918918948,1850000,0.013979925912620273,Diesel,Individual,Manual
0.9189189189189193,600000,0.011438044174515433,Diesel,Individual,Manual
0.9459459459459438,690000,0.010590750261813818,Petrol,Individual,Manual
0.8918918918918948,630000,0.012774226674845877,Diesel,Individual,Manual
0.9729729729729755,5500000,0.007201574611007364,Diesel,Individual,Automatic
0.8918918918918948,2100000,0.03600956764286223,Diesel,Individual,Automatic
0.8918918918918948,500000,0.04236427198812433,Petrol,Individual,Manual
0.9189189189189193,310000,0.022876511995987215,Petrol,Individual,Manual
0.8648648648648631,600000,0.033891332861108195,Diesel,Individual,Manual
0.4324324324324351,40000,0.04236427198812433,Petrol,Individual,Manual
0.9459459459459438,620000,0.02965486329760012,Diesel,Individual,Manual
0.9459459459459438,760000,0.021181924170583986,Diesel,Individual,Manual
0.9459459459459438,1200000,0.01694545460707592,Diesel,Individual,Manual
0.9459459459459438,760000,0.021181924170583986,Diesel,Individual,Manual
0.7837837837837824,300000,0.019063689388829953,Petrol,Individual,Manual
0.9729729729729755,500000,0.0021178111347976833,Petrol,Individual,Manual
0.7837837837837824,120000,0.02965486329760012,Petrol,Individual,Manual
0.9189189189189193,350000,0.011125816367684888,Petrol,Individual,Manual
0.8918918918918948,350000,0.04236427198812433,Petrol,Individual,Manual
0.7837837837837824,730000,0.10591131544074535,Diesel,Individual,Manual
0.9459459459459438,1050000,0.0076252215673581715,Diesel,Dealer,Manual
0.8108108108108141,550000,0.033891332861108195,Diesel,Dealer,Manual
0.8918918918918948,675000,0.045753447638930786,Diesel,Dealer,Manual
0.8648648648648631,1400000,0.0720195589326808,Diesel,Individual,Manual
0.9189189189189193,625000,0.010590750261813818,Petrol,Individual,Manual
0.9459459459459438,1220000,0.004659692872902524,Petrol,Individual,Manual
0.9729729729729755,475000,0.0021178111347976833,Petrol,Individual,Automatic
0.8378378378378386,550000,0.04448250676987836,Diesel,Dealer,Manual
0.7837837837837824,320000,0.01694545460707592,Petrol,Individual,Manual
0.8378378378378386,530000,0.03812780242461626,Diesel,Individual,Manual
0.9459459459459438,300000,0.012708985043567853,Petrol,Individual,Manual
0.9459459459459438,1180000,0.0023296346129730865,Petrol,Individual,Manual
0.45945945945945965,45957,0.03812780242461626,Petrol,Individual,Manual
0.7837837837837824,190000,0.02753662851584609,Petrol,Individual,Manual
0.8378378378378386,730000,0.025418393734092055,Diesel,Individual,Manual
0.8648648648648631,530000,0.05083721111514047,Diesel,Individual,Manual
0.9729729729729755,530000,0.004024222438376314,Petrol,Individual,Manual
0.9459459459459438,1265000,0.00508333982925333,Diesel,Individual,Manual
0.9729729729729755,1025000,0.013556278956269466,Diesel,Individual,Manual
0.7027027027027017,130000,0.025418393734092055,Petrol,Individual,Manual
0.9189189189189193,735000,0.02965486329760012,Diesel,Individual,Manual
0.7567567567567579,1500000,0.035977794121135914,Diesel,Individual,Automatic
0.6486486486486527,120000,0.05083721111514047,Petrol,Individual,Manual
0.7837837837837824,730000,0.10591131544074535,Diesel,Individual,Manual
0.9459459459459438,1050000,0.0076252215673581715,Diesel,Dealer,Manual
0.8108108108108141,550000,0.033891332861108195,Diesel,Dealer,Manual
0.8648648648648631,1400000,0.0720195589326808,Diesel,Individual,Manual
0.9459459459459438,1220000,0.004659692872902524,Petrol,Individual,Manual
0.8378378378378386,550000,0.04448250676987836,Diesel,Dealer,Manual
0.7837837837837824,320000,0.01694545460707592,Petrol,Individual,Manual
0.8378378378378386,530000,0.03812780242461626,Diesel,Individual,Manual
0.9459459459459438,300000,0.012708985043567853,Petrol,Individual,Manual
0.9459459459459438,1180000,0.0023296346129730865,Petrol,Individual,Manual
0.45945945945945965,45957,0.03812780242461626,Petrol,Individual,Manual
0.7837837837837824,190000,0.02753662851584609,Petrol,Individual,Manual
0.8378378378378386,730000,0.025418393734092055,Diesel,Individual,Manual
0.8648648648648631,530000,0.05083721111514047,Diesel,Individual,Manual
0.9459459459459438,1265000,0.00508333982925333,Diesel,Individual,Manual
0.9729729729729755,1025000,0.013556278956269466,Diesel,Individual,Manual
0.9189189189189193,470000,0.021181924170583986,Petrol,Individual,Manual
0.8378378378378386,250000,0.021181924170583986,Diesel,Individual,Manual
0.8108108108108141,430000,0.03812780242461626,Petrol,Individual,Manual
0.7837837837837824,550000,0.03939874329366868,Diesel,Individual,Manual
0.8648648648648631,500000,0.04956627024608804,Petrol,Individual,Manual
0.6756756756756772,240000,0.03812780242461626,Petrol,Individual,Manual
0.6756756756756772,170000,0.033891332861108195,Petrol,Individual,Manual
0.45945945945945965,140000,0.021181924170583986,Petrol,Individual,Manual
0.8918918918918948,252000,0.012708985043567853,Petrol,Individual,Manual
0.9189189189189193,270000,0.014827219825321886,Petrol,Individual,Manual
0.567567567567572,100000,0.01694545460707592,Petrol,Individual,Manual
0.8648648648648631,350000,0.019638578308597998,Petrol,Individual,Manual
0.7567567567567579,240000,0.033891332861108195,Petrol,Individual,Manual
0.8918918918918948,620000,0.0029651050474992966,Diesel,Dealer,Manual
0.8918918918918948,650000,0.03600956764286223,Diesel,Dealer,Manual
0.9459459459459438,950000,0.02965486329760012,Diesel,Individual,Manual
0.9189189189189193,660000,0.023723805908688826,Diesel,Individual,Manual
0.7837837837837824,360000,0.03812780242461626,Diesel,Individual,Manual
0.9189189189189193,382000,0.01694545460707592,Petrol,Individual,Manual
0.7567567567567579,270000,0.025418393734092055,Petrol,Individual,Manual
0.8648648648648631,650000,0.02965486329760012,Diesel,Individual,Manual
0.7567567567567579,200000,0.0720195589326808,Diesel,Individual,Manual
0.7837837837837824,416000,0.03812780242461626,Diesel,Individual,Manual
0.9459459459459438,750000,0.014827219825321886,Diesel,Individual,Manual
0.8108108108108141,190000,0.05083721111514047,Diesel,Individual,Manual
0.6756756756756772,60000,0.05083721111514047,Diesel,Individual,Manual
0.621621621621621,300000,0.07413779371443484,Diesel,Individual,Manual
0.6486486486486527,65000,0.05083721111514047,Diesel,Individual,Manual
0.7837837837837824,270000,0.045753447638930786,Diesel,Individual,Manual
0.8378378378378386,600000,0.02965486329760012,Diesel,Individual,Manual
0.7567567567567579,1200000,0.026265687646793667,Diesel,Individual,Automatic
0.7837837837837824,195000,0.014827219825321886,Petrol,Individual,Manual
0.4054054054054035,35000,0.01694545460707592,Petrol,Individual,Manual
0.6756756756756772,100000,0.05083721111514047,Diesel,Individual,Manual
0.7837837837837824,220000,0.028383922428547703,Petrol,Individual,Manual
0.8918918918918948,320000,0.019799564152011305,Petrol,Individual,Manual
0.8378378378378386,240000,0.012708985043567853,Petrol,Individual,Manual
0.8378378378378386,275000,0.1270936632582857,Diesel,Individual,Manual
0.8378378378378386,275000,0.08261073284145097,Diesel,Individual,Manual
0.7567567567567579,130000,0.02965486329760012,Petrol,Individual,Manual
0.7837837837837824,450000,0.084728967623205,Diesel,Individual,Manual
0.9459459459459438,310000,0.008472515480059785,Petrol,Individual,Manual
0.9459459459459438,432000,0.012708985043567853,Petrol,Individual,Manual
0.7837837837837824,175000,0.03812780242461626,Diesel,Individual,Manual
0.8918918918918948,770000,0.04236427198812433,Diesel,Individual,Manual
0.7567567567567579,135000,0.046621076605537236,Petrol,Individual,Manual
0.6486486486486527,90000,0.046600741551632394,Petrol,Individual,Manual
0.37837837837837895,300000,0.07896228525335783,Petrol,Individual,Manual
0.6486486486486527,100000,0.025418393734092055,Petrol,Individual,Manual
0.621621621621621,120000,0.02965486329760012,Petrol,Individual,Manual
0.9189189189189193,750000,0.008544959109595773,Diesel,Dealer,Automatic
0.9189189189189193,525000,0.01573848442843247,Diesel,Dealer,Manual
0.8648648648648631,649000,0.016521807650725112,Petrol,Dealer,Manual
0.7297297297297334,210000,0.01885186591065455,Petrol,Dealer,Manual
0.8918918918918948,526000,0.006354280698305751,Petrol,Dealer,Manual
0.8918918918918948,599000,0.016521807650725112,Petrol,Dealer,Manual
0.8648648648648631,500000,0.02463930698136292,Petrol,Dealer,Manual
0.7837837837837824,750000,0.021254367800119973,Petrol,Dealer,Automatic
0.7567567567567579,325000,0.01694545460707592,Petrol,Dealer,Manual
0.8918918918918948,575000,0.0233683661123105,Petrol,Dealer,Manual
0.7837837837837824,245000,0.012708985043567853,Petrol,Dealer,Manual
0.8918918918918948,625000,0.02330015895233802,Petrol,Dealer,Manual
0.8108108108108141,580000,0.021181924170583986,Petrol,Dealer,Automatic
0.9189189189189193,1689999,0.0033887520038501035,Petrol,Dealer,Automatic
0.9459459459459438,1175000,0.005930633741954944,Petrol,Dealer,Manual
0.8648648648648631,575000,0.004066163487055043,Petrol,Dealer,Manual
0.9189189189189193,600000,0.014827219825321886,Petrol,Dealer,Manual
0.8918918918918948,890000,0.01694545460707592,Petrol,Dealer,Automatic
0.8648648648648631,600000,0.011929898290838719,Petrol,Dealer,Manual
0.7297297297297334,114999,0.025418393734092055,Petrol,Individual,Manual
0.7297297297297334,140000,0.025418393734092055,Petrol,Individual,Manual
0.7567567567567579,360000,0.04236427198812433,Diesel,Individual,Manual
0.9189189189189193,580000,0.06990132415092677,Diesel,Individual,Manual
0.9189189189189193,500000,0.05507368067864853,Petrol,Individual,Manual
0.8648648648648631,409999,0.025418393734092055,Diesel,Individual,Manual
0.7297297297297334,425000,0.084728967623205,Diesel,Individual,Manual
0.8378378378378386,450000,0.03473862677380981,Diesel,Individual,Manual
0.8378378378378386,400000,0.008472515480059785,Petrol,Individual,Manual
0.8108108108108141,295000,0.025418393734092055,Petrol,Individual,Manual
0.8378378378378386,560000,0.03812780242461626,Diesel,Individual,Manual
0.621621621621621,150000,0.021181924170583986,Petrol,Individual,Manual
0.7567567567567579,114999,0.04236427198812433,Petrol,Individual,Manual
0.6486486486486527,90177,0.05465003372229772,Diesel,Individual,Manual
0.7297297297297334,300000,0.04236427198812433,Diesel,Individual,Manual
0.5945945945945965,110000,0.04236427198812433,Petrol,Individual,Automatic
0.6486486486486527,125000,0.046600741551632394,Diesel,Individual,Manual
0.6756756756756772,300000,0.04236427198812433,Diesel,Individual,Manual
0.9189189189189193,450000,0.008472515480059785,Petrol,Individual,Manual
0.7567567567567579,300000,0.01694545460707592,Diesel,Individual,Manual
0.9459459459459438,470000,0.012708985043567853,Petrol,Individual,Automatic
0.8648648648648631,330000,0.010590750261813818,Petrol,Individual,Manual
0.9459459459459438,390000,0.010590750261813818,Petrol,Individual,Manual
0.7567567567567579,46000,0.010590750261813818,Petrol,Individual,Manual
0.8108108108108141,509999,0.0720195589326808,Diesel,Individual,Manual
0.7297297297297334,125000,0.01694545460707592,Petrol,Individual,Manual
0.9189189189189193,780000,0.011861691130866239,Diesel,Individual,Manual
0.7567567567567579,450000,0.04236427198812433,Diesel,Individual,Manual
0.7837837837837824,200000,0.034259058419220695,Petrol,Individual,Manual
0.7837837837837824,260000,0.08218708588510017,Diesel,Individual,Manual
0.9459459459459438,880000,0.02753662851584609,Diesel,Individual,Manual
0.7027027027027017,307000,0.04236427198812433,Diesel,Individual,Manual
0.8108108108108141,750000,0.05083721111514047,Diesel,Individual,Manual
0.9459459459459438,800000,0.03600956764286223,Diesel,Individual,Manual
0.7567567567567579,450000,0.05422638676594692,Diesel,Individual,Manual
0.621621621621621,130000,0.04236427198812433,Petrol,Individual,Manual
0.621621621621621,160000,0.02965486329760012,Petrol,Individual,Manual
0.567567567567572,135000,0.05083721111514047,Petrol,Individual,Manual
0.8108108108108141,325000,0.04236427198812433,Diesel,Individual,Manual
0.9729729729729755,1575000,0.008472515480059785,Diesel,Individual,Automatic
0.9459459459459438,750000,0.010167103305463011,Diesel,Individual,Manual
0.9189189189189193,425000,0.00508333982925333,Petrol,Individual,Manual
0.8378378378378386,425000,0.021181924170583986,Diesel,Individual,Manual
0.9459459459459438,746000,0.010167103305463011,Diesel,Individual,Manual
0.7297297297297334,425000,0.05465003372229772,Diesel,Individual,Manual
0.7567567567567579,200000,0.030925804166652544,Petrol,Individual,Manual
0.37837837837837895,40000,0.05083721111514047,Petrol,Individual,Manual
0.9189189189189193,340000,0.019063689388829953,Petrol,Individual,Manual
0.8648648648648631,625000,0.021181924170583986,Diesel,Individual,Manual
0.8108108108108141,380000,0.010590750261813818,Petrol,Individual,Manual
0.9189189189189193,360000,0.033891332861108195,Petrol,Individual,Manual
0.6756756756756772,120000,0.08091614501604774,Petrol,Individual,Manual
0.8108108108108141,260000,0.021181924170583986,Petrol,Individual,Manual
0.8378378378378386,475000,0.033891332861108195,Diesel,Individual,Manual
0.8108108108108141,320000,0.046600741551632394,Petrol,Individual,Manual
0.6486486486486527,135000,0.050413564158789656,Diesel,Individual,Manual
0.7027027027027017,382000,0.05083721111514047,Diesel,Individual,Manual
0.8108108108108141,290000,0.010590750261813818,Diesel,Individual,Manual
