year,selling_price,present_price,km_driven,mileage,engine,max_power,seats
0.8648648648648631,0.044044044044044,0.0,0.0350330614084735,0.0,0.0,0.0,0.0
1.0,0.049049049049049,0.0,0.0063542806983056,0.5676190476190476,0.3326859045504994,0.209575,0.3571428571428571
0.9459459459459438,0.0765765765765765,0.0,0.0148272198253218,0.0,0.0,0.0,0.0
0.9459459459459438,0.2467467467467468,0.0,0.0008468702657452,0.4,0.5504994450610433,0.375,0.3571428571428571
0.8648648648648631,0.054054054054054,0.0,0.0410933311190718,0.0,0.0,0.0,0.0
0.7567567567567579,0.029029029029029,0.0,0.0296548632976,0.3316666666666666,0.6046059933407325,0.345075,0.5
0.8918918918918948,0.039039039039039,0.0,0.0338913328611081,0.0,0.0,0.0,0.0
0.9459459459459438,0.079079079079079,0.0,0.0296548632976,0.4402380952380951,0.4142619311875694,0.25,0.5
0.9459459459459438,0.0520520520520521,0.0,0.0220292180832855,0.4092857142857143,0.3321309655937847,0.20465,0.3571428571428571
0.8108108108108141,0.0215215215215215,0.0,0.0317730980793541,0.5023809523809524,0.2258601553829078,0.138,0.3571428571428571
0.5135135135135158,0.007007007007007,0.0,0.0169454546070758,0.0,0.0,0.0,0.0
0.9459459459459438,0.0700700700700701,0.0,0.0177927485197774,0.4428571428571429,0.3321309655937847,0.204575,0.3571428571428571
0.7837837837837824,0.031031031031031,0.0,0.0338913328611081,0.0,0.0,0.0,0.0
0.8378378378378386,0.02002002002002,0.0,0.0296548632976,0.5023809523809524,0.2258601553829078,0.138,0.3571428571428571
0.8648648648648631,0.054054054054054,0.0,0.0072439393066424,0.0,0.0,0.0,0.0
0.8648648648648631,0.0128128128128128,0.0,0.0508372111151403,0.0,0.0,0.0,0.0
0.9189189189189192,0.074074074074074,0.0,0.007648098503001,0.0,0.0,0.0,0.0
0.8108108108108141,0.021021021021021,0.0,0.0423642719881242,0.0,0.0,0.0,0.0
0.9729729729729756,0.059059059059059,0.0,0.0042360459165516,0.505,0.3321309655937847,0.2045,0.3571428571428571
0.9189189189189192,0.056056056056056,0.0,0.0084725154800597,0.4499999999999999,0.3321309655937847,0.20465,0.3571428571428571
0.5405405405405403,0.003003003003003,0.0,0.0381278024246162,0.0,0.0,0.0,0.0
0.8378378378378386,0.02002002002002,0.0,0.0296548632976,0.0,0.0,0.0,0.0
0.8918918918918948,0.027027027027027,0.0,0.0466007415516323,0.4333333333333333,0.3462819089900111,0.18435,0.5
0.9189189189189192,0.2742742742742743,0.0,0.0173691015634266,0.0,0.0,0.0,0.0
0.8918918918918948,0.0635635635635635,0.0,0.0046596928729024,0.3404761904761905,0.4433962264150943,0.25875,0.3571428571428571
0.9459459459459438,0.084084084084084,0.0,0.0271129815594952,0.4916666666666666,0.4056603773584906,0.258125,0.3571428571428571
0.9189189189189192,0.0500499499499499,0.0,0.0381278024246162,0.4795238095238095,0.3321309655937847,0.20465,0.3571428571428571
0.8378378378378386,0.0455455455455455,0.0,0.0115367539153451,0.6523809523809523,0.4156492785793563,0.246575,0.3571428571428571
0.7567567567567579,0.0327327327327327,0.0,0.0601574441548581,0.3261904761904761,0.6046059933407325,0.34525,0.5
0.8918918918918948,0.0515515515515515,0.0,0.0148272198253218,0.0,0.0,0.0,0.0
0.8378378378378386,0.1741741741741742,0.0,0.0127089850435678,0.3095238095238095,0.8274139844617092,0.42125,0.5
0.7567567567567579,0.0181181181181181,0.0,0.0296548632976,0.3202380952380952,0.3013318534961154,0.15525,0.3571428571428571
0.7837837837837824,0.015015015015015,0.0,0.0211819241705839,0.0,0.0,0.0,0.0
0.8648648648648631,0.0424424424424424,0.0,0.0508372111151403,0.3233333333333333,0.6933962264150944,0.181,0.7142857142857142
0.8918918918918948,0.089089089089089,0.0,0.0466007415516323,0.4683333333333333,0.4389567147613762,0.3155,0.3571428571428571
0.9459459459459438,0.4594594594594595,0.0,0.0025414580911484,0.4261904761904761,0.5946170921198668,0.425,0.3571428571428571
0.7567567567567579,0.0220219219219219,0.0,0.0444825067698783,0.4571428571428571,0.4053829078801332,0.1624999999999999,0.3571428571428571
0.9189189189189192,0.079079079079079,0.0,0.0148272198253218,0.6521428571428571,0.3462819089900111,0.185,0.3571428571428571
0.8378378378378386,0.023023023023023,0.0,0.0338913328611081,0.5702380952380952,0.2769145394006659,0.167625,0.3571428571428571
0.9459459459459438,0.2467467467467468,0.0,0.0008468702657452,0.4,0.5504994450610433,0.375,0.3571428571428571
0.9459459459459438,0.0400399399399399,0.0,0.0148272198253218,0.5478571428571428,0.2771920088790233,0.1674999999999999,0.3571428571428571
0.7297297297297334,0.0175175175175175,0.0,0.0362501991140694,0.4404761904761904,0.3881798002219755,0.17,0.3571428571428571
0.9729729729729756,0.054054054054054,0.0,0.0063542806983056,0.4833333333333333,0.3326859045504994,0.2099999999999999,0.3571428571428571
0.7837837837837824,0.0720720720720721,0.0,0.1059113154407452,0.3092857142857143,0.6920088790233074,0.25,0.5
0.8108108108108141,0.0220219219219219,0.0,0.0211819241705839,0.0,0.0,0.0,0.0
0.5945945945945965,0.0165165165165165,0.0,0.1059113154407452,0.0,0.0,0.0,0.0
0.9189189189189192,0.061061061061061,0.0,0.0156745137380234,0.5002380952380953,0.3321309655937847,0.2045,0.3571428571428571
0.9729729729729756,0.076976976976977,0.0,0.0029786617501024,0.4523809523809523,0.3326859045504994,0.2219,0.3571428571428571
0.8648648648648631,0.0315315315315315,0.0,0.0423642719881242,0.0,0.0,0.0,0.0
0.4594594594594596,0.0035992992992993,0.0,0.0381278024246162,0.469047619047619,0.220865704772475,0.11575,0.3571428571428571
0.6756756756756772,0.032032032032032,0.0,0.0820273709825558,0.3047619047619048,0.6920088790233074,0.255,0.5714285714285714
0.7837837837837824,0.009009009009009,0.0,0.0211819241705839,0.0,0.0,0.0,0.0
0.8648648648648631,0.039039039039039,0.0,0.0368568615555637,0.0,0.0,0.0,0.0
0.8918918918918948,0.063063063063063,0.0,0.0338913328611081,0.5838095238095238,0.3462819089900111,0.22125,0.5
0.7837837837837824,0.02002002002002,0.0,0.0321967450357049,0.4847619047619047,0.3321309655937847,0.19725,0.3571428571428571
0.7567567567567579,0.032032032032032,0.0,0.0423642719881242,0.0,0.0,0.0,0.0
0.6756756756756772,0.0101101101101101,0.0,0.0466007415516323,0.3714285714285714,0.4400665926748058,0.2617,0.3571428571428571
0.8648648648648631,0.0455455455455455,0.0,0.0254183937340919,0.0,0.0,0.0,0.0
0.8108108108108141,0.0400399399399399,0.0,0.0190636893888299,0.5616666666666666,0.3784683684794672,0.16765,0.3571428571428571
0.7837837837837824,0.0025025025025025,0.0,0.0148272198253218,0.0,0.0,0.0,0.0
0.8378378378378386,0.0715715715715715,0.0,0.0571919154604025,0.0,0.0,0.0,0.0
0.8648648648648631,0.039039039039039,0.0,0.0169454546070758,0.0,0.0,0.0,0.0
0.8648648648648631,0.029029029029029,0.0,0.0429997424226504,0.5033333333333333,0.4156492785793563,0.2588,0.3571428571428571
0.9459459459459438,0.066066066066066,0.0,0.0635466198056646,0.5616666666666666,0.3784683684794672,0.167625,0.3571428571428571
1.0,0.069069069069069,0.0,0.0005926820919347,0.0,0.0,0.0,0.0
0.9729729729729756,0.079079079079079,0.0,0.0047613681424266,0.0,0.0,0.0,0.0
0.8918918918918948,0.049049049049049,0.0,0.0063542806983056,0.4857142857142856,0.3321309655937847,0.2045,0.3571428571428571
0.7027027027027017,0.0355355355355355,0.0,0.0466007415516323,0.2807142857142857,0.6046059933407325,0.3,0.5714285714285714
0.8648648648648631,0.0450449449449449,0.0,0.0423642719881242,0.6,0.3462819089900111,0.185,0.3571428571428571
0.8648648648648631,0.0475474474474474,0.0,0.0317730980793541,0.473095238095238,0.4053829078801332,0.2095,0.3571428571428571
0.9729729729729756,0.079079079079079,0.0,0.0101671033054629,0.0,0.0,0.0,0.0
0.6486486486486527,0.015015015015015,0.0,0.0338913328611081,0.0,0.0,0.0,0.0
0.9459459459459438,0.074074074074074,0.0,0.0105907502618137,0.6688095238095237,0.3462819089900111,0.22125,0.3571428571428571
0.7567567567567579,0.029029029029029,0.0,0.0381278024246162,0.5023809523809524,0.3462819089900111,0.18475,0.3571428571428571
0.7837837837837824,0.034034034034034,0.0,0.0127089850435678,0.4571428571428571,0.3013318534961154,0.1701249999999999,0.3571428571428571
0.5945945945945965,0.012012012012012,0.0,0.0593101502421565,0.4499999999999999,0.2769145394006659,0.1677499999999999,0.3571428571428571
0.8108108108108141,0.028028028028028,0.0,0.0635466198056646,0.0,0.0,0.0,0.0
0.9189189189189192,0.0515515515515515,0.0,0.0122976238489511,0.4547619047619047,0.3321309655937847,0.205,0.3571428571428571
0.9459459459459438,0.064064064064064,0.0,0.0202181273448858,0.65,0.4156492785793563,0.2465,0.3571428571428571
0.8108108108108141,0.044044044044044,0.0,0.0296548632976,0.0,0.0,0.0,0.0
0.8918918918918948,0.1131131131131131,0.0,0.0211819241705839,0.4683333333333333,0.4389567147613762,0.3155,0.3571428571428571
0.8918918918918948,0.1916916916916917,0.0,0.0114380441745153,0.3257142857142857,0.663984461709212,0.3687749999999999,0.5
0.6486486486486527,0.015015015015015,0.0,0.0508372111151403,0.3571428571428571,0.4400665926748058,0.2617,0.3571428571428571
0.7567567567567579,0.0185185185185185,0.0,0.0194873363451806,0.469047619047619,0.220865704772475,0.11575,0.3571428571428571
0.8378378378378386,0.0415415415415415,0.0,0.0169454546070758,0.0,0.0,0.0,0.0
0.9459459459459438,0.3793793793793794,0.0,0.0042360459165516,0.0,0.0,0.0,0.0
0.8648648648648631,0.0365365365365365,0.0,0.0677830893691726,0.5809523809523809,0.3107658157602663,0.177525,0.3571428571428571
0.8108108108108141,0.032032032032032,0.0,0.0266893346031444,0.0,0.0,0.0,0.0
0.9729729729729756,0.074074074074074,0.0,0.0084725154800597,0.5714285714285714,0.3290788013318535,0.184925,0.3571428571428571
0.7027027027027017,0.014014014014014,0.0,0.0635466198056646,0.2754761904761905,0.6046059933407325,0.34525,0.5
0.8378378378378386,0.054054054054054,0.0,0.0347386267738097,0.0,0.0,0.0,0.0
0.8648648648648631,0.025025025025025,0.0,0.0148272198253218,0.0,0.0,0.0,0.0
0.8648648648648631,0.059059059059059,0.0,0.0542263867659468,0.6190476190476191,0.4156492785793563,0.2465,0.3571428571428571
0.7027027027027017,0.0295295295295295,0.0,0.0974383763137291,0.3233333333333333,0.6933962264150944,0.181,0.6428571428571428
0.9459459459459438,0.069069069069069,0.0,0.0122853380872169,0.5714285714285714,0.3290788013318535,0.184925,0.3571428571428571
0.8108108108108141,0.02002002002002,0.0,0.0338913328611081,0.0,0.0,0.0,0.0
0.8918918918918948,0.054054054054054,0.0,0.023933087505126,0.4333333333333333,0.3326859045504994,0.22175,0.3571428571428571
0.7837837837837824,0.03003003003003,0.0,0.0105907502618137,0.5119047619047619,0.3462819089900111,0.2219999999999999,0.3571428571428571
0.8918918918918948,0.0665665665665665,0.0,0.0457534476389307,0.563095238095238,0.3462819089900111,0.22125,0.3571428571428571
0.9729729729729756,0.073073073073073,0.0,0.0148272198253218,0.3928571428571428,0.4142619311875694,0.175,0.5
0.8918918918918948,0.1091091091091091,0.0,0.0254183937340919,0.3666666666666666,0.6046059933407325,0.3,0.5
0.7567567567567579,0.024024024024024,0.0,0.0381278024246162,0.5023809523809524,0.3462819089900111,0.18475,0.3571428571428571
0.7567567567567579,0.0135135135135135,0.0,0.0105907502618137,0.0,0.0,0.0,0.0
0.8108108108108141,0.0339339339339339,0.0,0.0423642719881242,0.0,0.0,0.0,0.0
0.8108108108108141,0.0515515515515515,0.2732542846409839,0.022979034559424,0.0,0.0,0.0,0.0
0.9459459459459438,0.064064064064064,0.0,0.0296548632976,0.0,0.0,0.0,0.0
0.8648648648648631,0.034034034034034,0.0,0.0169454546070758,0.4883333333333333,0.2769145394006659,0.1676,0.3571428571428571
0.8108108108108141,0.0365365365365365,0.0,0.0326203919920556,0.5452380952380952,0.3462819089900111,0.185,0.3571428571428571
0.8918918918918948,0.0505505505505505,0.0,0.0211819241705839,0.0,0.0,0.0,0.0
0.7027027027027017,0.014014014014014,0.0,0.0254183937340919,0.0,0.0,0.0,0.0
0.7567567567567579,0.1491491491491491,0.0,0.0359777941211358,0.3826190476190476,0.5535516093229745,0.4525,0.3571428571428571
0.8918918918918948,0.014014014014014,0.0,0.0177927485197774,0.4911904761904761,0.332408435072142,0.1674999999999999,0.3571428571428571
0.9459459459459438,0.0570570570570571,0.0,0.0042360459165516,0.55,0.2769145394006659,0.1676,0.3571428571428571
0.8378378378378386,0.101101001001001,0.0,0.0254183937340919,0.3092857142857143,0.6920088790233074,0.2515,0.5
0.7297297297297334,0.0175175175175175,0.0,0.0526656713787505,0.4761904761904761,0.3881798002219755,0.17,0.3571428571428571
0.9729729729729756,0.076976976976977,0.0,0.0029786617501024,0.4523809523809523,0.3326859045504994,0.2219,0.3571428571428571
0.7567567567567579,0.079079079079079,0.0,0.0974383763137291,0.0,0.0,0.0,0.0
0.8378378378378386,0.1441441441441441,0.0,0.011776961739596,0.3523809523809524,0.5946170921198668,0.30175,0.3571428571428571
0.9729729729729756,0.094094094094094,0.0,0.0046596928729024,0.0,0.0,0.0,0.0
0.7027027027027017,0.0400399399399399,0.0,0.0466007415516323,0.0,0.0,0.0,0.0
0.8648648648648631,0.039039039039039,0.0,0.0423642719881242,0.0,0.0,0.0,0.0
0.6486486486486527,0.007007007007007,0.0,0.0508372111151403,0.3142857142857142,0.4148168701442841,0.235,0.3571428571428571
0.9459459459459438,0.079079079079079,0.0,0.0211819241705839,0.0,0.0,0.0,0.0
0.8378378378378386,0.0415415415415415,0.0,0.0254183937340919,0.5954761904761905,0.4156492785793563,0.224375,0.3571428571428571
0.8108108108108141,0.074074074074074,0.0,0.0336066421064403,0.3092857142857143,0.6920088790233074,0.2515,0.5
0.9189189189189192,0.059059059059059,0.0,0.0114380441745153,0.5464285714285714,0.3462819089900111,0.185,0.3571428571428571
0.8108108108108141,0.059059059059059,0.0,0.0254183937340919,0.4945238095238095,0.3462819089900111,0.2219999999999999,0.5
0.8648648648648631,0.1041041041041041,0.0,0.027536628515846,0.3595238095238094,0.6046059933407325,0.35,0.5
0.8648648648648631,0.0515515515515515,0.0,0.0338913328611081,0.633095238095238,0.3462819089900111,0.185,0.3571428571428571
0.5945945945945965,0.007007007007007,0.0,0.0169454546070758,0.0,0.0,0.0,0.0
0.9189189189189192,0.03003003003003,0.0,0.0148272198253218,0.588095238095238,0.220865704772475,0.1182499999999999,0.3571428571428571
0.9729729729729756,0.053053053053053,0.0,0.0021178111347976,0.4885714285714285,0.3321309655937847,0.2045,0.3571428571428571
0.6486486486486527,0.0235235235235235,0.0,0.0381278024246162,0.3214285714285714,0.4991675915649278,0.325,0.3571428571428571
0.7567567567567579,0.0171171171171171,0.0,0.0296548632976,0.3723809523809523,0.3310210876803551,0.16025,0.3571428571428571
0.9459459459459438,0.039039039039039,0.0,0.0169454546070758,0.5676190476190476,0.3326859045504994,0.2099999999999999,0.3571428571428571
0.7567567567567579,0.1066066066066066,0.0,0.0180236361109886,0.4671428571428571,0.5543840177580466,0.475,0.3571428571428571
0.9189189189189192,0.0650650650650651,0.0,0.0190636893888299,0.3928571428571428,0.4142619311875694,0.175,0.5
0.7567567567567579,0.012012012012012,0.0,0.0338913328611081,0.0,0.0,0.0,0.0
0.8918918918918948,0.034034034034034,0.0,0.0050833398292532,0.0,0.0,0.0,0.0
0.9189189189189192,0.039039039039039,0.0,0.0127089850435678,0.0,0.0,0.0,0.0
0.9729729729729756,0.069069069069069,0.0,0.0190636893888299,0.5238095238095237,0.3321309655937847,0.2045,0.3571428571428571
0.6486486486486527,0.054054054054054,0.0,1.0,0.4428571428571429,0.3321309655937847,0.204575,0.3571428571428571
0.9729729729729756,0.0815815815815815,0.0,0.0032502194491233,0.6761904761904761,0.3462819089900111,0.18505,0.3571428571428571
0.9459459459459438,0.044044044044044,0.0,0.0025414580911484,0.0,0.0,0.0,0.0
0.9189189189189192,0.0305305305305305,0.0,0.0078239119898866,0.0,0.0,0.0,0.0
0.567567567567572,0.007007007007007,0.0,0.0254183937340919,0.0,0.0,0.0,0.0
0.7837837837837824,0.012012012012012,0.0,0.0338913328611081,0.0,0.0,0.0,0.0
0.8918918918918948,0.0525525525525525,0.0,0.0236551751017599,0.0,0.0,0.0,0.0
1.0,0.1322322322322322,0.0,0.0004274597789579,0.0,0.0,0.0,0.0
0.8648648648648631,0.03003003003003,0.0,0.013846900768326,0.0,0.0,0.0,0.0
0.8648648648648631,0.0575575575575575,0.0,0.0211819241705839,0.38,0.7000554938956715,0.15525,0.5
0.7837837837837824,0.039039039039039,0.0,0.0381278024246162,0.5452380952380952,0.3462819089900111,0.185,0.3571428571428571
0.7567567567567579,0.0185185185185185,0.0,0.0565835584310827,0.0,0.0,0.0,0.0
0.9729729729729756,0.5145145145145146,0.0,0.0084725154800597,0.5326190476190477,0.6900665926748057,0.5364,0.3571428571428571
0.9459459459459438,0.5995995995995996,0.0,0.0119277800560569,0.4069047619047619,0.8304661487236404,0.6535,0.2857142857142857
0.8648648648648631,0.0589589589589589,0.0,0.0392508905059021,0.5166666666666666,0.4156492785793563,0.2473999999999999,0.3571428571428571
0.8918918918918948,0.044044044044044,0.0,0.0741377937144348,0.557142857142857,0.3462819089900111,0.185,0.3571428571428571
0.7297297297297334,0.023023023023023,0.0,0.0347068532520834,0.0,0.0,0.0,0.0
0.7567567567567579,0.012012012012012,0.0,0.0296548632976,0.3928571428571428,0.3251942286348501,0.1624999999999999,0.3571428571428571
0.9459459459459438,0.089089089089089,0.0,0.0148272198253218,0.5838095238095238,0.3462819089900111,0.22125,0.5
0.8378378378378386,0.024024024024024,0.0,0.0338913328611081,0.5023809523809524,0.2258601553829078,0.138,0.3571428571428571
0.8108108108108141,0.018018018018018,0.0,0.0254183937340919,0.5414285714285714,0.220865704772475,0.1182499999999999,0.3571428571428571
0.9189189189189192,0.064064064064064,0.0,0.0080547995810978,0.0,0.0,0.0,0.0
0.7567567567567579,0.0394394394394394,0.0,0.0518361706382156,0.2869047619047619,0.6046059933407325,0.3,0.6428571428571428
0.7027027027027017,0.006006006006006,0.0,0.0254183937340919,0.0,0.0,0.0,0.0
0.7297297297297334,0.019019019019019,0.0,0.027536628515846,0.4499999999999999,0.2943951165371809,0.1674999999999999,0.3571428571428571
0.7297297297297334,0.024024024024024,0.0,0.0423642719881242,0.0,0.0,0.0,0.0
0.6756756756756772,0.0103102102102102,0.0,0.0338913328611081,0.469047619047619,0.220865704772475,0.11575,0.3571428571428571
0.9729729729729756,0.0850850850850851,0.0,0.006064929827118,0.3388095238095238,0.4156492785793563,0.261375,0.3571428571428571
0.9189189189189192,0.074074074074074,0.0,0.0423642719881242,0.5838095238095238,0.3462819089900111,0.22125,0.5
0.621621621621621,0.014014014014014,0.0,0.0146577610427814,0.0,0.0,0.0,0.0
0.7297297297297334,0.031031031031031,0.0,0.0550736806786484,0.4238095238095238,0.3462819089900111,0.1875,0.3571428571428571
0.8648648648648631,0.069069069069069,0.0,0.0233001589523379,0.0,0.0,0.0,0.0
0.8378378378378386,0.064064064064064,0.0,0.0593101502421565,0.5954761904761905,0.4156492785793563,0.224375,0.3571428571428571
0.621621621621621,0.0057557557557557,0.0,0.0466007415516323,0.4257142857142856,0.3873473917869034,0.132,0.3571428571428571
0.8918918918918948,0.046046046046046,0.0,0.0132881104328993,0.0,0.0,0.0,0.0
0.7837837837837824,0.031031031031031,0.0,0.0440563179317893,0.4761904761904761,0.3881798002219755,0.17,0.3571428571428571
0.8918918918918948,0.063063063063063,0.0,0.0152508667816726,0.0,0.0,0.0,0.0
0.9729729729729756,0.069069069069069,0.0,0.0027532815693238,0.4761904761904761,0.2771920088790233,0.18,0.5
0.7297297297297334,0.0415415415415415,0.0,0.0546500337222976,0.3047619047619048,0.6920088790233074,0.255,0.5714285714285714
0.8648648648648631,0.06006006006006,0.0,0.0254183937340919,0.633095238095238,0.3462819089900111,0.185,0.3571428571428571
0.8378378378378386,0.0215215215215215,0.0,0.0182163954761283,0.0,0.0,0.0,0.0
0.7837837837837824,0.031031031031031,0.0,0.0508372111151403,0.5452380952380952,0.3462819089900111,0.185,0.3571428571428571
0.7027027027027017,0.1016016016016016,0.0,0.0508372111151403,0.2873809523809523,0.8232519422863486,0.6035,0.5
0.9459459459459438,0.0422422422422422,0.0,0.0127089850435678,0.4883333333333333,0.2769145394006659,0.1676,0.3571428571428571
0.8648648648648631,0.031031031031031,0.0,0.0385514493809669,0.5809523809523809,0.3107658157602663,0.1775,0.3571428571428571
0.9459459459459438,0.4594594594594595,0.0,0.0033785844768976,0.4261904761904761,0.5946170921198668,0.425,0.3571428571428571
0.7027027027027017,0.0372372372372372,0.0,0.0508372111151403,0.4595238095238095,0.3462819089900111,0.18475,0.3571428571428571
0.8378378378378386,0.049049049049049,0.0,0.027536628515846,0.4547619047619047,0.3321309655937847,0.20465,0.3571428571428571
0.9189189189189192,0.054054054054054,0.0,0.0254183937340919,0.0,0.0,0.0,0.0
0.9189189189189192,0.2692692692692693,0.0,0.0097434563491121,0.4261904761904761,0.5946170921198668,0.34,0.3571428571428571
0.8648648648648631,0.074074074074074,0.0,0.0194763215243156,0.0,0.0,0.0,0.0
0.7837837837837824,0.032032032032032,0.0,0.018640042432479,0.0,0.0,0.0,0.0
0.8378378378378386,0.089089089089089,0.0,0.0338913328611081,0.3097619047619047,0.6101553829078802,0.48575,0.5
0.7837837837837824,0.029029029029029,0.0,0.0296548632976,0.5523809523809523,0.3462819089900111,0.1848499999999999,0.3571428571428571
0.9459459459459438,0.069069069069069,0.0,0.0033040226125798,0.5238095238095237,0.3321309655937847,0.2045,0.3571428571428571
0.9189189189189192,0.074074074074074,0.0,0.0135888997719084,0.0,0.0,0.0,0.0
0.8918918918918948,0.089089089089089,0.0,0.0199109833015315,0.0,0.0,0.0,0.0
1.0,0.0416416416416416,0.0,0.0004232233093944,0.0,0.0,0.0,0.0
0.9459459459459438,0.0665665665665665,0.0,0.0098705504360173,0.4404761904761904,0.3321309655937847,0.2078499999999999,0.3571428571428571
0.8108108108108141,0.0515515515515515,0.0,0.0156745137380234,0.0,0.0,0.0,0.0
0.9459459459459438,0.3393393393393393,0.0,0.0093198093927613,0.4285714285714285,0.5463374028856826,0.475,0.3571428571428571
0.7837837837837824,0.0305305305305305,0.0,0.0423642719881242,0.0,0.0,0.0,0.0
0.621621621621621,0.0106105105105105,0.0,0.0423642719881242,0.0,0.0,0.0,0.0
0.8108108108108141,0.027027027027027,0.0,0.0381278024246162,0.5254761904761904,0.3326859045504994,0.18475,0.3571428571428571
0.7567567567567579,0.0205205205205205,0.0,0.0423642719881242,0.4847619047619047,0.3321309655937847,0.19725,0.3571428571428571
0.7837837837837824,0.024024024024024,0.0,0.0593101502421565,0.0,0.0,0.0,0.0
0.9459459459459438,0.074074074074074,0.0,0.0169454546070758,0.4935714285714285,0.3809655937846837,0.22775,0.3571428571428571
0.8108108108108141,0.039039039039039,0.0,0.0423642719881242,0.0,0.0,0.0,0.0
0.7567567567567579,0.0400399399399399,0.0,0.0211819241705839,0.3238095238095237,0.7000554938956715,0.1574999999999999,0.5
0.8918918918918948,0.0565565565565565,0.0,0.0233683661123104,0.4238095238095238,0.4153718091009989,0.29325,0.3571428571428571
0.8648648648648631,0.064064064064064,0.0,0.0338913328611081,0.4142857142857142,0.4153718091009989,0.29325,0.3571428571428571
0.7567567567567579,0.0245244244244244,0.122274392016117,0.0241474528650396,0.0,0.0,0.0,0.0
0.7027027027027017,0.0235235235235235,0.0,0.0317730980793541,0.0,0.0,0.0,0.0
0.8918918918918948,0.0341341341341341,0.0,0.0254183937340919,0.55,0.2769145394006659,0.1676,0.3571428571428571
0.8108108108108141,0.1291291291291291,0.0,0.0247829232995657,0.0,0.0,0.0,0.0
0.6486486486486527,0.015015015015015,0.0,0.0381278024246162,0.0,0.0,0.0,0.0
0.8378378378378386,0.0195194194194194,0.0,0.0105907502618137,0.0,0.0,0.0,0.0
0.8378378378378386,0.1591591591591591,0.0,0.018640042432479,0.394047619047619,0.5460599334073252,0.3687749999999999,0.3571428571428571
0.6486486486486527,0.021021021021021,0.0,0.0576155624167533,0.3833333333333333,0.3601553829078801,0.2205,0.3571428571428571
0.7297297297297334,0.0115115115115115,0.0,0.0169454546070758,0.3809523809523809,0.3795782463928968,0.2249999999999999,0.3571428571428571
0.6756756756756772,0.0115115115115115,0.0,0.0254183937340919,0.0,0.0,0.0,0.0
0.8378378378378386,0.054054054054054,0.0,0.0381278024246162,0.0,0.0,0.0,0.0
0.9189189189189192,0.3193193193193193,0.0,0.0190636893888299,0.4602380952380951,0.554661487236404,0.4425,0.3571428571428571
0.9729729729729756,0.1916916916916917,0.0,0.0182163954761283,0.2704761904761904,0.7644284128745839,0.42875,0.5714285714285714
0.8378378378378386,0.0500499499499499,0.0,0.0508372111151403,0.38,0.7000554938956715,0.15525,0.5
0.7567567567567579,0.021021021021021,0.0,0.0269676706534668,0.0,0.0,0.0,0.0
0.8648648648648631,0.084084084084084,0.0,0.0248642635151851,0.0,0.0,0.0,0.0
0.7297297297297334,0.0165165165165165,0.0,0.0245710998213903,0.469047619047619,0.220865704772475,0.11575,0.3571428571428571
0.8648648648648631,0.0470470470470471,0.0,0.0338913328611081,0.5261904761904762,0.3462819089900111,0.185,0.3571428571428571
0.8918918918918948,0.03003003003003,0.0,0.0148272198253218,0.6333333333333333,0.2769145394006659,0.1453999999999999,0.3571428571428571
0.8108108108108141,0.024024024024024,0.0,0.0254183937340919,0.3354761904761904,0.4428412874583796,0.249,0.3571428571428571
0.8918918918918948,0.084084084084084,0.0,0.0105907502618137,0.405,0.4414539400665926,0.30325,0.3571428571428571
0.7027027027027017,0.008008008008008,0.0,0.0508372111151403,0.0,0.0,0.0,0.0
0.7297297297297334,0.019019019019019,0.0,0.0466007415516323,0.4119047619047619,0.2943951165371809,0.16,0.3571428571428571
0.8918918918918948,0.042042042042042,0.0,0.0338913328611081,0.0,0.0,0.0,0.0
0.8108108108108141,0.0512512512512512,0.0,0.0635466198056646,0.5314285714285714,0.4389567147613762,0.3157999999999999,0.3571428571428571
0.7297297297297334,0.0442441441441441,0.0,0.0508372111151403,0.3047619047619048,0.6920088790233074,0.255,0.5
0.621621621621621,0.009009009009009,0.0,0.0338913328611081,0.0,0.0,0.0,0.0
0.9189189189189192,0.033033033033033,0.0,0.0190636893888299,0.5702380952380952,0.2769145394006659,0.1677499999999999,0.3571428571428571
0.9459459459459438,0.084084084084084,0.0,0.0254183937340919,0.5366666666666666,0.3873473917869034,0.2219,0.3571428571428571
0.7837837837837824,0.029029029029029,0.0,0.0271129815594952,0.4238095238095238,0.3881798002219755,0.1674999999999999,0.3571428571428571
0.8108108108108141,0.044044044044044,0.0,0.0220292180832855,0.4097619047619047,0.4142619311875694,0.25,0.5
0.7297297297297334,0.014014014014014,0.0,0.0381278024246162,0.4047619047619047,0.3898446170921198,0.175,0.3571428571428571
0.8378378378378386,0.069069069069069,0.0,0.0296548632976,0.0,0.0,0.0,0.0
0.8108108108108141,0.0165165165165165,0.0,0.0213090182574891,0.0,0.0,0.0,0.0
0.7567567567567579,0.02002002002002,0.0,0.0305021572103016,0.0,0.0,0.0,0.0
0.6756756756756772,0.034034034034034,0.0,0.0381278024246162,0.3238095238095237,0.7000554938956715,0.1574999999999999,0.5
0.5945945945945965,0.0075075075075075,0.0,0.0501593759849791,0.0,0.0,0.0,0.0
0.7837837837837824,0.044044044044044,0.0,0.0508372111151403,0.38,0.7000554938956715,0.15525,0.5
0.9729729729729756,0.074074074074074,0.0,0.0027532815693238,0.505,0.3321309655937847,0.2045,0.3571428571428571
0.7297297297297334,0.0255255255255255,0.2202595142863688,0.0175563535181337,0.0,0.0,0.0,0.0
0.8918918918918948,0.0555555555555555,0.2180513988549265,0.0121027462490297,0.0,0.0,0.0,0.0
0.9459459459459438,0.074074074074074,0.0,0.0368568615555637,0.0,0.0,0.0,0.0
0.8378378378378386,0.043043043043043,0.0,0.0296548632976,0.5366666666666666,0.3873473917869034,0.221825,0.3571428571428571
0.6486486486486527,0.039039039039039,0.0,0.0720195589326807,0.3047619047619048,0.6920088790233074,0.255,0.5714285714285714
0.8648648648648631,0.029029029029029,0.0,0.0211819241705839,0.4883333333333333,0.2769145394006659,0.1676,0.3571428571428571
0.8648648648648631,0.032032032032032,0.0,0.0105907502618137,0.4183333333333333,0.3310210876803551,0.22175,0.3571428571428571
0.8108108108108141,0.054054054054054,0.0,0.0941559596959231,0.0,0.0,0.0,0.0
0.9729729729729756,0.4944944944944945,0.0,0.0127089850435678,0.0,0.0,0.0,0.0
0.7297297297297334,0.049049049049049,0.0,0.0508372111151403,0.3119047619047618,0.6933962264150944,0.3525,0.5
0.8648648648648631,0.0750750750750751,0.0,0.0234441989174972,0.0,0.0,0.0,0.0
0.621621621621621,0.0071071071071071,0.0,0.0423642719881242,0.3642857142857142,0.3720865704772475,0.2075,0.3571428571428571
0.8108108108108141,0.044044044044044,0.0,0.0004232233093944,0.0,0.0,0.0,0.0
0.9189189189189192,0.0750750750750751,0.0,0.0180020301162147,0.0,0.0,0.0,0.0
0.9729729729729756,0.0389389389389389,0.0,0.0042360459165516,0.5702380952380952,0.2769145394006659,0.167625,0.3571428571428571
0.8108108108108141,0.019019019019019,0.0,0.0338913328611081,0.5261904761904762,0.3462819089900111,0.19225,0.3571428571428571
0.8378378378378386,0.0415415415415415,0.0,0.0338913328611081,0.5523809523809523,0.3462819089900111,0.1848499999999999,0.3571428571428571
0.8918918918918948,0.0635635635635635,0.0,0.0046596928729024,0.3404761904761905,0.4433962264150943,0.25875,0.3571428571428571
0.9189189189189192,0.084084084084084,0.0,0.0049511619788717,0.4238095238095238,0.4153718091009989,0.29325,0.3571428571428571
0.5405405405405403,0.0055055055055055,0.0,0.0482953293770355,0.469047619047619,0.220865704772475,0.11575,0.3571428571428571
0.8108108108108141,0.024024024024024,0.0,0.0508372111151403,0.5254761904761904,0.3326859045504994,0.18475,0.3571428571428571
0.9189189189189192,0.1191191191191191,0.0,0.0105907502618137,0.4683333333333333,0.4389567147613762,0.3155,0.3571428571428571
0.8648648648648631,0.0525525525525525,0.0,0.0296548632976,0.0,0.0,0.0,0.0
0.8648648648648631,0.051051051051051,0.0,0.0211819241705839,0.0,0.0,0.0,0.0
0.7837837837837824,0.021021021021021,0.0,0.0338913328611081,0.0,0.0,0.0,0.0
0.8108108108108141,0.021021021021021,0.0,0.0423642719881242,0.0,0.0,0.0,0.0
0.8648648648648631,0.0455455455455455,0.0,0.0174212101390578,0.0,0.0,0.0,0.0
0.8918918918918948,0.034034034034034,0.0,0.0041936812209165,0.5702380952380952,0.2769145394006659,0.167625,0.3571428571428571
0.7837837837837824,0.0195194194194194,0.0,0.0254183937340919,0.0,0.0,0.0,0.0
0.621621621621621,0.008008008008008,0.0,0.0508372111151403,0.0,0.0,0.0,0.0
0.7567567567567579,0.0215215215215215,0.0,0.0381278024246162,0.489047619047619,0.4433962264150943,0.259,0.3571428571428571
0.9189189189189192,0.0450449449449449,0.0,0.0338913328611081,0.5464285714285714,0.3462819089900111,0.185,0.3571428571428571
0.9459459459459438,0.068068068068068,0.0,0.0169454546070758,0.0,0.0,0.0,0.0
0.9189189189189192,0.094094094094094,0.0,0.0063542806983056,0.3666666666666666,0.4153718091009989,0.29325,0.5
0.9729729729729756,0.035035035035035,0.0,0.0105907502618137,0.5702380952380952,0.2769145394006659,0.167625,0.3571428571428571
0.7027027027027017,0.0211211211211211,0.0,0.0423642719881242,0.4238095238095238,0.3462819089900111,0.1875,0.3571428571428571
0.9189189189189192,0.3193193193193193,0.0,0.0190636893888299,0.4602380952380951,0.554661487236404,0.4425,0.3571428571428571
0.8378378378378386,0.039039039039039,0.0,0.0084725154800597,0.4499999999999999,0.3321309655937847,0.205,0.3571428571428571
0.621621621621621,0.0095095095095095,0.0,0.0254183937340919,0.0,0.0,0.0,0.0
0.9189189189189192,0.094094094094094,0.0,0.0084725154800597,0.4047619047619047,0.4414539400665926,0.30325,0.3571428571428571
0.8648648648648631,0.069069069069069,0.0,0.0249714461951419,0.4402380952380951,0.4142619311875694,0.25,0.5
0.9189189189189192,0.0700700700700701,0.0,0.0211819241705839,0.5838095238095238,0.3462819089900111,0.22125,0.5
0.7567567567567579,0.0175175175175175,0.0,0.0720195589326807,0.2828571428571428,0.3013318534961154,0.15525,0.3571428571428571
0.7297297297297334,0.0315315315315315,0.0,0.0364404165974709,0.6071428571428571,0.4156492785793563,0.248075,0.3571428571428571
0.7567567567567579,0.0215215215215215,0.0,0.027536628515846,0.0,0.0,0.0,0.0
0.8648648648648631,0.0125125125125125,0.0654154196564779,0.009192715305856,0.0,0.0,0.0,0.0
0.6756756756756772,0.028028028028028,0.0,0.0533790928532452,0.3047619047619048,0.6920088790233074,0.255,0.5714285714285714
0.8918918918918948,0.0516516516516517,0.0,0.0063542806983056,0.4452380952380952,0.3326859045504994,0.22175,0.3571428571428571
0.567567567567572,0.0315315315315315,0.0,0.0508372111151403,0.2404761904761904,0.6531631520532741,0.38,0.3571428571428571
0.7837837837837824,0.033033033033033,0.0,0.0466007415516323,0.4595238095238095,0.3462819089900111,0.18475,0.3571428571428571
0.7837837837837824,0.019019019019019,0.0,0.0194873363451806,0.0,0.0,0.0,0.0
0.8918918918918948,0.054054054054054,0.0,0.0233001589523379,0.633095238095238,0.3462819089900111,0.185,0.3571428571428571
0.9189189189189192,0.084084084084084,0.0,0.0211819241705839,0.419047619047619,0.6046059933407325,0.36985,0.5
0.5945945945945965,0.008008008008008,0.0,0.0423642719881242,0.469047619047619,0.220865704772475,0.11575,0.3571428571428571
0.7567567567567579,0.0215215215215215,0.0,0.0321967450357049,0.4980952380952381,0.2769145394006659,0.1677499999999999,0.3571428571428571
0.8918918918918948,0.037037037037037,0.0,0.0381278024246162,0.5714285714285714,0.3107658157602663,0.175,0.3571428571428571
0.7297297297297334,0.0165165165165165,0.0,0.0271129815594952,0.0,0.0,0.0,0.0
0.8918918918918948,0.0375375375375375,0.0,0.0160981606943742,0.0,0.0,0.0,0.0
0.7297297297297334,0.0101101101101101,0.0,0.0423642719881242,0.4285714285714285,0.3462819089900111,0.1875,0.3571428571428571
0.8378378378378386,0.018018018018018,0.0,0.0588865032858057,0.4333333333333333,0.3462819089900111,0.1845,0.5714285714285714
0.8108108108108141,0.0115115115115115,0.041402164339543,0.0063542806983056,0.0,0.0,0.0,0.0
0.9189189189189192,0.029029029029029,0.0,0.0254183937340919,0.5992857142857143,0.2216981132075471,0.1332499999999999,0.3571428571428571
0.7567567567567579,0.011011011011011,0.0,0.0254183937340919,0.0,0.0,0.0,0.0
0.8918918918918948,0.046046046046046,0.0,0.0100400092185577,0.4857142857142856,0.3321309655937847,0.2045,0.3571428571428571
0.7837837837837824,0.0115115115115115,0.0,0.0118616911308661,0.0,0.0,0.0,0.0
0.7567567567567579,0.054054054054054,0.0,0.0711722650199791,0.3047619047619048,0.6920088790233074,0.255,0.5714285714285714
0.9729729729729756,0.0830830830830831,0.0,0.0006350467875698,0.4333333333333333,0.3326859045504994,0.22175,0.3571428571428571
0.7567567567567579,0.027027027027027,0.0,0.088965437186713,0.5452380952380952,0.3462819089900111,0.185,0.3571428571428571
0.7027027027027017,0.0115115115115115,0.0,0.0402460372063702,0.0,0.0,0.0,0.0
0.7567567567567579,0.008008008008008,0.0,0.0338913328611081,0.0,0.0,0.0,0.0
0.8108108108108141,0.041041041041041,0.0,0.0211819241705839,0.0,0.0,0.0,0.0
0.5945945945945965,0.01001001001001,0.0,0.0381278024246162,0.469047619047619,0.220865704772475,0.11575,0.3571428571428571
0.8918918918918948,0.027027027027027,0.0,0.0097434563491121,0.0,0.0,0.0,0.0
0.9189189189189192,0.089089089089089,0.0,0.0062271866114004,0.0,0.0,0.0,0.0
0.9189189189189192,0.044044044044044,0.0,0.0238466635260304,0.5714285714285714,0.3290788013318535,0.184925,0.3571428571428571
0.7567567567567579,0.0196196196196196,0.0,0.0423642719881242,0.4716666666666666,0.3013318534961154,0.1701249999999999,0.3571428571428571
0.9729729729729756,0.0665665665665665,0.0,0.0029651050474992,0.4619047619047618,0.3312985571587125,0.237325,0.3571428571428571
0.9189189189189192,0.042142042042042,0.0,0.0059306337419549,0.0,0.0,0.0,0.0
0.7297297297297334,0.019019019019019,0.0,0.0508372111151403,0.4761904761904761,0.3881798002219755,0.17,0.3571428571428571
0.9189189189189192,0.1341341341341341,0.0,0.0105907502618137,0.3809523809523809,0.6046059933407325,0.35,0.5
0.8648648648648631,0.084084084084084,0.0,0.0381278024246162,0.3595238095238094,0.6046059933407325,0.35,0.5
0.7297297297297334,0.0515515515515515,0.6301409412478447,0.0338913328611081,0.0,0.0,0.0,0.0
0.7837837837837824,0.074074074074074,0.0,0.0423642719881242,0.0,0.0,0.0,0.0
0.8108108108108141,0.0515515515515515,0.0,0.0466007415516323,0.557142857142857,0.3462819089900111,0.185,0.3571428571428571
0.8648648648648631,0.0539539539539539,0.0,0.0381278024246162,0.4945238095238095,0.3462819089900111,0.2219,0.5
0.8108108108108141,0.039039039039039,0.0,0.0321865775087524,0.0,0.0,0.0,0.0
0.7297297297297334,0.021021021021021,0.0,0.0084725154800597,0.5023809523809524,0.3321309655937847,0.2145,0.3571428571428571
0.6756756756756772,0.024024024024024,0.0,0.0296548632976,0.4166666666666666,0.3601553829078801,0.2145,0.3571428571428571
0.9189189189189192,0.1441441441441441,0.0,0.0029651050474992,0.3459523809523809,0.497780244173141,0.34525,0.3571428571428571
0.6486486486486527,0.0113113113113113,0.0,0.0211819241705839,0.0,0.0,0.0,0.0
0.8918918918918948,0.0520520520520521,0.0,0.0245710998213903,0.6521428571428571,0.3462819089900111,0.185,0.3571428571428571
0.9189189189189192,0.039039039039039,0.0,0.0135562789562694,0.4321428571428571,0.332408435072142,0.205,0.4285714285714285
0.7027027027027017,0.024024024024024,0.0,0.0211819241705839,0.0,0.0,0.0,0.0
0.8918918918918948,0.029029029029029,0.0,0.0169454546070758,0.0,0.0,0.0,0.0
0.8378378378378386,0.059059059059059,0.0,0.0116426656544328,0.0,0.0,0.0,0.0
0.9189189189189192,0.0565565565565565,0.1967982878272944,0.0052862667213453,0.0,0.0,0.0,0.0
0.9189189189189192,0.0618618618618618,0.0,0.0508372111151403,0.0,0.0,0.0,0.0
0.9189189189189192,0.024024024024024,0.0,0.0169454546070758,0.5992857142857143,0.2216981132075471,0.1332499999999999,0.3571428571428571
0.7567567567567579,0.034034034034034,0.0,0.0381278024246162,0.5616666666666666,0.3784683684794672,0.1677499999999999,0.3571428571428571
0.9189189189189192,0.029029029029029,0.0,0.012836079130473,0.0,0.0,0.0,0.0
0.7837837837837824,0.0215215215215215,0.0,0.0466007415516323,0.0,0.0,0.0,0.0
0.7027027027027017,0.025025025025025,0.0,0.0508372111151403,0.4595238095238095,0.3462819089900111,0.18475,0.3571428571428571
0.7027027027027017,0.012012012012012,0.0,0.0423642719881242,0.0,0.0,0.0,0.0
0.9729729729729756,0.049049049049049,0.0,0.0021178111347976,0.4833333333333333,0.3013318534961154,0.17,0.3571428571428571
0.8648648648648631,0.049049049049049,0.0,0.0296548632976,0.0,0.0,0.0,0.0
0.8918918918918948,0.059059059059059,0.0,0.0199109833015315,0.6,0.3462819089900111,0.185,0.3571428571428571
0.7567567567567579,0.0189189189189189,0.0,0.0508372111151403,0.0,0.0,0.0,0.0
0.9189189189189192,0.0445445445445445,0.0,0.0211819241705839,0.5714285714285714,0.3290788013318535,0.184925,0.3571428571428571
0.9189189189189192,0.0342342342342342,0.0,0.0291676692977966,0.4499999999999999,0.2769145394006659,0.1677499999999999,0.3571428571428571
0.7567567567567579,0.039039039039039,0.0,0.0508372111151403,0.3238095238095237,0.7000554938956715,0.1574999999999999,0.5
0.8918918918918948,0.029029029029029,0.0,0.0211819241705839,0.0,0.0,0.0,0.0
0.567567567567572,0.017017017017017,0.0,0.0847289676232049,0.0,0.0,0.0,0.0
0.7297297297297334,0.024024024024024,0.0,0.0146153963471464,0.0,0.0,0.0,0.0
0.7297297297297334,0.035035035035035,0.0,0.0415169780754226,0.4047619047619047,0.4153718091009989,0.295,0.3571428571428571
0.8378378378378386,0.0720720720720721,0.0,0.0254183937340919,0.5314285714285714,0.4389567147613762,0.3157999999999999,0.3571428571428571
0.9189189189189192,0.056056056056056,0.0,0.0107059822339412,0.5002380952380953,0.3321309655937847,0.2045,0.3571428571428571
0.9189189189189192,0.1273273273273273,0.0,0.0190636893888299,0.419047619047619,0.6046059933407325,0.38465,0.5
0.8918918918918948,0.031031031031031,0.0,0.0197995641520112,0.5414285714285714,0.220865704772475,0.1182499999999999,0.3571428571428571
0.8378378378378386,0.0585585585585585,0.0,0.0239779940824992,0.0,0.0,0.0,0.0
0.7027027027027017,0.0345345345345345,0.0,0.0423642719881242,0.0,0.0,0.0,0.0
0.8648648648648631,0.0535535535535535,0.0,0.0762560284961888,0.6,0.3462819089900111,0.185,0.3571428571428571
0.9459459459459438,0.069069069069069,0.0,0.0105907502618137,0.4323809523809523,0.3318534961154273,0.2169999999999999,0.3571428571428571
0.7297297297297334,0.026026026026026,0.0,0.0423642719881242,0.5214285714285714,0.3873473917869034,0.2249999999999999,0.3571428571428571
0.5945945945945965,0.024024024024024,0.0,0.0508372111151403,0.3904761904761904,0.5260821309655938,0.2249999999999999,0.3571428571428571
0.9189189189189192,0.0575575575575575,0.0,0.0184739728255896,0.0,0.0,0.0,0.0
0.8108108108108141,0.046046046046046,0.0,0.0508372111151403,0.5452380952380952,0.3462819089900111,0.185,0.3571428571428571
0.7567567567567579,0.0265265265265265,0.0,0.0296548632976,0.4166666666666666,0.3601553829078801,0.2145,0.3571428571428571
0.7027027027027017,0.0215215215215215,0.0,0.0508372111151403,0.0,0.0,0.0,0.0
0.8918918918918948,0.0450449449449449,0.0,0.0114380441745153,0.55,0.2769145394006659,0.1676,0.3571428571428571
0.8378378378378386,0.034034034034034,0.0,0.0127089850435678,0.0,0.0,0.0,0.0
0.5945945945945965,0.0089089089089089,0.0,0.0379159789464408,0.0,0.0,0.0,0.0
0.7027027027027017,0.0075075075075075,0.0,0.0211819241705839,0.0,0.0,0.0,0.0
0.9189189189189192,0.063063063063063,0.0,0.0156745137380234,0.0,0.0,0.0,0.0
0.9459459459459438,0.025025025025025,0.0,0.0211819241705839,0.5478571428571428,0.2771920088790233,0.1674999999999999,0.3571428571428571
0.7837837837837824,0.014014014014014,0.0,0.0338913328611081,0.0,0.0,0.0,0.0
0.8918918918918948,0.1151151151151151,0.0,0.0512608580714912,0.2876190476190476,0.8321309655937847,0.4025,0.5
0.7027027027027017,0.014014014014014,0.0,0.0296548632976,0.469047619047619,0.220865704772475,0.11575,0.3571428571428571
0.8108108108108141,0.044044044044044,0.0,0.0004232233093944,0.0,0.0,0.0,0.0
0.9459459459459438,0.029029029029029,0.0,0.0084725154800597,0.0,0.0,0.0,0.0
0.7297297297297334,0.015015015015015,0.0,0.0211819241705839,0.0,0.0,0.0,0.0
0.9189189189189192,0.064064064064064,0.0,0.0317730980793541,0.633095238095238,0.3462819089900111,0.185,0.3571428571428571
0.6756756756756772,0.01001001001001,0.0,0.0381278024246162,0.0,0.0,0.0,0.0
0.9729729729729756,0.049049049049049,0.0,0.0063542806983056,0.505,0.3321309655937847,0.2045,0.3571428571428571
0.8648648648648631,0.1991991991991992,0.0,0.0508372111151403,0.3095238095238095,0.6920088790233074,0.355,0.5
0.7027027027027017,0.014014014014014,0.0,0.0423642719881242,0.0,0.0,0.0,0.0
0.9189189189189192,0.084084084084084,0.0,0.0254183937340919,0.5421428571428571,0.4156492785793563,0.246475,0.3571428571428571
0.9189189189189192,0.0615615615615615,0.0,0.0108186723243304,0.3995238095238095,0.4150943396226415,0.221825,0.3571428571428571
0.9189189189189192,0.0870870870870871,0.0,0.0139799259126202,0.5476190476190476,0.4156492785793563,0.2473999999999999,0.3571428571428571
0.7027027027027017,0.0115115115115115,0.0,0.0296548632976,0.0,0.0,0.0,0.0
0.8918918918918948,0.046046046046046,0.0,0.0042360459165516,0.4499999999999999,0.3321309655937847,0.205,0.3571428571428571
0.7027027027027017,0.0115115115115115,0.0,0.0211819241705839,0.4499999999999999,0.2943951165371809,0.1674999999999999,0.3571428571428571
0.8648648648648631,0.021021021021021,0.0,0.0169454546070758,0.5414285714285714,0.220865704772475,0.1182499999999999,0.3571428571428571
0.621621621621621,0.009009009009009,0.0,0.0508372111151403,0.3833333333333333,0.3898446170921198,0.175,0.3571428571428571
0.8378378378378386,0.02002002002002,0.0,0.0084725154800597,0.0,0.0,0.0,0.0
0.9459459459459438,0.1491491491491491,0.0,0.0084725154800597,0.3809523809523809,0.6046059933407325,0.345,0.5
0.5945945945945965,0.0215215215215215,0.0,0.0796452041469952,0.2928571428571428,0.5405105438401776,0.2249999999999999,0.5
0.9459459459459438,0.099099099099099,0.0,0.0127089850435678,0.5238095238095237,0.4389567147613762,0.3155,0.3571428571428571
0.8918918918918948,0.0415415415415415,0.0,0.0180045719979529,0.0,0.0,0.0,0.0
0.8648648648648631,0.034034034034034,0.0,0.0211819241705839,0.4883333333333333,0.2769145394006659,0.1676,0.3571428571428571
0.6486486486486527,0.014014014014014,0.0,0.0296548632976,0.4333333333333333,0.2943951165371809,0.16,0.3571428571428571
0.7297297297297334,0.012012012012012,0.0,0.0296548632976,0.0,0.0,0.0,0.0
0.8918918918918948,0.0465465465465465,0.0,0.0008968606065946,0.4619047619047618,0.332408435072142,0.2169999999999999,0.3571428571428571
0.8108108108108141,0.054054054054054,0.0,0.0317730980793541,0.0,0.0,0.0,0.0
0.567567567567572,0.003003003003003,0.0,0.0508372111151403,0.3833333333333333,0.220865704772475,0.0925,0.2857142857142857
0.9729729729729756,0.1091091091091091,0.0,0.0042360459165516,0.4047619047619047,0.4414539400665926,0.30325,0.3571428571428571
0.9189189189189192,0.039039039039039,0.0,0.0211819241705839,0.0,0.0,0.0,0.0
0.621621621621621,0.01001001001001,0.0,0.0226744323978078,0.4009523809523809,0.3310210876803551,0.161,0.3571428571428571
0.9189189189189192,0.033033033033033,0.0,0.0254183937340919,0.0,0.0,0.0,0.0
0.9189189189189192,0.008008008008008,0.0262213707483772,0.0005503173962996,0.0,0.0,0.0,0.0
0.8648648648648631,0.054054054054054,0.0,0.0169454546070758,0.5616666666666666,0.3784683684794672,0.1676,0.3571428571428571
0.8108108108108141,0.0365365365365365,0.0,0.0296548632976,0.4404761904761904,0.3321309655937847,0.207125,0.3571428571428571
0.8648648648648631,0.005005005005005,0.0262213707483772,0.0070321158284669,0.0,0.0,0.0,0.0
0.9189189189189192,0.034034034034034,0.0,0.0338913328611081,0.0,0.0,0.0,0.0
0.8108108108108141,0.0435435435435435,0.0,0.0423642719881242,0.6142857142857143,0.4156492785793563,0.2465,0.3571428571428571
0.9729729729729756,0.054054054054054,0.0,0.0042360459165516,0.5714285714285714,0.3326859045504994,0.209525,0.3571428571428571
0.8648648648648631,0.099099099099099,0.0,0.0148272198253218,0.3666666666666666,0.5541065482796892,0.3,0.5
0.8648648648648631,0.069069069069069,0.0,0.0148272198253218,0.5033333333333333,0.4156492785793563,0.2588,0.3571428571428571
0.8918918918918948,0.0229229229229229,0.0,0.0173691015634266,0.0,0.0,0.0,0.0
0.7837837837837824,0.019019019019019,0.0,0.028595745906723,0.2904761904761904,0.5405105438401776,0.17,0.7142857142857142
0.9729729729729756,0.0850850850850851,0.0,0.0148272198253218,0.0,0.0,0.0,0.0
0.8918918918918948,0.032032032032032,0.0,0.0084725154800597,0.5992857142857143,0.2216981132075471,0.1332499999999999,0.3571428571428571
0.8108108108108141,0.011011011011011,0.0,0.0508372111151403,0.530952380952381,0.3462819089900111,0.185,0.3571428571428571
0.7027027027027017,0.017017017017017,0.0,0.0296548632976,0.4847619047619047,0.3321309655937847,0.19725,0.3571428571428571
0.9729729729729756,0.3793793793793794,0.0,0.0084725154800597,0.4285714285714285,0.5463374028856826,0.475,0.3571428571428571
0.8918918918918948,0.0315315315315315,0.0,0.0338913328611081,0.0,0.0,0.0,0.0
0.9189189189189192,0.084084084084084,0.0,0.0228765119959871,0.5366666666666666,0.3873473917869034,0.221825,0.3571428571428571
0.8918918918918948,0.0035035035035035,0.0149047791622354,0.0059306337419549,0.0,0.0,0.0,0.0
0.9189189189189192,0.03003003003003,0.0,0.0228765119959871,0.588095238095238,0.220865704772475,0.1182499999999999,0.3571428571428571
0.8918918918918948,0.059059059059059,0.0,0.0657500076256451,0.0,0.0,0.0,0.0
0.7837837837837824,0.0220219219219219,0.0,0.0211073623062661,0.0,0.0,0.0,0.0
0.8108108108108141,0.038038038038038,0.0,0.0423642719881242,0.557142857142857,0.3462819089900111,0.185,0.3571428571428571
0.9189189189189192,0.0595595595595596,0.0,0.053802739809596,0.6761904761904761,0.3462819089900111,0.18505,0.3571428571428571
0.8918918918918948,0.0305305305305305,0.0,0.0135562789562694,0.588095238095238,0.220865704772475,0.1182499999999999,0.3571428571428571
0.8918918918918948,0.026026026026026,0.0,0.0423642719881242,0.3659523809523809,0.3318534961154273,0.1825,0.5
0.8648648648648631,0.074074074074074,0.0,0.0194763215243156,0.0,0.0,0.0,0.0
0.8918918918918948,0.024024024024024,0.0,0.0296548632976,0.0,0.0,0.0,0.0
0.7567567567567579,0.089089089089089,0.0,0.0466007415516323,0.3047619047619048,0.6920088790233074,0.255,0.5714285714285714
0.7297297297297334,0.013013013013013,0.0,0.0317730980793541,0.4428571428571429,0.3326859045504994,0.1985,0.3571428571428571
0.8648648648648631,0.0465465465465465,0.2166713267102751,0.0169454546070758,0.0,0.0,0.0,0.0
0.8378378378378386,0.0275275275275275,0.0,0.0271129815594952,0.0,0.0,0.0,0.0
0.8918918918918948,0.026026026026026,0.0,0.0211819241705839,0.5414285714285714,0.220865704772475,0.1182499999999999,0.3571428571428571
0.7837837837837824,0.034034034034034,0.0,0.0160981606943742,0.0,0.0,0.0,0.0
0.7297297297297334,0.034034034034034,0.0,0.0804924980596968,0.4595238095238095,0.3462819089900111,0.18475,0.3571428571428571
0.7567567567567579,0.0141141141141141,0.0,0.0169454546070758,0.0,0.0,0.0,0.0
0.8648648648648631,0.036036036036036,0.0,0.0211819241705839,0.0,0.0,0.0,0.0
0.8918918918918948,0.0825825825825826,0.2594535631944695,0.0082327313027651,0.0,0.0,0.0,0.0
0.6486486486486527,0.0075075075075075,0.0,0.0677830893691726,0.4333333333333333,0.2769145394006659,0.1677499999999999,0.3571428571428571
0.9729729729729756,0.079079079079079,0.0,0.0008468702657452,0.38,0.7000554938956715,0.1574999999999999,0.6428571428571428
0.8108108108108141,0.0315315315315315,0.0,0.0149538902652707,0.0,0.0,0.0,0.0
0.7837837837837824,0.0255255255255255,0.0,0.0686303832818743,0.0,0.0,0.0,0.0
0.6756756756756772,0.009009009009009,0.0,0.0169454546070758,0.4,0.3898446170921198,0.155,0.3571428571428571
0.621621621621621,0.0145145145145145,0.0,0.0296548632976,0.3833333333333333,0.220865704772475,0.0925,0.2857142857142857
0.8108108108108141,0.074074074074074,0.0,0.0336066421064403,0.3092857142857143,0.6920088790233074,0.2515,0.5
0.9729729729729756,0.079079079079079,0.0,0.0047613681424266,0.0,0.0,0.0,0.0
0.7567567567567579,0.043043043043043,0.0,0.0381278024246162,0.430952380952381,0.552441731409545,0.36975,0.2857142857142857
0.7567567567567579,0.0215215215215215,0.0,0.0296548632976,0.4761904761904761,0.3881798002219755,0.17,0.3571428571428571
0.9189189189189192,0.2592592592592593,0.0,0.0199796141084603,0.0,0.0,0.0,0.0
0.9189189189189192,0.044044044044044,0.0,0.0238466635260304,0.5714285714285714,0.3290788013318535,0.184925,0.3571428571428571
0.9729729729729756,0.064064064064064,0.0,0.0023808958946914,0.5238095238095237,0.3321309655937847,0.2045,0.3571428571428571
0.8108108108108141,0.019019019019019,0.0,0.0296548632976,0.0,0.0,0.0,0.0
0.9459459459459438,0.0521521521521521,0.0,0.0084725154800597,0.4499999999999999,0.3321309655937847,0.20465,0.3571428571428571
0.8648648648648631,0.1041041041041041,0.0,0.0508372111151403,0.3092857142857143,0.6920088790233074,0.2515,0.5
1.0,0.094094094094094,0.0,0.0021178111347976,0.4047619047619047,0.332408435072142,0.27125,0.3571428571428571
0.8378378378378386,0.0341341341341341,0.0,0.0377465201639004,0.5523809523809523,0.3462819089900111,0.1848499999999999,0.3571428571428571
0.9189189189189192,0.034034034034034,0.0,0.0127089850435678,0.0,0.0,0.0,0.0
0.8108108108108141,0.074074074074074,0.0,0.0336066421064403,0.3092857142857143,0.6920088790233074,0.2515,0.5
0.8378378378378386,0.031031031031031,0.0,0.0338913328611081,0.4847619047619047,0.3321309655937847,0.19725,0.3571428571428571
0.8108108108108141,0.0062062062062062,0.0,0.0105907502618137,0.0,0.0,0.0,0.0
0.6486486486486527,0.0220219219219219,0.0,0.0296548632976,0.0,0.0,0.0,0.0
0.9729729729729756,0.079079079079079,0.0,0.0127089850435678,0.5476190476190476,0.4156492785793563,0.2473999999999999,0.3571428571428571
0.7027027027027017,0.049049049049049,0.0,0.0508372111151403,0.2642857142857142,0.6531631520532741,0.397,0.3571428571428571
0.9459459459459438,0.099099099099099,0.0,0.0022148262878019,0.4071428571428571,0.4150943396226415,0.26375,0.3571428571428571
0.8918918918918948,0.014014014014014,0.0,0.0254183937340919,0.0,0.0,0.0,0.0
0.7297297297297334,0.01001001001001,0.0,0.0466007415516323,0.0,0.0,0.0,0.0
0.9189189189189192,0.064064064064064,0.0,0.0079709174837403,0.4047619047619047,0.332408435072142,0.184375,0.3571428571428571
0.5945945945945965,0.024024024024024,0.0,0.0381278024246162,0.0,0.0,0.0,0.0
0.8378378378378386,0.019119019019019,0.0,0.0169454546070758,0.0,0.0,0.0,0.0
0.9189189189189192,0.0605605605605605,0.0,0.0169454546070758,0.4523809523809523,0.3326859045504994,0.22175,0.3571428571428571
0.8648648648648631,0.059059059059059,0.0,0.027318026686369,0.0,0.0,0.0,0.0
0.7567567567567579,0.017017017017017,0.0,0.0296548632976,0.0,0.0,0.0,0.0
0.9189189189189192,0.084084084084084,0.0,0.0466007415516323,0.3666666666666666,0.7000554938956715,0.1875,0.5
0.9459459459459438,0.0750750750750751,0.0,0.0211819241705839,0.6521428571428571,0.3462819089900111,0.185,0.3571428571428571
0.7567567567567579,0.0220219219219219,0.0,0.0466007415516323,0.4476190476190476,0.3462819089900111,0.2249999999999999,0.3571428571428571
0.621621621621621,0.024024024024024,0.0,0.0296548632976,0.4499999999999999,0.2769145394006659,0.1677499999999999,0.3571428571428571
0.621621621621621,0.0220219219219219,0.0,0.0466007415516323,0.0,0.0,0.0,0.0
0.6756756756756772,0.016016016016016,0.0,0.0474480354643339,0.4119047619047619,0.2943951165371809,0.14375,0.3571428571428571
0.7567567567567579,0.029029029029029,0.0,0.0508372111151403,0.419047619047619,0.4150943396226415,0.22175,0.3571428571428571
0.9729729729729756,0.089089089089089,0.0,0.0254183937340919,0.5976190476190476,0.3462819089900111,0.22125,0.3571428571428571
0.7297297297297334,0.0275275275275275,0.0,0.0254183937340919,0.0,0.0,0.0,0.0
0.7837837837837824,0.019019019019019,0.0,0.0211819241705839,0.0,0.0,0.0,0.0
0.567567567567572,0.009009009009009,0.0,0.0254183937340919,0.3833333333333333,0.3898446170921198,0.175,0.3571428571428571
0.8108108108108141,0.069069069069069,0.0,0.0296548632976,0.0,0.0,0.0,0.0
0.8918918918918948,0.0635635635635635,0.0,0.0046596928729024,0.3404761904761905,0.4433962264150943,0.25875,0.3571428571428571
0.8108108108108141,0.074074074074074,0.0,0.0336066421064403,0.3092857142857143,0.6920088790233074,0.2515,0.5
0.7027027027027017,0.0155155155155155,0.0,0.0254183937340919,0.4523809523809523,0.2769145394006659,0.1677499999999999,0.3571428571428571
0.9459459459459438,0.069069069069069,0.0,0.0120527559081803,0.4428571428571429,0.3321309655937847,0.204575,0.3571428571428571
0.8648648648648631,0.074074074074074,0.0,0.0194763215243156,0.0,0.0,0.0,0.0
0.8918918918918948,0.053053053053053,0.0,0.0338913328611081,0.0,0.0,0.0,0.0
0.7837837837837824,0.025025025025025,0.0,0.0169454546070758,0.0,0.0,0.0,0.0
0.9189189189189192,0.031031031031031,0.0,0.0118616911308661,0.5992857142857143,0.2216981132075471,0.1332499999999999,0.3571428571428571
0.9189189189189192,0.0565565565565565,0.0,0.040669684162721,0.473095238095238,0.4053829078801332,0.2095,0.3571428571428571
0.8108108108108141,0.049049049049049,0.0,0.0804924980596968,0.0,0.0,0.0,0.0
0.8108108108108141,0.064064064064064,0.0,0.0436305527406568,0.0,0.0,0.0,0.0
0.8918918918918948,0.1016016016016016,0.0,0.0095409531039764,0.3809523809523809,0.6046059933407325,0.35,0.5
0.8918918918918948,0.0288288288288288,0.0,0.0296548632976,0.5702380952380952,0.2769145394006659,0.167625,0.3571428571428571
0.7567567567567579,0.0215215215215215,0.0,0.0063542806983056,0.3714285714285714,0.3318534961154273,0.175,0.3571428571428571
0.9459459459459438,0.026026026026026,0.0,0.0084725154800597,0.588095238095238,0.220865704772475,0.1182499999999999,0.3571428571428571
0.9189189189189192,0.053053053053053,0.0,0.0254183937340919,0.0,0.0,0.0,0.0
0.6756756756756772,0.005005005005005,0.0,0.0338913328611081,0.3833333333333333,0.220865704772475,0.0925,0.2857142857142857
0.9729729729729756,0.0665665665665665,0.0,0.0105907502618137,0.6761904761904761,0.3462819089900111,0.18505,0.3571428571428571
0.8108108108108141,0.0215215215215215,0.0,0.0247164107274187,0.5188095238095237,0.2769145394006659,0.167625,0.3571428571428571
0.8918918918918948,0.046046046046046,0.0,0.0132881104328993,0.0,0.0,0.0,0.0
0.6486486486486527,0.0045045045045045,0.0,0.0296548632976,0.3785714285714285,0.3601553829078801,0.2125,0.3571428571428571
0.8108108108108141,0.0215215215215215,0.0,0.0247164107274187,0.5188095238095237,0.2769145394006659,0.167625,0.3571428571428571
0.7297297297297334,0.0165165165165165,0.0,0.0190636893888299,0.0,0.0,0.0,0.0
0.8378378378378386,0.0515515515515515,0.0,0.0228765119959871,0.0,0.0,0.0,0.0
0.7837837837837824,0.0065065065065065,0.0,0.0050833398292532,0.4009523809523809,0.3310210876803551,0.161,0.3571428571428571
0.8918918918918948,0.0665665665665665,0.0,0.0292312163412492,0.4095238095238094,0.3321309655937847,0.259,0.3571428571428571
0.7027027027027017,0.049049049049049,0.0,0.0444825067698783,0.0,0.0,0.0,0.0
0.8648648648648631,0.1291291291291291,0.0,0.0203346302578822,0.4683333333333333,0.4389567147613762,0.3155,0.3571428571428571
0.9189189189189192,0.094094094094094,0.0,0.0260026028868997,0.3666666666666666,0.6046059933407325,0.3,0.5
0.9459459459459438,0.094094094094094,0.0,0.0110143972181645,0.4666666666666667,0.4053829078801332,0.271125,0.3571428571428571
0.8648648648648631,0.0493493493493493,0.0,0.0466007415516323,0.3357142857142857,0.6046059933407325,0.36985,0.5
0.9189189189189192,0.074074074074074,0.0,0.0182163954761283,0.5366666666666666,0.3873473917869034,0.221825,0.3571428571428571
0.7837837837837824,0.069069069069069,0.0,0.104216727615342,0.3092857142857143,0.6920088790233074,0.25,0.5
0.9189189189189192,0.1741741741741742,0.0,0.0309258041666524,0.2857142857142857,0.6531631520532741,0.4685,0.3571428571428571
0.5945945945945965,0.0115115115115115,0.0,0.0211819241705839,0.0,0.0,0.0,0.0
0.7837837837837824,0.044044044044044,0.0,0.0305021572103016,0.5314285714285714,0.4389567147613762,0.3157999999999999,0.3571428571428571
0.7837837837837824,0.036036036036036,0.0,0.0253582358662902,0.0,0.0,0.0,0.0
0.7837837837837824,0.019019019019019,0.0,0.0381278024246162,0.5611904761904761,0.3873473917869034,0.175,0.3571428571428571
0.5405405405405403,0.004004004004004,0.0,0.0508372111151403,0.0,0.0,0.0,0.0
0.8648648648648631,0.029029029029029,0.0,0.0593101502421565,0.0,0.0,0.0,0.0
0.7837837837837824,0.0665665665665665,0.0,0.0508372111151403,0.3595238095238094,0.6046059933407325,0.35,0.5
0.8108108108108141,0.034034034034034,0.0,0.0317730980793541,0.0,0.0,0.0,0.0
0.7837837837837824,0.028028028028028,0.0,0.0254183937340919,0.5004761904761904,0.3462819089900111,0.2219,0.3571428571428571
0.8918918918918948,0.064064064064064,0.0,0.0338913328611081,0.5785714285714285,0.3462819089900111,0.22125,0.3571428571428571
0.6756756756756772,0.0115115115115115,0.0,0.0338913328611081,0.0,0.0,0.0,0.0
0.9189189189189192,0.056056056056056,0.0,0.0148272198253218,0.0,0.0,0.0,0.0
0.7837837837837824,0.015015015015015,0.0,0.0381278024246162,0.0,0.0,0.0,0.0
0.9189189189189192,0.061061061061061,0.0,0.0211819241705839,0.4314285714285714,0.3318534961154273,0.2169999999999999,0.3571428571428571
0.8648648648648631,0.0505505505505505,0.0,0.0190636893888299,0.4964285714285714,0.3321309655937847,0.2078499999999999,0.3571428571428571
0.9459459459459438,0.0865865865865865,0.0,0.0211819241705839,0.5785714285714285,0.3462819089900111,0.22125,0.3571428571428571
0.8378378378378386,0.0570570570570571,0.0,0.0268401529196052,0.0,0.0,0.0,0.0
0.567567567567572,0.007007007007007,0.0,0.0338913328611081,0.0,0.0,0.0,0.0
0.9729729729729756,0.2592592592592593,0.0,0.0040242224383762,0.0,0.0,0.0,0.0
0.9189189189189192,0.0770770770770771,0.0,0.0279602754721968,0.5838095238095238,0.3462819089900111,0.22125,0.5
0.7837837837837824,0.054054054054054,0.0,0.0255183744157908,0.0,0.0,0.0,0.0
0.7027027027027017,0.019019019019019,0.0,0.0508372111151403,0.4404761904761904,0.3321309655937847,0.2145,0.3571428571428571
0.7567567567567579,0.026026026026026,0.0,0.0593101502421565,0.4761904761904761,0.5460599334073252,0.27125,0.3571428571428571
0.8648648648648631,0.058058058058058,0.0,0.0296548632976,0.4092857142857143,0.3321309655937847,0.20465,0.3571428571428571
0.8918918918918948,0.0400399399399399,0.0,0.0254183937340919,0.2904761904761904,0.5532741398446172,0.26325,0.7142857142857142
0.8378378378378386,0.036036036036036,0.0,0.0338913328611081,0.0,0.0,0.0,0.0
0.7027027027027017,0.014014014014014,0.0,0.0169454546070758,0.0,0.0,0.0,0.0
0.9459459459459438,0.0515515515515515,0.0,0.0063542806983056,0.0,0.0,0.0,0.0
0.8918918918918948,0.037037037037037,0.0,0.0063542806983056,0.0,0.0,0.0,0.0
0.7837837837837824,0.021021021021021,0.0,0.0338913328611081,0.0,0.0,0.0,0.0
0.5405405405405403,0.009009009009009,0.0,0.0254183937340919,0.0,0.0,0.0,0.0
0.8378378378378386,0.054054054054054,0.2224676297178111,0.0193941340147835,0.0,0.0,0.0,0.0
0.8918918918918948,0.034034034034034,0.0,0.0423642719881242,0.4321428571428571,0.332408435072142,0.205,0.3571428571428571
0.9459459459459438,0.1641641641641641,0.0,0.0105907502618137,0.0,0.0,0.0,0.0
0.8648648648648631,0.038038038038038,0.0,0.0338913328611081,0.0,0.0,0.0,0.0
0.6486486486486527,0.019019019019019,0.0,0.0338913328611081,0.0,0.0,0.0,0.0
0.8108108108108141,0.044044044044044,0.0,0.0508372111151403,0.557142857142857,0.3462819089900111,0.185,0.3571428571428571
0.8648648648648631,0.0675675675675676,0.0,0.0461770945952815,0.5404761904761904,0.4156492785793563,0.2246,0.3571428571428571
0.7567567567567579,0.0285285285285285,0.0,0.0211819241705839,0.0,0.0,0.0,0.0
0.8918918918918948,0.059059059059059,0.0,0.0105907502618137,0.4092857142857143,0.3321309655937847,0.20465,0.3571428571428571
0.8648648648648631,0.0661661661661662,0.0,0.0204312217639303,0.4452380952380952,0.3326859045504994,0.22175,0.3571428571428571
0.8648648648648631,0.0720720720720721,0.0,0.0423642719881242,0.4402380952380951,0.4142619311875694,0.25,0.5
0.7027027027027017,0.029029029029029,0.0,0.0211819241705839,0.0,0.0,0.0,0.0
0.6756756756756772,0.039039039039039,0.0,0.0466007415516323,0.3023809523809523,0.7239178690344062,0.2915,0.5714285714285714
0.9459459459459438,0.074074074074074,0.0,0.0254183937340919,0.3928571428571428,0.4142619311875694,0.175,0.5
0.9189189189189192,0.069069069069069,0.0,0.0381278024246162,0.0,0.0,0.0,0.0
0.8648648648648631,0.0445445445445445,0.0,0.0381278024246162,0.6142857142857143,0.4156492785793563,0.2465,0.3571428571428571
0.7297297297297334,0.002102102102102,0.02898151503768,0.0902363780557654,0.0,0.0,0.0,0.0
0.8648648648648631,0.059059059059059,0.0,0.0381278024246162,0.4945238095238095,0.3462819089900111,0.2219,0.5
0.8108108108108141,0.0465465465465465,0.0,0.0203346302578822,0.5166666666666666,0.4156492785793563,0.2473999999999999,0.3571428571428571
0.9189189189189192,0.0800800800800801,0.0,0.0202274475779255,0.6688095238095237,0.3462819089900111,0.22125,0.3571428571428571
0.8918918918918948,0.021021021021021,0.0,0.0169454546070758,0.5414285714285714,0.220865704772475,0.1182499999999999,0.3571428571428571
0.7837837837837824,0.074074074074074,0.0,0.0338913328611081,0.0,0.0,0.0,0.0
0.8378378378378386,0.0400399399399399,0.0,0.0381278024246162,0.0,0.0,0.0,0.0
0.9189189189189192,0.0319319319319319,0.0,0.0338913328611081,0.4911904761904761,0.332408435072142,0.1674999999999999,0.3571428571428571
0.8378378378378386,0.079079079079079,0.0,0.0381278024246162,0.0,0.0,0.0,0.0
0.8108108108108141,0.034034034034034,0.0,0.0177927485197774,0.0,0.0,0.0,0.0
0.9189189189189192,0.044044044044044,0.0,0.0028591933084115,0.4404761904761904,0.332408435072142,0.2169999999999999,0.3571428571428571
0.7837837837837824,0.03003003003003,0.1650566285003115,0.0217915521407727,0.0,0.0,0.0,0.0
0.8108108108108141,0.028028028028028,0.0,0.0593101502421565,0.0,0.0,0.0,0.0
0.7567567567567579,0.011011011011011,0.0,0.0084725154800597,0.0,0.0,0.0,0.0
0.9459459459459438,0.044044044044044,0.0,0.0190636893888299,0.0,0.0,0.0,0.0
0.9459459459459438,0.029029029029029,0.0,0.0070253374771653,0.0,0.0,0.0,0.0
0.8108108108108141,0.01001001001001,0.0,0.0211819241705839,0.0,0.0,0.0,0.0
0.9459459459459438,0.073073073073073,0.0,0.0164442802577128,0.6521428571428571,0.3462819089900111,0.185,0.3571428571428571
0.8648648648648631,0.0770770770770771,0.0,0.0169454546070758,0.5838095238095238,0.3462819089900111,0.22125,0.5
0.6756756756756772,0.0355355355355355,0.0,0.0508372111151403,0.3023809523809523,0.7239178690344062,0.3,0.5714285714285714
0.8918918918918948,0.0347347347347347,0.0,0.0508372111151403,0.6028571428571429,0.332408435072142,0.1925,0.4285714285714285
0.6756756756756772,0.0225225225225225,0.0,0.0255065123010129,0.0,0.0,0.0,0.0
0.8108108108108141,0.0315315315315315,0.0,0.027536628515846,0.0,0.0,0.0,0.0
0.7297297297297334,0.014014014014014,0.0,0.0508372111151403,0.469047619047619,0.220865704772475,0.11575,0.3571428571428571
0.7567567567567579,0.036036036036036,0.0,0.0233713316410049,0.0,0.0,0.0,0.0
0.6756756756756772,0.02002002002002,0.0,0.0423642719881242,0.4669047619047619,0.3898446170921198,0.175,0.3571428571428571
0.8648648648648631,0.044044044044044,0.0,0.0084725154800597,0.4547619047619047,0.3321309655937847,0.205,0.3571428571428571
0.7567567567567579,0.0142142142142142,0.0,0.0338913328611081,0.4047619047619047,0.3898446170921198,0.1775,0.3571428571428571
0.8378378378378386,0.0565565565565565,0.0,0.0233001589523379,0.3333333333333333,0.6046059933407325,0.34525,0.5
0.8648648648648631,0.0520520520520521,0.0,0.0423642719881242,0.0,0.0,0.0,0.0
0.5405405405405403,0.012012012012012,0.0,0.0338913328611081,0.338095238095238,0.4431187569367369,0.2299999999999999,0.3571428571428571
0.9189189189189192,0.0615615615615615,0.0,0.0108186723243304,0.3995238095238095,0.4150943396226415,0.221825,0.3571428571428571
0.8108108108108141,0.024024024024024,0.0,0.0508372111151403,0.4545238095238095,0.3873473917869034,0.1725,0.3571428571428571
0.8918918918918948,0.079079079079079,0.0,0.0105907502618137,0.364047619047619,0.4414539400665926,0.30325,0.3571428571428571
0.9459459459459438,0.0470470470470471,0.0,0.0190636893888299,0.5676190476190476,0.3326859045504994,0.2099999999999999,0.3571428571428571
0.8378378378378386,0.066066066066066,0.0,0.016900971676659,0.0,0.0,0.0,0.0
0.567567567567572,0.014014014014014,0.3408778197289042,0.0572571570916805,0.0,0.0,0.0,0.0
0.7297297297297334,0.024024024024024,0.0,0.0203346302578822,0.3714285714285714,0.3318534961154273,0.175,0.3571428571428571
0.5945945945945965,0.0051051051051051,0.0,0.0019640272896422,0.0,0.0,0.0,0.0
0.8648648648648631,0.024024024024024,0.0,0.0099552798272875,0.4428571428571429,0.3326859045504994,0.192,0.3571428571428571
0.7837837837837824,0.024024024024024,0.0,0.0169454546070758,0.530952380952381,0.3462819089900111,0.185,0.3571428571428571
0.8378378378378386,0.055055055055055,0.0,0.0305021572103016,0.6190476190476191,0.4156492785793563,0.2465,0.3571428571428571
0.7837837837837824,0.029029029029029,0.0,0.0364171160148716,0.0,0.0,0.0,0.0
0.9459459459459438,0.0620620620620621,0.0,0.0063542806983056,0.505,0.3321309655937847,0.2045,0.3571428571428571
0.8918918918918948,0.054054054054054,0.0,0.023933087505126,0.4333333333333333,0.3326859045504994,0.22175,0.3571428571428571
0.7567567567567579,0.0365365365365365,0.0,0.0148272198253218,0.5314285714285714,0.4389567147613762,0.3157999999999999,0.3571428571428571
0.8918918918918948,0.036036036036036,0.0,0.0254183937340919,0.4323809523809523,0.3318534961154273,0.2169999999999999,0.3571428571428571
0.5945945945945965,0.0065065065065065,0.0,0.0508372111151403,0.3095238095238095,0.4142619311875694,0.25,0.3571428571428571
0.9459459459459438,0.059059059059059,0.0,0.0296548632976,0.4402380952380951,0.6046059933407325,0.3,0.6428571428571428
0.7027027027027017,0.029029029029029,0.0,0.0211819241705839,0.0,0.0,0.0,0.0
0.9729729729729756,0.064064064064064,0.0,0.0021178111347976,0.0,0.0,0.0,0.0
0.7837837837837824,0.029029029029029,0.0,0.0466007415516323,0.5452380952380952,0.3462819089900111,0.185,0.3571428571428571
0.7297297297297334,0.031031031031031,0.0,0.0508372111151403,0.489047619047619,0.4433962264150943,0.259,0.3571428571428571
0.8108108108108141,0.044044044044044,0.0,0.0004232233093944,0.0,0.0,0.0,0.0
0.9459459459459438,0.0455455455455455,0.0,0.0105907502618137,0.0,0.0,0.0,0.0
0.9459459459459438,0.068068068068068,0.0,0.0047334074433075,0.0,0.0,0.0,0.0
0.9459459459459438,0.0850850850850851,0.0,0.0169454546070758,0.4333333333333333,0.3326859045504994,0.22175,0.3571428571428571
0.8648648648648631,0.061061061061061,0.0,0.0139799259126202,0.4795238095238095,0.4156492785793563,0.2219999999999999,0.3571428571428571
0.7027027027027017,0.027027027027027,0.0,0.0593101502421565,0.4595238095238095,0.3462819089900111,0.18475,0.3571428571428571
0.8108108108108141,0.039039039039039,0.0,0.0423642719881242,0.0,0.0,0.0,0.0
0.6756756756756772,0.031031031031031,0.0,0.0423642719881242,0.3023809523809523,0.7239178690344062,0.2915,0.6428571428571428
0.6756756756756772,0.006006006006006,0.0,0.0423642719881242,0.0,0.0,0.0,0.0
0.7837837837837824,0.0400399399399399,0.0,0.0237238059086887,0.0,0.0,0.0,0.0
0.8378378378378386,0.034034034034034,0.0,0.0148272198253218,0.4883333333333333,0.2769145394006659,0.1676,0.3571428571428571
0.8918918918918948,0.0585585585585585,0.0,0.0555443524471542,0.6,0.3462819089900111,0.185,0.3571428571428571
0.8108108108108141,0.0470470470470471,0.0,0.0444825067698783,0.557142857142857,0.3462819089900111,0.185,0.3571428571428571
0.8648648648648631,0.2192192192192192,0.0,0.0101671033054629,0.0,0.0,0.0,0.0
0.8648648648648631,0.069069069069069,0.0,0.0084725154800597,0.4857142857142856,0.3462819089900111,0.22925,0.3571428571428571
0.6756756756756772,0.015015015015015,0.0,0.0296548632976,0.469047619047619,0.220865704772475,0.0875,0.5714285714285714
0.6486486486486527,0.0400399399399399,0.0,0.1051144355158494,0.3047619047619048,0.6920088790233074,0.255,0.5714285714285714
0.7567567567567579,0.0115115115115115,0.0,0.0254183937340919,0.0,0.0,0.0,0.0
0.8108108108108141,0.028028028028028,0.0,0.0207582772142331,0.0,0.0,0.0,0.0
0.8378378378378386,0.2482482482482482,0.0,0.0194873363451806,0.0,0.0,0.0,0.0
0.7837837837837824,0.036036036036036,0.0,0.0741377937144348,0.4595238095238095,0.3462819089900111,0.18475,0.3571428571428571
0.9459459459459438,0.063063063063063,0.0,0.0347386267738097,0.6149999999999999,0.4156492785793563,0.2475,0.3571428571428571
0.7567567567567579,0.064064064064064,0.0,0.0296548632976,0.0,0.0,0.0,0.0
0.9189189189189192,0.0505505505505505,0.0,0.0097434563491121,0.5095238095238095,0.3321309655937847,0.20775,0.3571428571428571
0.8378378378378386,0.032032032032032,0.0,0.0847289676232049,0.0,0.0,0.0,0.0
0.8648648648648631,0.048048048048048,0.0,0.0254183937340919,0.6,0.3462819089900111,0.185,0.3571428571428571
0.7027027027027017,0.029029029029029,0.0,0.0754087345834871,0.0,0.0,0.0,0.0
0.9459459459459438,0.0780780780780781,0.0,0.0063542806983056,0.4047619047619047,0.332408435072142,0.27125,0.3571428571428571
0.8108108108108141,0.0315315315315315,0.0,0.0263504170380637,0.0,0.0,0.0,0.0
0.8918918918918948,0.0525525525525525,0.0,0.022283406257096,0.0,0.0,0.0,0.0
1.0,0.0604604604604605,0.0,0.0004232233093944,0.0,0.0,0.0,0.0
0.8108108108108141,0.059059059059059,0.0,0.0338913328611081,0.0,0.0,0.0,0.0
0.9729729729729756,0.3793793793793794,0.0,0.0084725154800597,0.4285714285714285,0.5463374028856826,0.475,0.3571428571428571
0.8648648648648631,0.0475474474474474,0.0,0.0309258041666524,0.0,0.0,0.0,0.0
0.8108108108108141,0.0185185185185185,0.0,0.0200181659814882,0.0,0.0,0.0,0.0
0.8918918918918948,0.049049049049049,0.0,0.0148272198253218,0.633095238095238,0.3462819089900111,0.185,0.3571428571428571
0.7567567567567579,0.025025025025025,0.0,0.0381278024246162,0.0,0.0,0.0,0.0
0.7297297297297334,0.015015015015015,0.0,0.0155300501259078,0.469047619047619,0.220865704772475,0.11575,0.3571428571428571
0.8108108108108141,0.021021021021021,0.0,0.0466007415516323,0.0,0.0,0.0,0.0
0.7837837837837824,0.034034034034034,0.0,0.0338913328611081,0.4266666666666667,0.3013318534961154,0.15525,0.3571428571428571
0.8918918918918948,0.0589589589589589,0.0,0.016521807650725,0.3785714285714285,0.4150943396226415,0.301725,0.3571428571428571
0.9459459459459438,0.035035035035035,0.0,0.0016941641784468,0.0,0.0,0.0,0.0
0.9729729729729756,0.074074074074074,0.0,0.0253641669236791,0.38,0.7000554938956715,0.15525,0.5
0.7837837837837824,0.0405405405405405,0.0,0.0254183937340919,0.4214285714285714,0.4153718091009989,0.28355,0.3571428571428571
0.9729729729729756,0.5495495495495496,0.0,0.0036005754820254,0.3995238095238095,0.5535516093229745,0.475,0.3571428571428571
0.8918918918918948,0.056056056056056,0.0,0.0578320460114485,0.38,0.7000554938956715,0.15525,0.5
0.9189189189189192,0.0473473473473473,0.0,0.0063542806983056,0.55,0.2769145394006659,0.1676,0.3571428571428571
0.6756756756756772,0.01001001001001,0.0,0.0296548632976,0.0,0.0,0.0,0.0
0.8378378378378386,0.023023023023023,0.0,0.0296548632976,0.5023809523809524,0.2258601553829078,0.138,0.3571428571428571
0.8378378378378386,0.024024024024024,0.0,0.0084725154800597,0.5414285714285714,0.220865704772475,0.1182499999999999,0.3571428571428571
0.7297297297297334,0.01001001001001,0.0,0.0309258041666524,0.0,0.0,0.0,0.0
0.9189189189189192,0.0570570570570571,0.0,0.0127089850435678,0.6,0.3462819089900111,0.185,0.3571428571428571
0.9729729729729756,0.064064064064064,0.0,0.0057188102637794,0.0,0.0,0.0,0.0
0.6486486486486527,0.015015015015015,0.0,0.0338913328611081,0.0,0.0,0.0,0.0
0.6756756756756772,0.021021021021021,0.0,0.0230074189054995,0.0,0.0,0.0,0.0
0.8108108108108141,0.0315315315315315,0.0,0.0423642719881242,0.4869047619047618,0.4053829078801332,0.2095,0.3571428571428571
0.6486486486486527,0.0185185185185185,0.0,0.0478208447859226,0.6,0.3462819089900111,0.185,0.3571428571428571
0.9189189189189192,0.084084084084084,0.0,0.0188518659106545,0.0,0.0,0.0,0.0
0.7837837837837824,0.024024024024024,0.0,0.049566270246088,0.3333333333333333,0.693118756936737,0.28,0.5714285714285714
0.5945945945945965,0.005005005005005,0.0,0.0533790928532452,0.0,0.0,0.0,0.0
0.567567567567572,0.008008008008008,0.0,0.0381278024246162,0.0,0.0,0.0,0.0
0.8648648648648631,0.0605605605605605,0.0,0.0135562789562694,0.633095238095238,0.3462819089900111,0.185,0.3571428571428571
0.7837837837837824,0.0565565565565565,0.0,0.0379371612942583,0.0,0.0,0.0,0.0
0.9189189189189192,0.3193193193193193,0.0,0.0190636893888299,0.4602380952380951,0.554661487236404,0.4425,0.3571428571428571
0.8648648648648631,0.2292292292292292,0.8448801669556079,0.0169454546070758,0.0,0.0,0.0,0.0
0.7837837837837824,0.043043043043043,0.0,0.0338913328611081,0.5314285714285714,0.4389567147613762,0.3157999999999999,0.3571428571428571
0.8108108108108141,0.035035035035035,0.0,0.0338913328611081,0.0,0.0,0.0,0.0
0.5945945945945965,0.0051051051051051,0.0,0.0019640272896422,0.0,0.0,0.0,0.0
0.9729729729729756,0.0585585585585585,0.0,0.0061627922740351,0.505,0.3321309655937847,0.2045,0.3571428571428571
0.9189189189189192,0.094094094094094,0.0,0.0309258041666524,0.0,0.0,0.0,0.0
0.8648648648648631,0.0750750750750751,0.0,0.0234441989174972,0.0,0.0,0.0,0.0
0.9189189189189192,0.0700700700700701,0.0,0.0169454546070758,0.0,0.0,0.0,0.0
0.8108108108108141,0.0465465465465465,0.0,0.0529554458968944,0.5314285714285714,0.4389567147613762,0.31575,0.3571428571428571
0.8918918918918948,0.0765765765765765,0.2978195688157794,0.0182163954761283,0.0,0.0,0.0,0.0
0.8648648648648631,0.054054054054054,0.0,0.0550736806786484,0.4869047619047618,0.4053829078801332,0.2095,0.3571428571428571
0.7297297297297334,0.011011011011011,0.0,0.0296548632976,0.3833333333333333,0.220865704772475,0.0925,0.2857142857142857
0.8108108108108141,0.059059059059059,0.0,0.0381278024246162,0.3233333333333333,0.6933962264150944,0.181,0.6428571428571428
0.8108108108108141,0.019019019019019,0.0,0.0715959119763299,0.4761904761904761,0.3881798002219755,0.17025,0.3571428571428571
0.8648648648648631,0.064064064064064,0.0,0.0529554458968944,0.3595238095238094,0.6046059933407325,0.35,0.5
0.7027027027027017,0.0185185185185185,0.0,0.0241474528650396,0.0,0.0,0.0,0.0
0.7567567567567579,0.1066066066066066,0.0,0.0180236361109886,0.4671428571428571,0.5543840177580466,0.475,0.3571428571428571
0.7567567567567579,0.014014014014014,0.0,0.1186207241312695,0.0,0.0,0.0,0.0
0.8918918918918948,0.0865865865865865,0.0,0.0313494511230033,0.0,0.0,0.0,0.0
0.8648648648648631,0.0605605605605605,0.0,0.0254183937340919,0.633095238095238,0.3462819089900111,0.185,0.3571428571428571
0.8108108108108141,0.0205205205205205,0.0,0.0105907502618137,0.4980952380952381,0.2769145394006659,0.1677499999999999,0.3571428571428571
0.7297297297297334,0.029029029029029,0.0,0.0423642719881242,0.0,0.0,0.0,0.0
0.8918918918918948,0.0830830830830831,0.0,0.0296548632976,0.0,0.0,0.0,0.0
0.621621621621621,0.0095095095095095,0.0,0.0254183937340919,0.0,0.0,0.0,0.0
0.9189189189189192,0.2592592592592593,0.0,0.0199796141084603,0.0,0.0,0.0,0.0
0.9189189189189192,0.0445445445445445,0.0,0.0169454546070758,0.0,0.0,0.0,0.0
0.8108108108108141,0.036036036036036,0.0,0.0381278024246162,0.0,0.0,0.0,0.0
0.7297297297297334,0.0035035035035035,0.0,0.0128784438261081,0.6190476190476191,0.1731409544950055,0.0875,0.2857142857142857
0.7027027027027017,0.012012012012012,0.0,0.0508372111151403,0.0,0.0,0.0,0.0
0.5945945945945965,0.079079079079079,0.0,0.0508393293499221,0.2619047619047618,0.8288013318534961,0.49625,0.3571428571428571
0.6756756756756772,0.024024024024024,0.0,0.0381278024246162,0.0,0.0,0.0,0.0
0.6756756756756772,0.015015015015015,0.0,0.0237238059086887,0.0,0.0,0.0,0.0
0.8918918918918948,0.049049049049049,0.0,0.0296548632976,0.6142857142857143,0.4156492785793563,0.2465,0.3571428571428571
0.9729729729729756,0.0415415415415415,0.0,0.0083030566975194,0.0,0.0,0.0,0.0
0.9459459459459438,0.074074074074074,0.0,0.0122853380872169,0.0,0.0,0.0,0.0
0.8918918918918948,0.0650650650650651,0.2125311102763208,0.0067787749485692,0.0,0.0,0.0,0.0
0.9189189189189192,0.059059059059059,0.0,0.0381278024246162,0.0,0.0,0.0,0.0
0.8918918918918948,0.1416416416416416,0.5771461708932296,0.0050833398292532,0.0,0.0,0.0,0.0
0.8918918918918948,0.0665665665665665,0.0,0.0220292180832855,0.563095238095238,0.3462819089900111,0.22125,0.3571428571428571
0.8108108108108141,0.069069069069069,0.0,0.0419406250317734,0.3092857142857143,0.6920088790233074,0.25,0.5
0.9459459459459438,0.2467467467467468,0.0,0.0008468702657452,0.4,0.5504994450610433,0.375,0.3571428571428571
0.9189189189189192,0.041041041041041,0.0,0.0466007415516323,0.588095238095238,0.2905105438401776,0.1725,0.3571428571428571
0.8108108108108141,0.019019019019019,0.0,0.0381278024246162,0.5414285714285714,0.220865704772475,0.1182499999999999,0.3571428571428571
0.8108108108108141,0.017017017017017,0.0,0.0254183937340919,0.5023809523809524,0.2258601553829078,0.138,0.3571428571428571
0.7837837837837824,0.069069069069069,0.0,0.0508372111151403,0.0,0.0,0.0,0.0
0.9729729729729756,0.054054054054054,0.0,0.001270517222096,0.4795238095238095,0.3321309655937847,0.20465,0.3571428571428571
0.7567567567567579,0.0315315315315315,0.0,0.0423642719881242,0.0,0.0,0.0,0.0
0.621621621621621,0.019019019019019,0.0,0.0254183937340919,0.2833333333333333,0.6531631520532741,0.36,0.3571428571428571
0.6756756756756772,0.014014014014014,0.0,0.0508372111151403,0.430952380952381,0.4142619311875694,0.275,0.3571428571428571
0.7027027027027017,0.1091091091091091,0.0,0.0466007415516323,0.0,0.0,0.0,0.0
0.9459459459459438,0.054054054054054,0.0,0.0084725154800597,0.0,0.0,0.0,0.0
0.9459459459459438,0.0365365365365365,0.0,0.0048715163510778,0.5702380952380952,0.2769145394006659,0.167625,0.3571428571428571
0.9459459459459438,0.069069069069069,0.0,0.0127089850435678,0.4428571428571429,0.3321309655937847,0.204575,0.3571428571428571
0.9729729729729756,0.069069069069069,0.0,0.0084725154800597,0.5238095238095237,0.3321309655937847,0.2045,0.3571428571428571
0.7297297297297334,0.0248248248248248,0.0,0.0253057036437026,0.4035714285714285,0.3321309655937847,0.19725,0.3571428571428571
0.5945945945945965,0.011011011011011,0.0,0.0423642719881242,0.0,0.0,0.0,0.0
0.7297297297297334,0.039039039039039,0.0,0.0508372111151403,0.0,0.0,0.0,0.0
0.9459459459459438,0.056056056056056,0.0,0.0105907502618137,0.4428571428571429,0.3321309655937847,0.204575,0.3571428571428571
0.7837837837837824,0.0285285285285285,0.0,0.0593101502421565,0.4880952380952381,0.4433962264150943,0.25875,0.3571428571428571
0.9459459459459438,0.059059059059059,0.0,0.0295612373202465,0.5238095238095237,0.3321309655937847,0.2045,0.3571428571428571
0.7837837837837824,0.0215215215215215,0.0,0.0381278024246162,0.0,0.0,0.0,0.0
0.8108108108108141,0.034034034034034,0.0,0.0423642719881242,0.0,0.0,0.0,0.0
0.5945945945945965,0.0467466466466466,0.0,0.0360095676428621,0.2642857142857142,0.6531631520532741,0.397,0.3571428571428571
0.9729729729729756,0.1141141141141141,0.0,0.0009680332952615,0.4321428571428571,0.2769145394006659,0.295875,0.3571428571428571
0.6486486486486527,0.0365365365365365,0.0,0.0466007415516323,0.3023809523809523,0.7239178690344062,0.2915,0.5714285714285714
0.9729729729729756,0.2142142142142142,0.0,0.0105907502618137,0.3880952380952381,0.5427302996670367,0.426575,0.3571428571428571
0.7837837837837824,0.024024024024024,0.0,0.0169454546070758,0.0,0.0,0.0,0.0
0.7837837837837824,0.051051051051051,0.0,0.0686303832818743,0.3047619047619048,0.6920088790233074,0.255,0.5
0.7837837837837824,0.026026026026026,0.0,0.0237238059086887,0.4847619047619047,0.3321309655937847,0.19725,0.3571428571428571
0.6486486486486527,0.0075075075075075,0.0,0.0423642719881242,0.4499999999999999,0.2943951165371809,0.1674999999999999,0.3571428571428571
0.9189189189189192,0.061061061061061,0.0,0.0381278024246162,0.5238095238095237,0.3321309655937847,0.2045,0.3571428571428571
0.7297297297297334,0.0235235235235235,0.0,0.0618520319802614,0.3333333333333333,0.693118756936737,0.28,0.5
0.8648648648648631,0.059059059059059,0.0,0.0148272198253218,0.4428571428571429,0.3321309655937847,0.204575,0.3571428571428571
0.8918918918918948,0.029029029029029,0.1037814252777878,0.0042695140261033,0.0,0.0,0.0,0.0
0.8378378378378386,0.0315315315315315,0.0,0.0300844413113398,0.0,0.0,0.0,0.0
0.9729729729729756,0.064064064064064,0.0,0.0023808958946914,0.5238095238095237,0.3321309655937847,0.2045,0.3571428571428571
0.8378378378378386,0.099099099099099,0.0,0.0338913328611081,0.0,0.0,0.0,0.0
0.9729729729729756,0.032032032032032,0.0,0.0042360459165516,0.7961904761904761,0.220865704772475,0.10075,0.2857142857142857
0.9189189189189192,0.0520520520520521,0.0,0.0249947467777412,0.4321428571428571,0.332408435072142,0.205,0.3571428571428571
0.9459459459459438,0.0245244244244244,0.0,0.0105907502618137,0.4,0.220865704772475,0.0855,0.5714285714285714
0.8378378378378386,0.0275275275275275,0.0,0.0289316979431092,0.0,0.0,0.0,0.0
0.9729729729729756,0.4494494494494495,0.0,0.0088961624364105,0.3054761904761904,0.554661487236404,0.370775,0.5
0.8378378378378386,0.044044044044044,0.0,0.0330440389484065,0.0,0.0,0.0,0.0
0.9459459459459438,0.064064064064064,0.0,0.0156745137380234,0.0,0.0,0.0,0.0
0.8648648648648631,0.018018018018018,0.0,0.0296548632976,0.0,0.0,0.0,0.0
0.8918918918918948,0.011011011011011,0.0,0.0508372111151403,0.0,0.0,0.0,0.0
0.8648648648648631,0.03003003003003,0.0,0.0076252215673581,0.5414285714285714,0.220865704772475,0.1182499999999999,0.3571428571428571
0.8648648648648631,0.0365365365365365,0.0,0.0127089850435678,0.0,0.0,0.0,0.0
0.8378378378378386,0.027027027027027,0.0,0.0423642719881242,0.4547619047619047,0.3898446170921198,0.175,0.3571428571428571
0.8918918918918948,0.059059059059059,0.0,0.0254183937340919,0.4402380952380951,0.4142619311875694,0.25,0.5
0.7027027027027017,0.019019019019019,0.0,0.0423642719881242,0.0,0.0,0.0,0.0
0.7837837837837824,0.0165165165165165,0.0,0.0338913328611081,0.0,0.0,0.0,0.0
0.9189189189189192,0.0038038038038038,0.0140767358754446,0.001821258265352,0.0,0.0,0.0,0.0
0.9189189189189192,0.3193193193193193,0.0,0.0190636893888299,0.4602380952380951,0.554661487236404,0.4425,0.3571428571428571
0.9189189189189192,0.069069069069069,0.0,0.0211819241705839,0.0,0.0,0.0,0.0
0.9189189189189192,0.0850850850850851,0.0,0.0118616911308661,0.4238095238095238,0.4153718091009989,0.29325,0.3571428571428571
0.9459459459459438,0.053053053053053,0.0,0.0074133980891827,0.0,0.0,0.0,0.0
0.8648648648648631,0.069069069069069,0.0,0.0096163622622069,0.4452380952380952,0.3326859045504994,0.22175,0.3571428571428571
0.7837837837837824,0.0255255255255255,0.0,0.0423642719881242,0.4404761904761904,0.3321309655937847,0.2,0.3571428571428571
0.8378378378378386,0.0615615615615615,0.37537962334519,0.016998834123576,0.0,0.0,0.0,0.0
0.8918918918918948,0.0485485485485485,0.0,0.027536628515846,0.0,0.0,0.0,0.0
0.7837837837837824,0.0515515515515515,0.0,0.0593101502421565,0.0,0.0,0.0,0.0
0.8378378378378386,0.049049049049049,0.0,0.0296548632976,0.3580952380952381,0.4433962264150943,0.258,0.3571428571428571
0.9189189189189192,0.007007007007007,0.0240132553169349,0.001270517222096,0.0,0.0,0.0,0.0
0.7837837837837824,0.011011011011011,0.0,0.0254183937340919,0.4428571428571429,0.3326859045504994,0.1985,0.3571428571428571
0.621621621621621,0.016016016016016,0.0,0.0720195589326807,0.0,0.0,0.0,0.0
0.9459459459459438,0.073073073073073,0.0,0.0038123989602008,0.5095238095238095,0.3321309655937847,0.20775,0.3571428571428571
0.8378378378378386,0.0365365365365365,0.0,0.0169454546070758,0.0,0.0,0.0,0.0
0.8918918918918948,0.064064064064064,0.0,0.0110143972181645,0.0,0.0,0.0,0.0
0.9189189189189192,0.0615615615615615,0.0,0.0182163954761283,0.6761904761904761,0.3462819089900111,0.18505,0.3571428571428571
0.5945945945945965,0.007007007007007,0.0,0.0239695211433722,0.0,0.0,0.0,0.0
0.8108108108108141,0.044044044044044,0.0,0.0720195589326807,0.489047619047619,0.4433962264150943,0.259,0.3571428571428571
0.7567567567567579,0.024024024024024,0.0,0.0466007415516323,0.0,0.0,0.0,0.0
0.8108108108108141,0.049049049049049,0.0,0.0305462164937621,0.0,0.0,0.0,0.0
0.6756756756756772,0.023023023023023,0.0,0.0254183937340919,0.0,0.0,0.0,0.0
0.8918918918918948,0.049049049049049,0.0,0.0169454546070758,0.4964285714285714,0.3321309655937847,0.2078499999999999,0.3571428571428571
0.7837837837837824,0.1481481481481481,0.8448801669556079,0.0443583782116675,0.0,0.0,0.0,0.0
0.8108108108108141,0.03003003003003,0.0,0.0296548632976,0.4716666666666666,0.3013318534961154,0.1701249999999999,0.3571428571428571
0.8108108108108141,0.0111111111111111,0.0,0.0211819241705839,0.3833333333333333,0.220865704772475,0.0925,0.2857142857142857
0.8108108108108141,0.026026026026026,0.0,0.0313494511230033,0.0,0.0,0.0,0.0
0.9189189189189192,0.079079079079079,0.0,0.0211819241705839,0.5009523809523809,0.4053829078801332,0.2095,0.5714285714285714
0.9189189189189192,0.025025025025025,0.0,0.0211819241705839,0.0,0.0,0.0,0.0
0.8918918918918948,0.1142142142142142,0.0,0.0294430398194246,0.3092857142857143,0.6920088790233074,0.2515,0.5714285714285714
0.6486486486486527,0.0165165165165165,0.0,0.0338913328611081,0.0,0.0,0.0,0.0
0.9189189189189192,0.054054054054054,0.0,0.0084259143148611,0.0,0.0,0.0,0.0
0.9459459459459438,0.0980980980980981,0.0,0.0063542806983056,0.5976190476190476,0.3462819089900111,0.22125,0.3571428571428571
0.8108108108108141,0.0515515515515515,0.0,0.0292312163412492,0.5452380952380952,0.3462819089900111,0.185,0.3571428571428571
0.8108108108108141,0.032032032032032,0.0,0.0423642719881242,0.489047619047619,0.4433962264150943,0.259,0.3571428571428571
0.8918918918918948,0.064064064064064,0.0,0.0419406250317734,0.5157142857142857,0.4156492785793563,0.2588,0.3571428571428571
0.9459459459459438,0.0915915915915915,0.0,0.0122429733915819,0.4238095238095238,0.4153718091009989,0.29325,0.3571428571428571
0.8648648648648631,0.018018018018018,0.0,0.0254183937340919,0.0,0.0,0.0,0.0
0.8108108108108141,0.0500499499499499,0.0,0.0374808935222685,0.0,0.0,0.0,0.0
0.9729729729729756,0.5145145145145146,0.0,0.0084725154800597,0.5326190476190477,0.6900665926748057,0.5364,0.3571428571428571
0.6756756756756772,0.0135135135135135,0.0,0.0283839224285476,0.0,0.0,0.0,0.0
0.8648648648648631,0.024024024024024,0.0,0.0338913328611081,0.4545238095238095,0.3898446170921198,0.172525,0.3571428571428571
0.7837837837837824,0.0205205205205205,0.0,0.0381278024246162,0.469047619047619,0.220865704772475,0.11575,0.3571428571428571
0.9729729729729756,0.651951951951952,0.0,0.0099976445229226,0.3633333333333333,0.4988901220865704,0.46935,0.3571428571428571
0.7297297297297334,0.029029029029029,0.0,0.0207582772142331,0.4404761904761904,0.3321309655937847,0.2,0.3571428571428571
0.7837837837837824,0.044044044044044,0.0,0.0415169780754226,0.4945238095238095,0.3462819089900111,0.2219999999999999,0.5
0.8918918918918948,0.054054054054054,0.0,0.023933087505126,0.4333333333333333,0.3326859045504994,0.22175,0.3571428571428571
0.9189189189189192,0.089089089089089,0.0,0.0211819241705839,0.0,0.0,0.0,0.0
0.7837837837837824,0.039039039039039,0.0,0.0423642719881242,0.5064285714285713,0.3873473917869034,0.2219,0.3571428571428571
0.9189189189189192,0.3193193193193193,0.0,0.0190636893888299,0.4602380952380951,0.554661487236404,0.4425,0.3571428571428571
0.8648648648648631,0.1241241241241241,0.0,0.0254183937340919,0.0,0.0,0.0,0.0
0.8918918918918948,0.0585585585585585,0.0,0.0327563826650443,0.0,0.0,0.0,0.0
0.8648648648648631,0.046046046046046,0.0,0.0720195589326807,0.0,0.0,0.0,0.0
1.0,0.03003003003003,0.0,0.0007197761788399,0.0,0.0,0.0,0.0
0.8918918918918948,0.0650650650650651,0.0,0.0466007415516323,0.5045238095238095,0.3873473917869034,0.221825,0.3571428571428571
0.8648648648648631,0.1991991991991992,0.0,0.0254183937340919,0.2988095238095238,0.8274139844617092,0.42125,0.5
0.9189189189189192,0.064064064064064,0.0,0.0381278024246162,0.0,0.0,0.0,0.0
0.8378378378378386,0.042042042042042,0.0,0.0381278024246162,0.5452380952380952,0.3462819089900111,0.185,0.3571428571428571
0.8378378378378386,0.044044044044044,0.0,0.0169454546070758,0.0,0.0,0.0,0.0
0.8648648648648631,0.024024024024024,0.0,0.0105907502618137,0.0,0.0,0.0,0.0
0.6756756756756772,0.0253253253253253,0.0,0.0296548632976,0.0,0.0,0.0,0.0
0.8378378378378386,0.031031031031031,0.0,0.0385514493809669,0.5407142857142857,0.4053829078801332,0.2119999999999999,0.3571428571428571
0.9459459459459438,0.192992992992993,0.0,0.0148272198253218,0.3257142857142857,0.663984461709212,0.3695,0.5
0.7297297297297334,0.0125125125125125,0.0,0.0402460372063702,0.469047619047619,0.220865704772475,0.11575,0.3571428571428571
0.9459459459459438,0.059059059059059,0.0,0.0076252215673581,0.0,0.0,0.0,0.0
0.8378378378378386,0.0670670670670671,0.0,0.0271129815594952,0.4945238095238095,0.3462819089900111,0.2219999999999999,0.5
0.9459459459459438,0.2467467467467468,0.0,0.0008468702657452,0.4,0.5504994450610433,0.375,0.3571428571428571
0.8378378378378386,0.018018018018018,0.0,0.0314854417959918,0.6057142857142858,0.2597114317425083,0.14075,0.3571428571428571
0.9459459459459438,0.059059059059059,0.0,0.0295612373202465,0.5238095238095237,0.3321309655937847,0.2045,0.3571428571428571
0.7027027027027017,0.024024024024024,0.0,0.0262656876467936,0.0,0.0,0.0,0.0
0.9189189189189192,0.039039039039039,0.0,0.0254183937340919,0.5223809523809524,0.3318534961154273,0.15425,0.3571428571428571
0.7297297297297334,0.0169169169169169,0.0,0.029104122254344,0.4523809523809523,0.2769145394006659,0.16525,0.3571428571428571
0.8648648648648631,0.059059059059059,0.0,0.0338913328611081,0.6,0.3462819089900111,0.185,0.3571428571428571
0.8378378378378386,0.1841841841841842,0.0,0.0254183937340919,0.3095238095238095,0.5946170921198668,0.50275,0.3571428571428571
0.9189189189189192,0.051051051051051,0.0,0.0127089850435678,0.4547619047619047,0.3321309655937847,0.205,0.3571428571428571
0.9729729729729756,0.1101101101101101,0.0,0.004447869394727,0.6095238095238096,0.4156492785793563,0.24475,0.3571428571428571
0.9459459459459438,0.079079079079079,0.0,0.0360095676428621,0.5119047619047619,0.4153718091009989,0.27125,0.3571428571428571
0.9189189189189192,0.0570570570570571,0.0,0.0381278024246162,0.5407142857142857,0.4053829078801332,0.2119999999999999,0.3571428571428571
0.8378378378378386,0.041041041041041,0.0,0.0423642719881242,0.6142857142857143,0.4156492785793563,0.2465,0.3571428571428571
0.7567567567567579,0.0125125125125125,0.0,0.0330440389484065,0.0,0.0,0.0,0.0
0.8648648648648631,0.099099099099099,0.0,0.0211819241705839,0.4683333333333333,0.4389567147613762,0.3155,0.3571428571428571
0.7027027027027017,0.0096096096096096,0.0,0.0296548632976,0.0,0.0,0.0,0.0
0.8378378378378386,0.042142042042042,0.0,0.0508372111151403,0.5616666666666666,0.3784683684794672,0.1676,0.3571428571428571
0.8108108108108141,0.0375375375375375,0.0,0.0508372111151403,0.4547619047619047,0.3321309655937847,0.2145,0.3571428571428571
0.9189189189189192,0.064064064064064,0.0,0.0296548632976,0.0,0.0,0.0,0.0
0.9459459459459438,0.049049049049049,0.0,0.0050833398292532,0.0,0.0,0.0,0.0
0.8648648648648631,0.003003003003003,0.0149047791622354,0.0059306337419549,0.0,0.0,0.0,0.0
0.7837837837837824,0.0181181181181181,0.0,0.0381278024246162,0.4523809523809523,0.2769145394006659,0.1677499999999999,0.3571428571428571
0.8918918918918948,0.037037037037037,0.0,0.0160981606943742,0.0,0.0,0.0,0.0
0.7027027027027017,0.037037037037037,0.5136628522392637,0.0262656876467936,0.0,0.0,0.0,0.0
0.7837837837837824,0.041041041041041,0.0,0.0508372111151403,0.4142857142857142,0.3321309655937847,0.2145,0.3571428571428571
0.7837837837837824,0.034034034034034,0.0,0.0677830893691726,0.0,0.0,0.0,0.0
0.9729729729729756,0.064064064064064,0.0,0.0023808958946914,0.5238095238095237,0.3321309655937847,0.2045,0.3571428571428571
0.3783783783783789,0.004004004004004,0.0,0.0338913328611081,0.0,0.0,0.0,0.0
0.5945945945945965,0.0065065065065065,0.0,0.0466007415516323,0.0,0.0,0.0,0.0
0.9189189189189192,0.1891891891891892,0.0,0.0423642719881242,0.0,0.0,0.0,0.0
0.7567567567567579,0.051051051051051,0.0,0.0508372111151403,0.0,0.0,0.0,0.0
0.621621621621621,0.0215215215215215,0.0,0.0423642719881242,0.3523809523809524,0.6933962264150944,0.2,0.7142857142857142
0.8378378378378386,0.0281281281281281,0.0,0.0381278024246162,0.0,0.0,0.0,0.0
0.9459459459459438,0.084084084084084,0.0,0.0249947467777412,0.5761904761904761,0.4156492785793563,0.234675,0.5
0.8378378378378386,0.0645645645645646,0.0,0.0211819241705839,0.3333333333333333,0.7000554938956715,0.1875,0.6428571428571428
0.8378378378378386,0.023023023023023,0.0,0.0211819241705839,0.5414285714285714,0.220865704772475,0.1182499999999999,0.3571428571428571
0.8648648648648631,0.0305305305305305,0.0,0.0508372111151403,0.3659523809523809,0.3318534961154273,0.1825,0.3571428571428571
0.9729729729729756,0.1041041041041041,0.0,0.0114380441745153,0.509047619047619,0.3873473917869034,0.22175,0.3571428571428571
0.621621621621621,0.007007007007007,0.0,0.0466007415516323,0.4952380952380952,0.4236958934517203,0.145,0.3571428571428571
0.9459459459459438,0.094094094094094,0.0,0.0329593095571363,0.5976190476190476,0.3462819089900111,0.22125,0.3571428571428571
0.9729729729729756,0.1441441441441441,0.0,0.0093198093927613,0.3809523809523809,0.3795782463928968,0.4,0.3571428571428571
0.7297297297297334,0.011011011011011,0.0,0.0381278024246162,0.0,0.0,0.0,0.0
0.9189189189189192,0.064064064064064,0.0,0.0105907502618137,0.633095238095238,0.3462819089900111,0.185,0.3571428571428571
0.9729729729729756,0.06006006006006,0.0,0.0042360459165516,0.505,0.3321309655937847,0.2045,0.3571428571428571
0.8918918918918948,0.1791791791791792,0.0,0.0466007415516323,0.3257142857142857,0.663984461709212,0.3695,0.5
0.7837837837837824,0.028028028028028,0.0,0.0529554458968944,0.0,0.0,0.0,0.0
0.6486486486486527,0.006006006006006,0.0,0.0338913328611081,0.4333333333333333,0.2943951165371809,0.16,0.3571428571428571
0.8108108108108141,0.037037037037037,0.0,0.0321967450357049,0.5452380952380952,0.3462819089900111,0.185,0.3571428571428571
0.8648648648648631,0.0415415415415415,0.0,0.0338913328611081,0.5476190476190476,0.3462819089900111,0.22175,0.3571428571428571
0.9189189189189192,0.0615615615615615,0.0,0.0099599399438073,0.4428571428571429,0.3321309655937847,0.204575,0.3571428571428571
0.8108108108108141,0.037037037037037,0.0,0.0423642719881242,0.0,0.0,0.0,0.0
0.9459459459459438,0.1171171171171171,0.0,0.002329634612973,0.4142857142857142,0.4153718091009989,0.294,0.3571428571428571
0.7297297297297334,0.012012012012012,0.0,0.0118616911308661,0.469047619047619,0.220865704772475,0.11575,0.3571428571428571
0.9459459459459438,0.0765765765765765,0.0,0.0072015746110072,0.5002380952380953,0.3321309655937847,0.2045,0.3571428571428571
0.7027027027027017,0.014014014014014,0.0,0.0338913328611081,0.4285714285714285,0.2760821309655938,0.155,0.3571428571428571
0.9189189189189192,0.031031031031031,0.0,0.0135562789562694,0.5702380952380952,0.2769145394006659,0.167625,0.3571428571428571
0.8918918918918948,0.055055055055055,0.0,0.0290291367430699,0.0,0.0,0.0,0.0
0.6756756756756772,0.0275275275275275,0.0,0.0254183937340919,0.3642857142857142,0.4428412874583796,0.249,0.3571428571428571
0.9189189189189192,0.0470470470470471,0.0,0.0128784438261081,0.4404761904761904,0.332408435072142,0.2169999999999999,0.3571428571428571
0.6486486486486527,0.0045045045045045,0.0,0.0321789518635382,0.4257142857142856,0.3873473917869034,0.132,0.3571428571428571
1.0,0.0819818818818819,0.0,0.0004274597789579,0.0,0.0,0.0,0.0
0.9459459459459438,0.054054054054054,0.0,0.0127089850435678,0.5095238095238095,0.3321309655937847,0.20775,0.3571428571428571
0.9189189189189192,0.063063063063063,0.0,0.0466007415516323,0.6,0.3462819089900111,0.185,0.3571428571428571
0.9729729729729756,0.0645645645645646,0.0,0.0105907502618137,0.505,0.3321309655937847,0.2045,0.3571428571428571
0.5135135135135158,0.009009009009009,0.0,0.0508372111151403,0.0,0.0,0.0,0.0
0.621621621621621,0.014014014014014,0.0,0.0508372111151403,0.4023809523809523,0.4153718091009989,0.25,0.3571428571428571
0.8648648648648631,0.0450449449449449,0.0,0.0254183937340919,0.4880952380952381,0.3462819089900111,0.2293,0.3571428571428571
0.8378378378378386,0.019019019019019,0.0,0.0183778049664979,0.5414285714285714,0.220865704772475,0.1182499999999999,0.3571428571428571
0.9459459459459438,0.0780780780780781,0.0,0.0169454546070758,0.0,0.0,0.0,0.0
0.8108108108108141,0.0365365365365365,0.0,0.017386471088637,0.0,0.0,0.0,0.0
0.9189189189189192,0.027027027027027,0.0,0.0122167072802881,0.0,0.0,0.0,0.0
0.7567567567567579,0.017017017017017,0.0,0.0508372111151403,0.0,0.0,0.0,0.0
0.9189189189189192,0.1761761761761762,0.0,0.0105907502618137,0.0,0.0,0.0,0.0
0.6756756756756772,0.0115115115115115,0.0,0.0432115659008258,0.0,0.0,0.0,0.0
0.9459459459459438,0.0555555555555555,0.0,0.0042360459165516,0.4833333333333333,0.3013318534961154,0.17,0.3571428571428571
0.8378378378378386,0.1191191191191191,0.0,0.0847289676232049,0.0,0.0,0.0,0.0
0.9189189189189192,0.059059059059059,0.0,0.0021178111347976,0.4795238095238095,0.3321309655937847,0.20465,0.3571428571428571
0.9459459459459438,0.044044044044044,0.0,0.0021178111347976,0.0,0.0,0.0,0.0
0.7567567567567579,0.012012012012012,0.0,0.0466007415516323,0.4285714285714285,0.2760821309655938,0.155,0.3571428571428571
0.8648648648648631,0.059059059059059,0.0,0.0571919154604025,0.5421428571428571,0.4156492785793563,0.246475,0.3571428571428571
0.7837837837837824,0.014014014014014,0.0,0.0381278024246162,0.0,0.0,0.0,0.0
0.8108108108108141,0.021021021021021,0.0,0.0338913328611081,0.4266666666666667,0.3013318534961154,0.15525,0.3571428571428571
0.7567567567567579,0.013013013013013,0.0,0.0305021572103016,0.469047619047619,0.220865704772475,0.11575,0.3571428571428571
0.9189189189189192,0.1091091091091091,0.0,0.0110143972181645,0.4285714285714285,0.4153718091009989,0.29325,0.3571428571428571
0.9459459459459438,0.0665665665665665,0.0,0.0097434563491121,0.6761904761904761,0.3462819089900111,0.185,0.3571428571428571
0.7027027027027017,0.0115115115115115,0.0,0.0211819241705839,0.0,0.0,0.0,0.0
0.9459459459459438,0.3793793793793794,0.0,0.0042360459165516,0.0,0.0,0.0,0.0
0.7837837837837824,0.054054054054054,0.0,0.0423642719881242,0.3459523809523809,0.497780244173141,0.34525,0.3571428571428571
0.6486486486486527,0.0470470470470471,0.0,0.0466007415516323,0.3826190476190476,0.5535516093229745,0.4525,0.3571428571428571
0.8918918918918948,0.02002002002002,0.0,0.0127089850435678,0.0,0.0,0.0,0.0
0.8648648648648631,0.0565565565565565,0.0,0.0267910098726686,0.0,0.0,0.0,0.0
0.9189189189189192,0.064064064064064,0.0,0.0347598091216272,0.4595238095238095,0.3462819089900111,0.18475,0.3571428571428571
0.9729729729729756,0.5395395395395396,0.0,0.0031769285256746,0.3995238095238095,0.5535516093229745,0.475,0.3571428571428571
0.5945945945945965,0.006006006006006,0.0,0.0290193928630738,0.0,0.0,0.0,0.0
0.9459459459459438,0.06006006006006,0.0,0.0042360459165516,0.4499999999999999,0.3321309655937847,0.20465,0.3571428571428571
0.567567567567572,0.009009009009009,0.0,0.0105907502618137,0.338095238095238,0.4431187569367369,0.2299999999999999,0.3571428571428571
0.8378378378378386,0.024024024024024,0.0,0.0487189763333864,0.0,0.0,0.0,0.0
0.8378378378378386,0.071071071071071,0.0,0.0338913328611081,0.3092857142857143,0.6920088790233074,0.2515,0.5714285714285714
0.7027027027027017,0.0225225225225225,0.0,0.0284123067746231,0.0,0.0,0.0,0.0
0.7567567567567579,0.0246246246246246,0.0,0.0296548632976,0.0,0.0,0.0,0.0
0.8918918918918948,0.024024024024024,0.0,0.0105907502618137,0.0,0.0,0.0,0.0
0.9459459459459438,0.3793793793793794,0.0,0.0042360459165516,0.0,0.0,0.0,0.0
0.7837837837837824,0.0215215215215215,0.0,0.0466007415516323,0.0,0.0,0.0,0.0
0.9459459459459438,0.1076076076076076,0.0,0.0063542806983056,0.0,0.0,0.0,0.0
0.7837837837837824,0.011011011011011,0.0,0.0677830893691726,0.0,0.0,0.0,0.0
0.9459459459459438,0.0823823823823823,0.0,0.0148272198253218,0.5785714285714285,0.3462819089900111,0.22125,0.3571428571428571
0.8378378378378386,0.0365365365365365,0.0,0.0338913328611081,0.4857142857142856,0.3321309655937847,0.2045,0.3571428571428571
0.7567567567567579,0.0215215215215215,0.0,0.0338913328611081,0.4716666666666666,0.3013318534961154,0.1701249999999999,0.3571428571428571
0.7297297297297334,0.0525525525525525,0.0,0.0408573597643844,0.2754761904761905,0.6046059933407325,0.34525,0.5
0.7027027027027017,0.014014014014014,0.0,0.1270936632582856,0.3333333333333333,0.693118756936737,0.28,0.5
0.9189189189189192,0.3193193193193193,0.0,0.0190636893888299,0.4602380952380951,0.554661487236404,0.4425,0.3571428571428571
0.9729729729729756,0.5145145145145146,0.0,0.0084725154800597,0.5326190476190477,0.6900665926748057,0.5364,0.3571428571428571
0.5405405405405403,0.0045644644644645,0.0,0.0152881477138315,0.3833333333333333,0.220865704772475,0.0925,0.2857142857142857
0.9189189189189192,0.0038038038038038,0.0149047791622354,0.0036429401776605,0.0,0.0,0.0,0.0
0.6486486486486527,0.027027027027027,0.0,0.0254183937340919,0.0,0.0,0.0,0.0
0.8108108108108141,0.034034034034034,0.0,0.0381278024246162,0.4278571428571428,0.4156492785793563,0.249,0.3571428571428571
0.7567567567567579,0.0337337337337337,0.0,0.0341455210349186,0.4595238095238095,0.3462819089900111,0.18475,0.3571428571428571
0.7567567567567579,0.0255255255255255,0.0,0.0508372111151403,0.5028571428571429,0.3462819089900111,0.2219999999999999,0.3571428571428571
0.5405405405405403,0.006006006006006,0.0,0.0084725154800597,0.3785714285714285,0.4236958934517203,0.1425,0.3571428571428571
0.9459459459459438,0.099099099099099,0.0,0.0296548632976,0.5976190476190476,0.3462819089900111,0.22125,0.3571428571428571
0.8918918918918948,0.0229229229229229,0.0,0.0173691015634266,0.0,0.0,0.0,0.0
0.7837837837837824,0.034034034034034,0.0,0.0444825067698783,0.4526190476190476,0.4053829078801332,0.271125,0.3571428571428571
0.8108108108108141,0.039039039039039,0.0,0.0466007415516323,0.0,0.0,0.0,0.0
0.9459459459459438,0.064064064064064,0.0,0.0211819241705839,0.6761904761904761,0.3462819089900111,0.18505,0.3571428571428571
0.7567567567567579,0.0245244244244244,0.0,0.0466007415516323,0.5495238095238094,0.4053829078801332,0.15775,0.3571428571428571
0.7837837837837824,0.044044044044044,0.0,0.0423642719881242,0.3333333333333333,0.7000554938956715,0.1875,0.5714285714285714
0.8108108108108141,0.0220219219219219,0.0,0.016521807650725,0.4847619047619047,0.3321309655937847,0.19725,0.3571428571428571
0.7837837837837824,0.0465465465465465,0.0,0.0351622737301605,0.3747619047619047,0.4414539400665926,0.30325,0.3571428571428571
0.8648648648648631,0.0493493493493493,0.0,0.0466007415516323,0.3357142857142857,0.6046059933407325,0.36985,0.5
0.9459459459459438,0.019019019019019,0.0,0.0042360459165516,0.0,0.0,0.0,0.0
0.8648648648648631,0.0303303303303303,0.0,0.0288935697170376,0.5188095238095237,0.2769145394006659,0.167625,0.3571428571428571
0.7837837837837824,0.039039039039039,0.0,0.0254183937340919,0.0,0.0,0.0,0.0
0.9189189189189192,0.0244244244244244,0.0,0.0169454546070758,0.588095238095238,0.220865704772475,0.1182499999999999,0.3571428571428571
0.9459459459459438,0.1041041041041041,0.0,0.0042360459165516,0.6064285714285713,0.3462819089900111,0.22125,0.5
0.6486486486486527,0.016016016016016,0.0,0.0296548632976,0.0,0.0,0.0,0.0
0.9459459459459438,0.2467467467467468,0.0,0.0008468702657452,0.4,0.5504994450610433,0.375,0.3571428571428571
0.8648648648648631,0.023023023023023,0.0,0.0211819241705839,0.5702380952380952,0.2769145394006659,0.167625,0.3571428571428571
0.8648648648648631,0.058058058058058,0.0,0.0169454546070758,0.4402380952380951,0.4142619311875694,0.25,0.5
0.9459459459459438,0.079079079079079,0.0,0.0148272198253218,0.0,0.0,0.0,0.0
0.9729729729729756,0.046046046046046,0.0,0.00338875200385,0.0,0.0,0.0,0.0
0.6756756756756772,0.017017017017017,0.0,0.0423642719881242,0.4716666666666666,0.3013318534961154,0.1701249999999999,0.3571428571428571
0.8648648648648631,0.0493493493493493,0.0,0.0466007415516323,0.3357142857142857,0.6046059933407325,0.36985,0.5
0.7837837837837824,0.035035035035035,0.0,0.0381278024246162,0.5214285714285714,0.3873473917869034,0.2219,0.3571428571428571
0.7837837837837824,0.034034034034034,0.0,0.0326203919920556,0.0,0.0,0.0,0.0
0.8108108108108141,0.0353353353353353,0.0,0.0121751898785658,0.0,0.0,0.0,0.0
0.9729729729729756,0.5395395395395396,0.0,0.0031769285256746,0.3995238095238095,0.5535516093229745,0.475,0.3571428571428571
0.7297297297297334,0.029029029029029,0.0,0.0296548632976,0.4047619047619047,0.3321309655937847,0.2,0.3571428571428571
0.8378378378378386,0.024024024024024,0.0,0.0,0.0,0.0,0.0,0.0
0.8648648648648631,0.1291291291291291,0.0,0.0338913328611081,0.0,0.0,0.0,0.0
0.8648648648648631,0.034034034034034,0.0,0.0381278024246162,0.5523809523809523,0.3462819089900111,0.1848499999999999,0.3571428571428571
0.8108108108108141,0.02002002002002,0.0,0.0211819241705839,0.5414285714285714,0.220865704772475,0.1182499999999999,0.3571428571428571
0.8378378378378386,0.02002002002002,0.0,0.0148272198253218,0.3976190476190476,0.3251942286348501,0.16025,0.3571428571428571
0.4324324324324351,0.0065065065065065,0.0,0.0296548632976,0.0,0.0,0.0,0.0
0.8378378378378386,0.016016016016016,0.0,0.0423642719881242,0.0,0.0,0.0,0.0
0.9189189189189192,0.0683683683683684,0.0,0.0248079184699904,0.6,0.3462819089900111,0.185,0.3571428571428571
0.8918918918918948,0.039039039039039,0.0,0.0338913328611081,0.4499999999999999,0.3321309655937847,0.205,0.3571428571428571
0.8378378378378386,0.0595595595595596,0.0,0.0338913328611081,0.3595238095238094,0.6046059933407325,0.35,0.5
0.9729729729729756,0.058058058058058,0.0,0.0042360459165516,0.4428571428571429,0.3321309655937847,0.20465,0.3571428571428571
0.8108108108108141,0.0172172172172172,0.0,0.0423642719881242,0.0,0.0,0.0,0.0
0.5945945945945965,0.01001001001001,0.0,0.0423642719881242,0.2857142857142857,0.4142619311875694,0.25,0.3571428571428571
0.8648648648648631,0.031031031031031,0.0,0.0211819241705839,0.0,0.0,0.0,0.0
0.6486486486486527,0.012012012012012,0.0,0.0415169780754226,0.0,0.0,0.0,0.0
0.9729729729729756,0.069069069069069,0.0,0.0127089850435678,0.6761904761904761,0.3462819089900111,0.18505,0.3571428571428571
0.8648648648648631,0.0935934934934935,0.0,0.0173691015634266,0.3595238095238094,0.6046059933407325,0.35,0.5
0.8648648648648631,0.024024024024024,0.0,0.0169454546070758,0.0,0.0,0.0,0.0
0.5405405405405403,0.005005005005005,0.0,0.0423642719881242,0.0,0.0,0.0,0.0
0.621621621621621,0.007007007007007,0.0,0.0466007415516323,0.0,0.0,0.0,0.0
0.8918918918918948,0.064064064064064,0.0,0.0211819241705839,0.3357142857142857,0.6046059933407325,0.36985,0.5
0.6486486486486527,0.018018018018018,0.0,0.0677830893691726,0.0,0.0,0.0,0.0
0.6756756756756772,0.0155155155155155,0.0,0.0508372111151403,0.3523809523809524,0.5543840177580466,0.17,0.3571428571428571
0.6486486486486527,0.024024024024024,0.0,0.0199109833015315,0.0,0.0,0.0,0.0
0.621621621621621,0.017017017017017,0.0,0.0484313200500241,0.4238095238095238,0.3881798002219755,0.17,0.3571428571428571
0.8918918918918948,0.059059059059059,0.0,0.0105907502618137,0.4092857142857143,0.3321309655937847,0.20465,0.3571428571428571
0.5945945945945965,0.014014014014014,0.0,0.0199109833015315,0.0,0.0,0.0,0.0
0.9189189189189192,0.0815815815815815,0.0,0.0057188102637794,0.0,0.0,0.0,0.0
0.5945945945945965,0.012012012012012,0.0,0.0334676859047573,0.3119047619047618,0.4142619311875694,0.205,0.3571428571428571
0.7837837837837824,0.049049049049049,0.0,0.0847289676232049,0.3595238095238094,0.6046059933407325,0.35,0.5
0.9189189189189192,0.0705705705705705,0.0,0.0105907502618137,0.0,0.0,0.0,0.0
0.8648648648648631,0.028028028028028,0.0,0.0169454546070758,0.0,0.0,0.0,0.0
1.0,0.059059059059059,0.0,0.0021178111347976,0.0,0.0,0.0,0.0
0.9459459459459438,0.0505505505505505,0.0,0.0067779276546565,0.0,0.0,0.0,0.0
0.8378378378378386,0.0400399399399399,0.0,0.0239529989120745,0.0,0.0,0.0,0.0
0.8378378378378386,0.0535535535535535,0.0,0.0423642719881242,0.5314285714285714,0.4389567147613762,0.3157999999999999,0.3571428571428571
0.8918918918918948,0.031031031031031,0.0,0.0104475575905672,0.0,0.0,0.0,0.0
0.7297297297297334,0.02002002002002,0.0,0.0847289676232049,0.4166666666666666,0.3321309655937847,0.2145,0.3571428571428571
0.8378378378378386,0.1041041041041041,0.0,0.0296548632976,0.0,0.0,0.0,0.0
0.7567567567567579,0.0220219219219219,0.0,0.0423642719881242,0.0,0.0,0.0,0.0
0.9189189189189192,0.0885884884884884,0.0,0.0148272198253218,0.4238095238095238,0.4153718091009989,0.29325,0.3571428571428571
0.8648648648648631,0.0465465465465465,0.0,0.0105907502618137,0.5464285714285714,0.3462819089900111,0.185,0.3571428571428571
0.9459459459459438,0.0930930930930931,0.0,0.0084725154800597,0.0,0.0,0.0,0.0
0.8108108108108141,0.0375375375375375,0.0,0.0338913328611081,0.0,0.0,0.0,0.0
0.7837837837837824,0.0615615615615615,0.0,0.0169454546070758,0.0,0.0,0.0,0.0
0.9189189189189192,0.2592592592592593,0.0,0.0199796141084603,0.0,0.0,0.0,0.0
0.7297297297297334,0.034034034034034,0.0,0.0338913328611081,0.2847619047619047,0.3601553829078801,0.2,0.5714285714285714
0.7027027027027017,0.023023023023023,0.0,0.0296548632976,0.3214285714285714,0.4991675915649278,0.325,0.3571428571428571
0.8378378378378386,0.039039039039039,0.0,0.0105907502618137,0.0,0.0,0.0,0.0
0.8648648648648631,0.059059059059059,0.0,0.0296548632976,0.6521428571428571,0.3462819089900111,0.185,0.3571428571428571
0.8108108108108141,0.094094094094094,0.0,0.0338913328611081,0.4602380952380951,0.5460599334073252,0.34525,0.3571428571428571
0.7567567567567579,0.029029029029029,0.0,0.0508372111151403,0.3316666666666666,0.6046059933407325,0.345075,0.5
0.6756756756756772,0.0115115115115115,0.0,0.0296548632976,0.0,0.0,0.0,0.0
0.8648648648648631,0.089089089089089,0.0,0.0093198093927613,0.4142857142857142,0.4153718091009989,0.29325,0.3571428571428571
0.621621621621621,0.0065065065065065,0.0,0.0338913328611081,0.0,0.0,0.0,0.0
0.8108108108108141,0.029029029029029,0.0,0.0241474528650396,0.4883333333333333,0.2769145394006659,0.1676,0.3571428571428571
0.567567567567572,0.0220219219219219,0.0,0.0711722650199791,0.0,0.0,0.0,0.0
0.9189189189189192,0.027027027027027,0.0,0.0152508667816726,0.0,0.0,0.0,0.0
0.7837837837837824,0.041041041041041,0.0,0.0211819241705839,0.38,0.7000554938956715,0.15525,0.5
0.8378378378378386,0.029029029029029,0.0,0.0207688683881419,0.3659523809523809,0.3318534961154273,0.1825,0.3571428571428571
0.9459459459459438,0.0235235235235235,0.0,0.0023508169607905,0.0,0.0,0.0,0.0
0.7567567567567579,0.044044044044044,0.0,0.0381278024246162,0.2869047619047619,0.6046059933407325,0.3,0.5714285714285714
0.8108108108108141,0.024124024024024,0.0,0.0338913328611081,0.0,0.0,0.0,0.0
0.6486486486486527,0.0125125125125125,0.0,0.0296548632976,0.0,0.0,0.0,0.0
0.9189189189189192,0.096095995995996,0.0,0.0127089850435678,0.0,0.0,0.0,0.0
0.8918918918918948,0.054054054054054,0.0,0.0097434563491121,0.0,0.0,0.0,0.0
0.8378378378378386,0.039039039039039,0.0,0.0148272198253218,0.0,0.0,0.0,0.0
0.8108108108108141,0.038038038038038,0.0,0.0139799259126202,0.0,0.0,0.0,0.0
0.8648648648648631,0.023023023023023,0.0,0.0211819241705839,0.0,0.0,0.0,0.0
0.7567567567567579,0.029029029029029,0.0,0.0127089850435678,0.4716666666666666,0.3013318534961154,0.1701249999999999,0.3571428571428571
0.8648648648648631,0.059059059059059,0.0,0.0231730648654327,0.6190476190476191,0.4156492785793563,0.2465,0.3571428571428571
0.7837837837837824,0.029029029029029,0.0,0.0211819241705839,0.0,0.0,0.0,0.0
0.9189189189189192,0.0515515515515515,0.1573282244902634,0.0085208112330837,0.0,0.0,0.0,0.0
0.8648648648648631,0.099099099099099,0.0,0.0508372111151403,0.0,0.0,0.0,0.0
0.8108108108108141,0.069069069069069,0.0,0.0508372111151403,0.5404761904761904,0.4389567147613762,0.3156,0.3571428571428571
0.8918918918918948,0.094094094094094,0.0,0.0211819241705839,0.3666666666666666,0.5541065482796892,0.3,0.5
0.9729729729729756,0.049049049049049,0.0,0.0042360459165516,0.5095238095238095,0.3321309655937847,0.20775,0.3571428571428571
0.621621621621621,0.1041041041041041,0.0,0.1059113154407452,0.3047619047619048,0.6920088790233074,0.255,0.5
0.567567567567572,0.0075075075075075,0.0,0.0466007415516323,0.4499999999999999,0.2769145394006659,0.1677499999999999,0.3571428571428571
0.9189189189189192,0.0553553553553554,0.0,0.0127089850435678,0.4428571428571429,0.3321309655937847,0.204575,0.3571428571428571
0.5405405405405403,0.006006006006006,0.0,0.0381278024246162,0.0,0.0,0.0,0.0
0.8648648648648631,0.0955955955955956,0.0,0.0254183937340919,0.4683333333333333,0.4389567147613762,0.3155,0.3571428571428571
0.7297297297297334,0.048048048048048,0.0,0.0466007415516323,0.2807142857142857,0.6046059933407325,0.3,0.5714285714285714
0.8108108108108141,0.0441441441441441,0.0,0.0296548632976,0.38,0.7000554938956715,0.15525,0.5
0.9189189189189192,0.046046046046046,0.0,0.0211819241705839,0.4499999999999999,0.3321309655937847,0.205,0.3571428571428571
0.7837837837837824,0.0470470470470471,0.0,0.0508372111151403,0.0,0.0,0.0,0.0
0.7837837837837824,0.0375375375375375,0.0,0.0220292180832855,0.0,0.0,0.0,0.0
0.7297297297297334,0.024024024024024,0.0,0.0199109833015315,0.3642857142857142,0.4428412874583796,0.2525,0.3571428571428571
0.8108108108108141,0.024024024024024,0.0,0.0338913328611081,0.0,0.0,0.0,0.0
0.8108108108108141,0.074074074074074,0.0,0.0336066421064403,0.3092857142857143,0.6920088790233074,0.2515,0.5
0.8378378378378386,0.044044044044044,0.0,0.0466007415516323,0.3354761904761904,0.4428412874583796,0.249,0.3571428571428571
0.8108108108108141,0.036036036036036,0.0,0.040669684162721,0.5452380952380952,0.3462819089900111,0.185,0.3571428571428571
0.8378378378378386,0.039039039039039,0.0,0.0508372111151403,0.0,0.0,0.0,0.0
0.8648648648648631,0.0465465465465465,0.0,0.0104212914792734,0.0,0.0,0.0,0.0
0.8918918918918948,0.0525525525525525,0.0,0.022283406257096,0.0,0.0,0.0,0.0
0.7837837837837824,0.0358358358358358,0.0,0.0381278024246162,0.0,0.0,0.0,0.0
0.9189189189189192,0.061061061061061,0.0,0.0423642719881242,0.3928571428571428,0.4142619311875694,0.175,0.5
0.9729729729729756,0.3793793793793794,0.0,0.0084725154800597,0.4285714285714285,0.5463374028856826,0.475,0.3571428571428571
0.9189189189189192,0.054054054054054,0.0,0.0084259143148611,0.0,0.0,0.0,0.0
0.6756756756756772,0.0275275275275275,0.0,0.0381278024246162,0.0,0.0,0.0,0.0
0.7567567567567579,0.0195194194194194,0.0,0.0622756789366121,0.4761904761904761,0.3881798002219755,0.17,0.3571428571428571
0.8108108108108141,0.0174174174174174,0.0,0.0063542806983056,0.0,0.3013318534961154,0.15525,0.3571428571428571
0.8378378378378386,0.0500499499499499,0.0,0.0296548632976,0.38,0.7000554938956715,0.15525,0.5
0.8108108108108141,0.0306306306306306,0.0,0.0593101502421565,0.5004761904761904,0.3462819089900111,0.2219,0.3571428571428571
0.8108108108108141,0.1442442442442442,0.0,0.0343149798174589,0.0,0.0,0.0,0.0
0.9189189189189192,0.059059059059059,0.0,0.0080488685237088,0.4092857142857143,0.3321309655937847,0.20465,0.3571428571428571
0.9729729729729756,0.049049049049049,0.0,0.0042360459165516,0.4973809523809523,0.3321309655937847,0.2045,0.3571428571428571
0.8108108108108141,0.059059059059059,0.0,0.0127089850435678,0.4945238095238095,0.3462819089900111,0.2219,0.5
0.9189189189189192,0.034034034034034,0.0,0.0148272198253218,0.4183333333333333,0.3310210876803551,0.22175,0.3571428571428571
0.8918918918918948,0.1507507507507507,0.0,0.0508372111151403,0.2704761904761904,0.7644284128745839,0.42875,0.5
0.8108108108108141,0.039039039039039,0.0,0.0148272198253218,0.3092857142857143,0.6920088790233074,0.2515,0.5
0.7837837837837824,0.042042042042042,0.0,0.0508372111151403,0.38,0.7000554938956715,0.15525,0.5
0.8918918918918948,0.024024024024024,0.0,0.0127089850435678,0.0,0.0,0.0,0.0
0.7297297297297334,0.019019019019019,0.0,0.0508372111151403,0.4404761904761904,0.3321309655937847,0.2,0.3571428571428571
0.9729729729729756,0.0915915915915915,0.0,0.0169454546070758,0.4119047619047619,0.4153718091009989,0.3025,0.5
0.8648648648648631,0.0389389389389389,0.0,0.0233001589523379,0.0,0.0,0.0,0.0
0.7567567567567579,0.039039039039039,0.0,0.0423642719881242,0.38,0.7000554938956715,0.15525,0.6428571428571428
0.7297297297297334,0.014014014014014,0.0,0.0296548632976,0.3202380952380952,0.3013318534961154,0.15525,0.3571428571428571
0.621621621621621,0.0415415415415415,0.0,0.1143842545677614,0.3047619047619048,0.6920088790233074,0.255,0.5714285714285714
0.8378378378378386,0.0220219219219219,0.0,0.0048507576502166,0.0,0.0,0.0,0.0
0.6486486486486527,0.005005005005005,0.0,0.0296548632976,0.0,0.0,0.0,0.0
0.7837837837837824,0.0555555555555555,0.0,0.0305021572103016,0.0,0.0,0.0,0.0
0.8648648648648631,0.034034034034034,0.0,0.0550736806786484,0.0,0.0,0.0,0.0
0.8648648648648631,0.059059059059059,0.0,0.0190636893888299,0.0,0.0,0.0,0.0
0.9189189189189192,0.084084084084084,0.0,0.0148272198253218,0.5238095238095237,0.4389567147613762,0.3155,0.3571428571428571
0.9459459459459438,0.029029029029029,0.0,0.0084725154800597,0.0,0.0,0.0,0.0
0.8648648648648631,0.042042042042042,0.0,0.0309258041666524,0.0,0.0,0.0,0.0
0.8918918918918948,0.0725725725725726,0.0,0.0105907502618137,0.5366666666666666,0.3873473917869034,0.221825,0.3571428571428571
0.9189189189189192,0.066066066066066,0.0,0.0338913328611081,0.5366666666666666,0.3873473917869034,0.221825,0.3571428571428571
0.9459459459459438,0.093993993993994,0.0,0.0043207753078218,0.4142857142857142,0.4153718091009989,0.294,0.3571428571428571
0.3783783783783789,0.006006006006006,0.0,0.0423642719881242,0.4119047619047619,0.275527192008879,0.15,0.3571428571428571
0.7297297297297334,0.029029029029029,0.0,0.0296548632976,0.0,0.0,0.0,0.0
0.9729729729729756,0.0620620620620621,0.0,0.0169454546070758,0.0,0.0,0.0,0.0
0.7837837837837824,0.055055055055055,0.0,0.0169454546070758,0.4,0.4153718091009989,0.29075,0.3571428571428571
0.5405405405405403,0.0055055055055055,0.0,0.0296548632976,0.4499999999999999,0.2769145394006659,0.1677499999999999,0.3571428571428571
0.8378378378378386,0.1041041041041041,0.0,0.0410933311190718,0.0,0.0,0.0,0.0
0.9459459459459438,0.2467467467467468,0.0,0.0008468702657452,0.4,0.5504994450610433,0.375,0.3571428571428571
0.7837837837837824,0.0158158158158158,0.0,0.0804924980596968,0.4545238095238095,0.3873473917869034,0.1725,0.3571428571428571
0.8918918918918948,0.1166166166166166,0.0,0.0466007415516323,0.3809523809523809,0.6046059933407325,0.35,0.5
0.7837837837837824,0.044044044044044,0.0,0.0847289676232049,0.5314285714285714,0.4389567147613762,0.3157999999999999,0.3571428571428571
0.7567567567567579,0.029029029029029,0.0,0.0072015746110072,0.392142857142857,0.332408435072142,0.18475,0.3571428571428571
0.8648648648648631,0.0850850850850851,0.0,0.0381278024246162,0.3092857142857143,0.6920088790233074,0.2515,0.5714285714285714
0.9189189189189192,0.029029029029029,0.0,0.0338913328611081,0.0,0.0,0.0,0.0
0.9459459459459438,0.044044044044044,0.0,0.0042360459165516,0.0,0.0,0.0,0.0
0.6486486486486527,0.007007007007007,0.0,0.0266893346031444,0.4499999999999999,0.2943951165371809,0.1674999999999999,0.3571428571428571
0.8918918918918948,0.026026026026026,0.0,0.0347386267738097,0.4404761904761904,0.3321309655937847,0.2145,0.3571428571428571
0.7567567567567579,0.0036036036036036,0.0,0.0105907502618137,0.6190476190476191,0.1731409544950055,0.0875,0.2857142857142857
0.8378378378378386,0.046046046046046,0.0,0.0254183937340919,0.4547619047619047,0.3321309655937847,0.2145,0.3571428571428571
0.8378378378378386,0.0338338338338338,0.0,0.0097434563491121,0.4847619047619047,0.3321309655937847,0.19725,0.3571428571428571
0.5945945945945965,0.007057057057057,0.0,0.0211819241705839,0.3142857142857142,0.4148168701442841,0.235,0.3571428571428571
0.9729729729729756,0.069069069069069,0.0,0.0025414580911484,0.4523809523809523,0.3312985571587125,0.2367,0.3571428571428571
0.7297297297297334,0.014014014014014,0.0,0.0169454546070758,0.0,0.0,0.0,0.0
0.9189189189189192,0.2617617617617618,0.0,0.0038123989602008,0.3238095238095237,0.554661487236404,0.4425,0.3571428571428571
0.9459459459459438,0.042042042042042,0.0,0.0127089850435678,0.0,0.0,0.0,0.0
0.8378378378378386,0.0255255255255255,0.0,0.0233001589523379,0.0,0.0,0.0,0.0
0.9189189189189192,0.059059059059059,0.0,0.0508372111151403,0.0,0.0,0.0,0.0
0.9459459459459438,0.024024024024024,0.0,0.0508372111151403,0.0,0.0,0.0,0.0
0.9459459459459438,0.059059059059059,0.0,0.0295612373202465,0.5238095238095237,0.3321309655937847,0.2045,0.3571428571428571
0.8918918918918948,0.029029029029029,0.0,0.0127089850435678,0.0,0.0,0.0,0.0
0.7297297297297334,0.026026026026026,0.0,0.0381278024246162,0.5476190476190476,0.3873473917869034,0.2249999999999999,0.3571428571428571
0.8648648648648631,0.0750750750750751,0.0,0.0234441989174972,0.0,0.0,0.0,0.0
0.9189189189189192,0.0615615615615615,0.0,0.0108186723243304,0.3995238095238095,0.4150943396226415,0.221825,0.3571428571428571
0.8108108108108141,0.031031031031031,0.0,0.0254183937340919,0.4428571428571429,0.3321309655937847,0.2145,0.3571428571428571
0.8108108108108141,0.014014014014014,0.0,0.0381278024246162,0.4619047619047618,0.3898446170921198,0.175,0.3571428571428571
0.7837837837837824,0.019119019019019,0.0,0.0381278024246162,0.0,0.0,0.0,0.0
0.7567567567567579,0.034034034034034,0.0,0.0508372111151403,0.4595238095238095,0.3462819089900111,0.18475,0.3571428571428571
0.7837837837837824,0.054054054054054,0.0,0.0351622737301605,0.4,0.4153718091009989,0.29075,0.3571428571428571
0.8648648648648631,0.054054054054054,0.0,0.0173691015634266,0.4428571428571429,0.3321309655937847,0.204575,0.3571428571428571
0.8108108108108141,0.012012012012012,0.0,0.0508372111151403,0.0,0.0,0.0,0.0
0.8918918918918948,0.0625625625625626,0.0,0.0220292180832855,0.6521428571428571,0.3462819089900111,0.185,0.3571428571428571
0.9189189189189192,0.069069069069069,0.0,0.0296548632976,0.38,0.7000554938956715,0.15525,0.5
0.8108108108108141,0.0657657657657657,0.0,0.027536628515846,0.3476190476190476,0.6190344062153164,0.46,0.5
0.8648648648648631,0.049049049049049,0.0,0.0246393069813628,0.4238095238095238,0.4153718091009989,0.29325,0.3571428571428571
0.7297297297297334,0.0159159159159159,0.0,0.0423642719881242,0.3571428571428571,0.3795782463928968,0.2249999999999999,0.3571428571428571
0.9189189189189192,0.0770770770770771,0.0,0.0131593217581686,0.0,0.0,0.0,0.0
0.7567567567567579,0.035035035035035,0.0,0.0665121485001202,0.5314285714285714,0.4389567147613762,0.31575,0.3571428571428571
0.9459459459459438,0.089089089089089,0.0,0.0211819241705839,0.5785714285714285,0.3462819089900111,0.22125,0.3571428571428571
0.9189189189189192,0.039039039039039,0.0,0.0466007415516323,0.6333333333333333,0.2769145394006659,0.1453999999999999,0.3571428571428571
0.8378378378378386,0.0570570570570571,0.0,0.0508372111151403,0.0,0.0,0.0,0.0
0.7837837837837824,0.0701701701701701,0.0,0.0227070532134468,0.0,0.0,0.0,0.0
0.8918918918918948,0.049049049049049,0.0,0.0254183937340919,0.0,0.0,0.0,0.0
0.7297297297297334,0.0225225225225225,0.0,0.0423642719881242,0.3316666666666666,0.6046059933407325,0.34525,0.5
0.8378378378378386,0.074074074074074,0.0,0.0614283850239105,0.0,0.0,0.0,0.0
0.9459459459459438,0.034034034034034,0.0,0.0105907502618137,0.4833333333333333,0.2769145394006659,0.1701249999999999,0.3571428571428571
0.8378378378378386,0.029029029029029,0.0,0.0148272198253218,0.0,0.0,0.0,0.0
0.7837837837837824,0.021021021021021,0.0,0.005506986785604,0.4980952380952381,0.2769145394006659,0.1677499999999999,0.3571428571428571
0.8648648648648631,0.059059059059059,0.0,0.0423642719881242,0.633095238095238,0.3462819089900111,0.185,0.3571428571428571
0.8108108108108141,0.044044044044044,0.0,0.0004232233093944,0.0,0.0,0.0,0.0
0.9729729729729756,0.1491491491491491,0.0,0.0084725154800597,0.0,0.0,0.0,0.0
0.9459459459459438,0.056056056056056,0.0,0.0084725154800597,0.4499999999999999,0.3321309655937847,0.20465,0.3571428571428571
0.4324324324324351,0.0035035035035035,0.0,0.0211819241705839,0.0,0.0,0.0,0.0
0.9459459459459438,0.076076076076076,0.0,0.0211819241705839,0.5785714285714285,0.3462819089900111,0.22125,0.3571428571428571
0.7837837837837824,0.0115115115115115,0.0,0.0118616911308661,0.0,0.0,0.0,0.0
0.8378378378378386,0.021021021021021,0.0,0.0254183937340919,0.5023809523809524,0.2258601553829078,0.138,0.3571428571428571
0.8378378378378386,0.0450449449449449,0.0,0.027536628515846,0.557142857142857,0.3462819089900111,0.185,0.3571428571428571
0.7837837837837824,0.018018018018018,0.0,0.0466007415516323,0.3659523809523809,0.3318534961154273,0.1825,0.3571428571428571
0.8648648648648631,0.094094094094094,0.0,0.0796452041469952,0.3809523809523809,0.6046059933407325,0.35,0.5
0.9189189189189192,0.089089089089089,0.0,0.0084725154800597,0.4047619047619047,0.4414539400665926,0.30325,0.3571428571428571
0.7837837837837824,0.0455455455455455,0.0,0.0618520319802614,0.5314285714285714,0.4389567147613762,0.3157999999999999,0.3571428571428571
0.7297297297297334,0.03003003003003,0.0,0.0508372111151403,0.4595238095238095,0.3462819089900111,0.18475,0.3571428571428571
0.6486486486486527,0.0075075075075075,0.0,0.0360095676428621,0.0,0.0,0.0,0.0
0.9189189189189192,0.1291291291291291,0.0,0.0127089850435678,0.6095238095238096,0.4156492785793563,0.24475,0.3571428571428571
0.7297297297297334,0.025025025025025,0.0,0.0211819241705839,0.0,0.0,0.0,0.0
0.7567567567567579,0.0105104104104104,0.0,0.0042360459165516,0.469047619047619,0.220865704772475,0.11575,0.3571428571428571
0.6486486486486527,0.0025025025025025,0.0,0.0042360459165516,0.3833333333333333,0.220865704772475,0.0925,0.2857142857142857
0.7567567567567579,0.044044044044044,0.0,0.040669684162721,0.5314285714285714,0.4389567147613762,0.3157999999999999,0.3571428571428571
0.8918918918918948,0.0665665665665665,0.0,0.0220292180832855,0.563095238095238,0.3462819089900111,0.22125,0.3571428571428571
0.7837837837837824,0.018018018018018,0.0,0.0550736806786484,0.0,0.0,0.0,0.0
0.8648648648648631,0.064064064064064,0.0,0.0245710998213903,0.0,0.0,0.0,0.0
0.621621621621621,0.011011011011011,0.0,0.0381278024246162,0.4499999999999999,0.2769145394006659,0.1674999999999999,0.3571428571428571
0.9459459459459438,0.044044044044044,0.0,0.0127089850435678,0.4499999999999999,0.3321309655937847,0.20465,0.3571428571428571
0.9189189189189192,0.034034034034034,0.0,0.0127089850435678,0.0,0.0,0.0,0.0
0.6756756756756772,0.0158158158158158,0.0,0.0211819241705839,0.2619047619047618,0.654550499445061,0.4125,0.3571428571428571
0.6756756756756772,0.0138138138138138,0.0,0.0338913328611081,0.4119047619047619,0.2943951165371809,0.14375,0.3571428571428571
0.8378378378378386,0.053053053053053,0.0,0.0466007415516323,0.3333333333333333,0.7000554938956715,0.1875,0.5714285714285714
0.8648648648648631,0.066066066066066,0.2760144289302867,0.0079760012472165,0.0,0.0,0.0,0.0
0.7837837837837824,0.0405405405405405,0.0,0.0254183937340919,0.4214285714285714,0.4153718091009989,0.28355,0.3571428571428571
0.8918918918918948,0.034034034034034,0.0,0.0050833398292532,0.0,0.0,0.0,0.0
0.7027027027027017,0.024024024024024,0.0,0.0296548632976,0.0,0.0,0.0,0.0
0.9189189189189192,0.029029029029029,0.0,0.0148272198253218,0.5478571428571428,0.2771920088790233,0.1674999999999999,0.3571428571428571
0.6756756756756772,0.0145145145145145,0.0,0.0508372111151403,0.4214285714285714,0.4153718091009989,0.195,0.3571428571428571
0.9189189189189192,0.039039039039039,0.0,0.0224528650396363,0.4183333333333333,0.3310210876803551,0.22175,0.3571428571428571
0.9459459459459438,0.055055055055055,0.0,0.0211819241705839,0.6142857142857143,0.4156492785793563,0.2465,0.3571428571428571
0.6756756756756772,0.01001001001001,0.0,0.0381278024246162,0.0,0.0,0.0,0.0
0.8918918918918948,0.0472472472472472,0.0,0.0211819241705839,0.4857142857142856,0.3321309655937847,0.2045,0.3571428571428571
0.7837837837837824,0.044044044044044,0.0,0.0254183937340919,0.5314285714285714,0.4389567147613762,0.3157999999999999,0.3571428571428571
0.8108108108108141,0.0915915915915915,0.0,0.0317730980793541,0.0,0.0,0.0,0.0
0.8108108108108141,0.1291291291291291,0.0,0.0247829232995657,0.0,0.0,0.0,0.0
0.7027027027027017,0.006006006006006,0.0,0.0063542806983056,0.6190476190476191,0.1731409544950055,0.0875,0.2857142857142857
0.9459459459459438,0.0735735735735735,0.0,0.0203346302578822,0.5785714285714285,0.3462819089900111,0.22125,0.3571428571428571
0.7837837837837824,0.0415415415415415,0.0,0.0237238059086887,0.5452380952380952,0.3462819089900111,0.185,0.3571428571428571
0.8378378378378386,0.0465465465465465,0.0,0.0203346302578822,0.0,0.0,0.0,0.0
0.4864864864864842,0.0024007007007006,0.0,0.0338913328611081,0.0,0.0,0.0,0.0
0.9189189189189192,0.079079079079079,0.0,0.0254183937340919,0.563095238095238,0.3462819089900111,0.22125,0.3571428571428571
0.7297297297297334,0.014014014014014,0.0,0.0338913328611081,0.0,0.0,0.0,0.0
0.8648648648648631,0.051051051051051,0.0,0.0508372111151403,0.2754761904761905,0.6046059933407325,0.34525,0.5
0.7837837837837824,0.0265265265265265,0.0,0.0296548632976,0.4404761904761904,0.3321309655937847,0.2145,0.3571428571428571
0.6486486486486527,0.027027027027027,0.0,0.0677830893691726,0.3316666666666666,0.8201997780244173,0.34525,0.5
0.8648648648648631,0.03003003003003,0.0,0.013846900768326,0.0,0.0,0.0,0.0
0.7567567567567579,0.0315315315315315,0.0,0.0334676859047573,0.5028571428571429,0.3462819089900111,0.2219999999999999,0.3571428571428571
0.6756756756756772,0.0125125125125125,0.0,0.0338913328611081,0.4716666666666666,0.3013318534961154,0.1701249999999999,0.3571428571428571
0.7567567567567579,0.014014014014014,0.0,0.0550736806786484,0.3333333333333333,0.693118756936737,0.28,0.5
0.8108108108108141,0.03003003003003,0.0,0.0381278024246162,0.4761904761904761,0.3881798002219755,0.17025,0.3571428571428571
0.9459459459459438,0.071071071071071,0.0,0.0105907502618137,0.4935714285714285,0.3809655937846837,0.22775,0.3571428571428571
0.7837837837837824,0.029029029029029,0.0,0.0423642719881242,0.0,0.0,0.0,0.0
0.8918918918918948,0.2142142142142142,0.0,0.0182163954761283,0.0,0.0,0.0,0.0
0.8918918918918948,0.069069069069069,0.0,0.0169454546070758,0.5366666666666666,0.3873473917869034,0.221825,0.3571428571428571
0.8648648648648631,0.042042042042042,0.0,0.0410933311190718,0.6142857142857143,0.4156492785793563,0.2465,0.3571428571428571
0.8648648648648631,0.044044044044044,0.0,0.0241474528650396,0.5476190476190476,0.3462819089900111,0.22175,0.3571428571428571
0.8648648648648631,0.054054054054054,0.1573282244902634,0.0019025984809714,0.0,0.0,0.0,0.0
0.9189189189189192,0.0400399399399399,0.0,0.0169454546070758,0.0,0.0,0.0,0.0
0.8918918918918948,0.029029029029029,0.0,0.0127089850435678,0.0,0.0,0.0,0.0
0.7837837837837824,0.0425424424424424,0.0,0.0571919154604025,0.0,0.0,0.0,0.0
0.8108108108108141,0.0465465465465465,0.0,0.1059113154407452,0.4871428571428571,0.4053829078801332,0.2095,0.3571428571428571
0.9729729729729756,0.069069069069069,0.0,0.0169454546070758,0.5666666666666667,0.4156492785793563,0.19725,0.3571428571428571
0.8378378378378386,0.0555555555555555,0.0,0.0237238059086887,0.4142857142857142,0.4153718091009989,0.29325,0.3571428571428571
0.4054054054054035,0.0032032032032032,0.0,0.0296548632976,0.0,0.0,0.0,0.0
0.7567567567567579,0.0125125125125125,0.0,0.0211819241705839,0.0,0.0,0.0,0.0
0.7027027027027017,0.014014014014014,0.0,0.0233001589523379,0.3476190476190476,0.3795782463928968,0.22175,0.3571428571428571
0.9459459459459438,0.0902901901901902,0.0,0.0105907502618137,0.5785714285714285,0.3462819089900111,0.22125,0.3571428571428571
0.8648648648648631,0.029029029029029,0.0,0.0381278024246162,0.0,0.0,0.0,0.0
0.9189189189189192,0.079079079079079,0.0,0.0296548632976,0.5838095238095238,0.3462819089900111,0.22125,0.5
0.8918918918918948,0.034034034034034,0.0,0.0381278024246162,0.0,0.0,0.0,0.0
0.8648648648648631,0.1691691691691692,0.0,0.016521807650725,0.3214285714285714,0.687291897891232,0.4389,0.5
0.7567567567567579,0.034034034034034,0.0,0.0338913328611081,0.0,0.0,0.0,0.0
0.7297297297297334,0.02002002002002,0.0,0.0398223902500194,0.4847619047619047,0.3321309655937847,0.19725,0.3571428571428571
0.7027027027027017,0.026026026026026,0.0,0.0338913328611081,0.0,0.0,0.0,0.0
0.9459459459459438,0.0385385385385385,0.0,0.0084725154800597,0.5478571428571428,0.2771920088790233,0.1674999999999999,0.3571428571428571
0.8648648648648631,0.3493493493493493,0.0,0.0148272198253218,0.0,0.0,0.0,0.0
0.7027027027027017,0.009009009009009,0.0,0.0084725154800597,0.0,0.0,0.0,0.0
0.9189189189189192,0.064064064064064,0.0,0.0338913328611081,0.0,0.0,0.0,0.0
0.9459459459459438,0.0520520520520521,0.0,0.0084725154800597,0.38,0.7000554938956715,0.1574999999999999,0.6428571428571428
0.9189189189189192,0.0135135135135135,0.0441623086288459,0.0005079527006645,0.0,0.0,0.0,0.0
0.6486486486486527,0.0315315315315315,0.0,0.0296548632976,0.2404761904761904,0.6531631520532741,0.38,0.3571428571428571
0.8108108108108141,0.0650650650650651,0.0,0.0292312163412492,0.0,0.0,0.0,0.0
0.9459459459459438,0.049049049049049,0.0,0.0148272198253218,0.6047619047619047,0.3290788013318535,0.184925,0.3571428571428571
0.7027027027027017,0.012012012012012,0.0,0.0211819241705839,0.0,0.0,0.0,0.0
0.8378378378378386,0.025025025025025,0.0,0.0211819241705839,0.0,0.0,0.0,0.0
0.7027027027027017,0.0125125125125125,0.0,0.0466007415516323,0.4047619047619047,0.3898446170921198,0.1775,0.3571428571428571
0.7567567567567579,0.016016016016016,0.0,0.0296548632976,0.4761904761904761,0.3881798002219755,0.17,0.3571428571428571
0.621621621621621,0.0095095095095095,0.0,0.0423642719881242,0.0,0.0,0.0,0.0
0.9189189189189192,0.044044044044044,0.0,0.0211819241705839,0.0,0.0,0.0,0.0
0.8918918918918948,0.1081081081081081,0.37537962334519,0.0130279912016999,0.0,0.0,0.0,0.0
0.8648648648648631,0.2642642642642643,0.0,0.0224528650396363,0.2873809523809523,0.8232519422863486,0.6035,0.5
0.7027027027027017,0.024024024024024,0.0,0.0466007415516323,0.2754761904761905,0.6046059933407325,0.34525,0.5
0.8378378378378386,0.0565565565565565,0.0,0.0169454546070758,0.4795238095238095,0.4156492785793563,0.2219999999999999,0.3571428571428571
0.5945945945945965,0.0083083083083083,0.0,0.0508372111151403,0.0,0.0,0.0,0.0
0.7567567567567579,0.014014014014014,0.0,0.0169454546070758,0.0,0.0,0.0,0.0
0.8918918918918948,0.021021021021021,0.0,0.0185129483455738,0.0,0.0,0.0,0.0
0.9459459459459438,0.035035035035035,0.0,0.0025414580911484,0.0,0.0,0.0,0.0
0.7297297297297334,0.025025025025025,0.0,0.0466007415516323,0.3857142857142857,0.4142619311875694,0.275,0.3571428571428571
0.9189189189189192,0.027027027027027,0.0,0.0135562789562694,0.3333333333333333,0.220865704772475,0.0875,0.3571428571428571
0.9189189189189192,0.03003003003003,0.0,0.0063542806983056,0.588095238095238,0.220865704772475,0.1182499999999999,0.3571428571428571
0.9729729729729756,0.058058058058058,0.0,0.0381278024246162,0.4795238095238095,0.3321309655937847,0.20465,0.3571428571428571
0.7027027027027017,0.01001001001001,0.0,0.0351622737301605,0.0,0.0,0.0,0.0
0.7567567567567579,0.034034034034034,0.0,0.0847289676232049,0.3238095238095237,0.7000554938956715,0.1574999999999999,0.5
0.7567567567567579,0.0165165165165165,0.0,0.0211819241705839,0.469047619047619,0.220865704772475,0.11575,0.3571428571428571
0.7837837837837824,0.031031031031031,0.0,0.0466007415516323,0.4526190476190476,0.4053829078801332,0.271125,0.3571428571428571
0.9189189189189192,0.019019019019019,0.0,0.0593101502421565,0.4528571428571428,0.332408435072142,0.167625,0.5
0.8378378378378386,0.0315315315315315,0.0,0.0296548632976,0.0,0.0,0.0,0.0
0.3783783783783789,0.015015015015015,0.0,0.0423642719881242,0.0,0.0,0.0,0.0
0.9189189189189192,0.0465465465465465,0.0,0.0084725154800597,0.4883333333333333,0.2769145394006659,0.1674999999999999,0.3571428571428571
0.9189189189189192,0.064064064064064,0.0,0.0466007415516323,0.38,0.7000554938956715,0.1574999999999999,0.6428571428571428
1.0,0.0774774774774775,0.0,4.2364695635011e-05,0.0,0.0,0.0,0.0
0.7837837837837824,0.0189189189189189,0.0,0.0389750963373178,0.0,0.0,0.0,0.0
0.8108108108108141,0.079079079079079,0.0,0.0466007415516323,0.3092857142857143,0.6920088790233074,0.2515,0.5714285714285714
0.6756756756756772,0.0057057057057057,0.0,0.0338913328611081,0.4095238095238094,0.3873473917869034,0.13375,0.3571428571428571
0.7027027027027017,0.013013013013013,0.0,0.0593101502421565,0.3285714285714285,0.3881798002219755,0.17,0.3571428571428571
0.7837837837837824,0.0265265265265265,0.0,0.0199109833015315,0.0,0.0,0.0,0.0
0.7027027027027017,0.012012012012012,0.0,0.0508372111151403,0.0,0.0,0.0,0.0
0.8378378378378386,0.0445445445445445,0.0,0.0169454546070758,0.6,0.3462819089900111,0.185,0.3571428571428571
0.8918918918918948,0.021021021021021,0.0,0.0254183937340919,0.0,0.0,0.0,0.0
0.9459459459459438,0.0235235235235235,0.0,0.0127089850435678,0.0,0.0,0.0,0.0
0.8648648648648631,0.059059059059059,0.0,0.0148272198253218,0.0,0.0,0.0,0.0
0.7297297297297334,0.031031031031031,0.0,0.0508372111151403,0.0,0.0,0.0,0.0
0.9459459459459438,0.0720720720720721,0.0,0.0010112452848093,0.4428571428571429,0.3321309655937847,0.204575,0.3571428571428571
0.8918918918918948,0.0416416416416416,0.0,0.0466007415516323,0.4321428571428571,0.332408435072142,0.205,0.4285714285714285
0.9729729729729756,0.039039039039039,0.0,0.0105907502618137,0.4321428571428571,0.332408435072142,0.205,0.4285714285714285
0.8918918918918948,0.025025025025025,0.0,0.0148272198253218,0.5404761904761904,0.2216981132075471,0.1341,0.3571428571428571
0.8108108108108141,0.074074074074074,0.0,0.0336066421064403,0.3092857142857143,0.6920088790233074,0.2515,0.5
0.7837837837837824,0.054054054054054,0.0,0.0762560284961888,0.38,0.7000554938956715,0.15525,0.6428571428571428
0.7837837837837824,0.018018018018018,0.0,0.0474480354643339,0.4761904761904761,0.3881798002219755,0.17,0.3571428571428571
0.8918918918918948,0.029029029029029,0.0,0.0063542806983056,0.5702380952380952,0.2769145394006659,0.167625,0.3571428571428571
0.9459459459459438,0.054054054054054,0.0,0.0042360459165516,0.4833333333333333,0.3326859045504994,0.2099999999999999,0.3571428571428571
0.8378378378378386,0.044044044044044,0.0,0.0063542806983056,0.4945238095238095,0.3462819089900111,0.2219,0.5
0.6756756756756772,0.0220219219219219,0.0,0.0211819241705839,0.4716666666666666,0.3013318534961154,0.1701249999999999,0.3571428571428571
0.8108108108108141,0.1571571571571571,0.0,0.036433214599213,0.0,0.0,0.0,0.0
0.8108108108108141,0.054054054054054,0.0,0.0122853380872169,0.0,0.0,0.0,0.0
0.8108108108108141,0.029029029029029,0.0,0.0296548632976,0.0,0.0,0.0,0.0
0.8918918918918948,0.0500499499499499,0.0,0.0254183937340919,0.0,0.0,0.0,0.0
0.9189189189189192,0.041041041041041,0.0,0.0084259143148611,0.0,0.0,0.0,0.0
0.9729729729729756,0.089089089089089,0.0,0.0084725154800597,0.6761904761904761,0.3462819089900111,0.18505,0.3571428571428571
0.9459459459459438,0.054054054054054,0.0,0.0127089850435678,0.0,0.0,0.0,0.0
0.7567567567567579,0.024024024024024,0.0,0.0148272198253218,0.3895238095238095,0.4148168701442841,0.23425,0.3571428571428571
0.7027027027027017,0.013013013013013,0.0,0.040669684162721,0.4499999999999999,0.2943951165371809,0.1674999999999999,0.3571428571428571
0.7837837837837824,0.0725725725725726,0.0,0.0234272530392432,0.0,0.0,0.0,0.0
0.9189189189189192,0.0615615615615615,0.0,0.0108186723243304,0.3995238095238095,0.4150943396226415,0.221825,0.3571428571428571
0.6756756756756772,0.0095095095095095,0.0,0.0381278024246162,0.0,0.0,0.0,0.0
0.8378378378378386,0.0450449449449449,0.1896219126751069,0.0179833896501353,0.0,0.0,0.0,0.0
0.9189189189189192,0.021021021021021,0.0,0.0254183937340919,0.5357142857142857,0.2771920088790233,0.1674999999999999,0.3571428571428571
0.8918918918918948,0.0635635635635635,0.0,0.0046596928729024,0.3404761904761905,0.4433962264150943,0.25875,0.3571428571428571
0.9729729729729756,0.1191191191191191,0.0,0.0097434563491121,0.4869047619047618,0.4053829078801332,0.27125,0.3571428571428571
0.9189189189189192,0.064064064064064,0.0,0.0084725154800597,0.4428571428571429,0.3321309655937847,0.204575,0.3571428571428571
0.621621621621621,0.029029029029029,0.0,0.0593101502421565,0.3047619047619048,0.6920088790233074,0.255,0.5714285714285714
0.7027027027027017,0.024024024024024,0.0,0.0338913328611081,0.4166666666666666,0.3601553829078801,0.2145,0.3571428571428571
0.8918918918918948,0.066066066066066,0.0,0.0030091643309597,0.0,0.0,0.0,0.0
0.9729729729729756,0.5495495495495496,0.0,0.0036005754820254,0.3995238095238095,0.5535516093229745,0.475,0.3571428571428571
0.6486486486486527,0.049049049049049,0.0,0.0847289676232049,0.3047619047619048,0.6920088790233074,0.255,0.5714285714285714
0.7567567567567579,0.0225225225225225,0.0,0.0381278024246162,0.4299999999999999,0.332408435072142,0.1875,0.3571428571428571
0.9459459459459438,0.0535535535535535,0.0,0.0042360459165516,0.55,0.2769145394006659,0.1676,0.3571428571428571
0.9189189189189192,0.079079079079079,0.0,0.0296548632976,0.6521428571428571,0.3462819089900111,0.185,0.3571428571428571
0.8648648648648631,0.3193193193193193,0.0,0.0127089850435678,0.0,0.0,0.0,0.0
0.5405405405405403,0.0055055055055055,0.0,0.0254183937340919,0.4119047619047619,0.275527192008879,0.15,0.3571428571428571
0.8648648648648631,0.0435435435435435,0.0,0.0262656876467936,0.5,0.4156492785793563,0.1874,0.5
0.9459459459459438,0.084084084084084,0.0,0.0084725154800597,0.4402380952380951,0.6046059933407325,0.3,0.6428571428571428
0.7837837837837824,0.01001001001001,0.0,0.0338913328611081,0.4980952380952381,0.2769145394006659,0.1677499999999999,0.3571428571428571
0.9189189189189192,0.1491491491491491,0.0,0.0283640110215991,0.3809523809523809,0.6046059933407325,0.35,0.5
0.7567567567567579,0.029029029029029,0.0,0.0508372111151403,0.2754761904761905,0.6046059933407325,0.34525,0.5
0.8918918918918948,0.054054054054054,0.0,0.023933087505126,0.4333333333333333,0.3326859045504994,0.22175,0.3571428571428571
0.8378378378378386,0.049049049049049,0.0,0.0211819241705839,0.3233333333333333,0.6933962264150944,0.181,0.6428571428571428
0.8108108108108141,0.059059059059059,0.0,0.0508372111151403,0.4945238095238095,0.3462819089900111,0.2219999999999999,0.5
0.8378378378378386,0.064064064064064,0.0,0.0119654846351721,0.0,0.0,0.0,0.0
0.8648648648648631,0.0880880880880881,0.0,0.0220292180832855,0.0,0.0,0.0,0.0
0.7297297297297334,0.014014014014014,0.0,0.0266893346031444,0.0,0.0,0.0,0.0
0.8918918918918948,0.0665665665665665,0.0,0.0372805085119146,0.5157142857142857,0.4156492785793563,0.2588,0.3571428571428571
0.7837837837837824,0.0315315315315315,0.0,0.0466007415516323,0.38,0.7000554938956715,0.15525,0.5
0.5945945945945965,0.0055055055055055,0.0,0.036433214599213,0.3642857142857142,0.3720865704772475,0.2075,0.3571428571428571
0.8918918918918948,0.036036036036036,0.0,0.0245710998213903,0.3659523809523809,0.3318534961154273,0.1825,0.5
0.8918918918918948,0.0650650650650651,0.0,0.0204278325882795,0.0,0.0,0.0,0.0
0.9189189189189192,0.0815815815815815,0.0,0.0148272198253218,0.0,0.0,0.0,0.0
0.7837837837837824,0.044044044044044,0.0,0.0677830893691726,0.0,0.0,0.0,0.0
0.8918918918918948,0.079079079079079,0.0,0.0105907502618137,0.364047619047619,0.4414539400665926,0.30325,0.3571428571428571
0.6486486486486527,0.0132132132132132,0.0,0.0410933311190718,0.3952380952380953,0.3851276359600444,0.17,0.3571428571428571
0.5405405405405403,0.0065065065065065,0.0,0.0423642719881242,0.0,0.0,0.0,0.0
0.7837837837837824,0.019019019019019,0.0,0.0347386267738097,0.0,0.0,0.0,0.0
0.8648648648648631,0.053053053053053,0.0,0.0393987432936686,0.4964285714285714,0.3321309655937847,0.2078499999999999,0.3571428571428571
0.8378378378378386,0.023023023023023,0.0,0.0310528982535577,0.0,0.0,0.0,0.0
0.7297297297297334,0.026026026026026,0.0,0.0466007415516323,0.0,0.0,0.0,0.0
0.8918918918918948,0.0505505505505505,0.0,0.0105907502618137,0.0,0.0,0.0,0.0
0.9189189189189192,0.0515515515515515,0.0,0.0063542806983056,0.0,0.0,0.0,0.0
0.8108108108108141,0.0455455455455455,0.0,0.0338913328611081,0.4,0.4153718091009989,0.29075,0.3571428571428571
0.8108108108108141,0.019019019019019,0.0,0.0254183937340919,0.0,0.0,0.0,0.0
0.8378378378378386,0.069069069069069,0.0,0.0169454546070758,0.394047619047619,0.693118756936737,0.2625,0.4285714285714285
0.8108108108108141,0.028028028028028,0.1217223631582564,0.0240961915833211,0.0,0.0,0.0,0.0
0.9189189189189192,0.0315315315315315,0.0,0.0169454546070758,0.5992857142857143,0.2216981132075471,0.1332499999999999,0.3571428571428571
0.9459459459459438,0.029029029029029,0.0,0.0063542806983056,0.588095238095238,0.220865704772475,0.1182499999999999,0.3571428571428571
0.8648648648648631,0.0101101101101101,0.0405741210527521,0.0074133980891827,0.0,0.0,0.0,0.0
0.9729729729729756,0.0450449449449449,0.0,0.0042360459165516,0.5676190476190476,0.3326859045504994,0.2099999999999999,0.3571428571428571
0.9459459459459438,0.0780780780780781,0.0,0.0207582772142331,0.0,0.0,0.0,0.0
0.7567567567567579,0.034034034034034,0.0,0.039610566771844,0.4047619047619047,0.4153718091009989,0.295,0.3571428571428571
0.8378378378378386,0.051051051051051,0.0,0.0347386267738097,0.0,0.0,0.0,0.0
0.7567567567567579,0.019019019019019,0.0,0.0338913328611081,0.4047619047619047,0.3898446170921198,0.1775,0.3571428571428571
0.9189189189189192,0.03003003003003,0.0,0.0063542806983056,0.5023809523809524,0.2258601553829078,0.138,0.3571428571428571
0.8918918918918948,0.054054054054054,0.0,0.0084725154800597,0.4857142857142856,0.3321309655937847,0.2045,0.3571428571428571
0.7837837837837824,0.044044044044044,0.0,0.0139799259126202,0.0,0.0,0.0,0.0
0.9189189189189192,0.059059059059059,0.0,0.0063542806983056,0.4092857142857143,0.3321309655937847,0.20465,0.3571428571428571
0.7837837837837824,0.079079079079079,0.0,0.0460631335640231,0.0,0.0,0.0,0.0
0.8648648648648631,0.0620620620620621,0.0,0.0211819241705839,0.0,0.0,0.0,0.0
0.9189189189189192,0.037037037037037,0.0,0.0122853380872169,0.4883333333333333,0.2769145394006659,0.1674999999999999,0.3571428571428571
0.8378378378378386,0.038038038038038,0.1932101002512007,0.0152737437173156,0.0,0.0,0.0,0.0
0.7567567567567579,0.016016016016016,0.0,0.0169454546070758,0.0,0.0,0.0,0.0
0.8648648648648631,0.0870870870870871,0.0,0.0508372111151403,0.4683333333333333,0.4389567147613762,0.3155,0.3571428571428571
0.621621621621621,0.011011011011011,0.0,0.0326203919920556,0.0,0.0,0.0,0.0
0.8648648648648631,0.0493493493493493,0.0,0.0466007415516323,0.3357142857142857,0.6046059933407325,0.36985,0.5
0.8108108108108141,0.039039039039039,0.0,0.0250849835794439,0.0,0.0,0.0,0.0
0.8108108108108141,0.019019019019019,0.0,0.0169454546070758,0.5023809523809524,0.2258601553829078,0.138,0.3571428571428571
0.7027027027027017,0.014014014014014,0.0,0.0381278024246162,0.4266666666666667,0.3013318534961154,0.15525,0.3571428571428571
0.9459459459459438,0.0315315315315315,0.0,0.0148272198253218,0.0,0.0,0.0,0.0
0.8108108108108141,0.0147147147147147,0.0,0.0199957126928016,0.3833333333333333,0.220865704772475,0.0925,0.2857142857142857
0.9729729729729756,0.5495495495495496,0.0,0.0036005754820254,0.3995238095238095,0.5535516093229745,0.475,0.3571428571428571
0.8378378378378386,0.0400399399399399,0.0,0.0847289676232049,0.5616666666666666,0.3784683684794672,0.1676,0.3571428571428571
0.8378378378378386,0.029029029029029,0.0,0.0148272198253218,0.0,0.0,0.0,0.0
0.9189189189189192,0.0275275275275275,0.0993651944149032,0.0009040626048525,0.0,0.0,0.0,0.0
0.4054054054054035,0.007007007007007,0.0,0.0508372111151403,0.0,0.0,0.0,0.0
0.8918918918918948,0.0229229229229229,0.0,0.0173691015634266,0.0,0.0,0.0,0.0
0.8648648648648631,0.0470470470470471,0.0,0.0593101502421565,0.0,0.0,0.0,0.0
0.9189189189189192,0.1641641641641641,0.0,0.0233001589523379,0.0,0.0,0.0,0.0
0.9459459459459438,0.06006006006006,0.0,0.0220292180832855,0.5238095238095237,0.3321309655937847,0.2045,0.3571428571428571
0.7567567567567579,0.028028028028028,0.0,0.0372805085119146,0.3933333333333333,0.552441731409545,0.30925,0.3571428571428571
0.8918918918918948,0.066066066066066,0.0,0.0030091643309597,0.0,0.0,0.0,0.0
0.8378378378378386,0.063063063063063,0.0,0.027536628515846,0.5033333333333333,0.4156492785793563,0.2588,0.3571428571428571
0.7027027027027017,0.017017017017017,0.0,0.0127089850435678,0.0,0.0,0.0,0.0
0.8108108108108141,0.029029029029029,0.0,0.0211819241705839,0.6057142857142858,0.2597114317425083,0.144,0.3571428571428571
0.9459459459459438,0.1791791791791792,0.0,0.0084725154800597,0.2704761904761904,0.7644284128745839,0.42875,0.5714285714285714
0.9459459459459438,0.049049049049049,0.0,0.0135562789562694,0.0,0.0,0.0,0.0
0.8108108108108141,0.031031031031031,0.0,0.0338913328611081,0.0,0.0,0.0,0.0
0.9459459459459438,0.0425424424424424,0.0,0.0042360459165516,0.0,0.0,0.0,0.0
0.8648648648648631,0.0493493493493493,0.0,0.0466007415516323,0.3357142857142857,0.6046059933407325,0.36985,0.5
0.621621621621621,0.006006006006006,0.0,0.0466007415516323,0.4499999999999999,0.2769145394006659,0.1677499999999999,0.3571428571428571
0.8108108108108141,0.0375375375375375,0.0,0.0762560284961888,0.557142857142857,0.3462819089900111,0.185,0.3571428571428571
0.4324324324324351,0.007007007007007,0.0,0.0466007415516323,0.0,0.0,0.0,0.0
0.6756756756756772,0.0139139139139139,0.0,0.0370856309119932,0.3952380952380953,0.220865704772475,0.08875,0.3571428571428571
0.8918918918918948,0.044044044044044,0.0,0.0169454546070758,0.4499999999999999,0.3321309655937847,0.205,0.3571428571428571
0.7027027027027017,0.0125125125125125,0.0,0.0580392093731041,0.4047619047619047,0.3898446170921198,0.175,0.3571428571428571
0.9729729729729756,0.1191191191191191,0.0,0.0169454546070758,0.5238095238095237,0.4389567147613762,0.3155,0.3571428571428571
0.7837837837837824,0.014014014014014,0.0,0.0635466198056646,0.4545238095238095,0.3873473917869034,0.1725,0.3571428571428571
0.7027027027027017,0.014014014014014,0.0,0.0334676859047573,0.0,0.0,0.0,0.0
0.8918918918918948,0.036036036036036,0.0,0.0127089850435678,0.4499999999999999,0.3321309655937847,0.205,0.3571428571428571
0.9189189189189192,0.06006006006006,0.0,0.0135562789562694,0.0,0.0,0.0,0.0
0.7297297297297334,0.041041041041041,0.0,0.0679949128473481,0.3214285714285714,0.6046059933407325,0.2875,0.3571428571428571
0.621621621621621,0.016016016016016,0.0,0.0326203919920556,0.0,0.0,0.0,0.0
0.6486486486486527,0.0065065065065065,0.0,0.0169454546070758,0.0,0.0,0.0,0.0
0.4054054054054035,0.0035035035035035,0.0,0.0338913328611081,0.3833333333333333,0.220865704772475,0.0925,0.2857142857142857
0.9729729729729756,0.064064064064064,0.0,0.0148272198253218,0.0,0.0,0.0,0.0
0.7567567567567579,0.0315315315315315,0.0,0.0601574441548581,0.38,0.7000554938956715,0.15525,0.5
0.7567567567567579,0.0252252252252252,0.0,0.0238886045747092,0.4847619047619047,0.3321309655937847,0.19725,0.3571428571428571
0.8108108108108141,0.079079079079079,0.0,0.0677830893691726,0.3092857142857143,0.6920088790233074,0.2515,0.5714285714285714
1.0,0.044044044044044,0.0,0.0042360459165516,0.4528571428571428,0.332408435072142,0.167625,0.3571428571428571
0.7837837837837824,0.011011011011011,0.0,0.0529554458968944,0.0,0.0,0.0,0.0
0.8648648648648631,0.059059059059059,0.0,0.0508372111151403,0.6240476190476191,0.3462819089900111,0.22125,0.3571428571428571
0.7837837837837824,0.019019019019019,0.0,0.0381278024246162,0.0,0.0,0.0,0.0
0.9459459459459438,0.046046046046046,0.0,0.0127089850435678,0.55,0.2769145394006659,0.1676,0.3571428571428571
0.7297297297297334,0.017017017017017,0.0,0.0211819241705839,0.3714285714285714,0.3318534961154273,0.175,0.3571428571428571
0.9459459459459438,0.094094094094094,0.0,0.0105907502618137,0.5976190476190476,0.3462819089900111,0.22125,0.3571428571428571
0.9189189189189192,0.023023023023023,0.0,0.0148272198253218,0.5357142857142857,0.2771920088790233,0.1674999999999999,0.3571428571428571
0.7297297297297334,0.0215215215215215,0.0,0.0211819241705839,0.4847619047619047,0.3321309655937847,0.19725,0.3571428571428571
0.8108108108108141,0.028028028028028,0.0,0.0169454546070758,0.5023809523809524,0.2258601553829078,0.138,0.3571428571428571
0.8378378378378386,0.039039039039039,0.0,0.0296548632976,0.4547619047619047,0.3321309655937847,0.2145,0.3571428571428571
0.8648648648648631,0.074074074074074,0.0,0.0059306337419549,0.4945238095238095,0.3462819089900111,0.2219,0.5
0.9729729729729756,0.5495495495495496,0.0,0.0036005754820254,0.3995238095238095,0.5535516093229745,0.475,0.3571428571428571
0.8648648648648631,0.0620620620620621,0.0,0.0296548632976,0.6688095238095237,0.3462819089900111,0.22125,0.3571428571428571
0.7567567567567579,0.029029029029029,0.0,0.0305021572103016,0.419047619047619,0.4150943396226415,0.22175,0.3571428571428571
0.7297297297297334,0.016016016016016,0.0,0.0423642719881242,0.0,0.0,0.0,0.0
0.6756756756756772,0.034034034034034,0.0,0.0042360459165516,0.0,0.0,0.0,0.0
0.9189189189189192,0.0915915915915915,0.2594535631944695,0.006354704345262,0.0,0.0,0.0,0.0
0.7837837837837824,0.037037037037037,0.0,0.0211819241705839,0.5214285714285714,0.3873473917869034,0.2219,0.3571428571428571
0.8648648648648631,0.0450449449449449,0.0,0.0596194125202926,0.0,0.0,0.0,0.0
0.7297297297297334,0.099099099099099,0.0,0.0762560284961888,0.0,0.0,0.0,0.0
1.0,0.0514514514514514,0.0,0.0135562789562694,0.4795238095238095,0.3321309655937847,0.20465,0.3571428571428571
0.9459459459459438,0.044044044044044,0.0,0.0237238059086887,0.4499999999999999,0.3321309655937847,0.20465,0.3571428571428571
0.7567567567567579,0.0365365365365365,0.0,0.0292312163412492,0.489047619047619,0.4433962264150943,0.259,0.3571428571428571
0.9189189189189192,0.069069069069069,0.0,0.016521807650725,0.0,0.0,0.0,0.0
0.9189189189189192,0.2692692692692693,0.0,0.0097434563491121,0.4261904761904761,0.5946170921198668,0.34,0.3571428571428571
0.8918918918918948,0.0620620620620621,0.0,0.0211819241705839,0.0,0.0,0.0,0.0
0.7837837837837824,0.005005005005005,0.0,0.0381278024246162,0.6047619047619047,0.1731409544950055,0.0937,0.2857142857142857
0.8378378378378386,0.049049049049049,0.0,0.0105907502618137,0.0,0.0,0.0,0.0
0.8918918918918948,0.069069069069069,0.0,0.0677830893691726,0.0,0.0,0.0,0.0
0.6756756756756772,0.016016016016016,0.0,0.0296548632976,0.4716666666666666,0.3013318534961154,0.1701249999999999,0.3571428571428571
0.7567567567567579,0.079079079079079,0.0,0.0254183937340919,0.3047619047619048,0.6920088790233074,0.255,0.5
0.7027027027027017,0.044044044044044,0.0,0.0300785102539508,0.288095238095238,0.6553829078801332,0.41175,0.3571428571428571
0.2162162162162175,0.0045045045045045,0.0,0.0508372111151403,0.0,0.0,0.0,0.0
0.8918918918918948,0.1991991991991992,0.0,0.0288452739640137,0.4561904761904761,0.6920088790233074,0.39425,0.3571428571428571
0.7567567567567579,0.1291291291291291,0.0,0.0508372111151403,0.3047619047619048,0.5460599334073252,0.419,0.3571428571428571
0.8648648648648631,0.0425424424424424,0.0,0.0338913328611081,0.3642857142857142,0.8201997780244173,0.209575,0.5
0.6486486486486527,0.0085085085085085,0.0,0.0423642719881242,0.0,0.0,0.0,0.0
0.7567567567567579,0.021021021021021,0.0,0.0245710998213903,0.0,0.0,0.0,0.0
0.9459459459459438,0.099099099099099,0.0,0.0127089850435678,0.5238095238095237,0.4389567147613762,0.3155,0.3571428571428571
0.8918918918918948,0.025025025025025,0.0,0.0338913328611081,0.5992857142857143,0.2216981132075471,0.1332499999999999,0.3571428571428571
0.8648648648648631,0.059059059059059,0.0,0.0381278024246162,0.3814285714285714,0.3809655937846837,0.23425,0.5
0.7837837837837824,0.019019019019019,0.0,0.0296548632976,0.6057142857142858,0.2597114317425083,0.144,0.3571428571428571
0.9189189189189192,0.044044044044044,0.0,0.0296548632976,0.0,0.0,0.0,0.0
0.8918918918918948,0.039039039039039,0.0,0.0211819241705839,0.6028571428571429,0.332408435072142,0.1925,0.4285714285714285
0.9729729729729756,0.0465465465465465,0.0,0.0508372111151403,0.0,0.0,0.0,0.0
0.7297297297297334,0.015015015015015,0.0,0.0550736806786484,0.0,0.0,0.0,0.0
0.7567567567567579,0.019019019019019,0.0,0.0508372111151403,0.3869047619047618,0.332408435072142,0.18475,0.3571428571428571
0.7567567567567579,0.012012012012012,0.0,0.0423642719881242,0.469047619047619,0.220865704772475,0.11575,0.3571428571428571
0.7837837837837824,0.034034034034034,0.0,0.0338913328611081,0.0,0.0,0.0,0.0
0.7837837837837824,0.0220219219219219,0.0,0.0211073623062661,0.0,0.0,0.0,0.0
0.8378378378378386,0.025025025025025,0.0,0.0159308201466156,0.0,0.0,0.0,0.0
0.8918918918918948,0.0285285285285285,0.0,0.0254183937340919,0.5992857142857143,0.2216981132075471,0.1332499999999999,0.3571428571428571
0.9459459459459438,0.1191191191191191,0.0,0.0169454546070758,0.5238095238095237,0.4389567147613762,0.3155,0.3571428571428571
0.8378378378378386,0.018018018018018,0.0,0.0254183937340919,0.5023809523809524,0.2258601553829078,0.138,0.3571428571428571
0.9189189189189192,0.064064064064064,0.0,0.0296548632976,0.4964285714285714,0.3321309655937847,0.2078499999999999,0.3571428571428571
0.7837837837837824,0.029029029029029,0.0,0.0211819241705839,0.0,0.0,0.0,0.0
0.9189189189189192,0.036036036036036,0.0,0.0148272198253218,0.4183333333333333,0.3310210876803551,0.22175,0.3571428571428571
0.9189189189189192,0.027027027027027,0.0,0.0211819241705839,0.0,0.0,0.0,0.0
0.9189189189189192,0.084084084084084,0.0,0.0466007415516323,0.3666666666666666,0.7000554938956715,0.1875,0.5
0.8918918918918948,0.0520520520520521,0.0,0.0254183937340919,0.4402380952380951,0.4142619311875694,0.25,0.5
0.8648648648648631,0.044044044044044,0.0,0.0211819241705839,0.0,0.0,0.0,0.0
0.9189189189189192,0.089089089089089,0.0,0.0169454546070758,0.6071428571428571,0.4156492785793563,0.2465,0.3571428571428571
0.8918918918918948,0.1481481481481481,0.0,0.0241050881694044,0.3257142857142857,0.663984461709212,0.3695,0.5714285714285714
0.9189189189189192,0.049049049049049,0.0,0.0211819241705839,0.0,0.0,0.0,0.0
0.8918918918918948,0.049049049049049,0.0,0.0148272198253218,0.633095238095238,0.3462819089900111,0.185,0.3571428571428571
0.7837837837837824,0.0277277277277277,0.0,0.0296548632976,0.0,0.0,0.0,0.0
0.7837837837837824,0.049049049049049,0.0,0.0305021572103016,0.0,0.0,0.0,0.0
0.9189189189189192,0.054054054054054,0.0,0.0008468702657452,0.6047619047619047,0.3290788013318535,0.184925,0.3571428571428571
0.6756756756756772,0.02002002002002,0.0,0.0326203919920556,0.0,0.0,0.0,0.0
0.8378378378378386,0.044044044044044,0.0,0.0563446215477009,0.4526190476190476,0.4053829078801332,0.271125,0.3571428571428571
0.9189189189189192,0.039039039039039,0.0,0.0423642719881242,0.4323809523809523,0.3318534961154273,0.2169999999999999,0.3571428571428571
0.9189189189189192,0.039039039039039,0.0,0.0169454546070758,0.5676190476190476,0.3326859045504994,0.2099999999999999,0.3571428571428571
0.8648648648648631,0.0265265265265265,0.0,0.0060852648810229,0.0,0.0,0.0,0.0
1.0,0.024024024024024,0.0,0.0004655880050294,0.0,0.0,0.0,0.0
0.7837837837837824,0.064064064064064,0.0,0.0300963034261176,0.0,0.0,0.0,0.0
0.8648648648648631,0.049049049049049,0.0,0.0533790928532452,0.5045238095238095,0.3873473917869034,0.221825,0.3571428571428571
0.5945945945945965,0.029029029029029,0.0,0.0381278024246162,0.0,0.0,0.0,0.0
0.8108108108108141,0.024124024024024,0.0,0.0338913328611081,0.0,0.0,0.0,0.0
0.8918918918918948,0.0815815815815815,0.0,0.016521807650725,0.509047619047619,0.3873473917869034,0.22175,0.3571428571428571
0.7837837837837824,0.054054054054054,0.0,0.0338913328611081,0.0,0.0,0.0,0.0
0.9459459459459438,0.074074074074074,0.0,0.0084725154800597,0.0,0.0,0.0,0.0
0.8648648648648631,0.054054054054054,0.0,0.0368568615555637,0.0,0.0,0.0,0.0
0.8918918918918948,0.0780780780780781,0.0,0.0093198093927613,0.0,0.0,0.0,0.0
0.8378378378378386,0.0385385385385385,0.1865857539568738,0.0300785102539508,0.0,0.0,0.0,0.0
0.4594594594594596,0.01001001001001,0.0,0.0296548632976,0.4119047619047619,0.275527192008879,0.15,0.3571428571428571
0.8648648648648631,0.0520520520520521,0.0,0.0423642719881242,0.5366666666666666,0.3873473917869034,0.221825,0.3571428571428571
0.7837837837837824,0.0195194194194194,0.0,0.0508372111151403,0.5495238095238094,0.4053829078801332,0.15775,0.3571428571428571
0.6756756756756772,0.018018018018018,0.0,0.0508372111151403,0.0,0.0,0.0,0.0
0.6756756756756772,0.016016016016016,0.0,0.0508372111151403,0.4238095238095238,0.3462819089900111,0.1875,0.3571428571428571
0.7027027027027017,0.0215215215215215,0.0,0.0508372111151403,0.4595238095238095,0.3462819089900111,0.18475,0.3571428571428571
0.7567567567567579,0.0285285285285285,0.0,0.027536628515846,0.489047619047619,0.4433962264150943,0.259,0.3571428571428571
0.8918918918918948,0.039039039039039,0.0,0.0127089850435678,0.4883333333333333,0.2769145394006659,0.1676,0.3571428571428571
0.8918918918918948,0.0920920920920921,0.0,0.0201448364214371,0.4683333333333333,0.4389567147613762,0.3155,0.3571428571428571
0.7837837837837824,0.0125125125125125,0.0,0.0207582772142331,0.6057142857142858,0.2597114317425083,0.144,0.3571428571428571
0.7837837837837824,0.014014014014014,0.0,0.0254183937340919,0.0,0.0,0.0,0.0
0.8378378378378386,0.054054054054054,0.0,0.0444825067698783,0.5166666666666666,0.4156492785793563,0.2473999999999999,0.3571428571428571
0.8918918918918948,0.031031031031031,0.0,0.0211819241705839,0.5702380952380952,0.2769145394006659,0.167625,0.3571428571428571
0.8918918918918948,0.03003003003003,0.122274392016117,0.0050193691388443,0.0,0.0,0.0,0.0
0.8648648648648631,0.064064064064064,0.0,0.0466007415516323,0.4945238095238095,0.3462819089900111,0.2219,0.5
0.8648648648648631,0.0520520520520521,0.0,0.0060458657140823,0.0,0.0,0.0,0.0
0.8918918918918948,0.029029029029029,0.0,0.0148272198253218,0.0,0.0,0.0,0.0
0.9459459459459438,0.054054054054054,0.0,0.0131326319999185,0.0,0.0,0.0,0.0
0.8648648648648631,0.042042042042042,0.0,0.0148272198253218,0.4428571428571429,0.3321309655937847,0.204575,0.3571428571428571
0.8648648648648631,0.074074074074074,0.0,0.0313494511230033,0.4683333333333333,0.4389567147613762,0.3155,0.3571428571428571
0.8378378378378386,0.0215215215215215,0.0,0.0508372111151403,0.0,0.0,0.0,0.0
0.4324324324324351,0.006006006006006,0.0,0.0423642719881242,0.0,0.0,0.0,0.0
0.7567567567567579,0.0411411411411411,0.0,0.0444825067698783,0.4047619047619047,0.4153718091009989,0.295,0.3571428571428571
0.5135135135135158,0.0135135135135135,0.0,0.0423642719881242,0.0,0.0,0.0,0.0
0.7567567567567579,0.054054054054054,0.0,0.0834580267541525,0.0,0.0,0.0,0.0
0.9459459459459438,0.0870870870870871,0.0,0.027536628515846,0.5476190476190476,0.4156492785793563,0.2473999999999999,0.3571428571428571
0.9729729729729756,0.059059059059059,0.0,0.0021178111347976,0.0,0.0,0.0,0.0
0.9189189189189192,0.0315315315315315,0.0,0.0160981606943742,0.5478571428571428,0.2771920088790233,0.1674999999999999,0.3571428571428571
0.8378378378378386,0.3243243243243243,0.0,0.0139799259126202,0.269047619047619,0.8288013318534961,0.637,0.5
0.9189189189189192,0.0275275275275275,0.0,0.0021178111347976,0.5992857142857143,0.2216981132075471,0.1332499999999999,0.3571428571428571
0.7837837837837824,0.0405405405405405,0.0,0.0338913328611081,0.392142857142857,0.332408435072142,0.18475,0.3571428571428571
0.9459459459459438,0.0915915915915915,0.0,0.0214780533930731,0.5421428571428571,0.4156492785793563,0.246475,0.3571428571428571
0.7567567567567579,0.0165165165165165,0.0,0.0084725154800597,0.2904761904761904,0.5405105438401776,0.17,0.7142857142857142
0.9189189189189192,0.0685685685685685,0.0,0.027536628515846,0.5009523809523809,0.4053829078801332,0.2095,0.5
0.8918918918918948,0.064064064064064,0.0,0.0419406250317734,0.5157142857142857,0.4156492785793563,0.2588,0.3571428571428571
0.621621621621621,0.03003003003003,0.0,0.0262656876467936,0.0,0.0,0.0,0.0
0.9459459459459438,0.099099099099099,0.0,0.0042360459165516,0.4047619047619047,0.4414539400665926,0.30325,0.3571428571428571
0.7567567567567579,0.054054054054054,0.0,0.0508372111151403,0.0,0.0,0.0,0.0
0.9729729729729756,0.049049049049049,0.0,0.0021178111347976,0.0,0.0,0.0,0.0
0.8378378378378386,0.019019019019019,0.0,0.0423642719881242,0.0,0.0,0.0,0.0
0.8648648648648631,0.0865865865865865,0.0,0.0296548632976,0.3666666666666666,0.5541065482796892,0.3,0.5
0.9459459459459438,0.1228228228228228,0.0,0.0194873363451806,0.4683333333333333,0.4389567147613762,0.3155,0.3571428571428571
0.6486486486486527,0.0085085085085085,0.0,0.0508372111151403,0.0,0.0,0.0,0.0
0.9189189189189192,0.051051051051051,0.0,0.0169454546070758,0.4833333333333333,0.3326859045504994,0.2099999999999999,0.3571428571428571
0.9189189189189192,0.034034034034034,0.122274392016117,0.0163049004090734,0.0,0.0,0.0,0.0
0.8918918918918948,0.0265265265265265,0.0,0.0160981606943742,0.588095238095238,0.220865704772475,0.1182499999999999,0.3571428571428571
0.8108108108108141,0.024024024024024,0.0,0.0635466198056646,0.4966666666666666,0.3326859045504994,0.1875,0.3571428571428571
0.9459459459459438,0.089089089089089,0.0,0.0050833398292532,0.394047619047619,0.693118756936737,0.2625,0.4285714285714285
0.7297297297297334,0.044044044044044,0.0,0.0635466198056646,0.0,0.0,0.0,0.0
0.8918918918918948,0.0585585585585585,0.0,0.0254183937340919,0.5366666666666666,0.3873473917869034,0.221825,0.3571428571428571
0.8648648648648631,0.064064064064064,0.0,0.0466007415516323,0.4945238095238095,0.3462819089900111,0.2219,0.5
0.7297297297297334,0.02002002002002,0.0,0.0188518659106545,0.392142857142857,0.332408435072142,0.185,0.3571428571428571
0.8648648648648631,0.031031031031031,0.0,0.0296548632976,0.0,0.0,0.0,0.0
0.8918918918918948,0.054054054054054,0.0,0.018640042432479,0.4323809523809523,0.3318534961154273,0.2169999999999999,0.3571428571428571
0.7837837837837824,0.015015015015015,0.0,0.0466007415516323,0.469047619047619,0.220865704772475,0.11575,0.3571428571428571
0.6486486486486527,0.005005005005005,0.0,0.0220292180832855,0.0,0.0,0.0,0.0
0.8918918918918948,0.048048048048048,0.0,0.0338913328611081,0.4333333333333333,0.3462819089900111,0.18435,0.5714285714285714
0.8918918918918948,0.0205205205205205,0.0,0.0254183937340919,0.6057142857142858,0.2597114317425083,0.14075,0.3571428571428571
0.8378378378378386,0.054054054054054,0.0,0.0254183937340919,0.3333333333333333,0.7000554938956715,0.1875,0.5714285714285714
0.7027027027027017,0.017017017017017,0.0,0.0508372111151403,0.4476190476190476,0.3462819089900111,0.2249999999999999,0.3571428571428571
0.8918918918918948,0.0585585585585585,0.0,0.0296548632976,0.0,0.0,0.0,0.0
0.9729729729729756,0.591891891891892,0.0,0.0048715163510778,0.3633333333333333,0.4988901220865704,0.46935,0.3571428571428571
0.621621621621621,0.007007007007007,0.0,0.0508372111151403,0.0,0.0,0.0,0.0
0.9189189189189192,0.2942942942942943,0.0,0.016521807650725,0.4664285714285714,0.5535516093229745,0.46935,0.3571428571428571
0.7567567567567579,0.0315315315315315,0.0,0.0686303832818743,0.3238095238095237,0.7000554938956715,0.1574999999999999,0.5714285714285714
0.9729729729729756,0.5495495495495496,0.0,0.0036005754820254,0.3995238095238095,0.5535516093229745,0.475,0.3571428571428571
0.9729729729729756,0.1041041041041041,0.0,0.0110143972181645,0.5476190476190476,0.4156492785793563,0.2473999999999999,0.3571428571428571
0.8108108108108141,0.0292292292292292,0.0,0.0254183937340919,0.0,0.0,0.0,0.0
0.8918918918918948,0.0255255255255255,0.0,0.0211819241705839,0.5992857142857143,0.2216981132075471,0.1332499999999999,0.3571428571428571
0.621621621621621,0.021021021021021,0.0,0.0508372111151403,0.25,0.6046059933407325,0.3,0.5714285714285714
0.621621621621621,0.0135135135135135,0.0,0.0220292180832855,0.0,0.0,0.0,0.0
0.7837837837837824,0.0215215215215215,0.0,0.0466007415516323,0.0,0.0,0.0,0.0
0.9459459459459438,0.3892892892892893,0.0,0.0093198093927613,0.0,0.0,0.0,0.0
0.567567567567572,0.0115115115115115,0.0,0.0296548632976,0.0,0.0,0.0,0.0
0.9189189189189192,0.079079079079079,0.0,0.0233001589523379,0.5838095238095238,0.3462819089900111,0.22125,0.5
0.6756756756756772,0.0185185185185185,0.0,0.0466007415516323,0.4847619047619047,0.3321309655937847,0.19725,0.3571428571428571
0.8918918918918948,0.0225225225225225,0.0,0.0254183937340919,0.5478571428571428,0.2771920088790233,0.1674999999999999,0.3571428571428571
0.8108108108108141,0.044044044044044,0.0,0.0254183937340919,0.0,0.0,0.0,0.0
0.567567567567572,0.0125125125125125,0.0,0.0381278024246162,0.319047619047619,0.497780244173141,0.3125,0.3571428571428571
0.8648648648648631,0.0780780780780781,0.0,0.0533790928532452,0.5102380952380952,0.3784683684794672,0.2179999999999999,0.3571428571428571
0.8648648648648631,0.0493493493493493,0.0,0.0466007415516323,0.3357142857142857,0.6046059933407325,0.36985,0.5
0.9189189189189192,0.0650650650650651,0.0,0.0237238059086887,0.6,0.3462819089900111,0.185,0.3571428571428571
0.9459459459459438,0.0765765765765765,0.0,0.008958438538994,0.5095238095238095,0.3321309655937847,0.20775,0.3571428571428571
0.8918918918918948,0.044044044044044,0.0,0.0211819241705839,0.0,0.0,0.0,0.0
0.8378378378378386,0.061061061061061,0.0,0.0550736806786484,0.4945238095238095,0.3462819089900111,0.2219999999999999,0.5
0.9459459459459438,0.0700700700700701,0.0,0.0296548632976,0.5714285714285714,0.3290788013318535,0.184925,0.3571428571428571
0.9459459459459438,0.0450449449449449,0.0,0.0296548632976,0.6333333333333333,0.2769145394006659,0.1453999999999999,0.3571428571428571
0.9459459459459438,0.0980980980980981,0.0,0.0254183937340919,0.5476190476190476,0.4156492785793563,0.2473999999999999,0.3571428571428571
0.7837837837837824,0.023023023023023,0.0,0.0381278024246162,0.5523809523809523,0.3462819089900111,0.1848499999999999,0.3571428571428571
0.7297297297297334,0.034034034034034,0.0,0.0423642719881242,0.0,0.0,0.0,0.0
0.9459459459459438,0.0434434434434434,0.0,0.0063542806983056,0.5023809523809524,0.2258601553829078,0.138,0.3571428571428571
0.9729729729729756,0.0701701701701701,0.0,0.0021178111347976,0.5095238095238095,0.3321309655937847,0.20775,0.3571428571428571
0.8918918918918948,0.0485485485485485,0.0,0.0050655466570865,0.0,0.0,0.0,0.0
0.9459459459459438,0.1391391391391391,0.0,0.0127089850435678,0.0,0.0,0.0,0.0
0.8648648648648631,0.053053053053053,0.0,0.0466007415516323,0.38,0.7000554938956715,0.15525,0.5
0.9729729729729756,0.046046046046046,0.0,0.00338875200385,0.0,0.0,0.0,0.0
0.7837837837837824,0.2492492492492493,0.0,0.0148272198253218,0.0,0.0,0.0,0.0
0.9189189189189192,0.054054054054054,0.0,0.0508372111151403,0.6142857142857143,0.4156492785793563,0.2465,0.3571428571428571
0.7297297297297334,0.044044044044044,0.0,0.0330440389484065,0.3238095238095237,0.7000554938956715,0.1574999999999999,0.5
0.8918918918918948,0.027027027027027,0.0,0.0097434563491121,0.0,0.0,0.0,0.0
0.9729729729729756,0.1191191191191191,0.0,0.0105907502618137,0.4761904761904761,0.4153718091009989,0.2875,0.3571428571428571
0.8648648648648631,0.0055055055055055,0.0204250677408412,0.0021178111347976,0.0,0.0,0.0,0.0
0.9189189189189192,0.3193193193193193,0.0,0.0190636893888299,0.4602380952380951,0.554661487236404,0.4425,0.3571428571428571
0.9459459459459438,0.1191191191191191,0.0,0.0125395262610275,0.0,0.0,0.0,0.0
0.7567567567567579,0.024024024024024,0.0,0.0720195589326807,0.4595238095238095,0.3462819089900111,0.18475,0.3571428571428571
0.9189189189189192,0.038038038038038,0.0,0.0084725154800597,0.5676190476190476,0.3326859045504994,0.2099999999999999,0.3571428571428571
0.7297297297297334,0.015015015015015,0.0,0.0254183937340919,0.469047619047619,0.220865704772475,0.11575,0.3571428571428571
0.8378378378378386,0.044044044044044,0.0,0.0597337971985073,0.0,0.0,0.0,0.0
0.9729729729729756,0.034034034034034,0.0,0.0127089850435678,0.0,0.0,0.0,0.0
0.9189189189189192,0.0665665665665665,0.0,0.0105907502618137,0.4166666666666666,0.3326859045504994,0.22175,0.3571428571428571
0.8378378378378386,0.074074074074074,0.0,0.0381278024246162,0.3595238095238094,0.6046059933407325,0.35,0.5
0.7837837837837824,0.029029029029029,0.0,0.0105907502618137,0.0,0.0,0.0,0.0
0.8918918918918948,0.0415415415415415,0.0,0.0508372111151403,0.633095238095238,0.3462819089900111,0.185,0.3571428571428571
0.7567567567567579,0.029029029029029,0.0,0.0305021572103016,0.419047619047619,0.4150943396226415,0.22175,0.3571428571428571
0.7297297297297334,0.029029029029029,0.0,0.0550736806786484,0.0,0.0,0.0,0.0
0.9189189189189192,0.178178078078078,0.0,0.0152508667816726,0.3257142857142857,0.663984461709212,0.3695,0.5714285714285714
0.9189189189189192,0.0715715715715715,0.0,0.0317730980793541,0.6214285714285714,0.4156492785793563,0.248075,0.3571428571428571
0.8108108108108141,0.0400399399399399,0.0,0.0339908898958505,0.6761904761904761,0.3462819089900111,0.18505,0.3571428571428571
0.9189189189189192,0.1036035035035035,0.0,0.0105907502618137,0.0,0.0,0.0,0.0
0.9189189189189192,0.044044044044044,0.0,0.0238466635260304,0.5714285714285714,0.3290788013318535,0.184925,0.3571428571428571
0.9459459459459438,0.064064064064064,0.0,0.0211819241705839,0.6761904761904761,0.3462819089900111,0.18505,0.3571428571428571
0.9729729729729756,0.094094094094094,0.0,0.0063542806983056,0.394047619047619,0.693118756936737,0.2625,0.4285714285714285
0.8378378378378386,0.054054054054054,0.0,0.0444825067698783,0.5166666666666666,0.4156492785793563,0.2473999999999999,0.3571428571428571
0.7027027027027017,0.01001001001001,0.0,0.0466007415516323,0.0,0.0,0.0,0.0
0.9729729729729756,0.5495495495495496,0.0,0.0036005754820254,0.3995238095238095,0.5535516093229745,0.475,0.3571428571428571
0.7837837837837824,0.039039039039039,0.0,0.0169454546070758,0.0,0.0,0.0,0.0
0.8648648648648631,0.029029029029029,0.0,0.0211819241705839,0.0,0.0,0.0,0.0
0.7837837837837824,0.012012012012012,0.0,0.0296548632976,0.4285714285714285,0.2760821309655938,0.155,0.3571428571428571
0.7567567567567579,0.019019019019019,0.0,0.0398223902500194,0.4499999999999999,0.2769145394006659,0.1677499999999999,0.3571428571428571
0.5135135135135158,0.007007007007007,0.0,0.0296548632976,0.0,0.0,0.0,0.0
0.9189189189189192,0.0870870870870871,0.0,0.0105907502618137,0.5785714285714285,0.3462819089900111,0.22125,0.3571428571428571
0.9729729729729756,0.0515515515515515,0.0,0.0423642719881242,0.4795238095238095,0.3321309655937847,0.20465,0.3571428571428571
0.5405405405405403,0.005005005005005,0.0,0.0148272198253218,0.0,0.0,0.0,0.0
0.9189189189189192,0.037037037037037,0.0,0.0118616911308661,0.5676190476190476,0.3326859045504994,0.2099999999999999,0.3571428571428571
0.8378378378378386,0.0415415415415415,0.0,0.0211819241705839,0.5188095238095237,0.3462819089900111,0.221825,0.3571428571428571
0.9459459459459438,0.0365365365365365,0.0,0.0011726547751789,0.0,0.0,0.0,0.0
0.8918918918918948,0.0515515515515515,0.0,0.0190636893888299,0.4499999999999999,0.3321309655937847,0.205,0.3571428571428571
0.8378378378378386,0.034034034034034,0.0,0.0169454546070758,0.0,0.0,0.0,0.0
0.8378378378378386,0.039039039039039,0.0,0.0203346302578822,0.0,0.0,0.0,0.0
0.9189189189189192,0.073073073073073,0.0,0.0254183937340919,0.0,0.0,0.0,0.0
0.9189189189189192,0.079079079079079,0.0,0.0063542806983056,0.0,0.0,0.0,0.0
0.8918918918918948,0.076076076076076,0.0,0.0211819241705839,0.4402380952380951,0.4142619311875694,0.25,0.5
0.9729729729729756,0.0712712712712713,0.0,0.0338913328611081,0.0,0.7000554938956715,0.175,0.1428571428571428
0.9459459459459438,0.034034034034034,0.0,0.0105907502618137,0.5992857142857143,0.2216981132075471,0.1332499999999999,0.3571428571428571
1.0,0.054054054054054,0.0,0.0381278024246162,0.0,0.0,0.0,0.0
0.8108108108108141,0.028028028028028,0.0,0.0105907502618137,0.5611904761904761,0.3873473917869034,0.175,0.3571428571428571
0.8108108108108141,0.021021021021021,0.0,0.0338913328611081,0.5483333333333333,0.3873473917869034,0.1725,0.3571428571428571
0.6486486486486527,0.0055055055055055,0.0,0.0296548632976,0.3571428571428571,0.3013318534961154,0.1664999999999999,0.3571428571428571
0.8108108108108141,0.059059059059059,0.0,0.0385514493809669,0.3595238095238094,0.6046059933407325,0.35,0.5
0.8108108108108141,0.0446445445445445,0.0,0.0150737823539179,0.4404761904761904,0.3321309655937847,0.207125,0.3571428571428571
0.8108108108108141,0.074074074074074,0.0,0.0336066421064403,0.3092857142857143,0.6920088790233074,0.2515,0.5
0.8378378378378386,0.024024024024024,0.0,0.0211819241705839,0.5702380952380952,0.2769145394006659,0.167625,0.3571428571428571
0.8378378378378386,0.056056056056056,0.0,0.0063542806983056,0.6,0.3462819089900111,0.185,0.3571428571428571
0.9729729729729756,0.0385385385385385,0.0,0.0021178111347976,0.3659523809523809,0.3318534961154273,0.1825,0.5
0.9459459459459438,0.019019019019019,0.0,0.0042360459165516,0.0,0.0,0.0,0.0
0.7837837837837824,0.059059059059059,0.0,0.0317730980793541,0.38,0.7000554938956715,0.15525,0.5
0.7837837837837824,0.036036036036036,0.0,0.0254183937340919,0.5452380952380952,0.3462819089900111,0.185,0.3571428571428571
0.8918918918918948,0.0325325325325325,0.0,0.0169454546070758,0.4911904761904761,0.332408435072142,0.1674999999999999,0.3571428571428571
0.621621621621621,0.0145145145145145,0.0,0.0466007415516323,0.3547619047619048,0.552441731409545,0.2805,0.3571428571428571
0.8918918918918948,0.0735735735735735,0.0,0.0296548632976,0.5785714285714285,0.3462819089900111,0.22125,0.3571428571428571
0.8918918918918948,0.0325325325325325,0.0,0.0173691015634266,0.0,0.0,0.0,0.0
0.6756756756756772,0.007007007007007,0.0,0.0211819241705839,0.0,0.0,0.0,0.0
0.9189189189189192,0.1641641641641641,0.0,0.0211819241705839,0.4071428571428571,0.5427302996670367,0.425,0.3571428571428571
0.9189189189189192,0.056056056056056,0.0,0.0063542806983056,0.4428571428571429,0.3321309655937847,0.204575,0.3571428571428571
0.9459459459459438,0.059059059059059,0.0,0.0254183937340919,0.6521428571428571,0.3462819089900111,0.185,0.3571428571428571
0.8108108108108141,0.048048048048048,0.0,0.0169454546070758,0.0,0.0,0.0,0.0
0.9729729729729756,0.1451451451451452,0.0,0.0021178111347976,0.4119047619047619,0.4153718091009989,0.3025,0.5
0.9729729729729756,0.048048048048048,0.0,0.0029651050474992,0.5149999999999999,0.2769145394006659,0.1674999999999999,0.3571428571428571
0.8108108108108141,0.074074074074074,0.0,0.0338913328611081,0.0,0.0,0.0,0.0
0.7027027027027017,0.017017017017017,0.0,0.0296548632976,0.338095238095238,0.4431187569367369,0.2299999999999999,0.3571428571428571
0.8108108108108141,0.005005005005005,0.0,0.0169454546070758,0.0,0.0,0.0,0.0
0.5135135135135158,0.011011011011011,0.0,0.0508372111151403,0.3833333333333333,0.220865704772475,0.0925,0.2857142857142857
0.9189189189189192,0.0285285285285285,0.0,0.0338913328611081,0.588095238095238,0.220865704772475,0.1182499999999999,0.3571428571428571
0.567567567567572,0.01001001001001,0.0,0.0254183937340919,0.0,0.0,0.0,0.0
0.7567567567567579,0.094094094094094,0.0,0.0288075693848984,0.3119047619047618,0.6933962264150944,0.3525,0.5
0.9729729729729756,0.0684684684684684,0.0,0.0148272198253218,0.6761904761904761,0.3462819089900111,0.18505,0.3571428571428571
0.5945945945945965,0.007007007007007,0.0,0.0239695211433722,0.0,0.0,0.0,0.0
0.8648648648648631,0.0615615615615615,0.0,0.0050486007788325,0.0,0.0,0.0,0.0
0.7837837837837824,0.1091091091091091,0.0,0.0639702667620154,0.3047619047619048,0.6920088790233074,0.255,0.5714285714285714
0.6486486486486527,0.005005005005005,0.0,0.0262656876467936,0.3833333333333333,0.220865704772475,0.0925,0.2857142857142857
0.8378378378378386,0.0429428428428428,0.0,0.0343149798174589,0.557142857142857,0.3462819089900111,0.185,0.3571428571428571
0.7297297297297334,0.025025025025025,0.0,0.0211819241705839,0.0,0.0,0.0,0.0
1.0,0.02002002002002,0.0,0.0169454546070758,0.0,0.0,0.0,0.0
0.7837837837837824,0.0325325325325325,0.0,0.0326203919920556,0.0,0.0,0.0,0.0
0.7567567567567579,0.0155155155155155,0.0,0.0296548632976,0.4285714285714285,0.2760821309655938,0.155,0.3571428571428571
0.9189189189189192,0.039039039039039,0.0,0.0148272198253218,0.4183333333333333,0.3310210876803551,0.22175,0.3571428571428571
0.9189189189189192,0.049049049049049,0.0,0.0148272198253218,0.6761904761904761,0.3462819089900111,0.185,0.3571428571428571
0.7297297297297334,0.0075075075075075,0.0,0.0368568615555637,0.0,0.0,0.0,0.0
0.9729729729729756,0.3793793793793794,0.0,0.0084725154800597,0.4285714285714285,0.5463374028856826,0.475,0.3571428571428571
0.6756756756756772,0.011011011011011,0.0,0.0809161450160477,0.4266666666666667,0.3013318534961154,0.15525,0.3571428571428571
0.8378378378378386,0.032032032032032,0.0,0.0423642719881242,0.4685714285714285,0.3881798002219755,0.1674999999999999,0.3571428571428571
0.9189189189189192,0.0720720720720721,0.0,0.0158155881744882,0.4428571428571429,0.3321309655937847,0.204575,0.3571428571428571
0.8108108108108141,0.079079079079079,0.0,0.049566270246088,0.2661904761904761,0.7480577136514983,0.46,0.5
0.9729729729729756,0.0515515515515515,0.0,0.0084725154800597,0.4973809523809523,0.3321309655937847,0.2045,0.3571428571428571
0.6756756756756772,0.007007007007007,0.0,0.0423642719881242,0.4119047619047619,0.2943951165371809,0.16,0.3571428571428571
0.8108108108108141,0.0015015015015015,0.0140767358754446,0.0135562789562694,0.0,0.0,0.0,0.0
0.6486486486486527,0.0189189189189189,0.0,0.0333706707517529,0.0,0.0,0.0,0.0
0.9459459459459438,0.029029029029029,0.0,0.0084725154800597,0.0,0.0,0.0,0.0
0.8648648648648631,0.069069069069069,0.0,0.0105907502618137,0.3773809523809524,0.4159267480577137,0.276,0.3571428571428571
0.8108108108108141,0.0165165165165165,0.0,0.0238572546999392,0.6057142857142858,0.2597114317425083,0.144,0.3571428571428571
0.7567567567567579,0.027027027027027,0.0,0.0847289676232049,0.4880952380952381,0.3462819089900111,0.22925,0.3571428571428571
0.8648648648648631,0.0493493493493493,0.0,0.0466007415516323,0.3357142857142857,0.6046059933407325,0.36985,0.5
0.7567567567567579,0.054054054054054,0.0,0.1059113154407452,0.3047619047619048,0.6920088790233074,0.255,0.5
0.621621621621621,0.0115115115115115,0.0,0.0508372111151403,0.0,0.0,0.0,0.0
0.8918918918918948,0.1516516516516516,0.0,0.0178618029736626,0.2704761904761904,0.7644284128745839,0.42875,0.5
0.8108108108108141,0.051051051051051,0.0,0.0533790928532452,0.4526190476190476,0.4053829078801332,0.271125,0.3571428571428571
0.7837837837837824,0.024024024024024,0.0,0.0381278024246162,0.0,0.0,0.0,0.0
0.9459459459459438,0.079079079079079,0.0,0.0127089850435678,0.5366666666666666,0.3873473917869034,0.221825,0.3571428571428571
1.0,0.054054054054054,0.0,0.0063542806983056,0.5538095238095239,0.3321309655937847,0.22125,0.3571428571428571
0.9729729729729756,0.3793793793793794,0.0,0.0084725154800597,0.4285714285714285,0.5463374028856826,0.475,0.3571428571428571
0.7297297297297334,0.0225225225225225,0.0,0.0211819241705839,0.255,0.5405105438401776,0.2249999999999999,1.0
0.8108108108108141,0.048048048048048,0.0,0.0381278024246162,0.2869047619047619,0.6046059933407325,0.3,0.5714285714285714
0.7567567567567579,0.0365365365365365,0.0,0.0207582772142331,0.3580952380952381,0.4433962264150943,0.259,0.3571428571428571
0.7837837837837824,0.015015015015015,0.0,0.0466007415516323,0.0,0.0,0.0,0.0
0.8108108108108141,0.034034034034034,0.0,0.0063542806983056,0.4428571428571429,0.3321309655937847,0.2145,0.3571428571428571
0.6756756756756772,0.058058058058058,0.0,0.0379583436420759,0.0,0.0,0.0,0.0
0.7837837837837824,0.079079079079079,0.0,0.0169454546070758,0.3595238095238094,0.6046059933407325,0.35,0.5
0.7837837837837824,0.0401401401401401,0.0,0.0466007415516323,0.5616666666666666,0.3784683684794672,0.1676,0.3571428571428571
0.7297297297297334,0.017017017017017,0.0,0.0233001589523379,0.4266666666666667,0.3013318534961154,0.15525,0.3571428571428571
0.8108108108108141,0.0475474474474474,0.0,0.0211819241705839,0.6142857142857143,0.4156492785793563,0.2465,0.3571428571428571
0.9189189189189192,0.079079079079079,0.0,0.0148272198253218,0.38,0.7000554938956715,0.15525,0.5
0.8108108108108141,0.099099099099099,0.0,0.0804924980596968,0.3092857142857143,0.6920088790233074,0.2515,0.5714285714285714
0.9189189189189192,0.043043043043043,0.0,0.0241474528650396,0.5676190476190476,0.3326859045504994,0.2112,0.3571428571428571
0.8648648648648631,0.0265265265265265,0.0,0.0060852648810229,0.0,0.0,0.0,0.0
0.7567567567567579,0.0085085085085085,0.0,0.0487189763333864,0.0,0.0,0.0,0.0
0.8378378378378386,0.101101001001001,0.0,0.0372805085119146,0.3092857142857143,0.6920088790233074,0.2515,0.5
0.9189189189189192,0.1391391391391391,0.0,0.0296548632976,0.419047619047619,0.6046059933407325,0.38465,0.5
0.8918918918918948,0.0465465465465465,0.0,0.0105907502618137,0.4452380952380952,0.3326859045504994,0.22175,0.3571428571428571
0.7567567567567579,0.0239239239239239,0.0,0.0174220574329705,0.0,0.0,0.0,0.0
0.9189189189189192,0.3193193193193193,0.0,0.0190636893888299,0.4602380952380951,0.554661487236404,0.4425,0.3571428571428571
0.8648648648648631,0.0620620620620621,0.0,0.0148272198253218,0.4428571428571429,0.3321309655937847,0.204575,0.3571428571428571
0.621621621621621,0.024024024024024,0.6549822398515706,0.0601574441548581,0.0,0.0,0.0,0.0
0.9189189189189192,0.064064064064064,0.0,0.0338913328611081,0.5045238095238095,0.3873473917869034,0.221825,0.3571428571428571
0.9459459459459438,0.073073073073073,0.0,0.00338875200385,0.4428571428571429,0.3321309655937847,0.204575,0.3571428571428571
0.8378378378378386,0.017017017017017,0.0,0.0233001589523379,0.5414285714285714,0.220865704772475,0.1182499999999999,0.3571428571428571
0.8918918918918948,0.066066066066066,0.0,0.0030091643309597,0.0,0.0,0.0,0.0
0.8108108108108141,0.0265265265265265,0.0,0.0441859539004327,0.4761904761904761,0.3881798002219755,0.17025,0.3571428571428571
0.8648648648648631,0.0830830830830831,0.37537962334519,0.0105907502618137,0.0,0.0,0.0,0.0
0.8648648648648631,0.019019019019019,0.0,0.0211819241705839,0.4428571428571429,0.3326859045504994,0.192,0.3571428571428571
1.0,0.059059059059059,0.0,0.0021178111347976,0.4973809523809523,0.3321309655937847,0.2045,0.3571428571428571
0.8378378378378386,0.0455455455455455,0.0,0.0115367539153451,0.6523809523809523,0.4156492785793563,0.246575,0.3571428571428571
0.8648648648648631,0.054054054054054,0.0,0.0169454546070758,0.6688095238095237,0.3462819089900111,0.22125,0.3571428571428571
0.9459459459459438,0.049049049049049,0.0,0.0042360459165516,0.0,0.0,0.0,0.0
0.7837837837837824,0.064064064064064,0.0,0.0432115659008258,0.0,0.0,0.0,0.0
0.8648648648648631,0.054054054054054,0.0,0.0296548632976,0.4428571428571429,0.3321309655937847,0.204575,0.3571428571428571
0.8108108108108141,0.054054054054054,0.0,0.0179300101336351,0.0,0.0,0.0,0.0
0.9729729729729756,0.3793793793793794,0.0,0.0084725154800597,0.4285714285714285,0.5463374028856826,0.475,0.3571428571428571
0.7837837837837824,0.069069069069069,0.0,0.0042360459165516,0.0,0.0,0.0,0.0
0.7837837837837824,0.019019019019019,0.0,0.0762560284961888,0.438095238095238,0.3462819089900111,0.1875,0.3571428571428571
0.7297297297297334,0.029029029029029,0.0,0.0296548632976,0.0,0.0,0.0,0.0
0.9729729729729756,0.0555555555555555,0.0,0.0029651050474992,0.4471428571428571,0.2771920088790233,0.1875,0.3571428571428571
0.9729729729729756,0.059059059059059,0.0,0.0022025405260677,0.0,0.0,0.0,0.0
0.7027027027027017,0.014014014014014,0.0,0.0466007415516323,0.3571428571428571,0.4400665926748058,0.2617,0.3571428571428571
0.8378378378378386,0.0515515515515515,0.0,0.0389750963373178,0.0,0.0,0.0,0.0
0.7297297297297334,0.0315315315315315,0.1874137972436647,0.0245710998213903,0.0,0.0,0.0,0.0
0.8648648648648631,0.079079079079079,0.0,0.0381278024246162,0.5976190476190476,0.4156492785793563,0.2465,0.3571428571428571
0.8108108108108141,0.089089089089089,0.0,0.0415169780754226,0.0,0.0,0.0,0.0
0.7567567567567579,0.0565565565565565,0.0,0.0466007415516323,0.3595238095238094,0.6046059933407325,0.35,0.5
0.7567567567567579,0.024024024024024,0.0,0.0211819241705839,0.0,0.0,0.0,0.0
0.7297297297297334,0.021021021021021,0.0,0.0466007415516323,0.5023809523809524,0.3462819089900111,0.18475,0.3571428571428571
0.7027027027027017,0.0470470470470471,0.0,0.0296548632976,0.2595238095238095,0.6933962264150944,0.3575,0.5
0.8648648648648631,0.0750750750750751,0.0,0.0234441989174972,0.0,0.0,0.0,0.0
0.7837837837837824,0.021021021021021,0.0,0.0381278024246162,0.5483333333333333,0.3873473917869034,0.1725,0.3571428571428571
0.9459459459459438,0.0416416416416416,0.0,0.0063542806983056,0.0,0.0,0.0,0.0
0.8918918918918948,0.064064064064064,0.0,0.0529554458968944,0.5033333333333333,0.4156492785793563,0.2588,0.3571428571428571
0.7567567567567579,0.0267267267267267,0.0,0.0265202994675604,0.0,0.0,0.0,0.0
0.8378378378378386,0.039039039039039,0.0,0.0148272198253218,0.0,0.0,0.0,0.0
0.6756756756756772,0.0085085085085085,0.0,0.0508372111151403,0.469047619047619,0.220865704772475,0.11575,0.3571428571428571
0.8108108108108141,0.029029029029029,0.0,0.0508372111151403,0.5523809523809523,0.3462819089900111,0.1848499999999999,0.3571428571428571
0.8378378378378386,0.0281281281281281,0.0,0.0381278024246162,0.0,0.0,0.0,0.0
0.6486486486486527,0.02002002002002,0.0,0.0466007415516323,0.4238095238095238,0.3881798002219755,0.17,0.3571428571428571
0.7837837837837824,0.074074074074074,0.0,0.0508372111151403,0.3047619047619048,0.6920088790233074,0.255,0.5
0.8378378378378386,0.0025025025025025,0.0143527503043748,0.0080488685237088,0.0,0.0,0.0,0.0
0.6486486486486527,0.0095095095095095,0.0,0.0381278024246162,0.4119047619047619,0.2943951165371809,0.14375,0.3571428571428571
0.4054054054054035,0.0045045045045045,0.0,0.0211819241705839,0.4119047619047619,0.275527192008879,0.15,0.3571428571428571
0.8648648648648631,0.069069069069069,0.0,0.0338913328611081,0.4869047619047618,0.4053829078801332,0.2095,0.3571428571428571
0.8648648648648631,0.1141141141141141,0.0,0.0231451041663135,0.0,0.0,0.0,0.0
0.9189189189189192,0.034034034034034,0.0,0.0169454546070758,0.0,0.0,0.0,0.0
0.8108108108108141,0.0515515515515515,0.0,0.0338913328611081,0.38,0.7000554938956715,0.15525,0.5
0.8648648648648631,0.0515515515515515,0.0,0.0084725154800597,0.4964285714285714,0.3321309655937847,0.2078499999999999,0.3571428571428571
0.9459459459459438,0.0772772772772772,0.0,0.0059306337419549,0.0,0.0,0.0,0.0
0.8918918918918948,0.074074074074074,0.0,0.0423642719881242,0.4952380952380952,0.4053829078801332,0.16025,0.3571428571428571
0.7837837837837824,0.0215215215215215,0.0,0.0466007415516323,0.0,0.0,0.0,0.0
0.9729729729729756,0.064064064064064,0.0,0.0023808958946914,0.5238095238095237,0.3321309655937847,0.2045,0.3571428571428571
0.4864864864864842,0.0035035035035035,0.0,0.0021178111347976,0.3833333333333333,0.220865704772475,0.0925,0.2857142857142857
0.7837837837837824,0.044044044044044,0.0,0.0423642719881242,0.5314285714285714,0.4389567147613762,0.3157999999999999,0.3571428571428571
0.8918918918918948,0.0317317317317317,0.0,0.0084725154800597,0.4321428571428571,0.332408435072142,0.205,0.4285714285714285
0.9459459459459438,0.064064064064064,0.0,0.0266219747370846,0.4428571428571429,0.3321309655937847,0.204575,0.3571428571428571
0.7837837837837824,0.0501501501501501,0.0,0.0036005754820254,0.5238095238095237,0.3321309655937847,0.2045,0.3571428571428571
0.9459459459459438,0.079079079079079,0.0,0.0057188102637794,0.0,0.0,0.0,0.0
0.9729729729729756,0.5145145145145146,0.0,0.0084725154800597,0.5326190476190477,0.6900665926748057,0.5364,0.3571428571428571
0.9459459459459438,0.069069069069069,0.0,0.0161900920839023,0.0,0.0,0.0,0.0
0.8378378378378386,0.0520520520520521,0.0,0.0211819241705839,0.0,0.0,0.0,0.0
0.9459459459459438,0.079079079079079,0.0,0.0169454546070758,0.0,0.0,0.0,0.0
0.7297297297297334,0.017017017017017,0.0,0.0233001589523379,0.4716666666666666,0.3013318534961154,0.1701249999999999,0.3571428571428571
0.8648648648648631,0.026026026026026,0.0,0.0251040476924797,0.0,0.0,0.0,0.0
0.7837837837837824,0.03003003003003,0.1874137972436647,0.0220851394815238,0.0,0.0,0.0,0.0
0.9189189189189192,0.048048048048048,0.0,0.0279602754721968,0.0,0.0,0.0,0.0
0.7837837837837824,0.016016016016016,0.0,0.0508372111151403,0.4545238095238095,0.3873473917869034,0.1725,0.3571428571428571
0.9459459459459438,0.0783783783783784,0.0,0.0127089850435678,0.6149999999999999,0.4156492785793563,0.2475,0.3571428571428571
0.6756756756756772,0.0185185185185185,0.0,0.0381278024246162,0.0,0.0,0.0,0.0
0.7027027027027017,0.0025025025025025,0.0,0.0211819241705839,0.0,0.0,0.0,0.0
0.7297297297297334,0.0125125125125125,0.0,0.0338913328611081,0.0,0.0,0.0,0.0
0.8648648648648631,0.091090990990991,0.0,0.0593101502421565,0.3809523809523809,0.6046059933407325,0.35,0.5
0.9189189189189192,0.0375375375375375,0.0,0.0656648545874186,0.5952380952380952,0.3873473917869034,0.172525,0.3571428571428571
0.7837837837837824,0.026026026026026,0.0,0.0338913328611081,0.5004761904761904,0.3462819089900111,0.2219,0.3571428571428571
0.9729729729729756,0.064064064064064,0.0,0.0023808958946914,0.5238095238095237,0.3321309655937847,0.2045,0.3571428571428571
0.7837837837837824,0.0725725725725726,0.0,0.0234272530392432,0.0,0.0,0.0,0.0
0.9459459459459438,0.053053053053053,0.0,0.0029651050474992,0.4833333333333333,0.3013318534961154,0.17,0.3571428571428571
0.7027027027027017,0.031031031031031,0.0,0.0338913328611081,0.2869047619047619,0.6046059933407325,0.3,0.5
0.8378378378378386,0.048048048048048,0.0,0.0283839224285476,0.6761904761904761,0.3462819089900111,0.185,0.3571428571428571
0.8108108108108141,0.009009009009009,0.0,0.0338913328611081,0.0,0.0,0.0,0.0
0.8648648648648631,0.1191191191191191,0.0,0.0296548632976,0.0,0.0,0.0,0.0
0.8648648648648631,0.0395395395395395,0.0,0.0288075693848984,0.4857142857142856,0.3321309655937847,0.2045,0.3571428571428571
0.9729729729729756,0.074074074074074,0.0,0.0013128819177311,0.4333333333333333,0.3326859045504994,0.22175,0.3571428571428571
0.8108108108108141,0.039039039039039,0.0,0.0211819241705839,0.0,0.0,0.0,0.0
0.8378378378378386,0.0315315315315315,0.0,0.0381278024246162,0.5523809523809523,0.3462819089900111,0.1848499999999999,0.3571428571428571
0.8648648648648631,0.0265265265265265,0.0,0.0254183937340919,0.0,0.0,0.0,0.0
0.9459459459459438,0.1091091091091091,0.0,0.0084725154800597,0.0,0.0,0.0,0.0
0.7567567567567579,0.031031031031031,0.0,0.0656648545874186,0.5476190476190476,0.3873473917869034,0.2249999999999999,0.3571428571428571
0.9189189189189192,0.074074074074074,0.0,0.016521807650725,0.405,0.4414539400665926,0.30325,0.3571428571428571
0.9729729729729756,0.1081081081081081,0.0,0.0069897511328319,0.4047619047619047,0.3321309655937847,0.275,0.3571428571428571
0.7837837837837824,0.0125125125125125,0.0,0.0508372111151403,0.4523809523809523,0.3898446170921198,0.1775,0.3571428571428571
0.8918918918918948,0.0502502502502502,0.0,0.004447869394727,0.4323809523809523,0.3318534961154273,0.2169999999999999,0.3571428571428571
0.5945945945945965,0.008008008008008,0.0,0.0296548632976,0.0,0.0,0.0,0.0
0.7297297297297334,0.029029029029029,0.0,0.0296548632976,0.0,0.0,0.0,0.0
0.6486486486486527,0.0080257257257257,0.0,0.0546500337222976,0.4047619047619047,0.3898446170921198,0.175,0.3571428571428571
0.7837837837837824,0.016016016016016,0.0,0.0410933311190718,0.0,0.0,0.0,0.0
1.0,0.2117117117117117,0.0,0.002329634612973,0.638095238095238,0.4431187569367369,0.295,0.3571428571428571
0.7567567567567579,0.024024024024024,0.0,0.0254183937340919,0.5023809523809524,0.3462819089900111,0.18475,0.3571428571428571
0.7027027027027017,0.0125125125125125,0.0,0.0338913328611081,0.4266666666666667,0.3013318534961154,0.15525,0.3571428571428571
0.7837837837837824,0.0255255255255255,0.0,0.0233001589523379,0.0,0.0,0.0,0.0
0.7837837837837824,0.069069069069069,0.0,0.0254183937340919,0.3595238095238094,0.6046059933407325,0.35,0.5
0.6756756756756772,0.014014014014014,0.0,0.0296548632976,0.4214285714285714,0.4153718091009989,0.195,0.3571428571428571
0.9459459459459438,0.089089089089089,0.0,0.0080488685237088,0.5476190476190476,0.4156492785793563,0.2473999999999999,0.3571428571428571
0.7837837837837824,0.037037037037037,0.0,0.0116498676526907,0.4404761904761904,0.3321309655937847,0.20725,0.3571428571428571
0.9189189189189192,0.059059059059059,0.0,0.0021178111347976,0.4795238095238095,0.3321309655937847,0.20465,0.3571428571428571
0.9459459459459438,0.069069069069069,0.0,0.0105907502618137,0.4142857142857142,0.3321309655937847,0.20465,0.3571428571428571
0.7837837837837824,0.028028028028028,0.0,0.0444825067698783,0.4595238095238095,0.3462819089900111,0.18475,0.3571428571428571
0.7837837837837824,0.044044044044044,0.0,0.0410933311190718,0.0,0.0,0.0,0.0
0.567567567567572,0.003003003003003,0.0,0.0241474528650396,0.3833333333333333,0.220865704772475,0.0925,0.2857142857142857
0.8378378378378386,0.053053053053053,0.0,0.0328322154702311,0.3333333333333333,0.6046059933407325,0.34525,0.5
0.8648648648648631,0.049049049049049,0.0,0.0423642719881242,0.6190476190476191,0.4156492785793563,0.2465,0.3571428571428571
0.8378378378378386,0.0385385385385385,0.0,0.0677830893691726,0.5714285714285714,0.3107658157602663,0.175,0.3571428571428571
0.6756756756756772,0.0135135135135135,0.0,0.0105907502618137,0.0,0.0,0.0,0.0
0.8108108108108141,0.1571571571571571,0.0,0.036433214599213,0.0,0.0,0.0,0.0
0.9729729729729756,0.076976976976977,0.0,0.0029786617501024,0.4523809523809523,0.3326859045504994,0.2219,0.3571428571428571
0.7297297297297334,0.016016016016016,0.0,0.0381278024246162,0.0,0.0,0.0,0.0
1.0,0.1391391391391391,0.0,0.0105907502618137,0.0,0.0,0.0,0.0
0.9459459459459438,0.2467467467467468,0.0,0.0008468702657452,0.4,0.5504994450610433,0.375,0.3571428571428571
0.8108108108108141,0.0177177177177177,0.0,0.0508372111151403,0.4266666666666667,0.3013318534961154,0.15525,0.3571428571428571
0.9189189189189192,0.063063063063063,0.0,0.0148272198253218,0.6,0.3462819089900111,0.185,0.3571428571428571
0.6756756756756772,0.0145145145145145,0.0,0.0254183937340919,0.3571428571428571,0.3013318534961154,0.1664999999999999,0.3571428571428571
0.8648648648648631,0.034034034034034,0.0,0.0423642719881242,0.0,0.0,0.0,0.0
0.7567567567567579,0.0232232232232232,0.0,0.0508372111151403,0.5119047619047619,0.3462819089900111,0.2219999999999999,0.3571428571428571
0.8108108108108141,0.1291291291291291,0.0,0.0247829232995657,0.0,0.0,0.0,0.0
0.8108108108108141,0.054054054054054,0.0,0.0332190051413794,0.0,0.0,0.0,0.0
0.8108108108108141,0.0281281281281281,0.0,0.0156745137380234,0.4847619047619047,0.3321309655937847,0.19725,0.3571428571428571
0.8648648648648631,0.0493493493493493,0.0,0.0466007415516323,0.3357142857142857,0.6046059933407325,0.36985,0.5
0.7567567567567579,0.02002002002002,0.0,0.0508372111151403,0.4619047619047618,0.3898446170921198,0.175,0.3571428571428571
0.9189189189189192,0.069069069069069,0.0,0.0104149367749281,0.0,0.0,0.0,0.0
0.8378378378378386,0.0491491491491491,0.0,0.0288075693848984,0.5452380952380952,0.3462819089900111,0.185,0.3571428571428571
0.6756756756756772,0.0225225225225225,0.0,0.0646057371965416,0.4238095238095238,0.3462819089900111,0.1875,0.3571428571428571
0.7567567567567579,0.1591591591591591,0.0,0.0296548632976,0.3383333333333333,0.5946170921198668,0.5075000000000001,0.3571428571428571
0.8108108108108141,0.019019019019019,0.0,0.0635466198056646,0.4545238095238095,0.3873473917869034,0.1725,0.3571428571428571
0.9729729729729756,0.0385385385385385,0.0,0.0042360459165516,0.5992857142857143,0.2216981132075471,0.1332499999999999,0.3571428571428571
0.8918918918918948,0.1991991991991992,0.0,0.0288452739640137,0.4561904761904761,0.6920088790233074,0.39425,0.3571428571428571
0.621621621621621,0.0125125125125125,0.0,0.0266469699075093,0.4499999999999999,0.2769145394006659,0.1677499999999999,0.3571428571428571
0.8648648648648631,0.061061061061061,0.0,0.0593101502421565,0.4869047619047618,0.4053829078801332,0.2095,0.3571428571428571
0.8108108108108141,0.0215215215215215,0.0,0.0423642719881242,0.5261904761904762,0.3462819089900111,0.19225,0.3571428571428571
0.8648648648648631,0.0365365365365365,0.0,0.0127089850435678,0.4547619047619047,0.3321309655937847,0.205,0.3571428571428571
0.8918918918918948,0.0675675675675676,0.0,0.0254183937340919,0.0,0.0,0.0,0.0
0.7837837837837824,0.016016016016016,0.0,0.0381278024246162,0.6057142857142858,0.2597114317425083,0.144,0.3571428571428571
0.8648648648648631,0.029029029029029,0.0,0.0063542806983056,0.490952380952381,0.332408435072142,0.1674999999999999,0.5
0.9459459459459438,0.054054054054054,0.0,0.0046596928729024,0.0,0.0,0.0,0.0
0.6486486486486527,0.016016016016016,0.0,0.0330440389484065,0.3833333333333333,0.3601553829078801,0.2205,0.3571428571428571
0.8918918918918948,0.059059059059059,0.0,0.0105907502618137,0.0,0.0,0.0,0.0
0.8648648648648631,0.059059059059059,0.0,0.0042360459165516,0.4323809523809523,0.3321309655937847,0.197,0.3571428571428571
0.8378378378378386,0.049049049049049,0.0,0.0296548632976,0.0,0.0,0.0,0.0
0.9189189189189192,0.02002002002002,0.0,0.0063542806983056,0.0,0.0,0.0,0.0
0.7567567567567579,0.0275275275275275,0.114545988006069,0.0022025405260677,0.0,0.0,0.0,0.0
0.6486486486486527,0.0215215215215215,0.0,0.0211819241705839,0.0,0.0,0.0,0.0
0.7297297297297334,0.01001001001001,0.0,0.0381278024246162,0.0,0.0,0.0,0.0
0.9189189189189192,0.061061061061061,0.0,0.027536628515846,0.0,0.0,0.0,0.0
0.9459459459459438,0.064064064064064,0.0,0.0025414580911484,0.4321428571428571,0.332408435072142,0.205,0.4285714285714285
0.9729729729729756,0.074074074074074,0.0,0.0063542806983056,0.0,0.0,0.0,0.0
0.9459459459459438,0.051051051051051,0.0,0.0211819241705839,0.0,0.0,0.0,0.0
0.8918918918918948,0.021021021021021,0.0,0.0084725154800597,0.5478571428571428,0.2771920088790233,0.1674999999999999,0.3571428571428571
0.8378378378378386,0.074074074074074,0.0,0.0381278024246162,0.3595238095238094,0.6046059933407325,0.35,0.5
0.8648648648648631,0.0405405405405405,0.0,0.0190636893888299,0.369047619047619,0.332408435072142,0.21675,0.3571428571428571
0.9189189189189192,0.1541541541541541,0.0,0.0211819241705839,0.4071428571428571,0.5427302996670367,0.425,0.3571428571428571
0.6756756756756772,0.005005005005005,0.0,0.0508372111151403,0.4257142857142856,0.3873473917869034,0.132,0.3571428571428571
0.9729729729729756,0.0793792792792792,0.0,0.0101671033054629,0.6761904761904761,0.3462819089900111,0.18505,0.3571428571428571
0.9459459459459438,0.0970970970970971,0.0,0.0042360459165516,0.0,0.0,0.0,0.0
0.9729729729729756,0.1691691691691692,0.0,0.0063542806983056,0.4047619047619047,0.5427302996670367,0.34525,0.3571428571428571
0.7297297297297334,0.02002002002002,0.0,0.0381278024246162,0.0,0.0,0.0,0.0
0.8378378378378386,0.016016016016016,0.0,0.0326203919920556,0.0,0.0,0.0,0.0
0.8108108108108141,0.049049049049049,0.0,0.0254183937340919,0.0,0.0,0.0,0.0
0.8648648648648631,0.0505505505505505,0.0,0.0254183937340919,0.38,0.7000554938956715,0.15525,0.5
0.5405405405405403,0.004004004004004,0.0,0.0622756789366121,0.4499999999999999,0.2769145394006659,0.1677499999999999,0.3571428571428571
0.8108108108108141,0.032032032032032,0.0,0.0635466198056646,0.3571428571428571,0.3873473917869034,0.2465,0.3571428571428571
0.7297297297297334,0.021021021021021,0.0,0.0508372111151403,0.5023809523809524,0.3462819089900111,0.18475,0.3571428571428571
0.6756756756756772,0.034034034034034,0.0,0.0317730980793541,0.0,0.0,0.0,0.0
0.8918918918918948,0.0700700700700701,0.0,0.0254183937340919,0.4299999999999999,0.7000554938956715,0.1574999999999999,0.5
0.7567567567567579,0.014014014014014,0.0,0.0148272198253218,0.4285714285714285,0.2760821309655938,0.155,0.3571428571428571
0.621621621621621,0.019019019019019,0.0,0.0190636893888299,0.0,0.0,0.0,0.0
0.9189189189189192,0.1141141141141141,0.0,0.0268202415126568,0.4683333333333333,0.4389567147613762,0.3155,0.3571428571428571
0.7567567567567579,0.0078078078078078,0.0,0.0412386420251001,0.4476190476190476,0.3462819089900111,0.2249999999999999,0.3571428571428571
0.8918918918918948,0.012012012012012,0.0,0.0169454546070758,0.0,0.0,0.0,0.0
0.7297297297297334,0.018018018018018,0.0,0.0310740806013752,0.0,0.0,0.0,0.0
0.9189189189189192,0.089089089089089,0.0,0.0148272198253218,0.5476190476190476,0.4156492785793563,0.2473999999999999,0.3571428571428571
0.8378378378378386,0.0205205205205205,0.0,0.0211819241705839,0.5023809523809524,0.2258601553829078,0.138,0.3571428571428571
0.9459459459459438,0.0785785785785785,0.0,0.0176991225424239,0.505,0.3321309655937847,0.2045,0.3571428571428571
0.9189189189189192,0.3193193193193193,0.0,0.0190636893888299,0.4602380952380951,0.554661487236404,0.4425,0.3571428571428571
0.8648648648648631,0.0525525525525525,0.0,0.0338913328611081,0.0,0.0,0.0,0.0
0.7297297297297334,0.0245244244244244,0.0,0.0338913328611081,0.4047619047619047,0.3321309655937847,0.2,0.3571428571428571
0.8378378378378386,0.0205205205205205,0.0,0.0423642719881242,0.5952380952380952,0.3873473917869034,0.172525,0.3571428571428571
0.8918918918918948,0.1991991991991992,0.0,0.0288452739640137,0.4561904761904761,0.6920088790233074,0.39425,0.3571428571428571
0.8378378378378386,0.039039039039039,0.0,0.0169454546070758,0.4499999999999999,0.3321309655937847,0.205,0.3571428571428571
0.8108108108108141,0.016016016016016,0.0,0.0254183937340919,0.0,0.0,0.0,0.0
0.9189189189189192,0.3193193193193193,0.0,0.0190636893888299,0.4602380952380951,0.554661487236404,0.4425,0.3571428571428571
0.7297297297297334,0.0177177177177177,0.0,0.0848984264057453,0.4716666666666666,0.3013318534961154,0.1701249999999999,0.3571428571428571
0.9459459459459438,0.1391391391391391,0.0,0.0057332142602954,0.3399999999999999,0.4988901220865704,0.345075,0.3571428571428571
0.8918918918918948,0.094094094094094,0.0,0.0563446215477009,0.509047619047619,0.3873473917869034,0.22175,0.3571428571428571
0.8648648648648631,0.054054054054054,0.0,0.0211819241705839,0.0,0.0,0.0,0.0
0.7567567567567579,0.031031031031031,0.0,0.0741377937144348,0.3238095238095237,0.7000554938956715,0.1574999999999999,0.5
0.9189189189189192,0.3193193193193193,0.0,0.0190636893888299,0.4602380952380951,0.554661487236404,0.4425,0.3571428571428571
0.8648648648648631,0.046046046046046,0.0,0.0296548632976,0.633095238095238,0.3462819089900111,0.185,0.3571428571428571
0.8378378378378386,0.064064064064064,0.0,0.0381278024246162,0.3595238095238094,0.6046059933407325,0.35,0.5
0.9189189189189192,0.059059059059059,0.0,0.0197021253520505,0.0,0.0,0.0,0.0
0.8108108108108141,0.074074074074074,0.0,0.0402460372063702,0.3047619047619048,0.6920088790233074,0.255,0.5
0.8648648648648631,0.0493493493493493,0.0,0.0466007415516323,0.3357142857142857,0.6046059933407325,0.36985,0.5
0.9189189189189192,0.069069069069069,0.0,0.0211637073514608,0.6149999999999999,0.4156492785793563,0.2475,0.3571428571428571
0.8108108108108141,0.0048048048048048,0.0,0.011850676310001,0.0,0.0,0.0,0.0
0.9459459459459438,0.094094094094094,0.0,0.0031769285256746,0.6688095238095237,0.3462819089900111,0.22125,0.3571428571428571
0.7837837837837824,0.034034034034034,0.0,0.0169454546070758,0.0,0.0,0.0,0.0
0.9189189189189192,0.044044044044044,0.0,0.0182163954761283,0.0,0.0,0.0,0.0
0.7297297297297334,0.014014014014014,0.0,0.0296548632976,0.4428571428571429,0.3326859045504994,0.1985,0.3571428571428571
0.7027027027027017,0.0132132132132132,0.0,0.0466007415516323,0.4847619047619047,0.3321309655937847,0.19725,0.3571428571428571
0.9189189189189192,0.0615615615615615,0.0,0.0156745137380234,0.638095238095238,0.3462819089900111,0.185,0.3571428571428571
0.8918918918918948,0.079079079079079,0.0,0.0296548632976,0.0,0.0,0.0,0.0
0.8918918918918948,0.089089089089089,0.0,0.0423642719881242,0.3233333333333333,0.6933962264150944,0.181,0.6428571428571428
0.8918918918918948,0.02002002002002,0.0,0.0220292180832855,0.0,0.0,0.0,0.0
0.8648648648648631,0.0750750750750751,0.0,0.0234441989174972,0.0,0.0,0.0,0.0
0.9459459459459438,0.0915915915915915,0.0,0.0100450929820339,0.6688095238095237,0.3462819089900111,0.22125,0.3571428571428571
0.8108108108108141,0.021021021021021,0.0,0.0466007415516323,0.0,0.0,0.0,0.0
0.8378378378378386,0.0165165165165165,0.0,0.0169454546070758,0.0,0.0,0.0,0.0
0.6756756756756772,0.006006006006006,0.0,0.0251642055602815,0.3833333333333333,0.220865704772475,0.0925,0.2857142857142857
0.8648648648648631,0.1316316316316316,0.0,0.0484512314569726,0.3092857142857143,0.6920088790233074,0.2515,0.5
0.9459459459459438,0.0620620620620621,0.0,0.0194873363451806,0.6761904761904761,0.3462819089900111,0.185,0.3571428571428571
0.6756756756756772,0.01001001001001,0.0,0.0652412076310678,0.0,0.0,0.0,0.0
0.9459459459459438,0.0529529529529529,0.0,0.0042360459165516,0.0,0.0,0.0,0.0
0.621621621621621,0.0045045045045045,0.0,0.0423642719881242,0.0,0.0,0.0,0.0
0.8378378378378386,0.0400399399399399,0.0,0.0338913328611081,0.0,0.0,0.0,0.0
0.8378378378378386,0.0500499499499499,0.0,0.0665121485001202,0.0,0.0,0.0,0.0
0.9189189189189192,0.2592592592592593,0.0,0.0199796141084603,0.0,0.0,0.0,0.0
0.7567567567567579,0.034034034034034,0.0,0.0211819241705839,0.369047619047619,0.4991675915649278,0.33,0.3571428571428571
0.9459459459459438,0.1641641641641641,0.0,0.0084725154800597,0.3257142857142857,0.663984461709212,0.3695,0.5714285714285714
0.8378378378378386,0.039039039039039,0.0,0.0190636893888299,0.4547619047619047,0.3898446170921198,0.175,0.3571428571428571
0.9189189189189192,0.2703703703703703,0.0,0.0038123989602008,0.3238095238095237,0.554661487236404,0.4425,0.3571428571428571
0.8378378378378386,0.049049049049049,0.0,0.0466007415516323,0.0,0.0,0.0,0.0
1.0,0.069069069069069,0.0,0.0004655880050294,0.0,0.0,0.0,0.0
0.8648648648648631,0.0465465465465465,0.0,0.0104212914792734,0.0,0.0,0.0,0.0
0.9189189189189192,0.035035035035035,0.0,0.0211819241705839,0.6495238095238095,0.2905105438401776,0.1725,0.3571428571428571
0.9189189189189192,0.0615615615615615,0.0,0.0108186723243304,0.3995238095238095,0.4150943396226415,0.221825,0.3571428571428571
0.8108108108108141,0.049049049049049,0.0,0.0254183937340919,0.3814285714285714,0.3809655937846837,0.23425,0.5
0.8378378378378386,0.02002002002002,0.0,0.0169454546070758,0.0,0.0,0.0,0.0
0.7837837837837824,0.0415415415415415,0.0,0.0345827246938726,0.0,0.0,0.0,0.0
0.9189189189189192,0.3193193193193193,0.0,0.0190636893888299,0.4602380952380951,0.554661487236404,0.4425,0.3571428571428571
0.8108108108108141,0.032032032032032,0.0,0.023480208908787,0.0,0.0,0.0,0.0
0.8108108108108141,0.074074074074074,0.0,0.0336066421064403,0.3092857142857143,0.6920088790233074,0.2515,0.5
0.8648648648648631,0.0720720720720721,0.0,0.0296548632976,0.6240476190476191,0.3462819089900111,0.22125,0.3571428571428571
0.7837837837837824,0.019019019019019,0.0,0.0508372111151403,0.0,0.0,0.0,0.0
0.567567567567572,0.0215215215215215,0.0,0.094752454610465,0.0,0.0,0.0,0.0
0.5405405405405403,0.0038038038038038,0.0,0.0211819241705839,0.0,0.0,0.0,0.0
0.7567567567567579,0.0815815815815815,0.0,0.0529554458968944,0.349047619047619,0.6101553829078802,0.48575,0.5
0.8918918918918948,0.0620620620620621,0.0,0.0127742266748458,0.6,0.3462819089900111,0.185,0.3571428571428571
0.8918918918918948,0.041041041041041,0.0,0.0296548632976,0.4333333333333333,0.3462819089900111,0.18435,0.5
0.8648648648648631,0.019019019019019,0.0,0.0211819241705839,0.5992857142857143,0.2216981132075471,0.1332499999999999,0.3571428571428571
0.8648648648648631,0.035035035035035,0.0,0.014403572868971,0.4883333333333333,0.2769145394006659,0.1676,0.3571428571428571
0.8648648648648631,0.066066066066066,0.0,0.0241474528650396,0.3666666666666666,0.5541065482796892,0.3,0.5
0.7297297297297334,0.011011011011011,0.0,0.0381278024246162,0.0,0.0,0.0,0.0
0.8648648648648631,0.0765765765765765,0.0,0.0281809955364555,0.0,0.0,0.0,0.0
0.6756756756756772,0.011011011011011,0.0,0.0296548632976,0.0,0.0,0.0,0.0
0.9729729729729756,0.076076076076076,0.0,0.0114380441745153,0.6761904761904761,0.3462819089900111,0.18505,0.3571428571428571
0.6756756756756772,0.009009009009009,0.0,0.0508372111151403,0.4545238095238095,0.3873473917869034,0.1725,0.3571428571428571
0.8918918918918948,0.1941941941941942,0.0,0.0449061537262291,0.0,0.0,0.0,0.0
0.9729729729729756,0.0575575575575575,0.0,0.00338875200385,0.4499999999999999,0.3321309655937847,0.20465,0.3571428571428571
0.8378378378378386,0.0535535535535535,0.0,0.0466007415516323,0.4945238095238095,0.3462819089900111,0.2219,0.5
0.7027027027027017,0.011011011011011,0.0,0.0296548632976,0.4499999999999999,0.2943951165371809,0.1674999999999999,0.3571428571428571
0.7567567567567579,0.02002002002002,0.0,0.0741377937144348,0.5611904761904761,0.3873473917869034,0.175,0.3571428571428571
0.6756756756756772,0.006006006006006,0.0,0.0381278024246162,0.0,0.0,0.0,0.0
0.9459459459459438,0.0810809809809809,0.0,0.0048715163510778,0.4402380952380951,0.4142619311875694,0.25,0.5
0.7837837837837824,0.024124024024024,0.0,0.0148272198253218,0.0,0.0,0.0,0.0
0.9729729729729756,0.041041041041041,0.0,0.0042360459165516,0.3659523809523809,0.3318534961154273,0.1825,0.3571428571428571
0.9729729729729756,0.069069069069069,0.0,0.0084725154800597,0.4092857142857143,0.3321309655937847,0.20465,0.3571428571428571
0.9189189189189192,0.035035035035035,0.0,0.0338913328611081,0.4883333333333333,0.2769145394006659,0.1676,0.3571428571428571
0.7567567567567579,0.033033033033033,0.0,0.0254183937340919,0.4035714285714285,0.3321309655937847,0.19725,0.3571428571428571
0.7567567567567579,0.02002002002002,0.0,0.0356071030343289,0.0,0.0,0.0,0.0
0.9459459459459438,0.0841841841841842,0.0,0.0211819241705839,0.6761904761904761,0.3462819089900111,0.18505,0.3571428571428571
0.8918918918918948,0.0635635635635635,0.0,0.0046596928729024,0.3404761904761905,0.4433962264150943,0.25875,0.3571428571428571
0.8918918918918948,0.034034034034034,0.0,0.0127089850435678,0.0,0.0,0.0,0.0
0.6756756756756772,0.01001001001001,0.0,0.0338913328611081,0.469047619047619,0.220865704772475,0.11575,0.3571428571428571
0.8918918918918948,0.0620620620620621,0.0,0.0233001589523379,0.0,0.0,0.0,0.0
0.8648648648648631,0.059059059059059,0.0,0.0148272198253218,0.4428571428571429,0.3321309655937847,0.204575,0.3571428571428571
0.8918918918918948,0.1891891891891892,0.0,0.0173691015634266,0.4561904761904761,0.6920088790233074,0.39425,0.3571428571428571
0.5945945945945965,0.011011011011011,0.0,0.0423642719881242,0.0,0.0,0.0,0.0
0.7837837837837824,0.0465465465465465,0.0,0.0351622737301605,0.3747619047619047,0.4414539400665926,0.30325,0.3571428571428571
0.9189189189189192,0.071071071071071,0.0,0.0127089850435678,0.4166666666666666,0.3326859045504994,0.22175,0.3571428571428571
0.9459459459459438,0.0348348348348348,0.0,0.018640042432479,0.3659523809523809,0.3318534961154273,0.1825,0.5
0.9189189189189192,0.1341341341341341,0.0,0.0084725154800597,0.3809523809523809,0.6046059933407325,0.35,0.5
0.8918918918918948,0.1991991991991992,0.0,0.0288452739640137,0.4561904761904761,0.6920088790233074,0.39425,0.3571428571428571
0.8918918918918948,0.064064064064064,0.0,0.0211819241705839,0.5095238095238095,0.3321309655937847,0.20775,0.3571428571428571
0.8378378378378386,0.021021021021021,0.0,0.0211819241705839,0.5023809523809524,0.2258601553829078,0.138,0.3571428571428571
0.9189189189189192,0.029029029029029,0.0,0.0148272198253218,0.5478571428571428,0.2771920088790233,0.1674999999999999,0.3571428571428571
0.9459459459459438,0.071071071071071,0.0,0.0105907502618137,0.6761904761904761,0.3462819089900111,0.18505,0.3571428571428571
0.6756756756756772,0.007007007007007,0.0,0.0381278024246162,0.0,0.0,0.0,0.0
0.8108108108108141,0.029029029029029,0.0,0.0563446215477009,0.4833333333333333,0.3462819089900111,0.1875,0.3571428571428571
0.9459459459459438,0.1076076076076076,0.0,0.0004232233093944,0.4285714285714285,0.4153718091009989,0.294,0.3571428571428571
0.7567567567567579,0.0220219219219219,0.0,0.0720195589326807,0.5,0.4053829078801332,0.16025,0.3571428571428571
0.6756756756756772,0.019019019019019,0.0,0.0381278024246162,0.0,0.0,0.0,0.0
0.7027027027027017,0.0185185185185185,0.0,0.0169454546070758,0.469047619047619,0.220865704772475,0.11575,0.3571428571428571
0.9189189189189192,0.064064064064064,0.0,0.0254183937340919,0.0,0.0,0.0,0.0
0.8378378378378386,0.044044044044044,0.0,0.0466007415516323,0.38,0.7000554938956715,0.1574999999999999,0.6428571428571428
0.9189189189189192,0.038038038038038,0.0,0.0101671033054629,0.0,0.0,0.0,0.0
0.9459459459459438,0.073073073073073,0.0,0.0164442802577128,0.6521428571428571,0.3462819089900111,0.185,0.3571428571428571
0.9729729729729756,0.0415415415415415,0.0,0.0015670700915415,0.0,0.0,0.0,0.0
0.9459459459459438,0.5825825825825826,0.0,0.0127089850435678,0.4069047619047619,0.8304661487236404,0.6535,0.2857142857142857
0.6486486486486527,0.014014014014014,0.0,0.0254183937340919,0.4266666666666667,0.3013318534961154,0.15525,0.3571428571428571
0.8918918918918948,0.063063063063063,0.2318521203014408,0.0050833398292532,0.0,0.0,0.0,0.0
0.7567567567567579,0.019019019019019,0.0,0.0720195589326807,0.4761904761904761,0.3881798002219755,0.17,0.3571428571428571
0.9189189189189192,0.1641641641641641,0.0,0.0220292180832855,0.2857142857142857,0.6531631520532741,0.4685,0.3571428571428571
0.9729729729729756,0.089089089089089,0.0,0.0034222201134017,0.588095238095238,0.2905105438401776,0.1725,0.3571428571428571
0.9189189189189192,0.02002002002002,0.0,0.0063542806983056,0.0,0.0,0.0,0.0
0.9459459459459438,0.073073073073073,0.0,0.0063542806983056,0.4047619047619047,0.332408435072142,0.27125,0.3571428571428571
0.9459459459459438,0.019019019019019,0.0,0.0148272198253218,0.0,0.0,0.0,0.0
0.8108108108108141,0.034034034034034,0.0,0.0211819241705839,0.0,0.0,0.0,0.0
0.9189189189189192,0.0318318318318318,0.0,0.0288075693848984,0.5676190476190476,0.3326859045504994,0.2099999999999999,0.3571428571428571
0.8108108108108141,0.007007007007007,0.0,0.0127089850435678,0.6047619047619047,0.1731409544950055,0.0937,0.2857142857142857
0.7567567567567579,0.029029029029029,0.0,0.0423642719881242,0.489047619047619,0.4433962264150943,0.259,0.3571428571428571
0.7297297297297334,0.01001001001001,0.0,0.0211819241705839,0.0,0.0,0.0,0.0
0.9189189189189192,0.0870870870870871,0.0,0.027536628515846,0.4757142857142857,0.4053829078801332,0.27125,0.5714285714285714
0.567567567567572,0.0125125125125125,0.0,0.0508372111151403,0.3095238095238095,0.3726415094339623,0.2249999999999999,0.3571428571428571
0.9729729729729756,0.1441441441441441,0.0,0.0042360459165516,0.4119047619047619,0.4153718091009989,0.3025,0.5
0.9729729729729756,0.0665665665665665,0.0,0.0029651050474992,0.4619047619047618,0.3312985571587125,0.237325,0.3571428571428571
0.9729729729729756,0.0850850850850851,0.0,0.0148272198253218,0.5785714285714285,0.3462819089900111,0.22125,0.3571428571428571
0.8378378378378386,0.034034034034034,0.0,0.0296548632976,0.5714285714285714,0.3107658157602663,0.175,0.3571428571428571
0.7567567567567579,0.021021021021021,0.0,0.049566270246088,0.4833333333333333,0.3462819089900111,0.1875,0.3571428571428571
0.9459459459459438,0.1691691691691692,0.0,0.0211819241705839,0.0,0.0,0.0,0.0
0.4594594594594596,0.005005005005005,0.0,0.0211819241705839,0.0,0.0,0.0,0.0
0.8108108108108141,0.0255255255255255,0.1349707797324812,0.0273383617402738,0.0,0.0,0.0,0.0
0.8918918918918948,0.068068068068068,0.0,0.0338913328611081,0.633095238095238,0.3462819089900111,0.185,0.3571428571428571
0.8108108108108141,0.0415415415415415,0.0,0.0296548632976,0.6142857142857143,0.4156492785793563,0.2465,0.3571428571428571
0.9189189189189192,0.1134134134134134,0.0,0.0216055711269347,0.405,0.4389567147613762,0.3155,0.3571428571428571
0.8918918918918948,0.029029029029029,0.0,0.0211819241705839,0.5478571428571428,0.2771920088790233,0.1674999999999999,0.3571428571428571
0.8108108108108141,0.051051051051051,0.0,0.0372805085119146,0.5314285714285714,0.4389567147613762,0.3157999999999999,0.3571428571428571
0.9189189189189192,0.032032032032032,0.0,0.0254183937340919,0.4911904761904761,0.332408435072142,0.1674999999999999,0.3571428571428571
0.8108108108108141,0.0275275275275275,0.0,0.0508372111151403,0.0,0.0,0.0,0.0
0.5945945945945965,0.011011011011011,0.0,0.0084725154800597,0.0,0.0,0.0,0.0
0.8378378378378386,0.084084084084084,0.0,0.0317730980793541,0.3595238095238094,0.6046059933407325,0.35,0.5
0.8918918918918948,0.061061061061061,0.0,0.0029651050474992,0.5009523809523809,0.4053829078801332,0.2095,0.5714285714285714
0.8918918918918948,0.027027027027027,0.0,0.0169454546070758,0.0,0.0,0.0,0.0
0.5945945945945965,0.029029029029029,0.0,0.0296548632976,0.0,0.0,0.0,0.0
0.7567567567567579,0.011011011011011,0.0,0.0084725154800597,0.0,0.0,0.0,0.0
0.8108108108108141,0.0315315315315315,0.0,0.0398223902500194,0.0,0.0,0.0,0.0
0.7567567567567579,0.0262262262262262,0.0,0.01725725876695,0.4035714285714285,0.3321309655937847,0.19725,0.3571428571428571
0.9459459459459438,0.0824824824824825,0.0,0.0127089850435678,0.6071428571428571,0.4156492785793563,0.2465,0.3571428571428571
0.9189189189189192,0.044044044044044,0.0,0.0148272198253218,0.4499999999999999,0.3321309655937847,0.205,0.3571428571428571
0.9729729729729756,0.0850850850850851,0.0,0.006064929827118,0.3388095238095238,0.4156492785793563,0.261375,0.3571428571428571
0.7297297297297334,0.021021021021021,0.0,0.0338913328611081,0.3857142857142857,0.4142619311875694,0.275,0.3571428571428571
0.8378378378378386,0.039039039039039,0.0,0.0508372111151403,0.5616666666666666,0.3784683684794672,0.1676,0.3571428571428571
0.5945945945945965,0.017017017017017,0.0,0.0209510365793727,0.469047619047619,0.220865704772475,0.11575,0.3571428571428571
0.4324324324324351,0.0035035035035035,0.0,0.0423642719881242,0.4119047619047619,0.275527192008879,0.15,0.3571428571428571
0.8648648648648631,0.0575575575575575,0.0,0.0305021572103016,0.5366666666666666,0.3873473917869034,0.221825,0.3571428571428571
0.6756756756756772,0.011011011011011,0.0,0.0176753983128682,0.0,0.0,0.0,0.0
1.0,0.0568568568568568,0.0,0.0021178111347976,0.505,0.3321309655937847,0.2045,0.3571428571428571
0.8918918918918948,0.0215215215215215,0.0,0.0148272198253218,0.5414285714285714,0.220865704772475,0.1182499999999999,0.3571428571428571
0.7297297297297334,0.016016016016016,0.0,0.0296548632976,0.0,0.0,0.0,0.0
0.7837837837837824,0.0311311311311311,0.0,0.0423642719881242,0.5476190476190476,0.3873473917869034,0.2249999999999999,0.3571428571428571
0.8918918918918948,0.021021021021021,0.0,0.0381278024246162,0.4,0.220865704772475,0.0855,0.5714285714285714
0.7837837837837824,0.0235235235235235,0.0,0.0423642719881242,0.5495238095238094,0.4053829078801332,0.15775,0.3571428571428571
0.9459459459459438,0.026026026026026,0.0,0.0084725154800597,0.0,0.0,0.0,0.0
0.8378378378378386,0.098998998998999,0.0,0.0105907502618137,0.3666666666666666,0.6046059933407325,0.3,0.6428571428571428
0.7567567567567579,0.034034034034034,0.0,0.0199109833015315,0.4035714285714285,0.4156492785793563,0.24425,0.3571428571428571
0.8108108108108141,0.048048048048048,0.0,0.0402460372063702,0.4871428571428571,0.4053829078801332,0.2095,0.3571428571428571
0.8648648648648631,0.054054054054054,0.0,0.0124692008662732,0.4935714285714285,0.3809655937846837,0.22775,0.3571428571428571
0.8108108108108141,0.016016016016016,0.0,0.0338913328611081,0.0,0.0,0.0,0.0
0.9459459459459438,0.076076076076076,0.0,0.0211819241705839,0.5785714285714285,0.3462819089900111,0.22125,0.3571428571428571
0.8108108108108141,0.0215215215215215,0.0,0.0247164107274187,0.5188095238095237,0.2769145394006659,0.167625,0.3571428571428571
0.9189189189189192,0.034034034034034,0.0,0.0084725154800597,0.5023809523809524,0.2258601553829078,0.138,0.3571428571428571
0.8108108108108141,0.012012012012012,0.0,0.0397800255543843,0.0,0.0,0.0,0.0
0.9189189189189192,0.039039039039039,0.0,0.0110143972181645,0.5676190476190476,0.3326859045504994,0.2099999999999999,0.3571428571428571
0.621621621621621,0.009009009009009,0.0,0.0169454546070758,0.469047619047619,0.220865704772475,0.11575,0.3571428571428571
0.9189189189189192,0.0500499499499499,0.0,0.0105907502618137,0.4499999999999999,0.3321309655937847,0.205,0.3571428571428571
0.7297297297297334,0.0115115115115115,0.0,0.0338913328611081,0.469047619047619,0.220865704772475,0.11575,0.3571428571428571
0.8648648648648631,0.044044044044044,0.0,0.0169454546070758,0.0,0.0,0.0,0.0
0.9459459459459438,0.1022022022022022,0.0,0.0254183937340919,0.6095238095238096,0.4156492785793563,0.24475,0.3571428571428571
0.8918918918918948,0.049049049049049,0.0,0.0127089850435678,0.65,0.4156492785793563,0.2465,0.3571428571428571
0.8108108108108141,0.1571571571571571,0.0,0.036433214599213,0.0,0.0,0.0,0.0
0.7297297297297334,0.009009009009009,0.0,0.0338913328611081,0.0,0.0,0.0,0.0
0.8378378378378386,0.0515515515515515,0.0,0.0338913328611081,0.5314285714285714,0.4389567147613762,0.3157999999999999,0.3571428571428571
0.9189189189189192,0.3193193193193193,0.0,0.0190636893888299,0.4602380952380951,0.554661487236404,0.4425,0.3571428571428571
0.9459459459459438,0.059059059059059,0.0,0.0295612373202465,0.5238095238095237,0.3321309655937847,0.2045,0.3571428571428571
0.9459459459459438,0.064064064064064,0.0,0.0127089850435678,0.0,0.0,0.0,0.0
0.4324324324324351,0.0045045045045045,0.0,0.0254183937340919,0.3833333333333333,0.220865704772475,0.0925,0.2857142857142857
0.8108108108108141,0.016016016016016,0.0,0.0296548632976,0.6057142857142858,0.2597114317425083,0.144,0.3571428571428571
0.8918918918918948,0.026026026026026,0.0,0.0032497958021669,0.5023809523809524,0.2258601553829078,0.138,0.3571428571428571
0.8108108108108141,0.025025025025025,0.0,0.0296548632976,0.0,0.0,0.0,0.0
0.8108108108108141,0.025025025025025,0.0,0.080068851103346,0.5004761904761904,0.3462819089900111,0.2219,0.3571428571428571
0.8918918918918948,0.0305305305305305,0.0,0.0105907502618137,0.5414285714285714,0.220865704772475,0.1182499999999999,0.3571428571428571
0.8648648648648631,0.0570570570570571,0.0,0.0381278024246162,0.4869047619047618,0.4053829078801332,0.2095,0.3571428571428571
0.8918918918918948,0.074074074074074,0.0,0.0338913328611081,0.5785714285714285,0.3462819089900111,0.22125,0.3571428571428571
0.7297297297297334,0.0089089089089089,0.0,0.0254183937340919,0.0,0.0,0.0,0.0
0.5945945945945965,0.007007007007007,0.0,0.0239695211433722,0.0,0.0,0.0,0.0
0.8648648648648631,0.0563563563563563,0.0,0.0423642719881242,0.6,0.3462819089900111,0.185,0.3571428571428571
0.6756756756756772,0.029029029029029,0.0,0.0423642719881242,0.2738095238095238,0.552441731409545,0.36975,0.5
0.7567567567567579,0.044044044044044,0.0,0.0254183937340919,0.0,0.0,0.0,0.0
0.9459459459459438,0.1291291291291291,0.0,0.0042360459165516,0.0,0.0,0.0,0.0
0.8918918918918948,0.066066066066066,0.0,0.0030091643309597,0.0,0.0,0.0,0.0
0.9459459459459438,0.0900900900900901,0.0,0.0063542806983056,0.4047619047619047,0.4153718091009989,0.3034,0.3571428571428571
0.7297297297297334,0.0400399399399399,0.0,0.088965437186713,0.2904761904761904,0.5532741398446172,0.26325,0.6428571428571428
0.7027027027027017,0.019019019019019,0.0,0.0127089850435678,0.0,0.0,0.0,0.0
0.9189189189189192,0.0615615615615615,0.0,0.014403572868971,0.6761904761904761,0.3462819089900111,0.18505,0.3571428571428571
0.7297297297297334,0.0165165165165165,0.0,0.0351622737301605,0.0,0.0,0.0,0.0
0.8918918918918948,0.0505505505505505,0.0,0.0423642719881242,0.6149999999999999,0.4156492785793563,0.2475,0.3571428571428571
0.7837837837837824,0.042042042042042,0.0,0.0211819241705839,0.38,0.7000554938956715,0.15525,0.5
0.9189189189189192,0.024024024024024,0.0,0.0177927485197774,0.588095238095238,0.220865704772475,0.1182499999999999,0.3571428571428571
1.0,0.038038038038038,0.0,0.0025414580911484,0.5702380952380952,0.2769145394006659,0.167625,0.3571428571428571
0.8918918918918948,0.0815815815815815,0.0,0.016521807650725,0.509047619047619,0.3873473917869034,0.22175,0.3571428571428571
0.8918918918918948,0.0621621621621621,0.0,0.0391382004155128,0.38,0.7000554938956715,0.15525,0.5
0.9459459459459438,0.041041041041041,0.0,0.0131326319999185,0.6028571428571429,0.332408435072142,0.1925,0.4285714285714285
0.7027027027027017,0.0151151151151151,0.0,0.0508372111151403,0.3333333333333333,0.693118756936737,0.28,0.5714285714285714
0.8648648648648631,0.041041041041041,0.0,0.0152508667816726,0.4857142857142856,0.3321309655937847,0.207775,0.3571428571428571
0.9189189189189192,0.0650650650650651,0.0,0.0211819241705839,0.4402380952380951,0.4142619311875694,0.25,0.5
0.7837837837837824,0.034034034034034,0.0,0.0127089850435678,0.4166666666666666,0.3601553829078801,0.2145,0.3571428571428571
0.7297297297297334,0.015015015015015,0.0,0.1080295502224993,0.3095238095238095,0.6906215316315205,0.2375,0.5714285714285714
0.7027027027027017,0.012012012012012,0.0,0.0211819241705839,0.0,0.0,0.0,0.0
0.3243243243243228,0.0085085085085085,0.0,0.0423642719881242,0.0,0.0,0.0,0.0
0.4054054054054035,0.0075075075075075,0.0,0.0508372111151403,0.0,0.0,0.0,0.0
0.8918918918918948,0.0500499499499499,0.0,0.0254183937340919,0.0,0.0,0.0,0.0
0.9729729729729756,0.3793793793793794,0.0,0.0084725154800597,0.4285714285714285,0.5463374028856826,0.475,0.3571428571428571
0.7567567567567579,0.033033033033033,0.0,0.0338913328611081,0.5214285714285714,0.3873473917869034,0.2249999999999999,0.3571428571428571
0.8648648648648631,0.054054054054054,0.0,0.0584628563294549,0.5421428571428571,0.4156492785793563,0.246475,0.3571428571428571
0.9189189189189192,0.0810809809809809,0.0,0.0211819241705839,0.473095238095238,0.4053829078801332,0.2095,0.3571428571428571
0.9189189189189192,0.0739739739739739,0.0,0.0218173946051101,0.0,0.0,0.0,0.0
0.6486486486486527,0.0125125125125125,0.0,0.0314269785160155,0.0,0.0,0.0,0.0
0.9729729729729756,0.0665665665665665,0.0,0.0063542806983056,0.0,0.0,0.0,0.0
0.8378378378378386,0.0381381381381381,0.0,0.0508372111151403,0.4795238095238095,0.4156492785793563,0.2219999999999999,0.3571428571428571
0.9459459459459438,0.0605605605605605,0.0,0.0063542806983056,0.0,0.0,0.0,0.0
0.9189189189189192,0.069069069069069,0.0,0.0347386267738097,0.5904761904761905,0.3873473917869034,0.22175,0.3571428571428571
0.7837837837837824,0.0261261261261261,0.0,0.0207582772142331,0.0,0.0,0.0,0.0
0.8108108108108141,0.059059059059059,0.0,0.0531804024307167,0.0,0.0,0.0,0.0
0.8648648648648631,0.034034034034034,0.0,0.0381278024246162,0.5476190476190476,0.3462819089900111,0.22175,0.3571428571428571
0.9189189189189192,0.034034034034034,0.0,0.0203346302578822,0.0,0.0,0.0,0.0
1.0,0.051051051051051,0.0,0.0021178111347976,0.0,0.0,0.0,0.0
0.7567567567567579,0.026026026026026,0.0,0.0423642719881242,0.4357142857142857,0.552441731409545,0.36975,0.3571428571428571
0.7567567567567579,0.044044044044044,0.0,0.0466007415516323,0.392142857142857,0.332408435072142,0.18475,0.3571428571428571
0.7567567567567579,0.021021021021021,0.0,0.0296548632976,0.4847619047619047,0.3321309655937847,0.19725,0.3571428571428571
0.7027027027027017,0.0185185185185185,0.0,0.0237238059086887,0.0,0.0,0.0,0.0
0.6486486486486527,0.008008008008008,0.0,0.0271129815594952,0.0,0.0,0.0,0.0
0.5405405405405403,0.004004004004004,0.0,0.0296548632976,0.0,0.0,0.0,0.0
0.8108108108108141,0.024024024024024,0.0,0.0211819241705839,0.3723809523809523,0.3310210876803551,0.16025,0.3571428571428571
0.7297297297297334,0.0375375375375375,0.0,0.0466007415516323,0.0,0.0,0.0,0.0
0.9189189189189192,0.064064064064064,0.0,0.0211115987758296,0.0,0.0,0.0,0.0
0.9189189189189192,0.0065065065065065,0.0262213707483772,0.0014823407002714,0.0,0.0,0.0,0.0
0.9729729729729756,0.069069069069069,0.0,0.0019059876566221,0.4642857142857142,0.3326859045504994,0.2219,0.3571428571428571
0.9729729729729756,0.076976976976977,0.0,0.0029786617501024,0.4523809523809523,0.3326859045504994,0.2219,0.3571428571428571
0.8918918918918948,0.024024024024024,0.0,0.0084725154800597,0.5702380952380952,0.2769145394006659,0.167625,0.3571428571428571
0.7027027027027017,0.029029029029029,0.0,0.0508372111151403,0.0,0.0,0.0,0.0
0.9729729729729756,0.0744744744744745,0.0,0.0042360459165516,0.6761904761904761,0.3462819089900111,0.18505,0.3571428571428571
0.6486486486486527,0.0616616616616617,0.0,0.0338913328611081,0.3047619047619048,0.6920088790233074,0.255,0.5
0.8918918918918948,0.035035035035035,0.0,0.0423642719881242,0.4880952380952381,0.3462819089900111,0.2293,0.3571428571428571
0.9459459459459438,0.034034034034034,0.0,0.0063542806983056,0.0,0.0,0.0,0.0
0.7837837837837824,0.0211211211211211,0.0,0.0296548632976,0.4499999999999999,0.2769145394006659,0.1677499999999999,0.3571428571428571
0.7297297297297334,0.0089089089089089,0.0,0.0296548632976,0.0,0.0,0.0,0.0
0.7567567567567579,0.034034034034034,0.0,0.0211819241705839,0.5476190476190476,0.3873473917869034,0.2249999999999999,0.3571428571428571
0.8918918918918948,0.089089089089089,0.0,0.0199109833015315,0.0,0.0,0.0,0.0
0.8918918918918948,0.0565565565565565,0.0,0.0190636893888299,0.5095238095238095,0.3321309655937847,0.20775,0.3571428571428571
0.7837837837837824,0.014014014014014,0.0,0.0321967450357049,0.3833333333333333,0.220865704772475,0.0925,0.2857142857142857
1.0,0.049049049049049,0.0,0.0169454546070758,0.4183333333333333,0.3310210876803551,0.22175,0.3571428571428571
0.5945945945945965,0.005005005005005,0.0,0.0296548632976,0.4119047619047619,0.275527192008879,0.15,0.3571428571428571
0.7837837837837824,0.1671671671671671,0.0,0.0549156603639296,0.2738095238095238,0.8274139844617092,0.4275,0.5
0.9729729729729756,0.037037037037037,0.0,0.0059306337419549,0.5702380952380952,0.2769145394006659,0.167625,0.3571428571428571
0.7567567567567579,0.029029029029029,0.0,0.0169454546070758,0.4357142857142857,0.552441731409545,0.36975,0.3571428571428571
0.9459459459459438,0.079079079079079,0.0,0.0127089850435678,0.6761904761904761,0.3462819089900111,0.18505,0.3571428571428571
0.9459459459459438,0.079079079079079,0.0,0.0127089850435678,0.0,0.0,0.0,0.0
0.7837837837837824,0.043043043043043,0.0,0.0508372111151403,0.2807142857142857,0.6046059933407325,0.3,0.5714285714285714
0.6486486486486527,0.0165165165165165,0.0,0.0419406250317734,0.4571428571428571,0.4053829078801332,0.1624999999999999,0.3571428571428571
0.7837837837837824,0.0220219219219219,0.0,0.0211073623062661,0.0,0.0,0.0,0.0
0.6756756756756772,0.0105104104104104,0.0,0.0423642719881242,0.469047619047619,0.220865704772475,0.11575,0.3571428571428571
0.8108108108108141,0.024024024024024,0.0,0.0114380441745153,0.4980952380952381,0.2769145394006659,0.1677499999999999,0.3571428571428571
0.7567567567567579,0.1066066066066066,0.0,0.0180236361109886,0.4671428571428571,0.5543840177580466,0.475,0.3571428571428571
0.7027027027027017,0.064064064064064,0.0,0.1025221397899388,0.3047619047619048,0.6920088790233074,0.255,0.5
0.7567567567567579,0.064064064064064,0.0,0.1588671849845961,0.3047619047619048,0.6920088790233074,0.255,0.5714285714285714
0.9459459459459438,0.069069069069069,0.0,0.0266893346031444,0.3642857142857142,0.8201997780244173,0.209575,0.5
0.7567567567567579,0.015015015015015,0.0,0.0254183937340919,0.0,0.0,0.0,0.0
0.5945945945945965,0.008008008008008,0.0,0.0169454546070758,0.469047619047619,0.220865704772475,0.11575,0.3571428571428571
0.9459459459459438,0.019019019019019,0.0,0.0148272198253218,0.0,0.0,0.0,0.0
0.7297297297297334,0.023023023023023,0.0,0.0605810911112089,0.4166666666666666,0.3601553829078801,0.2145,0.3571428571428571
0.7297297297297334,0.018018018018018,0.0,0.0338913328611081,0.469047619047619,0.220865704772475,0.11575,0.3571428571428571
0.4864864864864842,0.002002002002002,0.0,0.0042360459165516,0.4119047619047619,0.275527192008879,0.15,0.3571428571428571
0.8648648648648631,0.0220219219219219,0.0,0.0254183937340919,0.4628571428571428,0.332408435072142,0.1674999999999999,0.5
0.7567567567567579,0.0515515515515515,0.0,0.040669684162721,0.2869047619047619,0.6046059933407325,0.3,0.5714285714285714
0.9459459459459438,0.0720720720720721,0.0,0.0020216432757059,0.5238095238095237,0.3321309655937847,0.2045,0.3571428571428571
0.7567567567567579,0.044044044044044,0.0,0.0552431394611888,0.0,0.0,0.0,0.0
0.9729729729729756,0.3793793793793794,0.0,0.0084725154800597,0.4285714285714285,0.5463374028856826,0.475,0.3571428571428571
0.7027027027027017,0.01001001001001,0.0,0.0508372111151403,0.0,0.0,0.0,0.0
0.9189189189189192,0.059059059059059,0.0,0.0127089850435678,0.4428571428571429,0.3321309655937847,0.204575,0.3571428571428571
0.9459459459459438,0.069069069069069,0.0,0.0105907502618137,0.4428571428571429,0.3321309655937847,0.20465,0.3571428571428571
0.621621621621621,0.0470470470470471,0.0,0.0466007415516323,0.0,0.0,0.0,0.0
0.8378378378378386,0.046046046046046,0.0,0.0296548632976,0.6,0.3462819089900111,0.185,0.3571428571428571
0.7027027027027017,0.029029029029029,0.0,0.0381278024246162,0.3333333333333333,0.693118756936737,0.28,0.5714285714285714
0.7567567567567579,0.029029029029029,0.0,0.0084725154800597,0.0,0.0,0.0,0.0
0.9729729729729756,0.0885884884884884,0.0,0.005506986785604,0.0,0.0,0.0,0.0
0.6756756756756772,0.018018018018018,0.0,0.0338913328611081,0.4595238095238095,0.3462819089900111,0.18475,0.3571428571428571
0.8108108108108141,0.0115115115115115,0.0,0.0529554458968944,0.0,0.0,0.0,0.0
0.8918918918918948,0.089089089089089,0.0,0.0338913328611081,0.0,0.0,0.0,0.0
0.7567567567567579,0.0215215215215215,0.0,0.0148272198253218,0.3571428571428571,0.3795782463928968,0.2249999999999999,0.3571428571428571
0.9189189189189192,0.2703703703703703,0.0,0.0038123989602008,0.3238095238095237,0.554661487236404,0.4425,0.3571428571428571
0.9459459459459438,0.0880880880880881,0.0,0.0122853380872169,0.4142857142857142,0.3321309655937847,0.20465,0.3571428571428571
0.8108108108108141,0.0900900900900901,0.0,0.0296548632976,0.3092857142857143,0.6920088790233074,0.25,0.5714285714285714
0.7027027027027017,0.0142142142142142,0.0,0.0203346302578822,0.4047619047619047,0.3898446170921198,0.1775,0.3571428571428571
0.9189189189189192,0.036036036036036,0.0,0.0127089850435678,0.5702380952380952,0.2769145394006659,0.167625,0.3571428571428571
0.8108108108108141,0.0115115115115115,0.0,0.0588865032858057,0.6057142857142858,0.2597114317425083,0.144,0.3571428571428571
0.7837837837837824,0.034034034034034,0.0,0.0233001589523379,0.0,0.0,0.0,0.0
0.5135135135135158,0.0085085085085085,0.0,0.0381278024246162,0.0,0.0,0.0,0.0
0.9729729729729756,0.054054054054054,0.0,0.0063542806983056,0.4499999999999999,0.3321309655937847,0.20465,0.3571428571428571
0.8648648648648631,0.0475474474474474,0.0,0.0381278024246162,0.0,0.0,0.0,0.0
0.9189189189189192,0.059059059059059,0.0,0.0183159525108707,0.5783333333333333,0.4156492785793563,0.2475,0.3571428571428571
0.8648648648648631,0.046046046046046,0.0,0.0231828087454287,0.6,0.3462819089900111,0.185,0.3571428571428571
0.9189189189189192,0.064064064064064,0.0,0.0025414580911484,0.0,0.0,0.0,0.0
0.7837837837837824,0.019019019019019,0.0,0.0338913328611081,0.0,0.0,0.0,0.0
0.8648648648648631,0.064064064064064,0.0,0.0635466198056646,0.3666666666666666,0.5541065482796892,0.3,0.5
0.6486486486486527,0.0145145145145145,0.0,0.027536628515846,0.0,0.0,0.0,0.0
0.8108108108108141,0.024024024024024,0.0,0.0233001589523379,0.0,0.0,0.0,0.0
0.8108108108108141,0.038038038038038,0.0,0.0508372111151403,0.5452380952380952,0.3462819089900111,0.185,0.3571428571428571
0.8378378378378386,0.024024024024024,0.0,0.0338913328611081,0.5023809523809524,0.2258601553829078,0.138,0.3571428571428571
0.6756756756756772,0.0135135135135135,0.0,0.0254183937340919,0.0,0.0,0.0,0.0
0.8648648648648631,0.0423423423423423,0.0,0.0296548632976,0.6149999999999999,0.4156492785793563,0.2475,0.3571428571428571
0.8918918918918948,0.0555555555555555,0.0,0.0305021572103016,0.0,0.0,0.0,0.0
0.9459459459459438,0.038038038038038,0.0,0.0105907502618137,0.5676190476190476,0.3326859045504994,0.2099999999999999,0.3571428571428571
0.8378378378378386,0.019019019019019,0.0,0.0254183937340919,0.5023809523809524,0.2258601553829078,0.138,0.3571428571428571
0.8108108108108141,0.0346346346346346,0.0,0.0296548632976,0.557142857142857,0.3462819089900111,0.185,0.3571428571428571
0.7297297297297334,0.0207207207207207,0.0,0.0508372111151403,0.5023809523809524,0.3462819089900111,0.18475,0.3571428571428571
0.8918918918918948,0.0475474474474474,0.0,0.0127089850435678,0.4452380952380952,0.3326859045504994,0.22175,0.3571428571428571
0.7297297297297334,0.0125125125125125,0.0,0.062699325892963,0.4545238095238095,0.3873473917869034,0.1725,0.3571428571428571
0.7837837837837824,0.027027027027027,0.0,0.027536628515846,0.4847619047619047,0.3321309655937847,0.19725,0.3571428571428571
0.9189189189189192,0.054054054054054,0.0,0.0042360459165516,0.4499999999999999,0.3321309655937847,0.20465,0.3571428571428571
0.7567567567567579,0.0315315315315315,0.0,0.0296548632976,0.5452380952380952,0.3462819089900111,0.185,0.3571428571428571
0.8918918918918948,0.064064064064064,0.0,0.0343149798174589,0.6688095238095237,0.3462819089900111,0.22125,0.3571428571428571
0.8648648648648631,0.049049049049049,0.0,0.0381278024246162,0.0,0.0,0.0,0.0
0.621621621621621,0.012012012012012,0.0,0.0614283850239105,0.0,0.0,0.0,0.0
0.8108108108108141,0.023023023023023,0.0,0.0254183937340919,0.0,0.0,0.0,0.0
0.9729729729729756,0.1186186186186186,0.0,0.0021178111347976,0.0,0.0,0.0,0.0
0.9189189189189192,0.0365365365365365,0.0,0.0042360459165516,0.0,0.0,0.0,0.0
0.8918918918918948,0.036036036036036,0.0,0.0254183937340919,0.0,0.0,0.0,0.0
0.7567567567567579,0.0155155155155155,0.0,0.0423642719881242,0.0,0.0,0.0,0.0
0.8378378378378386,0.0205205205205205,0.0,0.0423642719881242,0.5952380952380952,0.3873473917869034,0.172525,0.3571428571428571
0.9459459459459438,0.028028028028028,0.0,0.0063542806983056,0.0,0.0,0.0,0.0
0.9459459459459438,0.0770770770770771,0.0,0.0127089850435678,0.6761904761904761,0.3462819089900111,0.18505,0.3571428571428571
0.8918918918918948,0.054054054054054,0.0,0.023933087505126,0.4333333333333333,0.3326859045504994,0.22175,0.3571428571428571
0.8108108108108141,0.2442442442442443,0.0,0.0254183937340919,0.3895238095238095,0.6046059933407325,0.46925,0.3571428571428571
0.8378378378378386,0.042042042042042,0.0,0.0423642719881242,0.3580952380952381,0.4433962264150943,0.258,0.3571428571428571
0.7567567567567579,0.031031031031031,0.0,0.0360095676428621,0.0,0.0,0.0,0.0
0.7837837837837824,0.026026026026026,0.0,0.0338913328611081,0.0,0.0,0.0,0.0
0.7837837837837824,0.029029029029029,0.0,0.1059113154407452,0.0,0.0,0.0,0.0
0.8918918918918948,0.039039039039039,0.0,0.0423642719881242,0.4321428571428571,0.332408435072142,0.205,0.3571428571428571
0.9459459459459438,0.094094094094094,0.0,0.0175364421111852,0.0,0.0,0.0,0.0
0.9459459459459438,0.0400399399399399,0.0,0.0190636893888299,0.0,0.0,0.0,0.0
0.7297297297297334,0.019019019019019,0.0,0.0211819241705839,0.0,0.0,0.0,0.0
0.8918918918918948,0.069069069069069,0.0,0.0127089850435678,0.364047619047619,0.4414539400665926,0.30325,0.3571428571428571
0.9459459459459438,0.0739739739739739,0.0,0.0127089850435678,0.5119047619047619,0.4153718091009989,0.27125,0.3571428571428571
0.9729729729729756,0.0715715715715715,0.0,0.0093198093927613,0.0,0.0,0.0,0.0
0.9459459459459438,0.0865865865865865,0.0,0.0355198317613206,0.5838095238095238,0.3462819089900111,0.22125,0.5
0.567567567567572,0.003003003003003,0.0,0.0292782411534042,0.0,0.0,0.0,0.0
0.7297297297297334,0.024024024024024,0.0,0.0381278024246162,0.4476190476190476,0.3462819089900111,0.2249999999999999,0.3571428571428571
0.7027027027027017,0.0145145145145145,0.0,0.0254183937340919,0.0,0.0,0.0,0.0
0.8108108108108141,0.084084084084084,0.0,0.0508372111151403,0.3092857142857143,0.6920088790233074,0.251425,0.5714285714285714
0.8918918918918948,0.0575575575575575,0.0,0.0216055711269347,0.0,0.0,0.0,0.0
0.8648648648648631,0.0815815815815815,0.0,0.0254183937340919,0.3666666666666666,0.5541065482796892,0.3,0.5
0.7027027027027017,0.029029029029029,0.0,0.0211819241705839,0.0,0.0,0.0,0.0
0.5945945945945965,0.0095095095095095,0.0,0.0669811256808006,0.0,0.0,0.0,0.0
0.7297297297297334,0.0345345345345345,0.0,0.0491426232897371,0.4452380952380952,0.5260821309655938,0.165,0.3571428571428571
0.9459459459459438,0.046046046046046,0.0,0.0105907502618137,0.6047619047619047,0.3290788013318535,0.184925,0.3571428571428571
0.9189189189189192,0.0741741741741742,0.0,0.0271129815594952,0.0,0.0,0.0,0.0
0.7297297297297334,0.02002002002002,0.0,0.0084725154800597,0.4716666666666666,0.3013318534961154,0.1701249999999999,0.3571428571428571
0.6756756756756772,0.024024024024024,0.0,0.0466007415516323,0.0,0.0,0.0,0.0
0.9189189189189192,0.03003003003003,0.0,0.0105907502618137,0.5023809523809524,0.2258601553829078,0.138,0.3571428571428571
0.8918918918918948,0.0365365365365365,0.0,0.0097434563491121,0.0,0.0,0.0,0.0
0.7027027027027017,0.024024024024024,0.0,0.0305021572103016,0.0,0.0,0.0,0.0
0.9189189189189192,0.054054054054054,0.0,0.0042360459165516,0.4833333333333333,0.3326859045504994,0.2099999999999999,0.3571428571428571
0.8378378378378386,0.0325325325325325,0.0,0.0139939062621797,0.4619047619047618,0.332408435072142,0.2169999999999999,0.3571428571428571
0.8108108108108141,0.049049049049049,0.0,0.0508372111151403,0.38,0.7000554938956715,0.15525,0.6428571428571428
0.7027027027027017,0.0125125125125125,0.0,0.0381278024246162,0.0,0.0,0.0,0.0
0.9459459459459438,0.074074074074074,0.0,0.0063542806983056,0.430952380952381,0.3326859045504994,0.22175,0.3571428571428571
0.7837837837837824,0.011011011011011,0.0,0.0466007415516323,0.0,0.0,0.0,0.0
0.8918918918918948,0.027027027027027,0.0,0.0423642719881242,0.4833333333333333,0.2769145394006659,0.1701249999999999,0.3571428571428571
0.8918918918918948,0.168168068068068,0.0,0.0508372111151403,0.3257142857142857,0.663984461709212,0.3695,0.5714285714285714
0.6756756756756772,0.018018018018018,0.0,0.0508372111151403,0.3238095238095237,0.7000554938956715,0.1574999999999999,0.5
0.9189189189189192,0.0415415415415415,0.0,0.0177927485197774,0.5676190476190476,0.3326859045504994,0.2099999999999999,0.3571428571428571
0.9189189189189192,0.0365365365365365,0.0,0.0115604781449007,0.0,0.0,0.0,0.0
0.8108108108108141,0.0520520520520521,0.0,0.0169454546070758,0.557142857142857,0.3462819089900111,0.185,0.3571428571428571
0.9189189189189192,0.074074074074074,0.0,0.0224528650396363,0.6688095238095237,0.3462819089900111,0.22125,0.3571428571428571
0.9459459459459438,0.059059059059059,0.0,0.0295612373202465,0.5238095238095237,0.3321309655937847,0.2045,0.3571428571428571
0.9729729729729756,0.066066066066066,0.0,0.0021178111347976,0.4642857142857142,0.3326859045504994,0.2219,0.3571428571428571
0.8108108108108141,0.059059059059059,0.0,0.0749850876271364,0.3595238095238094,0.6046059933407325,0.35,0.5
0.7837837837837824,0.034034034034034,0.0,0.0313494511230033,0.5254761904761904,0.3326859045504994,0.18475,0.3571428571428571
0.8918918918918948,0.059059059059059,0.0,0.0237238059086887,0.0,0.0,0.0,0.0
0.7837837837837824,0.037037037037037,0.0,0.0338913328611081,0.5119047619047619,0.3462819089900111,0.2219999999999999,0.3571428571428571
0.7837837837837824,0.0375375375375375,0.0,0.0245710998213903,0.0,0.0,0.0,0.0
0.9459459459459438,0.049049049049049,0.0,0.0105907502618137,0.5676190476190476,0.3326859045504994,0.2099999999999999,0.3571428571428571
0.9189189189189192,0.054054054054054,0.0,0.0296548632976,0.6149999999999999,0.4156492785793563,0.2475,0.3571428571428571
0.7567567567567579,0.0355355355355355,0.0,0.0783742632779428,0.5102380952380952,0.3784683684794672,0.2179999999999999,0.3571428571428571
0.7837837837837824,0.0720720720720721,0.0,0.0466007415516323,0.0,0.0,0.0,0.0
0.8648648648648631,0.049049049049049,0.0,0.0529554458968944,0.5616666666666666,0.3784683684794672,0.167625,0.3571428571428571
0.7837837837837824,0.0259259259259259,0.0,0.0222609529684094,0.0,0.0,0.0,0.0
0.8378378378378386,0.029029029029029,0.0,0.0381278024246162,0.5223809523809524,0.3318534961154273,0.1574999999999999,0.3571428571428571
0.7567567567567579,0.021021021021021,0.0,0.0296548632976,0.0,0.0,0.0,0.0
0.7567567567567579,0.024024024024024,0.0,0.0332821285378756,0.4761904761904761,0.3881798002219755,0.17,0.3571428571428571
0.8648648648648631,0.0620620620620621,0.0,0.0211819241705839,0.0,0.0,0.0,0.0
0.8108108108108141,0.029029029029029,0.0,0.0127089850435678,0.4847619047619047,0.3321309655937847,0.19725,0.3571428571428571
0.8378378378378386,0.054054054054054,0.0,0.0321967450357049,0.38,0.7000554938956715,0.15525,0.6428571428571428
0.9189189189189192,0.0570570570570571,0.0,0.0699013241509267,0.0,0.0,0.0,0.0
0.9459459459459438,0.034034034034034,0.0,0.0127089850435678,0.5478571428571428,0.2771920088790233,0.1674999999999999,0.3571428571428571
0.8378378378378386,0.1021021021021021,0.0,0.1059113154407452,0.0,0.0,0.0,0.0
0.7297297297297334,0.049049049049049,0.0,0.0508372111151403,0.2809523809523809,0.552441731409545,0.375,0.3571428571428571
0.8378378378378386,0.0205205205205205,0.0,0.0338913328611081,0.5702380952380952,0.2769145394006659,0.167625,0.3571428571428571
0.4594594594594596,0.002102102102102,0.0,0.0238059934182208,0.3833333333333333,0.220865704772475,0.0925,0.2857142857142857
0.7567567567567579,0.1286286286286286,0.0,0.0245710998213903,0.0,0.0,0.0,0.0
0.9729729729729756,0.5395395395395396,0.0,0.0031769285256746,0.3995238095238095,0.5535516093229745,0.475,0.3571428571428571
0.8648648648648631,0.054054054054054,0.0,0.0097434563491121,0.0,0.0,0.0,0.0
0.8108108108108141,0.049049049049049,0.0,0.0211819241705839,0.38,0.7000554938956715,0.15525,0.5
0.8918918918918948,0.024024024024024,0.0,0.0093198093927613,0.5992857142857143,0.2216981132075471,0.1332499999999999,0.3571428571428571
0.9729729729729756,0.0400399399399399,0.0,0.0105907502618137,0.5676190476190476,0.3326859045504994,0.2099999999999999,0.3571428571428571
0.7837837837837824,0.0215215215215215,0.0,0.0225045499683111,0.0,0.0,0.0,0.0
0.8918918918918948,0.034034034034034,0.0,0.0508372111151403,0.5523809523809523,0.3462819089900111,0.1848499999999999,0.3571428571428571
0.9459459459459438,0.074074074074074,0.0,0.0021178111347976,0.5785714285714285,0.3462819089900111,0.22125,0.3571428571428571
0.9189189189189192,0.0565565565565565,0.0,0.0296548632976,0.5366666666666666,0.3873473917869034,0.221825,0.3571428571428571
0.7567567567567579,0.0138138138138138,0.0,0.0169454546070758,0.469047619047619,0.220865704772475,0.11575,0.3571428571428571
0.8108108108108141,0.0154154154154154,0.0,0.0127089850435678,0.0,0.0,0.0,0.0
0.8108108108108141,0.024024024024024,0.0,0.037534696685725,0.0,0.0,0.0,0.0
0.9459459459459438,0.0435435435435435,0.0,0.0083454213931544,0.4321428571428571,0.332408435072142,0.205,0.3571428571428571
0.621621621621621,0.0065065065065065,0.0,0.0381278024246162,0.0,0.0,0.0,0.0
1.0,0.7197197197197197,0.0,0.0021178111347976,0.3185714285714285,0.8304661487236404,0.6625,0.5
0.9729729729729756,0.035035035035035,0.0,0.0114380441745153,0.5702380952380952,0.2769145394006659,0.167625,0.3571428571428571
0.7297297297297334,0.0087087087087087,0.0,0.0542263867659468,0.0,0.0,0.0,0.0
0.9729729729729756,0.1123123123123123,0.0,0.0084725154800597,0.4047619047619047,0.3321309655937847,0.275,0.3571428571428571
0.8918918918918948,0.048048048048048,0.0,0.0211819241705839,0.0,0.0,0.0,0.0
0.8378378378378386,0.0175175175175175,0.0,0.0169454546070758,0.0,0.0,0.0,0.0
0.8918918918918948,0.0450449449449449,0.0,0.0254183937340919,0.4964285714285714,0.3321309655937847,0.2078499999999999,0.3571428571428571
0.8108108108108141,0.029029029029029,0.0,0.0423642719881242,0.5523809523809523,0.3462819089900111,0.1848499999999999,0.3571428571428571
0.7567567567567579,0.1341341341341341,0.0,0.0345268032956343,0.3533333333333333,0.5946170921198668,0.41905,0.3571428571428571
0.7297297297297334,0.039039039039039,0.0,0.0423642719881242,0.3571428571428571,0.5260821309655938,0.2625,0.3571428571428571
0.8918918918918948,0.039039039039039,0.0,0.0059306337419549,0.4321428571428571,0.332408435072142,0.205,0.4285714285714285
0.8648648648648631,0.026026026026026,0.0,0.0169454546070758,0.5414285714285714,0.220865704772475,0.1182499999999999,0.3571428571428571
0.9729729729729756,0.0965965965965965,0.0,0.0053307496517621,0.394047619047619,0.693118756936737,0.2625,0.4285714285714285
0.8648648648648631,0.049049049049049,0.0,0.0338913328611081,0.0,0.0,0.0,0.0
0.8108108108108141,0.0415415415415415,0.0,0.0644727120522474,0.4869047619047618,0.4053829078801332,0.2095,0.3571428571428571
0.7297297297297334,0.0315315315315315,0.0,0.0364404165974709,0.0,0.0,0.0,0.0
0.5135135135135158,0.0085085085085085,0.0,0.0381278024246162,0.0,0.0,0.0,0.0
0.8108108108108141,0.0470470470470471,0.0,0.0179884734136115,0.4,0.4153718091009989,0.29075,0.3571428571428571
0.8918918918918948,0.034034034034034,0.0,0.0254183937340919,0.0,0.0,0.0,0.0
0.6486486486486527,0.0205205205205205,0.0,0.0426820072053873,0.3833333333333333,0.3601553829078801,0.2205,0.3571428571428571
0.9189189189189192,0.0830830830830831,0.0,0.0208485140159358,0.0,0.0,0.0,0.0
0.9729729729729756,0.3793793793793794,0.0,0.0084725154800597,0.4285714285714285,0.5463374028856826,0.475,0.3571428571428571
0.9729729729729756,0.0950950950950951,0.0,0.0084725154800597,0.4047619047619047,0.3321309655937847,0.2715,0.3571428571428571
0.8108108108108141,0.059059059059059,0.0,0.0211819241705839,0.4945238095238095,0.3462819089900111,0.2219999999999999,0.5
0.8378378378378386,0.0035035035035035,0.0227987918296416,0.0097434563491121,0.0,0.0,0.0,0.0
0.9189189189189192,0.059059059059059,0.0,0.0197021253520505,0.0,0.0,0.0,0.0
0.9189189189189192,0.044044044044044,0.0,0.0238466635260304,0.5714285714285714,0.3290788013318535,0.184925,0.3571428571428571
0.8648648648648631,0.0228228228228228,0.0,0.0296548632976,0.0,0.0,0.0,0.0
0.8108108108108141,0.014014014014014,0.0,0.0279602754721968,0.35,0.220865704772475,0.0925,0.5714285714285714
0.7297297297297334,0.0186186186186186,0.0,0.0466007415516323,0.4035714285714285,0.3321309655937847,0.19725,0.3571428571428571
0.7297297297297334,0.0465465465465465,0.0,0.0423642719881242,0.3047619047619048,0.6920088790233074,0.255,0.5
0.8378378378378386,0.051051051051051,0.0,0.0347386267738097,0.0,0.0,0.0,0.0
0.8378378378378386,0.034034034034034,0.0,0.0428726483357452,0.3642857142857142,0.8201997780244173,0.209575,0.5
0.8918918918918948,0.046046046046046,0.0,0.0100400092185577,0.4857142857142856,0.3321309655937847,0.2045,0.3571428571428571
0.9189189189189192,0.074074074074074,0.0,0.0156745137380234,0.5476190476190476,0.4156492785793563,0.2473999999999999,0.3571428571428571
0.7567567567567579,0.015015015015015,0.0,0.0593101502421565,0.5023809523809524,0.3462819089900111,0.18475,0.3571428571428571
0.7297297297297334,0.016016016016016,0.0,0.0211819241705839,0.0,0.0,0.0,0.0
0.9459459459459438,0.029029029029029,0.0,0.0127089850435678,0.0,0.0,0.0,0.0
0.9189189189189192,0.0765765765765765,0.0,0.0317730980793541,0.5785714285714285,0.3462819089900111,0.22125,0.3571428571428571
0.9189189189189192,0.049049049049049,0.0,0.0338913328611081,0.5495238095238094,0.4053829078801332,0.15775,0.3571428571428571
0.8918918918918948,0.054054054054054,0.0,0.023933087505126,0.4333333333333333,0.3326859045504994,0.22175,0.3571428571428571
0.7297297297297334,0.01001001001001,0.0,0.0338913328611081,0.0,0.3013318534961154,0.15525,0.3571428571428571
0.8918918918918948,0.0470470470470471,0.0,0.0278564819678909,0.5095238095238095,0.3321309655937847,0.20775,0.3571428571428571
0.9189189189189192,0.068068068068068,0.0,0.027536628515846,0.5009523809523809,0.4053829078801332,0.2095,0.5
0.8378378378378386,0.059059059059059,0.0,0.0423642719881242,0.0,0.0,0.0,0.0
0.7567567567567579,0.038038038038038,0.0,0.064817560674717,0.5314285714285714,0.4389567147613762,0.3157999999999999,0.3571428571428571
0.7567567567567579,0.0211211211211211,0.0,0.0334219320334714,0.0,0.0,0.0,0.0
0.7027027027027017,0.014014014014014,0.0,0.0694776771945759,0.0,0.0,0.0,0.0
0.2972972972972982,0.011011011011011,0.0,0.0423642719881242,0.0,0.0,0.0,0.0
0.8648648648648631,0.1116116116116116,0.37537962334519,0.0288075693848984,0.0,0.0,0.0,0.0
0.6486486486486527,0.026026026026026,0.0,0.0624875024147876,0.3047619047619048,0.6920088790233074,0.255,0.5
0.8108108108108141,0.0189189189189189,0.0,0.0254183937340919,0.4809523809523809,0.2769145394006659,0.1677499999999999,0.3571428571428571
0.5945945945945965,0.009009009009009,0.0,0.0423642719881242,0.0,0.0,0.0,0.0
0.9189189189189192,0.0255255255255255,0.0,0.0381278024246162,0.5478571428571428,0.2771920088790233,0.1674999999999999,0.3571428571428571
0.8918918918918948,0.0265265265265265,0.0,0.0207582772142331,0.4528571428571428,0.332408435072142,0.167625,0.3571428571428571
0.8648648648648631,0.0670670670670671,0.0,0.0381278024246162,0.3666666666666666,0.7000554938956715,0.1875,0.5
0.8648648648648631,0.0445445445445445,0.0,0.0177927485197774,0.392142857142857,0.332408435072142,0.185,0.3571428571428571
0.5405405405405403,0.006006006006006,0.0,0.0211819241705839,0.0,0.0,0.0,0.0
0.9729729729729756,0.5145145145145146,0.0,0.0084725154800597,0.5326190476190477,0.6900665926748057,0.5364,0.3571428571428571
0.8648648648648631,0.028028028028028,0.0,0.0254183937340919,0.4883333333333333,0.2769145394006659,0.1676,0.3571428571428571
0.9729729729729756,0.1341341341341341,0.0,0.0063542806983056,0.0,0.0,0.0,0.0
0.8648648648648631,0.0470470470470471,0.0,0.0338913328611081,0.6149999999999999,0.4156492785793563,0.2475,0.3571428571428571
0.9459459459459438,0.1316316316316316,0.0,0.0093422626814479,0.3895238095238095,0.6046059933407325,0.3,0.5
0.9189189189189192,0.044044044044044,0.0,0.0238466635260304,0.5714285714285714,0.3290788013318535,0.184925,0.3571428571428571
0.9189189189189192,0.3193193193193193,0.0,0.0190636893888299,0.4602380952380951,0.554661487236404,0.4425,0.3571428571428571
0.7027027027027017,0.014014014014014,0.0,0.0224528650396363,0.0,0.0,0.0,0.0
0.7837837837837824,0.0285285285285285,0.0,0.0381278024246162,0.0,0.0,0.0,0.0
0.8918918918918948,0.079079079079079,0.0,0.0381278024246162,0.3809523809523809,0.6046059933407325,0.35,0.5
0.9189189189189192,0.064064064064064,0.0,0.0338913328611081,0.4092857142857143,0.3321309655937847,0.20465,0.3571428571428571
0.7567567567567579,0.0175175175175175,0.0,0.0783742632779428,0.5023809523809524,0.3462819089900111,0.18475,0.3571428571428571
0.9729729729729756,0.0520520520520521,0.0,0.0084725154800597,0.4833333333333333,0.3326859045504994,0.209525,0.3571428571428571
0.9459459459459438,0.073073073073073,0.0,0.0164442802577128,0.6521428571428571,0.3462819089900111,0.185,0.3571428571428571
0.8108108108108141,0.0400399399399399,0.0,0.0381278024246162,0.5452380952380952,0.3462819089900111,0.185,0.3571428571428571
0.5945945945945965,0.001001001001001,0.0157325464345974,0.0233001589523379,0.0,0.0,0.0,0.0
0.8918918918918948,0.0900900900900901,0.0,0.0183761103786725,0.0,0.0,0.0,0.0
0.8648648648648631,0.0220219219219219,0.0,0.0169454546070758,0.0,0.0,0.0,0.0
0.7837837837837824,0.0400399399399399,0.0,0.0254183937340919,0.0,0.0,0.0,0.0
0.9729729729729756,0.1441441441441441,0.0,0.0042360459165516,0.4119047619047619,0.4153718091009989,0.3025,0.5
0.9189189189189192,0.041041041041041,0.0,0.0127089850435678,0.4883333333333333,0.2769145394006659,0.1676,0.3571428571428571
0.8648648648648631,0.1116116116116116,0.0,0.0296548632976,0.3666666666666666,0.6046059933407325,0.3,0.5
0.9189189189189192,0.0068068068068068,0.023185212030144,0.0021178111347976,0.0,0.0,0.0,0.0
0.7297297297297334,0.017017017017017,0.0,0.0105907502618137,0.469047619047619,0.220865704772475,0.11575,0.3571428571428571
0.9459459459459438,0.029029029029029,0.0,0.0105907502618137,0.0,0.0,0.0,0.0
0.9729729729729756,0.068068068068068,0.0,0.0084725154800597,0.6761904761904761,0.3462819089900111,0.185,0.3571428571428571
0.9459459459459438,0.0325325325325325,0.0,0.0127089850435678,0.5992857142857143,0.2216981132075471,0.1332499999999999,0.3571428571428571
0.8918918918918948,0.026026026026026,0.0,0.018640042432479,0.5992857142857143,0.2216981132075471,0.1332499999999999,0.3571428571428571
0.9459459459459438,0.0185185185185185,0.0,0.0021178111347976,0.0,0.0,0.0,0.0
0.9189189189189192,0.1591591591591591,0.0,0.0139799259126202,0.35,0.4988901220865704,0.44375,0.3571428571428571
0.6756756756756772,0.013013013013013,0.0,0.0508372111151403,0.4545238095238095,0.3873473917869034,0.1725,0.3571428571428571
0.9459459459459438,0.074074074074074,0.0,0.0169454546070758,0.5366666666666666,0.3873473917869034,0.2219,0.3571428571428571
0.8918918918918948,0.2142142142142142,0.0,0.0127089850435678,0.5402380952380952,0.5535516093229745,0.475,0.3571428571428571
0.7027027027027017,0.017017017017017,0.0,0.0128678526521993,0.0,0.0,0.0,0.0
0.8108108108108141,0.0385385385385385,0.0,0.0296548632976,0.557142857142857,0.3462819089900111,0.185,0.3571428571428571
0.9459459459459438,0.035035035035035,0.0,0.0112262206963399,0.0,0.0,0.0,0.0
0.7567567567567579,0.0220219219219219,0.0,0.0423642719881242,0.3642857142857142,0.4428412874583796,0.249,0.3571428571428571
0.8648648648648631,0.044044044044044,0.0,0.0224528650396363,0.5714285714285714,0.3107658157602663,0.175,0.3571428571428571
0.9729729729729756,0.1851851851851852,0.0,0.0076252215673581,0.0,0.0,0.0,0.0
0.9189189189189192,0.064064064064064,0.0,0.0508372111151403,0.3928571428571428,0.4142619311875694,0.175,0.5
0.8918918918918948,0.068068068068068,0.0,0.0338913328611081,0.0,0.0,0.0,0.0
0.6756756756756772,0.0175175175175175,0.0,0.0466007415516323,0.4214285714285714,0.4153718091009989,0.195,0.3571428571428571
0.7837837837837824,0.029029029029029,0.0,0.0508372111151403,0.5476190476190476,0.3873473917869034,0.2249999999999999,0.3571428571428571
0.9189189189189192,0.043043043043043,0.0,0.0148272198253218,0.4883333333333333,0.2769145394006659,0.1676,0.3571428571428571
0.8648648648648631,0.054054054054054,0.0,0.0508372111151403,0.5833333333333333,0.4156492785793563,0.2465,0.5
0.7567567567567579,0.0415415415415415,0.0,0.0211819241705839,0.0,0.0,0.0,0.0
0.8648648648648631,0.1041041041041041,0.0,0.0296548632976,0.3092857142857143,0.6920088790233074,0.2515,0.5
0.6756756756756772,0.011011011011011,0.0,0.0423642719881242,0.0,0.0,0.0,0.0
0.8108108108108141,0.038038038038038,0.0,0.0381278024246162,0.0,0.0,0.0,0.0
0.7837837837837824,0.054054054054054,0.0,0.0423642719881242,0.3459523809523809,0.497780244173141,0.34525,0.3571428571428571
0.7297297297297334,0.011011011011011,0.0,0.0169454546070758,0.4428571428571429,0.3326859045504994,0.1985,0.3571428571428571
0.7567567567567579,0.044044044044044,0.0,0.0466007415516323,0.4,0.4153718091009989,0.291,0.3571428571428571
0.7837837837837824,0.031031031031031,0.0,0.0296548632976,0.4035714285714285,0.4156492785793563,0.24425,0.3571428571428571
0.9729729729729756,0.054054054054054,0.0,0.0216055711269347,0.0,0.0,0.0,0.0
0.8378378378378386,0.1461461461461461,0.0,0.014403572868971,0.0,0.0,0.0,0.0
0.7567567567567579,0.0265265265265265,0.0,0.0218966165859477,0.0,0.0,0.0,0.0
0.7297297297297334,0.015015015015015,0.0,0.0338913328611081,0.469047619047619,0.220865704772475,0.11575,0.3571428571428571
0.9189189189189192,0.0620620620620621,0.0,0.0148272198253218,0.5095238095238095,0.3321309655937847,0.20775,0.3571428571428571
0.9459459459459438,0.0545545545545546,0.0,0.0105907502618137,0.4428571428571429,0.3321309655937847,0.204575,0.3571428571428571
0.9459459459459438,0.084084084084084,0.0,0.0063542806983056,0.394047619047619,0.693118756936737,0.2625,0.4285714285714285
0.8378378378378386,0.038038038038038,0.0,0.0296548632976,0.0,0.0,0.0,0.0
0.8108108108108141,0.059059059059059,0.0,0.0296548632976,0.3333333333333333,0.7000554938956715,0.1875,0.5714285714285714
0.7567567567567579,0.0375375375375375,0.0,0.0048600778832563,0.0,0.0,0.0,0.0
0.7297297297297334,0.0315315315315315,0.2732542846409839,0.0160981606943742,0.0,0.0,0.0,0.0
0.9189189189189192,0.5995995995995996,0.0,0.0156745137380234,0.3214285714285714,0.8288013318534961,0.636975,0.3571428571428571
0.9459459459459438,0.0500499499499499,0.0,0.0296548632976,0.5238095238095237,0.3321309655937847,0.2045,0.3571428571428571
0.5405405405405403,0.019019019019019,0.0,0.0512608580714912,0.4119047619047619,0.275527192008879,0.15,0.3571428571428571
0.8648648648648631,0.1991991991991992,0.0,0.0084725154800597,0.2988095238095238,0.8274139844617092,0.42125,0.5
0.9459459459459438,0.0315315315315315,0.0,0.0042360459165516,0.5023809523809524,0.2258601553829078,0.138,0.3571428571428571
0.567567567567572,0.009009009009009,0.0,0.0423642719881242,0.469047619047619,0.220865704772475,0.11575,0.3571428571428571
0.9189189189189192,0.049049049049049,0.0,0.0038806061201733,0.0,0.0,0.0,0.0
0.7567567567567579,0.034034034034034,0.0,0.039610566771844,0.4428571428571429,0.3851276359600444,0.1674999999999999,0.3571428571428571
0.9189189189189192,0.061061061061061,0.0,0.0169454546070758,0.3928571428571428,0.4142619311875694,0.175,0.5
0.8918918918918948,0.059059059059059,0.0,0.0296548632976,0.6,0.3462819089900111,0.185,0.3571428571428571
0.8648648648648631,0.0493493493493493,0.0,0.0466007415516323,0.3357142857142857,0.6046059933407325,0.36985,0.5
0.8918918918918948,0.064064064064064,0.0,0.0122853380872169,0.4428571428571429,0.3321309655937847,0.204575,0.3571428571428571
0.7567567567567579,0.033033033033033,0.0,0.0423642719881242,0.3238095238095237,0.7000554938956715,0.1574999999999999,0.5
0.8108108108108141,0.0695695695695696,0.5136628522392637,0.0190636893888299,0.0,0.0,0.0,0.0
0.7027027027027017,0.024024024024024,0.0,0.0444825067698783,0.4238095238095238,0.3462819089900111,0.1875,0.3571428571428571
0.8918918918918948,0.032032032032032,0.0,0.030713980688477,0.0,0.0,0.0,0.0
0.8648648648648631,0.1291291291291291,0.0,0.0169454546070758,0.4683333333333333,0.4389567147613762,0.3155,0.3571428571428571
0.8108108108108141,0.099099099099099,0.0,0.0498967148720416,0.0,0.0,0.0,0.0
0.9459459459459438,0.1591591591591591,0.0,0.0148272198253218,0.3257142857142857,0.663984461709212,0.3695,0.5
0.8918918918918948,0.0615615615615615,0.0,0.0211819241705839,0.4402380952380951,0.4142619311875694,0.25,0.5
0.621621621621621,0.009009009009009,0.0,0.0508372111151403,0.3119047619047618,0.494173140954495,0.37375,0.3571428571428571
0.8108108108108141,0.059059059059059,0.0,0.0531804024307167,0.5421428571428571,0.4156492785793563,0.246475,0.3571428571428571
0.7837837837837824,0.1391391391391391,0.0,0.0499899172024387,0.0,0.0,0.0,0.0
0.7567567567567579,0.0450449449449449,0.0,0.0323662038182452,0.0,0.0,0.0,0.0
0.7297297297297334,0.0065065065065065,0.0,0.0423642719881242,0.0,0.0,0.0,0.0
0.9189189189189192,0.0715715715715715,0.0,0.0423642719881242,0.4402380952380951,0.4142619311875694,0.25,0.5
0.9189189189189192,0.034034034034034,0.0,0.0105907502618137,0.5478571428571428,0.2771920088790233,0.1674999999999999,0.3571428571428571
0.567567567567572,0.009009009009009,0.0,0.0296548632976,0.0,0.0,0.0,0.0
0.7567567567567579,0.0165165165165165,0.0,0.0382972612071565,0.4761904761904761,0.3881798002219755,0.17,0.3571428571428571
0.8378378378378386,0.1491491491491491,0.0,0.0254183937340919,0.394047619047619,0.5460599334073252,0.3687749999999999,0.3571428571428571
0.8108108108108141,0.079079079079079,0.0,0.0635466198056646,0.3595238095238094,0.6046059933407325,0.35,0.5
0.8108108108108141,0.3593593593593593,0.0,0.0211819241705839,0.2795238095238095,0.8288013318534961,0.637,0.3571428571428571
0.9729729729729756,0.074074074074074,0.0,0.0101671033054629,0.6761904761904761,0.3462819089900111,0.18505,0.3571428571428571
0.9459459459459438,0.054054054054054,0.0,0.004447869394727,0.4321428571428571,0.332408435072142,0.205,0.4285714285714285
0.621621621621621,0.0075075075075075,0.0,0.0423642719881242,0.0,0.0,0.0,0.0
0.6486486486486527,0.0235235235235235,0.0,0.0466007415516323,0.3238095238095237,0.7000554938956715,0.1574999999999999,0.5
0.9189189189189192,0.1016016016016016,0.0,0.0288668799587875,0.4285714285714285,0.4153718091009989,0.294,0.3571428571428571
0.7837837837837824,0.032032032032032,0.0,0.0338913328611081,0.4,0.4153718091009989,0.29075,0.3571428571428571
0.9729729729729756,0.056056056056056,0.0,0.005506986785604,0.4499999999999999,0.3321309655937847,0.20465,0.3571428571428571
1.0,0.2292292292292292,0.0,0.0004232233093944,0.3257142857142857,0.663984461709212,0.3687749999999999,0.5
0.8648648648648631,0.054054054054054,0.0,0.038406562121895,0.0,0.0,0.0,0.0
0.7567567567567579,0.0259259259259259,0.0,0.0323064695973998,0.0,0.0,0.0,0.0
0.8918918918918948,0.0889889889889889,0.3256970261377384,0.0038166354297643,0.0,0.0,0.0,0.0
0.6486486486486527,0.0115115115115115,0.0,0.0466007415516323,0.4238095238095238,0.3881798002219755,0.17,0.3571428571428571
0.9189189189189192,0.029029029029029,0.0,0.0042360459165516,0.5023809523809524,0.2258601553829078,0.138,0.3571428571428571
0.7567567567567579,0.0137137137137137,0.0,0.0466007415516323,0.0,0.0,0.0,0.0
0.8378378378378386,0.042042042042042,0.0,0.0177927485197774,0.0,0.0,0.0,0.0
0.9729729729729756,0.064064064064064,0.0,0.0014823407002714,0.4428571428571429,0.3321309655937847,0.20465,0.3571428571428571
0.9459459459459438,0.1091091091091091,0.0,0.0084725154800597,0.0,0.0,0.0,0.0
0.6486486486486527,0.013013013013013,0.0,0.0529554458968944,0.0,0.0,0.0,0.0
0.8108108108108141,0.0605605605605605,0.2594535631944695,0.0190636893888299,0.0,0.0,0.0,0.0
0.5405405405405403,0.009009009009009,0.0,0.0694776771945759,0.469047619047619,0.220865704772475,0.11575,0.3571428571428571
0.7837837837837824,0.0265265265265265,0.0,0.0508372111151403,0.0,0.0,0.0,0.0
0.9459459459459438,0.069069069069069,0.0,0.0177927485197774,0.4428571428571429,0.3795782463928968,0.246575,0.3571428571428571
0.8648648648648631,0.059059059059059,0.0,0.0254183937340919,0.6240476190476191,0.3462819089900111,0.22125,0.3571428571428571
0.9459459459459438,0.1256256256256256,0.0,0.0050833398292532,0.485,0.4053829078801332,0.271125,0.3571428571428571
0.4594594594594596,0.0085085085085085,0.0,0.0508372111151403,0.2904761904761904,0.5405105438401776,0.17,0.7142857142857142
0.6486486486486527,0.01001001001001,0.0,0.0508372111151403,0.4452380952380952,0.5260821309655938,0.165,0.3571428571428571
0.9189189189189192,0.064064064064064,0.0,0.0084725154800597,0.6761904761904761,0.3462819089900111,0.18505,0.3571428571428571
0.8918918918918948,0.0385385385385385,0.0,0.0169454546070758,0.3857142857142857,0.3326859045504994,0.185,0.3571428571428571
0.9189189189189192,0.054054054054054,0.0,0.0084725154800597,0.0,0.0,0.0,0.0
0.7567567567567579,0.0265265265265265,0.0,0.0529554458968944,0.489047619047619,0.4433962264150943,0.259,0.3571428571428571
0.7567567567567579,0.054054054054054,0.0,0.0338913328611081,0.2869047619047619,0.6046059933407325,0.3,0.6428571428571428
0.8648648648648631,0.016016016016016,0.0,0.0338913328611081,0.0,0.0,0.0,0.0
0.7297297297297334,0.031031031031031,0.0,0.0466007415516323,0.0,0.0,0.0,0.0
0.6756756756756772,0.026026026026026,0.0,0.0631229728493137,0.4595238095238095,0.3462819089900111,0.18475,0.3571428571428571
0.8378378378378386,0.017017017017017,0.0,0.0258420406904428,0.0,0.0,0.0,0.0
0.7297297297297334,0.019019019019019,0.0,0.0635466198056646,0.0,0.0,0.0,0.0
0.8918918918918948,0.094094094094094,0.0,0.0254183937340919,0.5214285714285714,0.4156492785793563,0.2465,0.5
0.9189189189189192,0.0770770770770771,0.0,0.0169454546070758,0.5785714285714285,0.3462819089900111,0.22125,0.3571428571428571
0.8648648648648631,0.0625625625625626,0.0,0.0211819241705839,0.6,0.3462819089900111,0.185,0.3571428571428571
0.6756756756756772,0.0095095095095095,0.0,0.0169454546070758,0.0,0.0,0.0,0.0
0.9189189189189192,0.0415415415415415,0.0,0.0152508667816726,0.0,0.0,0.0,0.0
0.9189189189189192,0.0750750750750751,0.0,0.0211819241705839,0.5785714285714285,0.3462819089900111,0.22125,0.3571428571428571
0.8648648648648631,0.044044044044044,0.0,0.0169454546070758,0.4183333333333333,0.3310210876803551,0.22175,0.3571428571428571
0.8378378378378386,0.023023023023023,0.0,0.0254183937340919,0.0,0.0,0.0,0.0
0.8918918918918948,0.048048048048048,0.0,0.0211819241705839,0.0,0.0,0.0,0.0
0.8648648648648631,0.033033033033033,0.0,0.0466007415516323,0.4183333333333333,0.3310210876803551,0.22175,0.3571428571428571
0.9189189189189192,0.3193193193193193,0.0,0.0190636893888299,0.4602380952380951,0.554661487236404,0.4425,0.3571428571428571
0.8108108108108141,0.1291291291291291,0.0,0.0247829232995657,0.0,0.0,0.0,0.0
0.9729729729729756,0.02002002002002,0.0,0.0084725154800597,0.0,0.0,0.0,0.0
1.0,0.024024024024024,0.0,0.0508372111151403,0.5149999999999999,0.2769145394006659,0.1674999999999999,0.3571428571428571
0.8378378378378386,0.0415415415415415,0.0,0.0292312163412492,0.473095238095238,0.4053829078801332,0.2095,0.3571428571428571
0.7837837837837824,0.0235235235235235,0.0,0.0423642719881242,0.5495238095238094,0.4053829078801332,0.15775,0.3571428571428571
0.9459459459459438,0.0570570570570571,0.0,0.0135562789562694,0.4499999999999999,0.3321309655937847,0.20465,0.3571428571428571
0.7297297297297334,0.039039039039039,0.0,0.0508372111151403,0.0,0.0,0.0,0.0
0.7567567567567579,0.0225225225225225,0.1349707797324812,0.0229612413872573,0.0,0.0,0.0,0.0
0.9729729729729756,0.5495495495495496,0.0,0.0036005754820254,0.3995238095238095,0.5535516093229745,0.475,0.3571428571428571
0.9459459459459438,0.1041041041041041,0.0,0.0148272198253218,0.0,0.0,0.0,0.0
0.7297297297297334,0.0215215215215215,0.0,0.0252273289567778,0.4523809523809523,0.2769145394006659,0.1677499999999999,0.3571428571428571
0.8378378378378386,0.049049049049049,0.0,0.0296548632976,0.4071428571428571,0.4414539400665926,0.30325,0.3571428571428571
0.5405405405405403,0.0088088088088088,0.0,0.0228765119959871,0.0,0.0,0.0,0.0
0.9459459459459438,0.038038038038038,0.0,0.0042360459165516,0.5702380952380952,0.2769145394006659,0.167625,0.3571428571428571
0.9189189189189192,0.2692692692692693,0.0,0.0067779276546565,0.3509523809523809,0.552441731409545,0.4526,0.3571428571428571
0.7567567567567579,0.017017017017017,0.0,0.0338913328611081,0.5023809523809524,0.2258601553829078,0.138,0.3571428571428571
0.9459459459459438,0.024024024024024,0.0,0.0042360459165516,0.5404761904761904,0.2216981132075471,0.1341,0.3571428571428571
0.9459459459459438,0.031031031031031,0.0,0.0105907502618137,0.0,0.0,0.0,0.0
0.9189189189189192,0.084084084084084,0.0,0.0254183937340919,0.5421428571428571,0.4156492785793563,0.246475,0.3571428571428571
0.9189189189189192,0.059059059059059,0.0,0.0197021253520505,0.0,0.0,0.0,0.0
0.9189189189189192,0.2703703703703703,0.0,0.0038123989602008,0.3238095238095237,0.554661487236404,0.4425,0.3571428571428571
0.8918918918918948,0.0245244244244244,0.0,0.0127089850435678,0.5992857142857143,0.2216981132075471,0.1332499999999999,0.3571428571428571
0.7027027027027017,0.019019019019019,0.0,0.0343149798174589,0.4047619047619047,0.3321309655937847,0.2,0.3571428571428571
0.8108108108108141,0.044044044044044,0.0,0.0508372111151403,0.0,0.0,0.0,0.0
0.8918918918918948,0.041041041041041,0.0,0.0127089850435678,0.4499999999999999,0.3321309655937847,0.205,0.3571428571428571
0.9459459459459438,0.1566566566566566,0.0,0.0105907502618137,0.419047619047619,0.6046059933407325,0.38465,0.5
0.9729729729729756,0.066066066066066,0.0,0.0084725154800597,0.4642857142857142,0.3326859045504994,0.2219,0.3571428571428571
0.8918918918918948,0.084084084084084,0.0,0.0508372111151403,0.4542857142857142,0.4389567147613762,0.3155,0.3571428571428571
0.8378378378378386,0.034034034034034,0.0,0.0720195589326807,0.0,0.0,0.0,0.0
0.8648648648648631,0.026026026026026,0.0,0.0169454546070758,0.0,0.0,0.0,0.0
0.8648648648648631,0.024024024024024,0.0,0.0127089850435678,0.0,0.0,0.0,0.0
0.8648648648648631,0.0615615615615615,0.0,0.0050486007788325,0.0,0.0,0.0,0.0
0.9189189189189192,0.038038038038038,0.0,0.0296548632976,0.3659523809523809,0.3318534961154273,0.1825,0.3571428571428571
0.6756756756756772,0.014014014014014,0.0,0.0296548632976,0.469047619047619,0.220865704772475,0.11575,0.3571428571428571
0.8108108108108141,0.049049049049049,0.0,0.0635466198056646,0.0,0.0,0.0,0.0
0.9189189189189192,0.0055055055055055,0.0223571687433532,0.0049986104379831,0.0,0.0,0.0,0.0
0.9729729729729756,0.064064064064064,0.0,0.0023808958946914,0.5238095238095237,0.3321309655937847,0.2045,0.3571428571428571
0.7567567567567579,0.0165165165165165,0.0,0.0363061205123077,0.4047619047619047,0.3898446170921198,0.175,0.3571428571428571
0.7297297297297334,0.02002002002002,0.0,0.0254183937340919,0.0,0.0,0.0,0.0
0.9729729729729756,0.028028028028028,0.0,0.0088961624364105,0.5992857142857143,0.2216981132075471,0.1332499999999999,0.3571428571428571
0.9729729729729756,0.064064064064064,0.0,0.00338875200385,0.0,0.0,0.0,0.0
0.8108108108108141,0.0215215215215215,0.0,0.0247164107274187,0.5188095238095237,0.2769145394006659,0.167625,0.3571428571428571
0.8378378378378386,0.026026026026026,0.0,0.0508372111151403,0.0,0.0,0.0,0.0
0.5945945945945965,0.011011011011011,0.0,0.0211819241705839,0.0,0.0,0.0,0.0
0.8108108108108141,0.064064064064064,0.0,0.0381278024246162,0.4945238095238095,0.3462819089900111,0.2219,0.5
0.9189189189189192,0.029029029029029,0.0,0.0127089850435678,0.5702380952380952,0.2769145394006659,0.167625,0.3571428571428571
0.8378378378378386,0.1041041041041041,0.0,0.0296548632976,0.0,0.0,0.0,0.0
0.9459459459459438,0.1716716716716717,0.0,0.0101560884845978,0.0,0.0,0.0,0.0
0.8918918918918948,0.054054054054054,0.1647806140713812,0.002371999308608,0.0,0.0,0.0,0.0
0.8918918918918948,0.1991991991991992,0.0,0.0288452739640137,0.4561904761904761,0.6920088790233074,0.39425,0.3571428571428571
0.9189189189189192,0.054054054054054,0.0,0.0099366393612081,0.4499999999999999,0.3321309655937847,0.205,0.3571428571428571
0.9459459459459438,0.1191191191191191,0.0,0.0063542806983056,0.0,0.0,0.0,0.0
0.7027027027027017,0.011011011011011,0.0,0.0296548632976,0.0,0.0,0.0,0.0
0.8648648648648631,0.079079079079079,0.0,0.0571919154604025,0.0,0.0,0.0,0.0
0.8648648648648631,0.0491491491491491,0.0,0.0338913328611081,0.5954761904761905,0.4156492785793563,0.224375,0.3571428571428571
0.8648648648648631,0.0650650650650651,0.0,0.0410933311190718,0.0,0.0,0.0,0.0
0.7837837837837824,0.044044044044044,0.0,0.062699325892963,0.0,0.0,0.0,0.0
0.9189189189189192,0.029029029029029,0.0,0.0042360459165516,0.0,0.0,0.0,0.0
0.6756756756756772,0.036036036036036,0.0,0.0508372111151403,0.3047619047619048,0.6920088790233074,0.255,0.5714285714285714
0.9729729729729756,0.3793793793793794,0.0,0.0084725154800597,0.4285714285714285,0.5463374028856826,0.475,0.3571428571428571
1.0,0.0470470470470471,0.0,0.0189217676584523,0.6028571428571429,0.332408435072142,0.1925,0.4285714285714285
0.8108108108108141,0.049049049049049,0.0,0.0826107328414509,0.3333333333333333,0.7000554938956715,0.1875,0.5714285714285714
0.9189189189189192,0.0830830830830831,0.0,0.0129826609773704,0.3666666666666666,0.4153718091009989,0.29325,0.5
1.0,0.0915915915915915,0.0,0.0031345638300395,0.5785714285714285,0.3462819089900111,0.22125,0.3571428571428571
0.621621621621621,0.0085085085085085,0.0,0.025798828700895,0.0,0.0,0.0,0.0
0.6756756756756772,0.014014014014014,0.0,0.0508372111151403,0.2904761904761904,0.5405105438401776,0.17,0.6428571428571428
0.7837837837837824,0.0515515515515515,0.0,0.0296548632976,0.3199999999999999,0.654550499445061,0.495625,0.3571428571428571
0.9459459459459438,0.069069069069069,0.0,0.0127089850435678,0.0,0.0,0.0,0.0
0.8648648648648631,0.0735735735735735,0.2865029772296377,0.0190636893888299,0.0,0.0,0.0,0.0
0.7297297297297334,0.0515515515515515,0.0,0.0508372111151403,0.3047619047619048,0.6920088790233074,0.255,0.5714285714285714
0.7567567567567579,0.0185185185185185,0.0,0.0327877325398142,0.4761904761904761,0.3881798002219755,0.17,0.3571428571428571
0.9459459459459438,0.089089089089089,0.0,0.0148272198253218,0.503095238095238,0.4156492785793563,0.2715,0.3571428571428571
0.8918918918918948,0.044044044044044,0.0,0.0166976211376106,0.0,0.0,0.0,0.0
0.9189189189189192,0.054054054054054,0.0,0.0084725154800597,0.505,0.3321309655937847,0.2045,0.3571428571428571
0.9459459459459438,0.3093093093093093,0.0,0.0093198093927613,0.0,0.0,0.0,0.0
0.9189189189189192,0.0965965965965965,0.0,0.0173691015634266,0.4880952380952381,0.4389567147613762,0.3155,0.3571428571428571
0.5135135135135158,0.008008008008008,0.0,0.0491426232897371,0.0,0.0,0.0,0.0
0.8918918918918948,0.074074074074074,0.0,0.0084725154800597,0.4166666666666666,0.3809655937846837,0.22775,0.5
0.6486486486486527,0.0115115115115115,0.0,0.0321967450357049,0.0,0.0,0.0,0.0
0.9459459459459438,0.049049049049049,0.0,0.0135562789562694,0.0,0.0,0.0,0.0
0.9189189189189192,0.0615615615615615,0.0,0.0108186723243304,0.3995238095238095,0.4150943396226415,0.221825,0.3571428571428571
0.7027027027027017,0.0215215215215215,0.1990064032587367,0.0328012892424175,0.0,0.0,0.0,0.0
0.9459459459459438,0.0615615615615615,0.0,0.0058459043506847,0.0,0.0,0.0,0.0
0.8108108108108141,0.019019019019019,0.0,0.0508372111151403,0.4619047619047618,0.3898446170921198,0.175,0.3571428571428571
0.6486486486486527,0.009009009009009,0.0,0.0381278024246162,0.0,0.0,0.0,0.0
0.7567567567567579,0.014014014014014,0.0,0.0211819241705839,0.3723809523809523,0.3310210876803551,0.1602,0.3571428571428571
0.7567567567567579,0.0145145145145145,0.0,0.0338913328611081,0.4761904761904761,0.3881798002219755,0.17,0.3571428571428571
0.7567567567567579,0.021021021021021,0.0,0.0296548632976,0.0,0.0,0.0,0.0
0.8378378378378386,0.024024024024024,0.0,0.0423642719881242,0.0,0.0,0.0,0.0
0.6486486486486527,0.008008008008008,0.0,0.0466007415516323,0.4499999999999999,0.2943951165371809,0.1674999999999999,0.3571428571428571
0.9729729729729756,0.5395395395395396,0.0,0.0031769285256746,0.3995238095238095,0.5535516093229745,0.475,0.3571428571428571
0.7297297297297334,0.029029029029029,0.0,0.0313494511230033,0.3047619047619048,0.6531631520532741,0.444,0.3571428571428571
0.7027027027027017,0.03003003003003,0.0,0.0508372111151403,0.5476190476190476,0.3873473917869034,0.2249999999999999,0.3571428571428571
0.7567567567567579,0.021021021021021,0.0,0.0338913328611081,0.5483333333333333,0.3873473917869034,0.1725,0.3571428571428571
0.8108108108108141,0.036036036036036,0.0,0.0381278024246162,0.0,0.0,0.0,0.0
0.9189189189189192,0.0245244244244244,0.0,0.014403572868971,0.5023809523809524,0.2258601553829078,0.138,0.3571428571428571
0.567567567567572,0.0265265265265265,0.0,0.0423642719881242,0.2142857142857143,0.83157602663707,0.545,0.3571428571428571
0.9459459459459438,0.068068068068068,0.0,0.016521807650725,0.0,0.0,0.0,0.0
0.8378378378378386,0.0615615615615615,0.0,0.0296548632976,0.5314285714285714,0.4389567147613762,0.3157999999999999,0.3571428571428571
0.9729729729729756,0.064064064064064,0.0,0.0023808958946914,0.5238095238095237,0.3321309655937847,0.2045,0.3571428571428571
0.8648648648648631,0.0785785785785785,0.0,0.0148272198253218,0.405,0.4414539400665926,0.30325,0.3571428571428571
0.9189189189189192,0.0595595595595596,0.0,0.053802739809596,0.6761904761904761,0.3462819089900111,0.18505,0.3571428571428571
0.8918918918918948,0.051051051051051,0.0,0.0084725154800597,0.4857142857142856,0.3321309655937847,0.2045,0.3571428571428571
0.8918918918918948,0.1341341341341341,0.0,0.0410933311190718,0.4038095238095238,0.5460599334073252,0.345075,0.3571428571428571
0.6756756756756772,0.009009009009009,0.0,0.0550736806786484,0.0,0.0,0.0,0.0
0.8108108108108141,0.049049049049049,0.0,0.0338913328611081,0.5314285714285714,0.4389567147613762,0.31575,0.3571428571428571
0.7027027027027017,0.0195194194194194,0.0,0.0508372111151403,0.0,0.0,0.0,0.0
0.9189189189189192,0.1141141141141141,0.0,0.0177927485197774,0.3809523809523809,0.6046059933407325,0.35,0.5
0.9189189189189192,0.048048048048048,0.0,0.0279602754721968,0.0,0.0,0.0,0.0
0.567567567567572,0.0265265265265265,0.0,0.0094418197161904,0.0,0.0,0.0,0.0
0.8918918918918948,0.0620620620620621,0.0,0.042787918944475,0.394047619047619,0.693118756936737,0.2625,0.4285714285714285
0.8648648648648631,0.0493493493493493,0.0,0.0466007415516323,0.3357142857142857,0.6046059933407325,0.36985,0.5
0.9189189189189192,0.0670670670670671,0.0,0.018640042432479,0.0,0.0,0.0,0.0
0.7297297297297334,0.024024024024024,0.0,0.0466007415516323,0.0,0.0,0.0,0.0
0.8648648648648631,0.027027027027027,0.0,0.0094278393666307,0.0,0.0,0.0,0.0
0.8108108108108141,0.0442441441441441,0.0,0.0292312163412492,0.5214285714285714,0.3873473917869034,0.2219,0.3571428571428571
0.9729729729729756,0.1016016016016016,0.0,0.0135562789562694,0.6688095238095237,0.3462819089900111,0.22125,0.3571428571428571
0.9459459459459438,0.3783783783783784,0.0,0.0124971615653923,0.5352380952380952,0.5535516093229745,0.46935,0.3571428571428571
0.8918918918918948,0.0635635635635635,0.0,0.0046596928729024,0.3404761904761905,0.4433962264150943,0.25875,0.3571428571428571
0.7297297297297334,0.029029029029029,0.0,0.0423642719881242,0.4047619047619047,0.4153718091009989,0.295,0.3571428571428571
0.7297297297297334,0.024024024024024,0.0,0.0338913328611081,0.3714285714285714,0.3318534961154273,0.175,0.3571428571428571
0.6756756756756772,0.0165165165165165,0.0,0.0258420406904428,0.4071428571428571,0.4142619311875694,0.275,0.3571428571428571
0.7837837837837824,0.039039039039039,0.0,0.0419406250317734,0.0,0.0,0.0,0.0
0.7837837837837824,0.0135135135135135,0.0,0.0508372111151403,0.4428571428571429,0.3326859045504994,0.1985,0.3571428571428571
0.8108108108108141,0.034034034034034,0.0,0.0783742632779428,0.557142857142857,0.3462819089900111,0.185,0.3571428571428571
0.9459459459459438,0.069069069069069,0.0,0.0127089850435678,0.6028571428571429,0.332408435072142,0.1925,0.4285714285714285
0.9729729729729756,0.0720720720720721,0.0,0.0148272198253218,0.0,0.0,0.0,0.0
0.9729729729729756,0.054054054054054,0.0,0.0127089850435678,0.5676190476190476,0.3326859045504994,0.209575,0.3571428571428571
0.9459459459459438,0.3793793793793794,0.0,0.0042360459165516,0.0,0.0,0.0,0.0
0.621621621621621,0.0220219219219219,0.0,0.0338913328611081,0.25,0.6046059933407325,0.3,0.5
1.0,0.032032032032032,0.0,0.0296548632976,0.4499999999999999,0.3321309655937847,0.20465,0.3571428571428571
0.8918918918918948,0.021021021021021,0.0,0.0423642719881242,0.5023809523809524,0.2258601553829078,0.138,0.3571428571428571
0.4324324324324351,0.016016016016016,0.0,0.0008553432048722,0.0,0.0,0.0,0.0
0.8378378378378386,0.039039039039039,0.0,0.0326203919920556,0.5157142857142857,0.4156492785793563,0.259,0.3571428571428571
0.7837837837837824,0.0236236236236236,0.0,0.0148272198253218,0.5483333333333333,0.3873473917869034,0.1725,0.3571428571428571
0.7027027027027017,0.017017017017017,0.0,0.0197965986233167,0.0,0.0,0.0,0.0
0.8108108108108141,0.0415415415415415,0.0,0.042787918944475,0.5214285714285714,0.3873473917869034,0.2219,0.3571428571428571
0.9459459459459438,0.089089089089089,0.0,0.0127089850435678,0.6071428571428571,0.4156492785793563,0.2465,0.3571428571428571
0.7837837837837824,0.034034034034034,0.0,0.0105907502618137,0.4847619047619047,0.3321309655937847,0.19725,0.3571428571428571
0.8378378378378386,0.034034034034034,0.0,0.0707486180636283,0.3238095238095237,0.7000554938956715,0.1574999999999999,0.5714285714285714
0.9729729729729756,0.1241241241241241,0.0,0.0101671033054629,0.0,0.0,0.0,0.0
0.8648648648648631,0.06006006006006,0.0,0.0381278024246162,0.5421428571428571,0.4156492785793563,0.246475,0.3571428571428571
0.7837837837837824,0.0422422422422422,0.0,0.0326203919920556,0.5314285714285714,0.4389567147613762,0.3157999999999999,0.3571428571428571
0.9729729729729756,0.5145145145145146,0.0,0.0084725154800597,0.5326190476190477,0.6900665926748057,0.5364,0.3571428571428571
0.5945945945945965,0.011011011011011,0.0,0.0254183937340919,0.4499999999999999,0.2769145394006659,0.1677499999999999,0.3571428571428571
0.6486486486486527,0.009009009009009,0.0,0.0296548632976,0.0,0.0,0.0,0.0
0.9189189189189192,0.3193193193193193,0.0,0.0190636893888299,0.4602380952380951,0.554661487236404,0.4425,0.3571428571428571
0.9459459459459438,0.029029029029029,0.0,0.0127089850435678,0.588095238095238,0.220865704772475,0.1182499999999999,0.3571428571428571
0.8108108108108141,0.063063063063063,0.0,0.0377041554682653,0.0,0.0,0.0,0.0
0.8378378378378386,0.074074074074074,0.0,0.0430014370104758,0.0,0.0,0.0,0.0
0.621621621621621,0.0045045045045045,0.0,0.0423642719881242,0.0,0.0,0.0,0.0
1.0,0.025025025025025,0.0,0.0211819241705839,0.4795238095238095,0.4156492785793563,0.22125,0.3571428571428571
0.9729729729729756,0.5395395395395396,0.0,0.0031769285256746,0.3995238095238095,0.5535516093229745,0.475,0.3571428571428571
0.8918918918918948,0.038038038038038,0.0,0.0063542806983056,0.5992857142857143,0.2216981132075471,0.1332499999999999,0.3571428571428571
0.9189189189189192,0.1141141141141141,0.0,0.0277484519940214,0.0,0.0,0.0,0.0
0.6756756756756772,0.011011011011011,0.0,0.0466007415516323,0.0,0.0,0.0,0.0
0.8648648648648631,0.0493493493493493,0.0,0.0466007415516323,0.3357142857142857,0.6046059933407325,0.36985,0.5
0.5135135135135158,0.0045045045045045,0.0,0.0508372111151403,0.3142857142857142,0.4148168701442841,0.235,0.3571428571428571
0.8918918918918948,0.064064064064064,0.0,0.0169454546070758,0.415,0.3873473917869034,0.26375,0.3571428571428571
0.9459459459459438,0.0450449449449449,0.0,0.0211819241705839,0.5149999999999999,0.2769145394006659,0.1674999999999999,0.3571428571428571
0.7297297297297334,0.019019019019019,0.0,0.0296548632976,0.4847619047619047,0.3321309655937847,0.19725,0.3571428571428571
0.8108108108108141,0.034034034034034,0.0,0.0360095676428621,0.5452380952380952,0.3462819089900111,0.185,0.3571428571428571
0.8648648648648631,0.1091091091091091,0.0,0.0296548632976,0.3809523809523809,0.6046059933407325,0.35,0.5
0.8648648648648631,0.094094094094094,0.0,0.0508372111151403,0.3666666666666666,0.5541065482796892,0.3,0.5
0.7837837837837824,0.016016016016016,0.0,0.0169454546070758,0.5023809523809524,0.2258601553829078,0.138,0.3571428571428571
0.7297297297297334,0.019019019019019,0.0,0.0381278024246162,0.4266666666666667,0.3013318534961154,0.15525,0.3571428571428571
0.8108108108108141,0.074074074074074,0.0,0.0336066421064403,0.3092857142857143,0.6920088790233074,0.2515,0.5
0.8918918918918948,0.0105104104104104,0.041402164339543,0.0036853048732956,0.0,0.0,0.0,0.0
0.8918918918918948,0.0435435435435435,0.0,0.0266893346031444,0.3642857142857142,0.8201997780244173,0.2095,0.6428571428571428
0.7837837837837824,0.0165165165165165,0.0,0.0508372111151403,0.4761904761904761,0.3881798002219755,0.17,0.3571428571428571
0.8648648648648631,0.034034034034034,0.0,0.0338913328611081,0.0,0.0,0.0,0.0
0.9729729729729756,0.0475474474474474,0.0,0.002120776663492,0.0,0.0,0.0,0.0
0.8648648648648631,0.054054054054054,0.0,0.0338913328611081,0.38,0.7000554938956715,0.15525,0.5
0.9459459459459438,0.073073073073073,0.0,0.0164442802577128,0.6521428571428571,0.3462819089900111,0.185,0.3571428571428571
0.9189189189189192,0.036036036036036,0.0,0.0169454546070758,0.464047619047619,0.332408435072142,0.1676,0.3571428571428571
0.9459459459459438,0.079079079079079,0.0,0.0114380441745153,0.5785714285714285,0.3462819089900111,0.22125,0.3571428571428571
0.7567567567567579,0.034034034034034,0.0,0.0582510328512795,0.4595238095238095,0.3462819089900111,0.18475,0.3571428571428571
0.9459459459459438,0.049049049049049,0.0,0.0050833398292532,0.0,0.0,0.0,0.0
0.8378378378378386,0.059059059059059,0.0,0.0114380441745153,0.0,0.0,0.0,0.0
0.8108108108108141,0.089089089089089,0.0,0.0254183937340919,0.0,0.0,0.0,0.0
0.7297297297297334,0.012012012012012,0.0,0.088965437186713,0.0,0.0,0.0,0.0
0.9729729729729756,0.061061061061061,0.0,0.005506986785604,0.4092857142857143,0.3321309655937847,0.20465,0.3571428571428571
0.9189189189189192,0.069069069069069,0.0,0.0169454546070758,0.4402380952380951,0.4142619311875694,0.25,0.5
0.7567567567567579,0.024024024024024,0.0,0.0118616911308661,0.0,0.0,0.0,0.0
0.6486486486486527,0.007007007007007,0.0,0.0245710998213903,0.0,0.0,0.0,0.0
0.8648648648648631,0.0450449449449449,0.0,0.0338913328611081,0.633095238095238,0.3462819089900111,0.185,0.3571428571428571
0.9189189189189192,0.0465465465465465,0.0,0.0177927485197774,0.0,0.0,0.0,0.0
0.7567567567567579,0.029029029029029,0.0,0.0508372111151403,0.4595238095238095,0.3462819089900111,0.18475,0.3571428571428571
0.8648648648648631,0.069069069069069,0.0,0.0326203919920556,0.0,0.0,0.0,0.0
0.9189189189189192,0.1026026026026026,0.0,0.0097434563491121,0.0,0.0,0.0,0.0
0.6486486486486527,0.008008008008008,0.0,0.0381278024246162,0.4095238095238094,0.3873473917869034,0.13375,0.3571428571428571
0.6756756756756772,0.013013013013013,0.0,0.0381278024246162,0.0,0.0,0.0,0.0
0.9459459459459438,0.0525525525525525,0.0,0.0131326319999185,0.5723809523809523,0.2771920088790233,0.1674999999999999,0.3571428571428571
0.7027027027027017,0.044044044044044,0.0,0.0233001589523379,0.0,0.0,0.0,0.0
0.6486486486486527,0.012012012012012,0.0,0.0381278024246162,0.469047619047619,0.220865704772475,0.11575,0.3571428571428571
0.9189189189189192,0.035035035035035,0.0,0.0122853380872169,0.4321428571428571,0.332408435072142,0.205,0.4285714285714285
0.7027027027027017,0.019019019019019,0.0,0.0466007415516323,0.0,0.0,0.0,0.0
0.8108108108108141,0.039039039039039,0.0,0.0351622737301605,0.5495238095238094,0.4053829078801332,0.15775,0.3571428571428571
0.8108108108108141,0.0315315315315315,0.0,0.066935795456471,0.5809523809523809,0.4159267480577137,0.2473999999999999,0.3571428571428571
0.8648648648648631,0.0675675675675676,0.2865029772296377,0.0216055711269347,0.0,0.0,0.0,0.0
0.8108108108108141,0.094094094094094,0.0,0.0210548300836787,0.3595238095238094,0.6046059933407325,0.35,0.5
0.9729729729729756,0.0465465465465465,0.0,0.0444825067698783,0.0,0.0,0.0,0.0
0.8918918918918948,0.0415415415415415,0.0,0.0296548632976,0.5523809523809523,0.3462819089900111,0.1848499999999999,0.3571428571428571
0.8108108108108141,0.027027027027027,0.0,0.0220292180832855,0.4833333333333333,0.3462819089900111,0.1875,0.3571428571428571
0.9189189189189192,0.048048048048048,0.0,0.0242520936632582,0.4973809523809523,0.3321309655937847,0.2045,0.3571428571428571
0.7027027027027017,0.0345345345345345,0.0,0.0423642719881242,0.0,0.0,0.0,0.0
0.7837837837837824,0.074074074074074,0.0,0.0508372111151403,0.3047619047619048,0.6920088790233074,0.255,0.5714285714285714
0.567567567567572,0.0045045045045045,0.0,0.0148272198253218,0.0,0.0,0.0,0.0
0.8918918918918948,0.044044044044044,0.0,0.0148272198253218,0.4499999999999999,0.3321309655937847,0.205,0.3571428571428571
0.9729729729729756,0.056056056056056,0.0,0.0021178111347976,0.4471428571428571,0.2771920088790233,0.1875,0.3571428571428571
0.7837837837837824,0.0054054054054054,0.0,0.0076252215673581,0.6047619047619047,0.1731409544950055,0.09375,0.2857142857142857
0.8918918918918948,0.0615615615615615,0.0,0.0508372111151403,0.4402380952380951,0.4142619311875694,0.25,0.5
0.8378378378378386,0.046046046046046,0.0,0.012932670636521,0.4428571428571429,0.3321309655937847,0.20465,0.3571428571428571
0.8378378378378386,0.044044044044044,0.0,0.0057188102637794,0.4333333333333333,0.3326859045504994,0.206,0.3571428571428571
0.8918918918918948,0.069069069069069,0.0,0.0084725154800597,0.4935714285714285,0.3809655937846837,0.22775,0.3571428571428571
1.0,0.034034034034034,0.0,0.0021178111347976,0.525,0.220865704772475,0.1182499999999999,0.3571428571428571
0.8108108108108141,0.089089089089089,0.0,0.0309258041666524,0.3092857142857143,0.6920088790233074,0.25,0.5714285714285714
0.9729729729729756,0.099099099099099,0.0,0.0063542806983056,0.4526190476190476,0.4056603773584906,0.258,0.4285714285714285
0.9729729729729756,0.1131131131131131,0.0,0.0042360459165516,0.5119047619047619,0.4153718091009989,0.27125,0.3571428571428571
0.8918918918918948,0.031031031031031,0.0,0.0182163954761283,0.6333333333333333,0.2769145394006659,0.1453999999999999,0.3571428571428571
0.8378378378378386,0.059059059059059,0.0,0.0381278024246162,0.6190476190476191,0.4156492785793563,0.2465,0.3571428571428571
0.8648648648648631,0.0445445445445445,0.0,0.0392381810972116,0.0,0.0,0.0,0.0
0.8918918918918948,0.089089089089089,0.0,0.0211819241705839,0.5838095238095238,0.3462819089900111,0.22125,0.5
0.7027027027027017,0.01001001001001,0.0,0.0084725154800597,0.0,0.0,0.0,0.0
0.6486486486486527,0.015015015015015,0.0,0.0508372111151403,0.3238095238095237,0.7000554938956715,0.1574999999999999,0.6428571428571428
0.8108108108108141,0.039039039039039,0.0,0.0317730980793541,0.0,0.0,0.0,0.0
0.6486486486486527,0.0075075075075075,0.0,0.0296548632976,0.0,0.0,0.0,0.0
0.8648648648648631,0.054054054054054,0.0,0.0207582772142331,0.0,0.0,0.0,0.0
0.9459459459459438,0.079079079079079,0.0,0.0084725154800597,0.0,0.0,0.0,0.0
0.9189189189189192,0.054054054054054,0.0,0.0084725154800597,0.505,0.3321309655937847,0.2045,0.3571428571428571
0.9459459459459438,0.094094094094094,0.0,0.0084725154800597,0.5476190476190476,0.4156492785793563,0.2473999999999999,0.3571428571428571
0.8648648648648631,0.036036036036036,0.0,0.0254183937340919,0.0,0.0,0.0,0.0
0.8108108108108141,0.0215215215215215,0.0,0.0330440389484065,0.0,0.0,0.0,0.0
0.7297297297297334,0.0121121121121121,0.0,0.0338913328611081,0.4716666666666666,0.3013318534961154,0.1701249999999999,0.3571428571428571
0.9729729729729756,0.064064064064064,0.0,0.0023808958946914,0.5238095238095237,0.3321309655937847,0.2045,0.3571428571428571
0.8378378378378386,0.038038038038038,0.0,0.0381278024246162,0.5452380952380952,0.3462819089900111,0.185,0.3571428571428571
0.9729729729729756,0.5495495495495496,0.0,0.0036005754820254,0.3995238095238095,0.5535516093229745,0.475,0.3571428571428571
0.7297297297297334,0.018018018018018,0.0,0.0160981606943742,0.0,0.0,0.0,0.0
0.8108108108108141,0.044044044044044,0.0,0.0593101502421565,0.3814285714285714,0.3809655937846837,0.23425,0.5
0.6486486486486527,0.0055055055055055,0.0,0.0127089850435678,0.35,0.3190899001109878,0.19,0.3571428571428571
0.9189189189189192,0.3293293293293293,0.0,0.0254183937340919,0.0,0.5410654827968924,0.485,0.3571428571428571
0.8378378378378386,0.019019019019019,0.0,0.0381278024246162,0.0,0.0,0.0,0.0
0.7837837837837824,0.0405405405405405,0.0,0.0529554458968944,0.5102380952380952,0.3784683684794672,0.2179999999999999,0.3571428571428571
0.8108108108108141,0.026026026026026,0.0,0.0254183937340919,0.0,0.0,0.0,0.0
0.7837837837837824,0.0215215215215215,0.0,0.0466007415516323,0.0,0.0,0.0,0.0
0.8378378378378386,0.0625625625625626,0.0,0.0334723460212771,0.4285714285714285,0.4153718091009989,0.29325,0.3571428571428571
0.8378378378378386,0.0520520520520521,0.0,0.0381278024246162,0.6,0.3462819089900111,0.185,0.3571428571428571
0.7837837837837824,0.038038038038038,0.0,0.0423642719881242,0.5314285714285714,0.4389567147613762,0.3157999999999999,0.3571428571428571
0.8918918918918948,0.0785785785785785,0.0,0.0381278024246162,0.6688095238095237,0.3462819089900111,0.22125,0.3571428571428571
0.9459459459459438,0.5495495495495496,0.0,0.0093198093927613,0.4069047619047619,0.8304661487236404,0.6535,0.2857142857142857
0.6756756756756772,0.007007007007007,0.0,0.0847289676232049,0.0,0.0,0.0,0.0
0.8378378378378386,0.0470470470470471,0.0,0.0305021572103016,0.4547619047619047,0.3321309655937847,0.2145,0.3571428571428571
0.7027027027027017,0.014014014014014,0.0,0.0296548632976,0.3142857142857142,0.4148168701442841,0.235,0.3571428571428571
0.8108108108108141,0.076076076076076,0.0,0.0360095676428621,0.394047619047619,0.693118756936737,0.2625,0.5
0.8918918918918948,0.2692692692692693,0.0,0.0148272198253218,0.3571428571428571,0.5946170921198668,0.51,0.3571428571428571
0.9189189189189192,0.03003003003003,0.0,0.0148272198253218,0.588095238095238,0.220865704772475,0.1182499999999999,0.3571428571428571
0.7027027027027017,0.0105104104104104,0.0,0.0508372111151403,0.4545238095238095,0.3873473917869034,0.1725,0.3571428571428571
0.8918918918918948,0.0746746746746747,0.0,0.0296548632976,0.5838095238095238,0.3462819089900111,0.22125,0.5
0.7027027027027017,0.018018018018018,0.0,0.0423642719881242,0.4238095238095238,0.3881798002219755,0.1674999999999999,0.3571428571428571
0.6756756756756772,0.014014014014014,0.0,0.0381278024246162,0.0,0.0,0.0,0.0
0.8378378378378386,0.019019019019019,0.0,0.0169454546070758,0.0,0.0,0.0,0.0
0.8918918918918948,0.0220219219219219,0.0,0.0338913328611081,0.0,0.0,0.0,0.0
0.8918918918918948,0.0255255255255255,0.0,0.0169454546070758,0.0,0.0,0.0,0.0
0.9459459459459438,0.0665665665665665,0.0,0.0102793697488959,0.4452380952380952,0.3326859045504994,0.22175,0.3571428571428571
0.8108108108108141,0.1916916916916917,0.0,0.0387632728591424,0.238095238095238,0.5960044395116537,0.425,0.3571428571428571
0.7027027027027017,0.0189189189189189,0.0,0.0222562928518895,0.0,0.0,0.0,0.0
0.6756756756756772,0.0095095095095095,0.0,0.0423642719881242,0.4499999999999999,0.2943951165371809,0.1674999999999999,0.3571428571428571
0.8918918918918948,0.1641641641641641,0.0,0.0540992926790416,0.2704761904761904,0.7644284128745839,0.42875,0.5
0.4864864864864842,0.0035035035035035,0.0,0.0307305029197747,0.0,0.0,0.0,0.0
0.9189189189189192,0.069069069069069,0.0,0.0296548632976,0.6149999999999999,0.4156492785793563,0.2475,0.3571428571428571
0.8648648648648631,0.0750750750750751,0.0,0.0296548632976,0.5976190476190476,0.4156492785793563,0.2465,0.3571428571428571
0.9189189189189192,0.036036036036036,0.0,0.0347386267738097,0.0,0.0,0.0,0.0
0.9459459459459438,0.019019019019019,0.0,0.0105907502618137,0.4,0.220865704772475,0.0855,0.5714285714285714
0.8108108108108141,0.0685685685685685,0.0,0.0508372111151403,0.4526190476190476,0.4053829078801332,0.271125,0.3571428571428571
0.7567567567567579,0.0435435435435435,0.0,0.0381278024246162,0.3238095238095237,0.7000554938956715,0.1574999999999999,0.5
0.8378378378378386,0.043043043043043,0.0,0.0263504170380637,0.4047619047619047,0.3321309655937847,0.2,0.3571428571428571
0.8918918918918948,0.0635635635635635,0.0,0.0046596928729024,0.3404761904761905,0.4433962264150943,0.25875,0.3571428571428571
0.8918918918918948,0.0763763763763764,0.0,0.027536628515846,0.4238095238095238,0.4153718091009989,0.29325,0.3571428571428571
0.9729729729729756,0.5145145145145146,0.0,0.0084725154800597,0.5326190476190477,0.6900665926748057,0.5364,0.3571428571428571
0.9459459459459438,0.0875875875875876,0.0,0.0317730980793541,0.5119047619047619,0.4156492785793563,0.27125,0.3571428571428571
0.9459459459459438,0.079079079079079,0.0,0.0105907502618137,0.4142857142857142,0.3321309655937847,0.20465,0.3571428571428571
0.7297297297297334,0.012012012012012,0.0,0.0338913328611081,0.0,0.0,0.0,0.0
0.8648648648648631,0.026026026026026,0.0,0.0093198093927613,0.5414285714285714,0.220865704772475,0.1182499999999999,0.3571428571428571
0.9189189189189192,0.3193193193193193,0.0,0.0190636893888299,0.4602380952380951,0.554661487236404,0.4425,0.3571428571428571
0.8108108108108141,0.044044044044044,0.0,0.0296548632976,0.38,0.7000554938956715,0.15525,0.5
0.9459459459459438,0.0614614614614614,0.0,0.0062191373192297,0.0,0.0,0.0,0.0
0.9459459459459438,0.0275275275275275,0.0,0.0127089850435678,0.0,0.0,0.0,0.0
0.9729729729729756,0.5145145145145146,0.0,0.0084725154800597,0.5326190476190477,0.6900665926748057,0.5364,0.3571428571428571
0.0,0.029029029029029,0.0,0.0042360459165516,0.0,0.0,0.0,0.0
0.8918918918918948,0.0650650650650651,0.0,0.014403572868971,0.4166666666666666,0.3809655937846837,0.22775,0.5
0.9729729729729756,0.06006006006006,0.0,0.0008468702657452,0.4428571428571429,0.3321309655937847,0.20465,0.3571428571428571
0.7837837837837824,0.015015015015015,0.0,0.0296548632976,0.0,0.0,0.0,0.0
0.7297297297297334,0.4194194194194194,0.0,0.0423642719881242,0.0,0.0,0.0,0.0
0.5405405405405403,0.029029029029029,0.0,0.0415169780754226,0.25,0.6046059933407325,0.3,0.5714285714285714
0.9189189189189192,0.0465465465465465,0.0,0.0191005466740324,0.0,0.0,0.0,0.0
0.6756756756756772,0.0105104104104104,0.0,0.0248388446978041,0.3333333333333333,0.220865704772475,0.0875,0.3571428571428571
0.9459459459459438,0.084084084084084,0.0,0.0127089850435678,0.0,0.0,0.0,0.0
0.8918918918918948,0.037037037037037,0.0,0.0338913328611081,0.5809523809523809,0.3107658157602663,0.1775,0.3571428571428571
0.9189189189189192,0.0515515515515515,0.0,0.0041280159426821,0.0,0.0,0.0,0.0
0.8378378378378386,0.1041041041041041,0.0,0.0381278024246162,0.0,0.0,0.0,0.0
0.9729729729729756,0.064064064064064,0.0,0.0023808958946914,0.5238095238095237,0.3321309655937847,0.2045,0.3571428571428571
0.8918918918918948,0.0635635635635635,0.0,0.0046596928729024,0.3404761904761905,0.4433962264150943,0.25875,0.3571428571428571
0.5945945945945965,0.0055055055055055,0.0,0.0148272198253218,0.4499999999999999,0.2769145394006659,0.1677499999999999,0.3571428571428571
0.7297297297297334,0.017017017017017,0.0,0.0368568615555637,0.0,0.0,0.0,0.0
0.9459459459459438,0.059059059059059,0.0,0.0127089850435678,0.0,0.0,0.0,0.0
0.5135135135135158,0.009009009009009,0.0,0.0338913328611081,0.0,0.0,0.0,0.0
0.5945945945945965,0.024024024024024,0.0,0.1016748458772372,0.3047619047619048,0.6920088790233074,0.255,0.5714285714285714
0.8648648648648631,0.0465465465465465,0.0,0.0216055711269347,0.5238095238095237,0.3321309655937847,0.2045,0.3571428571428571
0.7837837837837824,0.029029029029029,0.0,0.0296548632976,0.4428571428571429,0.3851276359600444,0.1674999999999999,0.3571428571428571
0.7297297297297334,0.021021021021021,0.0,0.0338913328611081,0.3857142857142857,0.4142619311875694,0.275,0.3571428571428571
0.8108108108108141,0.024024024024024,0.0,0.0296548632976,0.0,0.0,0.0,0.0
0.8648648648648631,0.024024024024024,0.0,0.0423642719881242,0.6576190476190477,0.2200332963374028,0.1175,0.3571428571428571
0.9459459459459438,0.043043043043043,0.0,0.0072015746110072,0.4883333333333333,0.2769145394006659,0.1676,0.3571428571428571
0.9459459459459438,0.087987987987988,0.0,0.0084725154800597,0.6688095238095237,0.3462819089900111,0.22125,0.3571428571428571
0.7837837837837824,0.037037037037037,0.0,0.0381278024246162,0.0,0.0,0.0,0.0
0.9729729729729756,0.1016016016016016,0.0,0.0063542806983056,0.4828571428571429,0.4056603773584906,0.258125,0.3571428571428571
0.7837837837837824,0.024024024024024,0.0,0.0188891468428133,0.0,0.0,0.0,0.0
0.7567567567567579,0.03003003003003,0.0,0.0296548632976,0.4595238095238095,0.3462819089900111,0.18475,0.3571428571428571
0.7567567567567579,0.014014014014014,0.0,0.0169454546070758,0.0,0.0,0.0,0.0
0.8378378378378386,0.034034034034034,0.0,0.0211819241705839,0.4404761904761904,0.3321309655937847,0.2145,0.3571428571428571
0.9189189189189192,0.015015015015015,0.0,0.0211819241705839,0.0,0.0,0.0,0.0
0.9729729729729756,0.034034034034034,0.0,0.0021178111347976,0.0,0.0,0.0,0.0
0.8648648648648631,0.028028028028028,0.0,0.0064390100895758,0.5992857142857143,0.2216981132075471,0.1332499999999999,0.3571428571428571
0.9729729729729756,0.5145145145145146,0.0,0.0084725154800597,0.5326190476190477,0.6900665926748057,0.5364,0.3571428571428571
0.7567567567567579,0.034034034034034,0.0,0.0211819241705839,0.0,0.0,0.0,0.0
0.8108108108108141,0.0475474474474474,0.0,0.027536628515846,0.0,0.0,0.0,0.0
0.6756756756756772,0.044044044044044,0.0,0.0474480354643339,0.25,0.7239178690344062,0.3,0.6428571428571428
0.7837837837837824,0.011011011011011,0.0,0.0593101502421565,0.0,0.0,0.0,0.0
0.9189189189189192,0.044044044044044,0.0,0.0238466635260304,0.5714285714285714,0.3290788013318535,0.184925,0.3571428571428571
0.7567567567567579,0.01001001001001,0.0,0.0211819241705839,0.4095238095238094,0.3873473917869034,0.13375,0.3571428571428571
1.0,0.066966966966967,0.0,0.0021178111347976,0.0,0.7000554938956715,0.175,0.1428571428571428
0.8648648648648631,0.043043043043043,0.0,0.0127089850435678,0.4857142857142856,0.3321309655937847,0.2045,0.3571428571428571
0.8918918918918948,0.0365365365365365,0.0,0.0225880084187122,0.6057142857142858,0.2597114317425083,0.14075,0.3571428571428571
0.6756756756756772,0.027027027027027,0.0,0.0804924980596968,0.0,0.0,0.0,0.0
0.7567567567567579,0.027027027027027,0.0,0.0466007415516323,0.0,0.0,0.0,0.0
0.621621621621621,0.0220219219219219,0.0,0.1270936632582856,0.0,0.0,0.0,0.0
0.9189189189189192,0.079079079079079,0.0,0.0080488685237088,0.0,0.0,0.0,0.0
0.621621621621621,0.013013013013013,0.0,0.0296548632976,0.0,0.0,0.0,0.0
0.4864864864864842,0.007007007007007,0.0,0.0423642719881242,0.0,0.0,0.0,0.0
0.9729729729729756,0.044044044044044,0.0,0.0042360459165516,0.4833333333333333,0.3013318534961154,0.17,0.3571428571428571
0.8648648648648631,0.0715715715715715,0.2978195688157794,0.0176563341998325,0.0,0.0,0.0,0.0
0.8648648648648631,0.035035035035035,0.0,0.0508372111151403,0.5809523809523809,0.3107658157602663,0.1775,0.3571428571428571
0.7297297297297334,0.017017017017017,0.0,0.0368568615555637,0.0,0.0,0.0,0.0
0.8918918918918948,0.068068068068068,0.0,0.0135562789562694,0.5976190476190476,0.3462819089900111,0.22125,0.3571428571428571
0.7027027027027017,0.0085085085085085,0.0,0.0338913328611081,0.4257142857142856,0.3873473917869034,0.132,0.3571428571428571
0.8918918918918948,0.029029029029029,0.0,0.0169454546070758,0.4321428571428571,0.332408435072142,0.205,0.4285714285714285
0.9189189189189192,0.0615615615615615,0.0,0.0108186723243304,0.3995238095238095,0.4150943396226415,0.221825,0.3571428571428571
0.7837837837837824,0.021021021021021,0.0,0.0338913328611081,0.0,0.0,0.0,0.0
0.8378378378378386,0.034034034034034,0.0,0.0127089850435678,0.0,0.0,0.0,0.0
0.7027027027027017,0.011011011011011,0.0,0.0381278024246162,0.469047619047619,0.220865704772475,0.11575,0.3571428571428571
0.8648648648648631,0.064064064064064,0.0,0.0423642719881242,0.5366666666666666,0.3873473917869034,0.221825,0.3571428571428571
0.621621621621621,0.0055055055055055,0.0,0.0527177799543816,0.0,0.0,0.0,0.0
0.7837837837837824,0.0225225225225225,0.0,0.0338913328611081,0.4980952380952381,0.2769145394006659,0.1677499999999999,0.3571428571428571
0.9729729729729756,0.054054054054054,0.0,0.0048715163510778,0.505,0.3321309655937847,0.2045,0.3571428571428571
0.7297297297297334,0.0265265265265265,0.0,0.0338913328611081,0.4716666666666666,0.3013318534961154,0.1701249999999999,0.3571428571428571
0.5945945945945965,0.006006006006006,0.0,0.0211819241705839,0.4499999999999999,0.2769145394006659,0.1677499999999999,0.3571428571428571
0.8648648648648631,0.066066066066066,0.0,0.0508372111151403,0.5761904761904761,0.4156492785793563,0.2465,0.5
0.7837837837837824,0.029029029029029,0.0,0.0423642719881242,0.5495238095238094,0.4053829078801332,0.1578,0.3571428571428571
0.8108108108108141,0.0375375375375375,0.0,0.0423642719881242,0.4945238095238095,0.3462819089900111,0.2219999999999999,0.5
0.9189189189189192,0.056056056056056,0.0,0.0066847253242593,0.4238095238095238,0.332408435072142,0.21675,0.3571428571428571
0.8918918918918948,0.1016016016016016,0.37537962334519,0.0209963668037022,0.0,0.0,0.0,0.0
0.6486486486486527,0.011011011011011,0.0,0.0508372111151403,0.4238095238095238,0.3013318534961154,0.1574999999999999,0.3571428571428571
0.7837837837837824,0.014014014014014,0.0,0.0348657208607149,0.6388095238095237,0.220865704772475,0.0959999999999999,0.3571428571428571
0.7837837837837824,0.018018018018018,0.0,0.0254183937340919,0.0,0.0,0.0,0.0
0.7027027027027017,0.028028028028028,0.0,0.0508372111151403,0.3238095238095237,0.7000554938956715,0.1574999999999999,0.5
0.9459459459459438,0.054054054054054,0.0,0.0103365620880032,0.5238095238095237,0.3321309655937847,0.2045,0.3571428571428571
0.8648648648648631,0.031031031031031,0.0,0.0254183937340919,0.0,0.0,0.0,0.0
0.9729729729729756,0.1291291291291291,0.0,0.0084725154800597,0.4142857142857142,0.4153718091009989,0.294,0.3571428571428571
0.7837837837837824,0.0175175175175175,0.0,0.0423642719881242,0.0,0.0,0.0,0.0
0.8648648648648631,0.0455455455455455,0.0,0.0267160243613945,0.4499999999999999,0.3321309655937847,0.205,0.3571428571428571
0.9189189189189192,0.016016016016016,0.0502346260653122,0.0005926820919347,0.0,0.0,0.0,0.0
0.8378378378378386,0.074074074074074,0.0,0.0338913328611081,0.5976190476190476,0.4156492785793563,0.2465,0.3571428571428571
0.9189189189189192,0.064064064064064,0.0,0.0169454546070758,0.4428571428571429,0.3321309655937847,0.204575,0.3571428571428571
0.7837837837837824,0.017017017017017,0.0,0.0508372111151403,0.0,0.0,0.0,0.0
0.621621621621621,0.014014014014014,0.0,0.0593101502421565,0.4214285714285714,0.4153718091009989,0.195,0.3571428571428571
0.5135135135135158,0.0220219219219219,0.0,0.1228571936947775,0.3119047619047618,0.6786903440621532,0.1875,0.7142857142857142
0.5945945945945965,0.008008008008008,0.0,0.0313494511230033,0.3047619047619048,0.3873473917869034,0.2125,0.3571428571428571
0.7567567567567579,0.0255255255255255,0.1576042389191937,0.0182163954761283,0.0,0.0,0.0,0.0
0.7837837837837824,0.039039039039039,0.0,0.0466007415516323,0.0,0.0,0.0,0.0
0.9459459459459438,0.034034034034034,0.0,0.0169454546070758,0.5702380952380952,0.2769145394006659,0.167625,0.3571428571428571
0.8648648648648631,0.027027027027027,0.0,0.0338913328611081,0.5414285714285714,0.220865704772475,0.1182499999999999,0.3571428571428571
0.9189189189189192,0.3193193193193193,0.0,0.0190636893888299,0.4602380952380951,0.554661487236404,0.4425,0.3571428571428571
0.4864864864864842,0.0400399399399399,0.0,0.020910366471563,0.0,0.0,0.0,0.0
0.9729729729729756,0.0801801801801802,0.0,0.0182163954761283,0.5366666666666666,0.3873473917869034,0.2219,0.3571428571428571
0.9459459459459438,0.044044044044044,0.0,0.0296548632976,0.0,0.0,0.0,0.0
0.9459459459459438,0.035035035035035,0.0,0.0092774446971262,0.4930952380952381,0.2216981132075471,0.13315,0.3571428571428571
0.9459459459459438,0.2467467467467468,0.0,0.0008468702657452,0.4,0.5504994450610433,0.375,0.3571428571428571
0.9189189189189192,0.029029029029029,0.0,0.0338913328611081,0.588095238095238,0.220865704772475,0.1182499999999999,0.3571428571428571
0.7297297297297334,0.0275275275275275,0.0,0.0338913328611081,0.5476190476190476,0.3873473917869034,0.2249999999999999,0.3571428571428571
0.9189189189189192,0.0445445445445445,0.0,0.0254183937340919,0.6,0.3462819089900111,0.185,0.3571428571428571
0.8648648648648631,0.084084084084084,0.0,0.0105907502618137,0.0,0.0,0.0,0.0
0.8918918918918948,0.046046046046046,0.0,0.0296548632976,0.4428571428571429,0.3321309655937847,0.204575,0.3571428571428571
0.3783783783783789,0.0069069069069069,0.0,0.0296548632976,0.0,0.0,0.0,0.0
0.7567567567567579,0.0095095095095095,0.041402164339543,0.0029227403518641,0.0,0.0,0.0,0.0
0.8108108108108141,0.0285285285285285,0.0,0.0508372111151403,0.5523809523809523,0.3462819089900111,0.1848499999999999,0.3571428571428571
1.0,0.0531531531531531,0.0,0.0004232233093944,0.0,0.0,0.0,0.0
0.8108108108108141,0.016016016016016,0.0,0.0254183937340919,0.0,0.0,0.0,0.0
0.9189189189189192,0.042042042042042,0.0,0.0084725154800597,0.4321428571428571,0.332408435072142,0.205,0.4285714285714285
0.8918918918918948,0.2142142142142142,0.0,0.0127089850435678,0.5402380952380952,0.5535516093229745,0.475,0.3571428571428571
0.8648648648648631,0.0493493493493493,0.0,0.0466007415516323,0.3357142857142857,0.6046059933407325,0.36985,0.5
0.8378378378378386,0.069069069069069,0.0,0.0512608580714912,0.3092857142857143,0.6920088790233074,0.2515,0.5
0.8918918918918948,0.0275275275275275,0.1090256994274632,0.0105907502618137,0.0,0.0,0.0,0.0
0.9189189189189192,0.0415415415415415,0.0,0.0152508667816726,0.0,0.0,0.0,0.0
0.9189189189189192,0.026026026026026,0.0,0.0148272198253218,0.588095238095238,0.220865704772475,0.1182499999999999,0.3571428571428571
0.6486486486486527,0.0068068068068068,0.0,0.0160981606943742,0.3642857142857142,0.3310210876803551,0.16325,0.3571428571428571
0.9459459459459438,0.1341341341341341,0.0,0.014403572868971,0.0,0.0,0.0,0.0
0.8378378378378386,0.049049049049049,0.0,0.0593101502421565,0.0,0.0,0.0,0.0
0.7837837837837824,0.032032032032032,0.0,0.0211819241705839,0.4428571428571429,0.3321309655937847,0.2145,0.3571428571428571
0.7567567567567579,0.029029029029029,0.0,0.0169454546070758,0.4523809523809523,0.2769145394006659,0.1677499999999999,0.3571428571428571
0.7837837837837824,0.02002002002002,0.0,0.0211819241705839,0.0,0.0,0.0,0.0
0.9189189189189192,0.024024024024024,0.0,0.0182163954761283,0.0,0.0,0.0,0.0
0.7837837837837824,0.0225225225225225,0.0,0.041728801553598,0.4523809523809523,0.2769145394006659,0.16525,0.3571428571428571
0.8648648648648631,0.028028028028028,0.0,0.0127089850435678,0.55,0.2769145394006659,0.1676,0.3571428571428571
0.5945945945945965,0.0105104104104104,0.0,0.0381278024246162,0.0,0.0,0.0,0.0
0.8108108108108141,0.0585585585585585,0.2594535631944695,0.0207582772142331,0.0,0.0,0.0,0.0
0.8108108108108141,0.074074074074074,0.0,0.0336066421064403,0.3092857142857143,0.6920088790233074,0.2515,0.5
0.7567567567567579,0.024024024024024,0.0,0.0360095676428621,0.5119047619047619,0.3462819089900111,0.2219999999999999,0.3571428571428571
0.8918918918918948,0.0715715715715715,0.0,0.0593101502421565,0.3666666666666666,0.4153718091009989,0.29325,0.5
0.8378378378378386,0.1371371371371371,0.0,0.0635466198056646,0.3095238095238095,0.8274139844617092,0.42125,0.5
0.6486486486486527,0.008008008008008,0.0,0.0254183937340919,0.4285714285714285,0.2760821309655938,0.155,0.3571428571428571
0.7567567567567579,0.02002002002002,0.0,0.0194873363451806,0.4980952380952381,0.2769145394006659,0.1677499999999999,0.3571428571428571
0.9729729729729756,0.2592592592592593,0.0,0.0040242224383762,0.0,0.0,0.0,0.0
0.9189189189189192,0.079079079079079,0.0,0.0254183937340919,0.0,0.0,0.0,0.0
0.8648648648648631,0.0505505505505505,0.0,0.0155050549554831,0.4857142857142856,0.3321309655937847,0.2045,0.3571428571428571
0.8918918918918948,0.054054054054054,0.0,0.0635466198056646,0.38,0.7000554938956715,0.1574999999999999,0.6428571428571428
0.7837837837837824,0.011011011011011,0.0,0.0466007415516323,0.0,0.0,0.0,0.0
0.8108108108108141,0.0470470470470471,0.2594535631944695,0.0255204926505725,0.0,0.0,0.0,0.0
0.9189189189189192,0.0615615615615615,0.0,0.0220292180832855,0.0,0.0,0.0,0.0
0.8108108108108141,0.1491491491491491,0.0,0.0148272198253218,0.0,0.0,0.0,0.0
0.5405405405405403,0.009009009009009,0.0,0.1059113154407452,0.4452380952380952,0.5260821309655938,0.165,0.3571428571428571
0.7837837837837824,0.035035035035035,0.0,0.0847289676232049,0.38,0.7000554938956715,0.15525,0.5
0.9189189189189192,0.0721721721721722,0.0,0.0169454546070758,0.5366666666666666,0.3873473917869034,0.221825,0.3571428571428571
0.8648648648648631,0.0255255255255255,0.0,0.0254183937340919,0.0,0.0,0.0,0.0
0.9459459459459438,0.0515515515515515,0.0,0.0046512199337754,0.0,0.0,0.0,0.0
0.5945945945945965,0.01001001001001,0.0,0.0215208417356645,0.469047619047619,0.220865704772475,0.11575,0.3571428571428571
0.8378378378378386,0.059059059059059,0.0,0.0211819241705839,0.0,0.0,0.0,0.0
0.9189189189189192,0.0930930930930931,0.0,0.0148272198253218,0.0,0.0,0.0,0.0
0.6756756756756772,0.012012012012012,0.0,0.0338913328611081,0.0,0.0,0.0,0.0
0.7837837837837824,0.044044044044044,0.0,0.0338913328611081,0.473095238095238,0.4053829078801332,0.2095,0.3571428571428571
0.8378378378378386,0.0325325325325325,0.1542920657720303,0.0114380441745153,0.0,0.0,0.0,0.0
0.6486486486486527,0.007007007007007,0.0,0.0508372111151403,0.0,0.0,0.0,0.0
0.9729729729729756,0.069069069069069,0.0,0.0254183937340919,0.5366666666666666,0.3873473917869034,0.2219,0.3571428571428571
0.7297297297297334,0.0275275275275275,0.0,0.0317730980793541,0.0,0.0,0.0,0.0
0.8378378378378386,0.024024024024024,0.0,0.0169454546070758,0.5414285714285714,0.220865704772475,0.1182499999999999,0.3571428571428571
0.7837837837837824,0.059059059059059,0.0,0.0614283850239105,0.3092857142857143,0.6920088790233074,0.25,0.5714285714285714
0.8918918918918948,0.0229229229229229,0.0,0.0173691015634266,0.0,0.0,0.0,0.0
0.8648648648648631,0.029029029029029,0.0,0.0083877860887895,0.3659523809523809,0.3318534961154273,0.1825,0.5
0.9189189189189192,0.0870870870870871,0.0,0.0194873363451806,0.3666666666666666,0.6046059933407325,0.3,0.5
0.8918918918918948,0.06006006006006,0.0,0.0466007415516323,0.5785714285714285,0.3462819089900111,0.22125,0.3571428571428571
0.9459459459459438,0.1021021021021021,0.0,0.0105907502618137,0.5976190476190476,0.3462819089900111,0.22125,0.3571428571428571
0.7837837837837824,0.017017017017017,0.0,0.0508372111151403,0.6057142857142858,0.2597114317425083,0.144,0.3571428571428571
0.8648648648648631,0.0500499499499499,0.0,0.0317730980793541,0.6142857142857143,0.4156492785793563,0.2465,0.3571428571428571
0.7837837837837824,0.0235235235235235,0.0,0.0063487732878731,0.0,0.0,0.0,0.0
0.7027027027027017,0.059059059059059,0.0,0.0932019067502211,0.3047619047619048,0.6920088790233074,0.255,0.5714285714285714
0.8918918918918948,0.0635635635635635,0.0,0.0046596928729024,0.3404761904761905,0.4433962264150943,0.25875,0.3571428571428571
0.621621621621621,0.029029029029029,0.0,0.0741377937144348,0.3316666666666666,0.6046059933407325,0.34525,0.5
0.8108108108108141,0.033033033033033,0.0,0.0360095676428621,0.0,0.0,0.0,0.0
0.9189189189189192,0.059059059059059,0.0,0.0112829893884909,0.505,0.3321309655937847,0.2045,0.3571428571428571
0.8918918918918948,0.079079079079079,0.0,0.0338913328611081,0.405,0.4414539400665926,0.30325,0.3571428571428571
0.8378378378378386,0.0405405405405405,0.0,0.0618520319802614,0.5616666666666666,0.3784683684794672,0.16765,0.3571428571428571
0.8648648648648631,0.0765765765765765,0.0,0.0127089850435678,0.3721428571428571,0.4159267480577137,0.276,0.3571428571428571
0.9459459459459438,0.061061061061061,0.0,0.0063542806983056,0.4857142857142856,0.3312985571587125,0.237325,0.3571428571428571
0.7297297297297334,0.019019019019019,0.0,0.0148272198253218,0.4499999999999999,0.2769145394006659,0.1677499999999999,0.3571428571428571
0.8648648648648631,0.034034034034034,0.0,0.0423642719881242,0.4857142857142856,0.3321309655937847,0.207775,0.3571428571428571
0.8378378378378386,0.046046046046046,0.0,0.0690540302382251,0.0,0.0,0.0,0.0
0.9189189189189192,0.03003003003003,0.0,0.0148272198253218,0.588095238095238,0.220865704772475,0.1182499999999999,0.3571428571428571
0.9189189189189192,0.049049049049049,0.0,0.0110143972181645,0.4604761904761904,0.332408435072142,0.19,0.3571428571428571
0.9189189189189192,0.0860859859859859,0.0,0.0169454546070758,0.5785714285714285,0.3462819089900111,0.22125,0.3571428571428571
0.8918918918918948,0.1991991991991992,0.0,0.0288452739640137,0.4561904761904761,0.6920088790233074,0.39425,0.3571428571428571
0.9189189189189192,0.031031031031031,0.0,0.0127089850435678,0.0,0.0,0.0,0.0
0.8918918918918948,0.076076076076076,0.0,0.0423642719881242,0.5838095238095238,0.3462819089900111,0.22125,0.5
0.9729729729729756,0.054054054054054,0.0,0.0118616911308661,0.4499999999999999,0.3321309655937847,0.20465,0.3571428571428571
0.7837837837837824,0.0365365365365365,0.0,0.0262656876467936,0.0,0.0,0.0,0.0
0.9189189189189192,0.069069069069069,0.0,0.0338913328611081,0.5238095238095237,0.3321309655937847,0.2045,0.3571428571428571
0.9189189189189192,0.099099099099099,0.0,0.0254183937340919,0.0,0.0,0.0,0.0
0.8378378378378386,0.069069069069069,0.0,0.0550736806786484,0.0,0.0,0.0,0.0
0.8648648648648631,0.1641641641641641,0.0,0.0313494511230033,0.4495238095238095,0.5535516093229745,0.46,0.3571428571428571
0.9189189189189192,0.068068068068068,0.0,0.0254183937340919,0.3928571428571428,0.4142619311875694,0.175,0.5
0.7837837837837824,0.054054054054054,0.0,0.0381278024246162,0.0,0.0,0.0,0.0
0.8918918918918948,0.0915915915915915,0.0,0.0093198093927613,0.4238095238095238,0.4153718091009989,0.29325,0.3571428571428571
0.8378378378378386,0.059059059059059,0.0,0.0338913328611081,0.0,0.0,0.0,0.0
0.8918918918918948,0.1291291291291291,0.0,0.0387916572052179,0.3809523809523809,0.6046059933407325,0.35,0.5
0.621621621621621,0.0135135135135135,0.0,0.0279602754721968,0.0,0.0,0.0,0.0
0.9459459459459438,0.037037037037037,0.0,0.0105907502618137,0.5023809523809524,0.2258601553829078,0.138,0.3571428571428571
0.9189189189189192,0.089089089089089,0.0,0.0211819241705839,0.485,0.4053829078801332,0.271125,0.3571428571428571
0.6756756756756772,0.039039039039039,0.0,0.0508372111151403,0.2642857142857142,0.6531631520532741,0.397,0.3571428571428571
0.7567567567567579,0.013013013013013,0.0,0.0254183937340919,0.4266666666666667,0.3013318534961154,0.15525,0.3571428571428571
0.8648648648648631,0.0439439439439439,0.0,0.0144696617941617,0.392142857142857,0.332408435072142,0.185,0.3571428571428571
0.567567567567572,0.006006006006006,0.0,0.0211819241705839,0.0,0.0,0.0,0.0
0.8378378378378386,0.024024024024024,0.0,0.0169454546070758,0.4523809523809523,0.2769145394006659,0.16525,0.3571428571428571
0.8108108108108141,0.0315315315315315,0.0,0.0254183937340919,0.0,0.0,0.0,0.0
0.8378378378378386,0.029029029029029,0.0,0.0122607665637486,0.0,0.0,0.0,0.0
0.7297297297297334,0.029029029029029,0.0,0.0508372111151403,0.4595238095238095,0.3462819089900111,0.18475,0.3571428571428571
0.6756756756756772,0.018018018018018,0.0,0.0762560284961888,0.4238095238095238,0.3881798002219755,0.1674999999999999,0.3571428571428571
0.8918918918918948,0.089089089089089,0.0,0.0389750963373178,0.5214285714285714,0.4156492785793563,0.2465,0.5
0.7297297297297334,0.084084084084084,0.0,0.0194873363451806,0.0,0.0,0.0,0.0
0.8918918918918948,0.0720720720720721,0.0,0.0275789932114811,0.4402380952380951,0.4142619311875694,0.25,0.5
0.7567567567567579,0.03003003003003,0.0,0.0466007415516323,0.0,0.0,0.0,0.0
0.7567567567567579,0.064064064064064,0.0,0.0379498707029488,0.3047619047619048,0.6920088790233074,0.255,0.5714285714285714
0.7297297297297334,0.0075075075075075,0.0,0.0635466198056646,0.469047619047619,0.220865704772475,0.11575,0.3571428571428571
0.7837837837837824,0.023023023023023,0.0,0.0296548632976,0.0,0.0,0.0,0.0
0.8108108108108141,0.03003003003003,0.0,0.0296548632976,0.5952380952380952,0.3873473917869034,0.1725,0.3571428571428571
0.7567567567567579,0.049049049049049,0.0,0.0951684759216015,0.0,0.0,0.0,0.0
0.7297297297297334,0.014014014014014,0.0,0.0122853380872169,0.3928571428571428,0.3251942286348501,0.1624999999999999,0.3571428571428571
0.8918918918918948,0.023023023023023,0.0,0.0211819241705839,0.5414285714285714,0.220865704772475,0.1182499999999999,0.3571428571428571
0.7297297297297334,0.014014014014014,0.0,0.0296548632976,0.3738095238095237,0.3898446170921198,0.175,0.3571428571428571
0.9459459459459438,0.034034034034034,0.0,0.0211819241705839,0.588095238095238,0.220865704772475,0.1182499999999999,0.3571428571428571
0.9189189189189192,0.079079079079079,0.0,0.0423642719881242,0.5838095238095238,0.3462819089900111,0.22125,0.5
0.7297297297297334,0.013013013013013,0.0,0.0169454546070758,0.3952380952380953,0.3898446170921198,0.175,0.3571428571428571
0.7837837837837824,0.0246246246246246,0.0,0.0381278024246162,0.3642857142857142,0.4428412874583796,0.249,0.3571428571428571
0.7567567567567579,0.0365365365365365,0.0,0.0804924980596968,0.0,0.0,0.0,0.0
0.9189189189189192,0.0880880880880881,0.0,0.0254183937340919,0.0,0.0,0.0,0.0
0.5945945945945965,0.019019019019019,0.0,0.0944728476192734,0.0,0.0,0.0,0.0
0.7837837837837824,0.014014014014014,0.0,0.0466007415516323,0.0,0.0,0.0,0.0
0.8648648648648631,0.0470470470470471,0.0,0.0211819241705839,0.0,0.0,0.0,0.0
0.8108108108108141,0.0205205205205205,0.0,0.0148272198253218,0.5414285714285714,0.220865704772475,0.1182499999999999,0.3571428571428571
0.621621621621621,0.015015015015015,0.0,0.0381278024246162,0.0,0.0,0.0,0.0
0.9729729729729756,0.068068068068068,0.0,0.0076252215673581,0.4428571428571429,0.3321309655937847,0.20465,0.3571428571428571
0.9189189189189192,0.074074074074074,0.0,0.0216055711269347,0.4657142857142856,0.3321309655937847,0.2045,0.3571428571428571
0.7297297297297334,0.015015015015015,0.0,0.0686303832818743,0.3659523809523809,0.3318534961154273,0.1825,0.3571428571428571
0.7837837837837824,0.0275275275275275,0.0,0.0338913328611081,0.0,0.0,0.0,0.0
0.8648648648648631,0.0008008008008008,0.0088324617257691,0.0148272198253218,0.0,0.0,0.0,0.0
0.9459459459459438,0.0518518518518518,0.0,0.0021178111347976,0.4499999999999999,0.3321309655937847,0.20465,0.3571428571428571
0.8648648648648631,0.0415415415415415,0.0,0.0050833398292532,0.0,0.0,0.0,0.0
0.7567567567567579,0.02002002002002,0.0,0.0211819241705839,0.4266666666666667,0.3013318534961154,0.15525,0.3571428571428571
0.6486486486486527,0.0092092092092092,0.0,0.0211819241705839,0.3633333333333333,0.3190899001109878,0.18725,0.3571428571428571
0.7837837837837824,0.035035035035035,0.0,0.066935795456471,0.557142857142857,0.3462819089900111,0.185,0.3571428571428571
0.8108108108108141,0.0355355355355355,0.0,0.0233001589523379,0.0,0.0,0.0,0.0
0.8378378378378386,0.054054054054054,0.0,0.0338913328611081,0.0,0.0,0.0,0.0
0.9189189189189192,0.0880880880880881,0.0,0.0170382332905166,0.0,0.0,0.0,0.0
0.7567567567567579,0.0215215215215215,0.0,0.0157130656110513,0.0,0.0,0.0,0.0
0.9189189189189192,0.0601601601601601,0.0,0.0145730316515113,0.0,0.0,0.0,0.0
0.9189189189189192,0.071071071071071,0.0,0.0338913328611081,0.5838095238095238,0.3462819089900111,0.22125,0.5
0.6756756756756772,0.019019019019019,0.0,0.0211819241705839,0.0,0.0,0.0,0.0
0.8918918918918948,0.051051051051051,0.0,0.0211819241705839,0.6,0.3462819089900111,0.185,0.3571428571428571
0.9189189189189192,0.042042042042042,0.0,0.0042360459165516,0.55,0.2769145394006659,0.1676,0.3571428571428571
0.9189189189189192,0.028028028028028,0.0,0.0381278024246162,0.588095238095238,0.220865704772475,0.1182499999999999,0.3571428571428571
0.9729729729729756,0.059059059059059,0.0,0.0084725154800597,0.4499999999999999,0.3321309655937847,0.20465,0.3571428571428571
0.4054054054054035,0.0059059059059059,0.0,0.0296548632976,0.0,0.0,0.0,0.0
0.8648648648648631,0.0225225225225225,0.0,0.0211819241705839,0.5023809523809524,0.2258601553829078,0.138,0.3571428571428571
0.9189189189189192,0.0735735735735735,0.0,0.0042360459165516,0.5095238095238095,0.3321309655937847,0.20775,0.3571428571428571
0.9189189189189192,0.1841841841841842,0.0,0.0080022673585103,0.2704761904761904,0.7644284128745839,0.42875,0.5
0.9189189189189192,0.5995995995995996,0.0,0.0156745137380234,0.3214285714285714,0.8288013318534961,0.636975,0.3571428571428571
0.9459459459459438,0.0750750750750751,0.0,0.0211819241705839,0.6521428571428571,0.3462819089900111,0.185,0.3571428571428571
0.9459459459459438,0.073073073073073,0.0,0.0164442802577128,0.6521428571428571,0.3462819089900111,0.185,0.3571428571428571
0.8648648648648631,0.029029029029029,0.0,0.0402460372063702,0.5047619047619047,0.3462819089900111,0.1875,0.3571428571428571
0.8378378378378386,0.0325325325325325,0.0,0.0139939062621797,0.4619047619047618,0.332408435072142,0.2169999999999999,0.3571428571428571
0.6756756756756772,0.011011011011011,0.0,0.0169454546070758,0.0,0.0,0.0,0.0
0.7567567567567579,0.013013013013013,0.0,0.0254183937340919,0.0,0.0,0.0,0.0
0.8108108108108141,0.042042042042042,0.0,0.0296548632976,0.0,0.0,0.0,0.0
0.9729729729729756,0.0880880880880881,0.0,0.0038123989602008,0.5785714285714285,0.3462819089900111,0.22125,0.3571428571428571
0.9189189189189192,0.0865865865865865,0.0,0.0328423829971835,0.5404761904761904,0.4156492785793563,0.2246,0.3571428571428571
0.8648648648648631,0.059059059059059,0.0,0.0338913328611081,0.4402380952380951,0.4142619311875694,0.25,0.5
0.9189189189189192,0.0615615615615615,0.0,0.0108186723243304,0.3995238095238095,0.4150943396226415,0.221825,0.3571428571428571
0.8648648648648631,0.0235235235235235,0.0,0.0135562789562694,0.0,0.0,0.0,0.0
0.9189189189189192,0.0500499499499499,0.0,0.0105907502618137,0.0,0.0,0.0,0.0
0.7837837837837824,0.0539539539539539,0.0,0.0282386115225193,0.5314285714285714,0.4389567147613762,0.3157999999999999,0.3571428571428571
0.9189189189189192,0.3093093093093093,0.0,0.0296548632976,0.3580952380952381,0.7644284128745839,0.43625,0.5
0.9189189189189192,0.059059059059059,0.0,0.0211819241705839,0.5714285714285714,0.3290788013318535,0.184925,0.3571428571428571
0.7837837837837824,0.01001001001001,0.0,0.0338913328611081,0.0,0.0,0.0,0.0
0.7567567567567579,0.021021021021021,0.0,0.0381278024246162,0.4523809523809523,0.2769145394006659,0.16525,0.3571428571428571
0.9189189189189192,0.0341341341341341,0.0,0.0152508667816726,0.55,0.2769145394006659,0.1676,0.3571428571428571
0.8648648648648631,0.064064064064064,0.0,0.0211819241705839,0.5095238095238095,0.3321309655937847,0.20775,0.3571428571428571
0.8918918918918948,0.0525525525525525,0.0,0.0296548632976,0.6,0.3462819089900111,0.185,0.3571428571428571
0.9729729729729756,0.099099099099099,0.0,0.0063542806983056,0.5261904761904762,0.3873473917869034,0.22175,0.3571428571428571
0.567567567567572,0.011011011011011,0.0,0.0508372111151403,0.4499999999999999,0.2769145394006659,0.1677499999999999,0.3571428571428571
0.9459459459459438,0.056056056056056,0.0,0.0338913328611081,0.6047619047619047,0.3290788013318535,0.184925,0.3571428571428571
0.9729729729729756,0.056056056056056,0.0,0.0080488685237088,0.4973809523809523,0.3321309655937847,0.2045,0.3571428571428571
0.8378378378378386,0.031031031031031,0.0,0.0381278024246162,0.5616666666666666,0.3784683684794672,0.16765,0.3571428571428571
0.8108108108108141,0.039039039039039,0.0,0.0508372111151403,0.489047619047619,0.4433962264150943,0.259,0.3571428571428571
0.8648648648648631,0.074074074074074,0.0,0.0677830893691726,0.5976190476190476,0.4156492785793563,0.2465,0.3571428571428571
0.9189189189189192,0.0555555555555555,0.0,0.0338913328611081,0.4323809523809523,0.3318534961154273,0.2169999999999999,0.3571428571428571
0.8918918918918948,0.1991991991991992,0.0,0.0288452739640137,0.4561904761904761,0.6920088790233074,0.39425,0.3571428571428571
0.7027027027027017,0.034034034034034,0.0,0.0229993696133288,0.4047619047619047,0.4153718091009989,0.295,0.3571428571428571
0.8918918918918948,0.054054054054054,0.0,0.023933087505126,0.4333333333333333,0.3326859045504994,0.22175,0.3571428571428571
0.7837837837837824,0.044044044044044,0.0,0.0289092446544226,0.3316666666666666,0.8201997780244173,0.34525,0.5
0.8918918918918948,0.0365365365365365,0.0,0.0508372111151403,0.3659523809523809,0.3318534961154273,0.1825,0.3571428571428571
0.8378378378378386,0.0511511511511511,0.0,0.036433214599213,0.3333333333333333,0.6046059933407325,0.34525,0.5
0.7837837837837824,0.041041041041041,0.0,0.0381278024246162,0.0,0.0,0.0,0.0
0.7027027027027017,0.015015015015015,0.0,0.0296548632976,0.0,0.0,0.0,0.0
0.8378378378378386,0.029029029029029,0.0,0.0355859206865113,0.4795238095238095,0.4156492785793563,0.22125,0.3571428571428571
0.8378378378378386,0.029029029029029,0.0,0.0317730980793541,0.0,0.0,0.0,0.0
0.9459459459459438,0.0770770770770771,0.0,0.0211819241705839,0.0,0.0,0.0,0.0
0.9459459459459438,0.2467467467467468,0.0,0.0008468702657452,0.4,0.5504994450610433,0.375,0.3571428571428571
0.8918918918918948,0.0515515515515515,0.0,0.0466007415516323,0.0,0.0,0.0,0.0
0.6756756756756772,0.034034034034034,0.0,0.0338913328611081,0.0,0.0,0.0,0.0
0.8648648648648631,0.024124024024024,0.0,0.0148272198253218,0.0,0.0,0.0,0.0
0.8378378378378386,0.024024024024024,0.0,0.0084725154800597,0.5023809523809524,0.2258601553829078,0.138,0.3571428571428571
0.8108108108108141,0.034034034034034,0.0,0.0508372111151403,0.5152380952380953,0.4053829078801332,0.2119999999999999,0.3571428571428571
0.7027027027027017,0.028028028028028,0.0,0.0466007415516323,0.4047619047619047,0.4153718091009989,0.295,0.3571428571428571
0.9459459459459438,0.0780780780780781,0.0,0.0082907709357852,0.0,0.0,0.0,0.0
0.8378378378378386,0.049049049049049,0.0,0.0381278024246162,0.38,0.7000554938956715,0.15525,0.5
0.7297297297297334,0.024024024024024,0.0,0.0423642719881242,0.0,0.0,0.0,0.0
0.8918918918918948,0.1991991991991992,0.0,0.0288452739640137,0.4561904761904761,0.6920088790233074,0.39425,0.3571428571428571
0.8108108108108141,0.0315315315315315,0.0,0.0296548632976,0.4847619047619047,0.3321309655937847,0.19725,0.3571428571428571
0.8648648648648631,0.0355355355355355,0.0,0.0118616911308661,0.4885714285714285,0.3321309655937847,0.2045,0.3571428571428571
0.6486486486486527,0.014014014014014,0.0,0.0148272198253218,0.4333333333333333,0.2943951165371809,0.16,0.3571428571428571
0.8918918918918948,0.034034034034034,0.0,0.0338913328611081,0.4547619047619047,0.3321309655937847,0.205,0.3571428571428571
0.8378378378378386,0.003003003003003,0.0176649234515383,0.0058035396550496,0.0,0.0,0.0,0.0
0.3783783783783789,0.003003003003003,0.0,0.0508372111151403,0.3833333333333333,0.220865704772475,0.0925,0.2857142857142857
0.8918918918918948,0.059059059059059,0.0,0.0028621588371059,0.5002380952380953,0.3321309655937847,0.2045,0.3571428571428571
0.9459459459459438,0.0826826826826827,0.0,0.0110143972181645,0.0,0.0,0.0,0.0
0.8108108108108141,0.0444444444444444,0.0,0.0508372111151403,0.3233333333333333,0.6933962264150944,0.181,0.7142857142857142
0.7297297297297334,0.024024024024024,0.0,0.0254183937340919,0.4499999999999999,0.2943951165371809,0.1674999999999999,0.3571428571428571
0.5405405405405403,0.0032032032032032,0.0,0.0262656876467936,0.3833333333333333,0.220865704772475,0.0925,0.2857142857142857
0.8648648648648631,0.1191191191191191,0.0,0.0211819241705839,0.3809523809523809,0.6046059933407325,0.35,0.5
0.9729729729729756,0.063063063063063,0.0,0.0042360459165516,0.4499999999999999,0.3321309655937847,0.20465,0.3571428571428571
0.8918918918918948,0.1991991991991992,0.0,0.0288452739640137,0.4561904761904761,0.6920088790233074,0.39425,0.3571428571428571
0.8648648648648631,0.039039039039039,0.0,0.0423642719881242,0.4023809523809523,0.3321309655937847,0.20465,0.3571428571428571
0.8378378378378386,0.0515515515515515,0.0,0.0228765119959871,0.0,0.0,0.0,0.0
0.9729729729729756,0.0450449449449449,0.0,0.0148272198253218,0.4721428571428571,0.332408435072142,0.1674999999999999,0.3571428571428571
0.9189189189189192,0.0615615615615615,0.0,0.0063542806983056,0.5095238095238095,0.3321309655937847,0.20775,0.3571428571428571
0.7027027027027017,0.0116116116116116,0.0,0.0220292180832855,0.4499999999999999,0.2943951165371809,0.1674999999999999,0.3571428571428571
0.9189189189189192,0.074074074074074,0.0,0.0466007415516323,0.6761904761904761,0.3462819089900111,0.18505,0.3571428571428571
0.5945945945945965,0.014014014014014,0.0,0.0508372111151403,0.4238095238095238,0.3881798002219755,0.17,0.3571428571428571
0.8108108108108141,0.024024024024024,0.0,0.0211819241705839,0.5004761904761904,0.3462819089900111,0.2219999999999999,0.3571428571428571
0.7297297297297334,0.017017017017017,0.0,0.0341031563392835,0.469047619047619,0.220865704772475,0.11575,0.3571428571428571
0.9459459459459438,0.1521521521521521,0.0,0.0169454546070758,0.3809523809523809,0.6046059933407325,0.345,0.5
0.7297297297297334,0.008008008008008,0.0,0.1270936632582856,0.0,0.0,0.0,0.0
0.9459459459459438,0.3968968968968969,0.0,0.0134715495649992,0.405,0.5460599334073252,0.47,0.3571428571428571
0.6756756756756772,0.0145145145145145,0.0,0.0423642719881242,0.0,0.0,0.0,0.0
0.7297297297297334,0.019019019019019,0.0,0.0296548632976,0.5023809523809524,0.3462819089900111,0.18475,0.3571428571428571
0.9729729729729756,0.0620620620620621,0.0,0.0016941641784468,0.505,0.3321309655937847,0.2045,0.3571428571428571
0.7027027027027017,0.014014014014014,0.0,0.0127089850435678,0.4545238095238095,0.3873473917869034,0.1725,0.3571428571428571
0.8648648648648631,0.031031031031031,0.0,0.0254183937340919,0.4883333333333333,0.2769145394006659,0.1676,0.3571428571428571
0.8918918918918948,0.041041041041041,0.0,0.0088961624364105,0.0,0.0,0.0,0.0
0.8378378378378386,0.1741741741741742,0.0,0.043361536923374,0.0,0.0,0.0,0.0
0.7837837837837824,0.0220219219219219,0.0,0.0787979102342936,0.5611904761904761,0.3873473917869034,0.175,0.3571428571428571
0.9459459459459438,0.055055055055055,0.0,0.0111414913050698,0.5676190476190476,0.3326859045504994,0.2099999999999999,0.3571428571428571
0.9729729729729756,0.5195195195195196,0.0,0.0042360459165516,0.4314285714285714,0.5535516093229745,0.475,0.3571428571428571
0.8918918918918948,0.054054054054054,0.0,0.023933087505126,0.4333333333333333,0.3326859045504994,0.22175,0.3571428571428571
0.8648648648648631,0.0493493493493493,0.0,0.0466007415516323,0.3357142857142857,0.6046059933407325,0.36985,0.5
0.6756756756756772,0.0089089089089089,0.0,0.0868472024049589,0.4545238095238095,0.3873473917869034,0.1725,0.3571428571428571
0.8108108108108141,0.0501501501501501,0.2594535631944695,0.01533474887903,0.0,0.0,0.0,0.0
0.8918918918918948,0.0635635635635635,0.0,0.0046596928729024,0.3404761904761905,0.4433962264150943,0.25875,0.3571428571428571
0.7567567567567579,0.019019019019019,0.0,0.0296548632976,0.5611904761904761,0.3873473917869034,0.175,0.3571428571428571
0.7027027027027017,0.023023023023023,0.0,0.0508372111151403,0.4166666666666666,0.3601553829078801,0.2145,0.3571428571428571
0.7297297297297334,0.0238238238238238,0.0,0.0266893346031444,0.0,0.0,0.0,0.0
0.9729729729729756,0.5395395395395396,0.0,0.0031769285256746,0.3995238095238095,0.5535516093229745,0.475,0.3571428571428571
0.8378378378378386,0.0415415415415415,0.0,0.0254183937340919,0.5714285714285714,0.3107658157602663,0.175,0.3571428571428571
0.7297297297297334,0.013013013013013,0.0,0.0254183937340919,0.0,0.0,0.0,0.0
0.7837837837837824,0.009009009009009,0.0,0.0216055711269347,0.3833333333333333,0.220865704772475,0.0925,0.2857142857142857
0.8108108108108141,0.0589589589589589,0.0,0.0254183937340919,0.4945238095238095,0.3462819089900111,0.2219,0.5
0.7027027027027017,0.0800800800800801,0.0,0.0415169780754226,0.2873809523809523,0.8232519422863486,0.6035,0.5
0.7567567567567579,0.0165165165165165,0.0,0.0381278024246162,0.0,0.0,0.0,0.0
0.7297297297297334,0.024024024024024,0.0,0.0233001589523379,0.0,0.0,0.0,0.0
0.8648648648648631,0.049049049049049,0.0,0.0338913328611081,0.0,0.0,0.0,0.0
0.7297297297297334,0.0220219219219219,0.0,0.0593101502421565,0.438095238095238,0.3462819089900111,0.1875,0.3571428571428571
0.621621621621621,0.0220219219219219,0.0,0.0847289676232049,0.0,0.0,0.0,0.0
0.9729729729729756,0.049049049049049,0.0,0.0063542806983056,0.4973809523809523,0.3321309655937847,0.2045,0.3571428571428571
0.7567567567567579,0.0315315315315315,0.0,0.022574451716109,0.0,0.0,0.0,0.0
0.7837837837837824,0.0375375375375375,0.0,0.0220292180832855,0.0,0.0,0.0,0.0
0.8378378378378386,0.024124024024024,0.0,0.0127089850435678,0.5414285714285714,0.220865704772475,0.1182499999999999,0.3571428571428571
0.7837837837837824,0.024024024024024,0.0,0.0499899172024387,0.3316666666666666,0.6046059933407325,0.345075,0.5
0.9729729729729756,0.1451451451451452,0.0,0.0021178111347976,0.4119047619047619,0.4153718091009989,0.3025,0.5
0.8648648648648631,0.044044044044044,0.0,0.0338913328611081,0.0,0.0,0.0,0.0
0.7837837837837824,0.0220219219219219,0.0,0.0296548632976,0.5254761904761904,0.3326859045504994,0.18475,0.3571428571428571
0.8648648648648631,0.031031031031031,0.0,0.0381278024246162,0.5809523809523809,0.3107658157602663,0.1775,0.3571428571428571
0.8648648648648631,0.06006006006006,0.0,0.0139799259126202,0.4935714285714285,0.3809655937846837,0.22775,0.3571428571428571
0.8648648648648631,0.034034034034034,0.0,0.0254183937340919,0.3761904761904762,0.3251942286348501,0.1677499999999999,0.3571428571428571
0.8108108108108141,0.024024024024024,0.0,0.0148272198253218,0.0,0.0,0.0,0.0
0.9729729729729756,0.0810809809809809,0.0,0.0169454546070758,0.0,0.0,0.0,0.0
0.9729729729729756,0.064064064064064,0.0,0.0023808958946914,0.5238095238095237,0.3321309655937847,0.2045,0.3571428571428571
0.8648648648648631,0.054054054054054,0.0,0.0254183937340919,0.4869047619047618,0.4053829078801332,0.2095,0.3571428571428571
0.8648648648648631,0.063063063063063,0.0,0.0338913328611081,0.4945238095238095,0.3462819089900111,0.2219,0.5
0.7837837837837824,0.029029029029029,0.0,0.0338913328611081,0.0,0.0,0.0,0.0
0.8648648648648631,0.049049049049049,0.0,0.0042360459165516,0.0,0.0,0.0,0.0
0.7297297297297334,0.016016016016016,0.0,0.0508372111151403,0.4404761904761904,0.3321309655937847,0.2145,0.3571428571428571
0.8648648648648631,0.064064064064064,0.0,0.0423642719881242,0.4945238095238095,0.3462819089900111,0.2219,0.5
0.8378378378378386,0.1991991991991992,0.0,0.0216055711269347,0.3509523809523809,0.8304661487236404,0.6772499999999999,0.3571428571428571
0.8108108108108141,0.037037037037037,0.0,0.0521437383285263,0.0,0.0,0.0,0.0
0.7837837837837824,0.0245244244244244,0.0,0.0804924980596968,0.0,0.0,0.0,0.0
0.9189189189189192,0.034034034034034,0.0,0.0043084895460876,0.0,0.0,0.0,0.0
1.0,0.0520520520520521,0.0,0.0190636893888299,0.0,0.0,0.0,0.0
0.9189189189189192,0.069069069069069,0.0,0.0108246033817194,0.0,0.0,0.0,0.0
0.9459459459459438,0.3993993993993994,0.0,0.0288075693848984,0.0,0.0,0.0,0.0
0.8378378378378386,0.1991991991991992,0.0,0.0216055711269347,0.3509523809523809,0.8304661487236404,0.6772499999999999,0.3571428571428571
0.7837837837837824,0.019019019019019,0.0,0.0381278024246162,0.0,0.0,0.0,0.0
0.9189189189189192,0.3193193193193193,0.0,0.0190636893888299,0.4602380952380951,0.554661487236404,0.4425,0.3571428571428571
0.8648648648648631,0.0425424424424424,0.0,0.0122853380872169,0.0,0.0,0.0,0.0
0.9459459459459438,0.089089089089089,0.0,0.0148272198253218,0.5009523809523809,0.4053829078801332,0.2095,0.5
0.9729729729729756,0.4944944944944945,0.0,0.0127089850435678,0.0,0.0,0.0,0.0
0.8108108108108141,0.054054054054054,0.0,0.0237238059086887,0.557142857142857,0.3462819089900111,0.185,0.3571428571428571
0.7027027027027017,0.019019019019019,0.0,0.0423642719881242,0.0,0.0,0.0,0.0
0.9189189189189192,0.0670670670670671,0.0,0.0169454546070758,0.6761904761904761,0.3462819089900111,0.18505,0.3571428571428571
0.7837837837837824,0.034034034034034,0.0,0.0381278024246162,0.0,0.0,0.0,0.0
0.9729729729729756,0.1116116116116116,0.0,0.0014823407002714,0.4321428571428571,0.2769145394006659,0.295875,0.3571428571428571
0.621621621621621,0.034034034034034,0.0,0.0423642719881242,0.0,0.0,0.0,0.0
0.6756756756756772,0.014014014014014,0.0,0.0127089850435678,0.0,0.0,0.0,0.0
0.8648648648648631,0.039039039039039,0.0,0.0211425250036433,0.5149999999999999,0.2769145394006659,0.1676,0.3571428571428571
0.8648648648648631,0.074074074074074,0.0,0.0194763215243156,0.0,0.0,0.0,0.0
0.8648648648648631,0.0395395395395395,0.0,0.0423642719881242,0.6,0.3462819089900111,0.185,0.3571428571428571
0.6486486486486527,0.008008008008008,0.0,0.0254183937340919,0.4333333333333333,0.2943951165371809,0.16,0.3571428571428571
0.6756756756756772,0.0085085085085085,0.0,0.0296548632976,0.0,0.0,0.0,0.0
0.9189189189189192,0.033033033033033,0.0,0.0170725486939811,0.5676190476190476,0.3326859045504994,0.2099999999999999,0.3571428571428571
0.7027027027027017,0.02002002002002,0.0,0.0269011580813198,0.0,0.0,0.0,0.0
0.7837837837837824,0.021021021021021,0.0,0.0381278024246162,0.0,0.0,0.0,0.0
0.8918918918918948,0.033033033033033,0.0,0.0169454546070758,0.4883333333333333,0.2769145394006659,0.1676,0.3571428571428571
0.7837837837837824,0.014014014014014,0.0,0.0296548632976,0.6057142857142858,0.2597114317425083,0.144,0.3571428571428571
0.9189189189189192,0.064064064064064,0.0,0.0105907502618137,0.4452380952380952,0.3326859045504994,0.22175,0.3571428571428571
0.7837837837837824,0.019019019019019,0.0,0.0360095676428621,0.0,0.0,0.0,0.0
0.8918918918918948,0.034034034034034,0.0,0.0296548632976,0.4183333333333333,0.3310210876803551,0.22175,0.3571428571428571
0.8108108108108141,0.1066066066066066,0.0,0.0466007415516323,0.3047619047619048,0.8193673695893452,0.39,0.5
0.621621621621621,0.009009009009009,0.0,0.0466007415516323,0.0,0.0,0.0,0.0
0.7567567567567579,0.0143143143143143,0.0,0.0211819241705839,0.5611904761904761,0.3873473917869034,0.175,0.3571428571428571
1.0,0.1491491491491491,0.0,0.0169454546070758,0.2559523809523809,0.7475027746947835,0.40925,0.5714285714285714
0.7567567567567579,0.019019019019019,0.0,0.0508372111151403,0.0,0.0,0.0,0.0
0.9459459459459438,0.061061061061061,0.0,0.0063542806983056,0.4857142857142856,0.3312985571587125,0.237325,0.3571428571428571
0.7027027027027017,0.026026026026026,0.0,0.0296548632976,0.3238095238095237,0.7000554938956715,0.1574999999999999,0.5714285714285714
0.9459459459459438,0.084084084084084,0.0,0.0080488685237088,0.0,0.0,0.0,0.0
0.8918918918918948,0.054054054054054,0.0,0.0296548632976,0.4499999999999999,0.3321309655937847,0.205,0.3571428571428571
0.7027027027027017,0.014014014014014,0.0,0.0254183937340919,0.4499999999999999,0.2943951165371809,0.1674999999999999,0.3571428571428571
0.8108108108108141,0.079079079079079,0.0,0.0338913328611081,0.3092857142857143,0.6920088790233074,0.25,0.5
0.8918918918918948,0.1621621621621621,0.0,0.0169454546070758,0.2704761904761904,0.7644284128745839,0.42875,0.5
0.5405405405405403,0.0135135135135135,0.0,0.0296548632976,0.319047619047619,0.497780244173141,0.3125,0.3571428571428571
0.9189189189189192,0.019019019019019,0.0,0.0211819241705839,0.4,0.220865704772475,0.0855,0.3571428571428571
0.9189189189189192,0.1141141141141141,0.0,0.0028909668301378,0.4285714285714285,0.4153718091009989,0.294,0.3571428571428571
0.8918918918918948,0.054054054054054,0.0,0.023933087505126,0.4333333333333333,0.3326859045504994,0.22175,0.3571428571428571
0.9459459459459438,0.071071071071071,0.0,0.0084725154800597,0.5238095238095237,0.3321309655937847,0.2045,0.3571428571428571
0.9459459459459438,0.1341341341341341,0.0,0.0169454546070758,0.3809523809523809,0.6046059933407325,0.345,0.5
0.8648648648648631,0.071071071071071,0.0,0.0338913328611081,0.3666666666666666,0.7000554938956715,0.1875,0.6428571428571428
0.8918918918918948,0.0235235235235235,0.0,0.0288075693848984,0.0,0.0,0.0,0.0
0.9459459459459438,0.069069069069069,0.0,0.0110143972181645,0.0,0.0,0.0,0.0
0.9459459459459438,0.1456456456456456,0.0,0.0466007415516323,0.3895238095238095,0.6046059933407325,0.35,0.5
0.7027027027027017,0.016016016016016,0.0,0.0189789599975597,0.0,0.0,0.0,0.0
0.7837837837837824,0.0400399399399399,0.0,0.0423642719881242,0.3333333333333333,0.693118756936737,0.28,0.5714285714285714
0.9189189189189192,0.0615615615615615,0.0,0.0108186723243304,0.3995238095238095,0.4150943396226415,0.221825,0.3571428571428571
0.8108108108108141,0.039039039039039,0.0,0.0381278024246162,0.38,0.7000554938956715,0.15525,0.5
0.8108108108108141,0.074074074074074,0.0,0.0336066421064403,0.3092857142857143,0.6920088790233074,0.2515,0.5
0.9189189189189192,0.094094094094094,0.0,0.023075626065472,0.3666666666666666,0.6046059933407325,0.3,0.5
0.9459459459459438,0.2467467467467468,0.0,0.0008468702657452,0.4,0.5504994450610433,0.375,0.3571428571428571
0.6756756756756772,0.012012012012012,0.0,0.0508372111151403,0.0,0.0,0.0,0.0
0.9459459459459438,0.0965965965965965,0.0,0.0021178111347976,0.5976190476190476,0.3462819089900111,0.22125,0.3571428571428571
0.8918918918918948,0.064064064064064,0.0,0.0211819241705839,0.5421428571428571,0.4156492785793563,0.246475,0.3571428571428571
0.7297297297297334,0.079079079079079,0.0,0.0639702667620154,0.2738095238095238,0.8274139844617092,0.4275,0.5
0.7837837837837824,0.031031031031031,0.0,0.0296548632976,0.3642857142857142,0.8201997780244173,0.2095,0.5
0.8108108108108141,0.0385385385385385,0.0,0.0148272198253218,0.3404761904761905,0.4433962264150943,0.25875,0.3571428571428571
0.9459459459459438,0.064064064064064,0.0,0.0093198093927613,0.5133333333333333,0.4056603773584906,0.258125,0.3571428571428571
0.9459459459459438,0.0555555555555555,0.0,0.0080488685237088,0.4471428571428571,0.2771920088790233,0.1875,0.3571428571428571
0.9189189189189192,0.042042042042042,0.0,0.0478716824206847,0.6149999999999999,0.4156492785793563,0.2475,0.3571428571428571
0.7567567567567579,0.034034034034034,0.0,0.0593101502421565,0.0,0.0,0.0,0.0
0.8378378378378386,0.018018018018018,0.0,0.0381278024246162,0.0,0.0,0.0,0.0
0.9729729729729756,0.06006006006006,0.0,0.0042360459165516,0.0,0.0,0.0,0.0
0.8108108108108141,0.1741741741741742,0.0,0.0143612081733359,0.4209523809523809,0.5460599334073252,0.435825,0.3571428571428571
0.9189189189189192,0.0315315315315315,0.0,0.0078370450455335,0.0,0.0,0.0,0.0
0.5405405405405403,0.011011011011011,0.0,0.0560662854973784,0.0,0.0,0.0,0.0
0.9459459459459438,0.0783783783783784,0.0,0.0127089850435678,0.6149999999999999,0.4156492785793563,0.2475,0.3571428571428571
0.8378378378378386,0.044044044044044,0.0,0.0338913328611081,0.0,0.0,0.0,0.0
0.8108108108108141,0.033033033033033,0.0,0.0466007415516323,0.0,0.0,0.0,0.0
0.6486486486486527,0.0220219219219219,0.0,0.0254183937340919,0.4214285714285714,0.4153718091009989,0.195,0.3571428571428571
0.8378378378378386,0.044044044044044,0.0,0.0508372111151403,0.0,0.0,0.0,0.0
0.8378378378378386,0.016016016016016,0.0,0.0296548632976,0.5023809523809524,0.2258601553829078,0.138,0.3571428571428571
0.8378378378378386,0.059059059059059,0.0,0.0296548632976,0.38,0.7000554938956715,0.15525,0.5
0.7567567567567579,0.0255255255255255,0.0,0.0084725154800597,0.0,0.0,0.0,0.0
1.0,0.069069069069069,0.0,0.0084725154800597,0.5538095238095239,0.3321309655937847,0.22125,0.3571428571428571
0.8918918918918948,0.049049049049049,0.0,0.0508372111151403,0.0,0.0,0.0,0.0
0.9459459459459438,0.0362362362362362,0.0,0.0211819241705839,0.6149999999999999,0.4156492785793563,0.2475,0.3571428571428571
0.7297297297297334,0.007007007007007,0.0,0.0296548632976,0.0,0.0,0.0,0.0
0.7027027027027017,0.014014014014014,0.0,0.0326203919920556,0.4266666666666667,0.3013318534961154,0.15525,0.3571428571428571
0.8648648648648631,0.074074074074074,0.0,0.0194763215243156,0.0,0.0,0.0,0.0
0.7027027027027017,0.024024024024024,0.0,0.0254183937340919,0.4166666666666666,0.3601553829078801,0.2145,0.3571428571428571
0.9189189189189192,0.043043043043043,0.0,0.0148272198253218,0.4883333333333333,0.2769145394006659,0.1674999999999999,0.3571428571428571
0.7297297297297334,0.0115115115115115,0.0,0.0254183937340919,0.3633333333333333,0.3190899001109878,0.18725,0.3571428571428571
0.7297297297297334,0.0211211211211211,0.0,0.027536628515846,0.0,0.0,0.0,0.0
0.8378378378378386,0.0589589589589589,0.0,0.0195297010408158,0.3814285714285714,0.3809655937846837,0.23425,0.5
0.9189189189189192,0.044044044044044,0.0,0.0238466635260304,0.5714285714285714,0.3290788013318535,0.184925,0.3571428571428571
0.8378378378378386,0.059059059059059,0.0,0.0482953293770355,0.4526190476190476,0.4053829078801332,0.271125,0.3571428571428571
0.6756756756756772,0.011011011011011,0.0,0.0423642719881242,0.0,0.0,0.0,0.0
0.6756756756756772,0.0075075075075075,0.0,0.0508372111151403,0.0,0.0,0.0,0.0
0.6486486486486527,0.0035035035035035,0.0,0.0310346814344346,0.3833333333333333,0.220865704772475,0.0925,0.2857142857142857
0.7837837837837824,0.0085085085085085,0.0483025250628001,0.0048715163510778,0.0,0.0,0.0,0.0
0.9189189189189192,0.034034034034034,0.0,0.0065661041764811,0.5702380952380952,0.2769145394006659,0.1677499999999999,0.3571428571428571
0.8378378378378386,0.1391391391391391,0.0,0.0338913328611081,0.2988095238095238,0.8274139844617092,0.4217499999999999,0.5
0.9459459459459438,0.0278278278278278,0.0,0.0084725154800597,0.0,0.0,0.0,0.0
0.7837837837837824,0.0275275275275275,0.0,0.0165383298820227,0.0,0.0,0.0,0.0
0.7567567567567579,0.021021021021021,0.0,0.0466007415516323,0.0,0.0,0.0,0.0
0.8378378378378386,0.0470470470470471,0.0,0.0127089850435678,0.4547619047619047,0.3321309655937847,0.205,0.3571428571428571
0.7837837837837824,0.0265265265265265,0.0,0.0203346302578822,0.3142857142857142,0.4148168701442841,0.23425,0.3571428571428571
0.7567567567567579,0.0128128128128128,0.0,0.0381278024246162,0.0,0.0,0.0,0.0
0.9729729729729756,0.064064064064064,0.0,0.0127089850435678,0.5095238095238095,0.3321309655937847,0.20775,0.3571428571428571
0.7837837837837824,0.019019019019019,0.0,0.0475319175616913,0.0,0.0,0.0,0.0
0.8918918918918948,0.056056056056056,0.0,0.0381278024246162,0.4857142857142856,0.3321309655937847,0.2045,0.3571428571428571
0.7027027027027017,0.017017017017017,0.0,0.0338913328611081,0.4266666666666667,0.3013318534961154,0.15525,0.3571428571428571
0.8108108108108141,0.034034034034034,0.0,0.0423642719881242,0.489047619047619,0.4433962264150943,0.259,0.3571428571428571
0.9729729729729756,0.099099099099099,0.0,0.0042360459165516,0.0,0.0,0.0,0.0
0.7837837837837824,0.025025025025025,0.0,0.0254183937340919,0.5952380952380952,0.3873473917869034,0.1725,0.3571428571428571
0.8918918918918948,0.034034034034034,0.0,0.0210124653880436,0.6028571428571429,0.332408435072142,0.1925,0.4285714285714285
0.7027027027027017,0.027027027027027,0.0,0.0148272198253218,0.4166666666666666,0.3601553829078801,0.2145,0.3571428571428571
0.5945945945945965,0.001001001001001,0.0,0.0105907502618137,0.0,0.0,0.0,0.0
0.7297297297297334,0.015015015015015,0.0,0.0508372111151403,0.3142857142857142,0.4148168701442841,0.23425,0.3571428571428571
0.8648648648648631,0.0675675675675676,0.0,0.0127089850435678,0.4552380952380952,0.3809655937846837,0.22775,0.3571428571428571
0.7297297297297334,0.012012012012012,0.0,0.0338913328611081,0.0,0.0,0.0,0.0
0.6486486486486527,0.0063063063063063,0.0,0.0338913328611081,0.0,0.0,0.0,0.0
0.9459459459459438,0.1491491491491491,0.0,0.0169454546070758,0.3895238095238095,0.6046059933407325,0.35,0.5
0.8378378378378386,0.0400399399399399,0.0,0.0635466198056646,0.557142857142857,0.3462819089900111,0.185,0.3571428571428571
0.9729729729729756,0.076976976976977,0.0,0.0029786617501024,0.4523809523809523,0.3326859045504994,0.2219,0.3571428571428571
0.9189189189189192,0.0470470470470471,0.0,0.0254183937340919,0.4499999999999999,0.3321309655937847,0.20465,0.3571428571428571
0.9189189189189192,0.069069069069069,0.0,0.0169454546070758,0.5366666666666666,0.3873473917869034,0.221825,0.3571428571428571
0.8918918918918948,0.039039039039039,0.0,0.0127089850435678,0.4499999999999999,0.3321309655937847,0.205,0.3571428571428571
0.7837837837837824,0.064064064064064,0.0,0.0254183937340919,0.0,0.0,0.0,0.0
0.7297297297297334,0.024024024024024,0.0,0.0508372111151403,0.0,0.0,0.0,0.0
0.7837837837837824,0.044044044044044,0.0,0.0508372111151403,0.3814285714285714,0.3809655937846837,0.23425,0.5
0.7297297297297334,0.017017017017017,0.0,0.0233001589523379,0.4523809523809523,0.2769145394006659,0.1677499999999999,0.3571428571428571
0.8378378378378386,0.034034034034034,0.0,0.0563446215477009,0.0,0.0,0.0,0.0
0.8918918918918948,0.0569569569569569,0.0,0.0033671460090761,0.4047619047619047,0.332408435072142,0.184375,0.3571428571428571
0.7567567567567579,0.012012012012012,0.0,0.0296548632976,0.3333333333333333,0.220865704772475,0.0875,0.3571428571428571
0.8918918918918948,0.074074074074074,0.0,0.0296548632976,0.5785714285714285,0.3462819089900111,0.22125,0.3571428571428571
0.8378378378378386,0.0485485485485485,0.0,0.0327114760876711,0.6,0.3462819089900111,0.185,0.3571428571428571
0.7567567567567579,0.011011011011011,0.0,0.0381278024246162,0.0,0.0,0.0,0.0
0.8378378378378386,0.029029029029029,0.0,0.0122607665637486,0.0,0.0,0.0,0.0
0.7297297297297334,0.016016016016016,0.0,0.0635466198056646,0.5028571428571429,0.3462819089900111,0.2219999999999999,0.3571428571428571
0.9189189189189192,0.1091091091091091,0.0,0.0169454546070758,0.509047619047619,0.3873473917869034,0.22175,0.3571428571428571
0.7837837837837824,0.024024024024024,0.0,0.0466007415516323,0.0,0.0,0.0,0.0
0.7297297297297334,0.0505505505505505,0.0,0.0847289676232049,0.3047619047619048,0.6920088790233074,0.255,0.5
0.9189189189189192,0.0755755755755756,0.0,0.0169454546070758,0.4166666666666666,0.3809655937846837,0.22775,0.5
0.5945945945945965,0.011011011011011,0.0,0.0381278024246162,0.3285714285714285,0.3604328523862375,0.175,0.3571428571428571
0.8918918918918948,0.0570570570570571,0.0,0.0063542806983056,0.0,0.0,0.0,0.0
0.9189189189189192,0.069069069069069,0.0,0.0148272198253218,0.4166666666666666,0.3809655937846837,0.22775,0.5
0.8648648648648631,0.06006006006006,0.0,0.0508372111151403,0.5033333333333333,0.4156492785793563,0.2588,0.3571428571428571
0.9459459459459438,0.3993993993993994,0.0,0.0042360459165516,0.5352380952380952,0.5535516093229745,0.46935,0.3571428571428571
0.5405405405405403,0.0045644644644645,0.0,0.0152881477138315,0.3833333333333333,0.220865704772475,0.0925,0.2857142857142857
0.6756756756756772,0.024024024024024,0.0,0.0423642719881242,0.3619047619047618,0.3310210876803551,0.1624999999999999,0.3571428571428571
0.8918918918918948,0.0965965965965965,0.0,0.027536628515846,0.0,0.0,0.0,0.0
0.7837837837837824,0.029029029029029,0.0,0.0338913328611081,0.0,0.0,0.0,0.0
0.8918918918918948,0.0365365365365365,0.0,0.0259153316138914,0.6576190476190477,0.2200332963374028,0.1175,0.3571428571428571
0.4594594594594596,0.0098098098098098,0.0,0.0872708493613098,0.469047619047619,0.220865704772475,0.11575,0.3571428571428571
0.8378378378378386,0.029029029029029,0.0,0.0254183937340919,0.4883333333333333,0.2769145394006659,0.1676,0.3571428571428571
0.7837837837837824,0.021021021021021,0.0,0.0423642719881242,0.0,0.0,0.0,0.0
0.9189189189189192,0.0515515515515515,0.0,0.0122853380872169,0.4973809523809523,0.3321309655937847,0.2045,0.3571428571428571
0.7567567567567579,0.0165165165165165,0.0,0.0588865032858057,0.0,0.0,0.0,0.0
0.8108108108108141,0.0265265265265265,0.0,0.0296548632976,0.4571428571428571,0.3013318534961154,0.1701249999999999,0.3571428571428571
0.7297297297297334,0.039039039039039,0.0,0.0254183937340919,0.0,0.0,0.0,0.0
0.9729729729729756,0.068068068068068,0.0,0.0005515883371686,0.4238095238095238,0.332408435072142,0.21675,0.3571428571428571
0.9459459459459438,0.074074074074074,0.0,0.0105907502618137,0.4047619047619047,0.332408435072142,0.27125,0.3571428571428571
0.9459459459459438,0.1791791791791792,0.0,0.0110143972181645,0.0,0.0,0.0,0.0
0.8918918918918948,0.029029029029029,0.0,0.0172843721721565,0.5023809523809524,0.2258601553829078,0.138,0.3571428571428571
0.8918918918918948,0.0215215215215215,0.0,0.0105907502618137,0.0,0.0,0.0,0.0
0.7297297297297334,0.0220219219219219,0.0,0.0711722650199791,0.3333333333333333,0.693118756936737,0.28,0.5
0.9189189189189192,0.1273273273273273,0.0,0.0190636893888299,0.419047619047619,0.6046059933407325,0.38465,0.5
0.9459459459459438,0.0515515515515515,0.0,0.0466007415516323,0.4916666666666666,0.3462819089900111,0.22175,0.3571428571428571
0.8648648648648631,0.0875875875875876,0.0,0.0720195589326807,0.3666666666666666,0.6046059933407325,0.3,0.5
0.9459459459459438,0.0754754754754755,0.0,0.0105907502618137,0.4935714285714285,0.3809655937846837,0.22775,0.3571428571428571
0.8108108108108141,0.038038038038038,0.0,0.0224528650396363,0.5214285714285714,0.3873473917869034,0.2219,0.3571428571428571
0.8378378378378386,0.029029029029029,0.0,0.0214784770400294,0.4545238095238095,0.3898446170921198,0.172525,0.3571428571428571
0.7837837837837824,0.029029029029029,0.0,0.0372805085119146,0.4166666666666666,0.3601553829078801,0.2145,0.3571428571428571
0.7297297297297334,0.029029029029029,0.0,0.0254183937340919,0.4357142857142857,0.552441731409545,0.36975,0.3571428571428571
0.7567567567567579,0.0211211211211211,0.0,0.0237238059086887,0.6057142857142858,0.2597114317425083,0.144,0.3571428571428571
0.567567567567572,0.0085085085085085,0.0,0.0211819241705839,0.0,0.0,0.0,0.0
0.8108108108108141,0.0156156156156156,0.0,0.0211819241705839,0.4,0.220865704772475,0.0855,0.3571428571428571
0.8918918918918948,0.054054054054054,0.0,0.0245211094805409,0.4428571428571429,0.3321309655937847,0.204575,0.3571428571428571
0.8378378378378386,0.079079079079079,0.0,0.0338913328611081,0.2807142857142857,0.6046059933407325,0.3,0.5714285714285714
0.8918918918918948,0.074074074074074,0.0,0.0286381106023581,0.3526190476190476,0.5543840177580466,0.40925,0.3571428571428571
0.9729729729729756,0.059059059059059,0.0,0.0004655880050294,0.0,0.0,0.0,0.0
0.8378378378378386,0.051051051051051,0.0,0.0508372111151403,0.4869047619047618,0.4053829078801332,0.2095,0.3571428571428571
0.9189189189189192,0.027027027027027,0.0,0.0156745137380234,0.0,0.0,0.0,0.0
0.8648648648648631,0.044044044044044,0.0,0.0254183937340919,0.4428571428571429,0.3321309655937847,0.204575,0.3571428571428571
0.6486486486486527,0.0175175175175175,0.0,0.0381278024246162,0.4,0.4142619311875694,0.275,0.3571428571428571
0.7837837837837824,0.0185185185185185,0.0,0.0593101502421565,0.0,0.0,0.0,0.0
0.9189189189189192,0.068068068068068,0.0,0.0084725154800597,0.4428571428571429,0.3321309655937847,0.204575,0.3571428571428571
0.7297297297297334,0.0205205205205205,0.0,0.0508372111151403,0.4595238095238095,0.3462819089900111,0.18475,0.3571428571428571
0.7837837837837824,0.049049049049049,0.0,0.0466007415516323,0.4526190476190476,0.4053829078801332,0.271125,0.3571428571428571
0.9189189189189192,0.0400399399399399,0.0,0.0254183937340919,0.5676190476190476,0.3326859045504994,0.2099999999999999,0.3571428571428571
0.9189189189189192,0.0470470470470471,0.0,0.0225634368952439,0.0,0.0,0.0,0.0
0.7567567567567579,0.02002002002002,0.0,0.0148272198253218,0.4980952380952381,0.2769145394006659,0.1677499999999999,0.3571428571428571
0.7027027027027017,0.014014014014014,0.0,0.0127089850435678,0.0,0.0,0.0,0.0
0.9729729729729756,0.079079079079079,0.0,0.0139799259126202,0.4619047619047618,0.3312985571587125,0.237325,0.3571428571428571
0.6756756756756772,0.0105104104104104,0.0,0.0127089850435678,0.0,0.0,0.0,0.0
0.7567567567567579,0.0155155155155155,0.0,0.0317730980793541,0.5952380952380952,0.3873473917869034,0.1725,0.3571428571428571
0.8648648648648631,0.0336336336336336,0.0,0.0154296457972527,0.4390476190476191,0.332408435072142,0.1875,0.3571428571428571
0.8648648648648631,0.0565565565565565,0.0,0.0040661634870549,0.4238095238095238,0.4153718091009989,0.29325,0.3571428571428571
0.9729729729729756,0.069069069069069,0.0,0.00338875200385,0.0,0.0,0.0,0.0
0.7567567567567579,0.014014014014014,0.0,0.0677830893691726,0.0,0.0,0.0,0.0
0.8918918918918948,0.054054054054054,0.0,0.023933087505126,0.4333333333333333,0.3326859045504994,0.22175,0.3571428571428571
0.7027027027027017,0.023023023023023,0.0,0.0296548632976,0.4595238095238095,0.3462819089900111,0.18475,0.3571428571428571
0.9729729729729756,0.064064064064064,0.0,0.0023808958946914,0.5238095238095237,0.3321309655937847,0.2045,0.3571428571428571
0.8648648648648631,0.0275275275275275,0.0,0.0169454546070758,0.5702380952380952,0.2769145394006659,0.167625,0.3571428571428571
0.9189189189189192,0.0615615615615615,0.0,0.0108186723243304,0.3995238095238095,0.4150943396226415,0.221825,0.3571428571428571
0.7027027027027017,0.008008008008008,0.0,0.0499899172024387,0.4,0.3898446170921198,0.155,0.3571428571428571
0.6756756756756772,0.0220219219219219,0.0,0.0618520319802614,0.0,0.0,0.0,0.0
0.8648648648648631,0.036036036036036,0.0,0.0254183937340919,0.0,0.0,0.0,0.0
0.8108108108108141,0.0205205205205205,0.0,0.0084725154800597,0.0,0.0,0.0,0.0
0.9729729729729756,0.0448448448448448,0.0,0.0127089850435678,0.4833333333333333,0.3013318534961154,0.17,0.3571428571428571
0.8918918918918948,0.1816816816816817,0.0,0.0398223902500194,0.2704761904761904,0.7644284128745839,0.42875,0.5
0.8108108108108141,0.049049049049049,0.0,0.0211819241705839,0.0,0.0,0.0,0.0
0.7297297297297334,0.031031031031031,0.0,0.0177927485197774,0.5483333333333333,0.3873473917869034,0.1725,0.3571428571428571
0.7567567567567579,0.044044044044044,0.0,0.0423642719881242,0.0,0.0,0.0,0.0
0.4054054054054035,0.0045045045045045,0.0,0.0338913328611081,0.0,0.0,0.0,0.0
0.6756756756756772,0.0105104104104104,0.0,0.0233001589523379,0.3309523809523809,0.4436736958934517,0.258,0.3571428571428571
0.7027027027027017,0.0515515515515515,0.0,0.0919309658811686,0.3047619047619048,0.6920088790233074,0.255,0.5714285714285714
0.8108108108108141,0.0665665665665665,0.0,0.0372805085119146,0.0,0.0,0.0,0.0
0.6486486486486527,0.018018018018018,0.0,0.0296548632976,0.4716666666666666,0.3013318534961154,0.1701249999999999,0.3571428571428571
0.8918918918918948,0.071071071071071,0.0,0.0148272198253218,0.38,0.7000554938956715,0.15525,0.5
0.621621621621621,0.0065065065065065,0.0,0.0254183937340919,0.4499999999999999,0.2769145394006659,0.1677499999999999,0.3571428571428571
0.9189189189189192,0.0615615615615615,0.0,0.014403572868971,0.5238095238095237,0.4156492785793563,0.2712375,0.3571428571428571
0.621621621621621,0.014014014014014,0.0,0.0040487939618445,0.0,0.0,0.0,0.0
0.8108108108108141,0.054054054054054,0.0,0.0254183937340919,0.38,0.7000554938956715,0.15525,0.5
0.9459459459459438,0.3793793793793794,0.0,0.0042360459165516,0.0,0.0,0.0,0.0
0.7027027027027017,0.016016016016016,0.0,0.0381278024246162,0.469047619047619,0.220865704772475,0.11575,0.3571428571428571
0.7297297297297334,0.0065065065065065,0.0,0.1270936632582856,0.0,0.0,0.0,0.0
0.9189189189189192,0.074074074074074,0.0,0.0254183937340919,0.6688095238095237,0.3462819089900111,0.22125,0.3571428571428571
0.9459459459459438,0.069069069069069,0.0,0.0254183937340919,0.6761904761904761,0.3462819089900111,0.185,0.3571428571428571
0.8918918918918948,0.0615615615615615,0.0,0.0127089850435678,0.0,0.0,0.0,0.0
0.8108108108108141,0.015015015015015,0.0,0.0466007415516323,0.4619047619047618,0.3898446170921198,0.175,0.3571428571428571
0.8918918918918948,0.2367367367367367,0.0,0.0127089850435678,0.3745238095238095,0.5460599334073252,0.435825,0.3571428571428571
0.9459459459459438,0.073073073073073,0.0,0.0164442802577128,0.6521428571428571,0.3462819089900111,0.185,0.3571428571428571
0.7567567567567579,0.042042042042042,0.0,0.0338913328611081,0.430952380952381,0.552441731409545,0.36975,0.2857142857142857
0.8108108108108141,0.024024024024024,0.0,0.0381278024246162,0.4499999999999999,0.2769145394006659,0.1677499999999999,0.3571428571428571
0.8918918918918948,0.069069069069069,0.0,0.0148272198253218,0.0,0.0,0.0,0.0
0.9189189189189192,0.042042042042042,0.0,0.0084725154800597,0.4883333333333333,0.2769145394006659,0.1674999999999999,0.3571428571428571
0.8108108108108141,0.0315315315315315,0.0,0.0508372111151403,0.5254761904761904,0.3326859045504994,0.18475,0.3571428571428571
0.7837837837837824,0.0901901901901902,0.0,0.0656648545874186,0.3047619047619048,0.6920088790233074,0.255,0.5714285714285714
0.9189189189189192,0.074074074074074,0.0,0.0377041554682653,0.5033333333333333,0.4156492785793563,0.259,0.3571428571428571
0.7837837837837824,0.0035035035035035,0.0273254284640984,0.0061424572201302,0.0,0.0,0.0,0.0
0.9189189189189192,0.054054054054054,0.0,0.0084259143148611,0.0,0.0,0.0,0.0
0.8108108108108141,0.1491491491491491,0.0,0.0627501635277251,0.339047619047619,0.7644284128745839,0.43625,0.5
0.9459459459459438,0.0500499499499499,0.0,0.0423642719881242,0.6761904761904761,0.3462819089900111,0.185,0.3571428571428571
0.9189189189189192,0.054054054054054,0.0,0.0084259143148611,0.0,0.0,0.0,0.0
0.7837837837837824,0.0220219219219219,0.0,0.0508372111151403,0.5523809523809523,0.3462819089900111,0.1848499999999999,0.3571428571428571
0.6486486486486527,0.009009009009009,0.0,0.0355859206865113,0.3809523809523809,0.2760821309655938,0.15,0.3571428571428571
0.7837837837837824,0.029029029029029,0.0,0.0211819241705839,0.0,0.0,0.0,0.0
0.9189189189189192,0.053053053053053,0.0,0.0296548632976,0.5464285714285714,0.3462819089900111,0.185,0.3571428571428571
0.9189189189189192,0.042042042042042,0.0,0.0072015746110072,0.0,0.0,0.0,0.0
0.7567567567567579,0.019019019019019,0.0,0.0296548632976,0.6238095238095237,0.2769145394006659,0.1455,0.3571428571428571
0.9189189189189192,0.039039039039039,0.0,0.027536628515846,0.4883333333333333,0.2769145394006659,0.1676,0.3571428571428571
0.7837837837837824,0.029029029029029,0.0,0.0190636893888299,0.4847619047619047,0.3321309655937847,0.19725,0.3571428571428571
0.8918918918918948,0.069069069069069,0.0,0.0330440389484065,0.6521428571428571,0.3462819089900111,0.185,0.3571428571428571
0.7837837837837824,0.02002002002002,0.0,0.0211819241705839,0.0,0.0,0.0,0.0
1.0,0.099099099099099,0.0,0.0021178111347976,0.0,0.0,0.0,0.0
0.7567567567567579,0.0179179179179179,0.0,0.0296548632976,0.5611904761904761,0.3873473917869034,0.175,0.3571428571428571
0.5945945945945965,0.009009009009009,0.0,0.0381278024246162,0.3047619047619048,0.3873473917869034,0.2125,0.3571428571428571
0.8918918918918948,0.054054054054054,0.0,0.023933087505126,0.4333333333333333,0.3326859045504994,0.22175,0.3571428571428571
0.8918918918918948,0.0265265265265265,0.0,0.0199109833015315,0.5023809523809524,0.2258601553829078,0.138,0.3571428571428571
0.9189189189189192,0.0515515515515515,0.0,0.016521807650725,0.0,0.0,0.0,0.0
0.8648648648648631,0.0570570570570571,0.0,0.0220292180832855,0.6149999999999999,0.4156492785793563,0.2475,0.3571428571428571
0.7837837837837824,0.0358358358358358,0.0,0.0381278024246162,0.0,0.0,0.0,0.0
0.6486486486486527,0.009009009009009,0.0,0.0254183937340919,0.0,0.0,0.0,0.0
0.7567567567567579,0.015015015015015,0.0,0.0105907502618137,0.469047619047619,0.220865704772475,0.11575,0.3571428571428571
0.7297297297297334,0.0165165165165165,0.0,0.0190636893888299,0.0,0.0,0.0,0.0
0.9189189189189192,0.034034034034034,0.0,0.0111258163676848,0.5023809523809524,0.2258601553829078,0.138,0.3571428571428571
0.8918918918918948,0.0715715715715715,0.0,0.0423642719881242,0.509047619047619,0.3873473917869034,0.22175,0.3571428571428571
0.9459459459459438,0.044044044044044,0.0,0.0084725154800597,0.4321428571428571,0.332408435072142,0.205,0.4285714285714285
0.8378378378378386,0.0450449449449449,0.0,0.0381278024246162,0.5714285714285714,0.3107658157602663,0.175,0.3571428571428571
0.7567567567567579,0.015015015015015,0.0,0.0508372111151403,0.4761904761904761,0.3881798002219755,0.17,0.3571428571428571
0.5405405405405403,0.0025025025025025,0.0,0.0148272198253218,0.3833333333333333,0.220865704772475,0.0925,0.2857142857142857
0.7297297297297334,0.0065065065065065,0.0,0.0508372111151403,0.4285714285714285,0.2760821309655938,0.155,0.3571428571428571
0.7567567567567579,0.059059059059059,0.0,0.0211819241705839,0.2869047619047619,0.6046059933407325,0.3,0.5714285714285714
0.8108108108108141,0.019019019019019,0.0,0.0296548632976,0.4685714285714285,0.3881798002219755,0.1674999999999999,0.3571428571428571
0.6486486486486527,0.008008008008008,0.0,0.0423642719881242,0.0,0.0,0.0,0.0
0.8918918918918948,0.058058058058058,0.0,0.0069897511328319,0.4428571428571429,0.3321309655937847,0.204575,0.3571428571428571
0.9729729729729756,0.5495495495495496,0.0,0.0036005754820254,0.3995238095238095,0.5535516093229745,0.475,0.3571428571428571
0.7297297297297334,0.014014014014014,0.0,0.0338913328611081,0.4980952380952381,0.2769145394006659,0.1677499999999999,0.3571428571428571
0.5945945945945965,0.0046046046046046,0.0,0.0097434563491121,0.0,0.0,0.0,0.0
0.9459459459459438,0.084084084084084,0.0,0.0040242224383762,0.5119047619047619,0.4153718091009989,0.27125,0.3571428571428571
0.6486486486486527,0.0175175175175175,0.0,0.0508372111151403,0.4,0.4142619311875694,0.275,0.3571428571428571
0.9189189189189192,0.2617617617617618,0.0,0.0038123989602008,0.3238095238095237,0.554661487236404,0.4425,0.3571428571428571
0.7297297297297334,0.015015015015015,0.0,0.0423642719881242,0.4980952380952381,0.2769145394006659,0.1677499999999999,0.3571428571428571
0.9459459459459438,0.2467467467467468,0.0,0.0008468702657452,0.4,0.5504994450610433,0.375,0.3571428571428571
0.6756756756756772,0.0205205205205205,0.0,0.0296548632976,0.4847619047619047,0.3321309655937847,0.19725,0.3571428571428571
0.9729729729729756,0.0500499499499499,0.0,0.0042360459165516,0.505,0.3321309655937847,0.2045,0.3571428571428571
1.0,0.049049049049049,0.0,0.0004232233093944,0.4833333333333333,0.3013318534961154,0.1701749999999999,0.3571428571428571
0.9189189189189192,0.084084084084084,0.0,0.0233001589523379,0.4669047619047619,0.4053829078801332,0.27125,0.3571428571428571
0.8378378378378386,0.0655655655655655,0.0,0.0302132299860704,0.0,0.0,0.0,0.0
0.5135135135135158,0.004004004004004,0.0,0.0508372111151403,0.0,0.0,0.0,0.0
0.9459459459459438,0.3793793793793794,0.0,0.0042360459165516,0.0,0.0,0.0,0.0
0.8108108108108141,0.023023023023023,0.0,0.0211819241705839,0.0,0.0,0.0,0.0
0.9459459459459438,0.1131131131131131,0.0,0.0097595549334534,0.0,0.0,0.0,0.0
0.7837837837837824,0.019019019019019,0.0,0.0381278024246162,0.0,0.0,0.0,0.0
0.7297297297297334,0.019019019019019,0.0,0.0169454546070758,0.4119047619047619,0.2943951165371809,0.14375,0.3571428571428571
0.7567567567567579,0.034034034034034,0.0,0.0493544467679125,0.5476190476190476,0.3873473917869034,0.2249999999999999,0.3571428571428571
0.8108108108108141,0.0425424424424424,0.0,0.0423642719881242,0.0,0.0,0.0,0.0
0.7297297297297334,0.034034034034034,0.0,0.0787979102342936,0.0,0.0,0.0,0.0
0.7567567567567579,0.023023023023023,0.0,0.0273248050376706,0.4499999999999999,0.2769145394006659,0.1677499999999999,0.3571428571428571
0.8648648648648631,0.012012012012012,0.0,0.0254183937340919,0.6047619047619047,0.1731409544950055,0.0937,0.2857142857142857
0.8108108108108141,0.039039039039039,0.0,0.0529554458968944,0.0,0.0,0.0,0.0
0.4054054054054035,0.003003003003003,0.0,0.0169454546070758,0.0,0.0,0.0,0.0
0.7567567567567579,0.0165165165165165,0.0,0.0631229728493137,0.0,0.0,0.0,0.0
0.7837837837837824,0.049049049049049,0.0,0.0110143972181645,0.0,0.0,0.0,0.0
0.7837837837837824,0.0405405405405405,0.0,0.0338913328611081,0.5314285714285714,0.4389567147613762,0.3157999999999999,0.3571428571428571
0.7297297297297334,0.0207207207207207,0.0,0.0508372111151403,0.5023809523809524,0.3462819089900111,0.18475,0.3571428571428571
0.8378378378378386,0.029029029029029,0.0,0.0347386267738097,0.0,0.0,0.0,0.0
0.7027027027027017,0.0750750750750751,0.0,0.0804924980596968,0.0,0.0,0.0,0.0
0.9459459459459438,0.079079079079079,0.0,0.0148272198253218,0.6761904761904761,0.3462819089900111,0.18505,0.3571428571428571
0.8378378378378386,0.0385385385385385,0.0,0.0593101502421565,0.3333333333333333,0.6906215316315205,0.2375,0.5714285714285714
0.8108108108108141,0.038038038038038,0.1573282244902634,0.0224528650396363,0.0,0.0,0.0,0.0
0.7297297297297334,0.024024024024024,0.0,0.0466007415516323,0.5023809523809524,0.3462819089900111,0.18475,0.3571428571428571
0.8378378378378386,0.034034034034034,0.0,0.0063542806983056,0.4883333333333333,0.2769145394006659,0.1676,0.3571428571428571
0.7567567567567579,0.0265265265265265,0.0,0.0699013241509267,0.5023809523809524,0.3462819089900111,0.18475,0.3571428571428571
0.8108108108108141,0.031031031031031,0.0,0.0423642719881242,0.5452380952380952,0.3462819089900111,0.185,0.3571428571428571
0.5135135135135158,0.0025025025025025,0.0,0.0423642719881242,0.0,0.0,0.0,0.0
0.8378378378378386,0.059059059059059,0.0,0.0114380441745153,0.0,0.0,0.0,0.0
0.9729729729729756,0.0552552552552552,0.0,0.0021178111347976,0.4499999999999999,0.3321309655937847,0.20465,0.3571428571428571
0.6486486486486527,0.008008008008008,0.0,0.0381278024246162,0.3833333333333333,0.220865704772475,0.0925,0.2857142857142857
0.6756756756756772,0.0055055055055055,0.0,0.0593101502421565,0.0,0.0,0.0,0.0
0.8918918918918948,0.0700700700700701,0.0,0.0169454546070758,0.5904761904761905,0.3873473917869034,0.22175,0.3571428571428571
0.7027027027027017,0.024024024024024,0.0,0.0635466198056646,0.0,0.0,0.0,0.0
0.8648648648648631,0.0493493493493493,0.0,0.0466007415516323,0.3357142857142857,0.6046059933407325,0.36985,0.5
0.7567567567567579,0.034034034034034,0.0,0.0381278024246162,0.5476190476190476,0.3873473917869034,0.2249999999999999,0.3571428571428571
0.9729729729729756,0.0665665665665665,0.0,0.0021178111347976,0.505,0.3321309655937847,0.2045,0.3571428571428571
0.8378378378378386,0.049049049049049,0.0,0.0423642719881242,0.38,0.7000554938956715,0.15525,0.5
0.6486486486486527,0.024024024024024,0.0,0.0338913328611081,0.2754761904761905,0.6046059933407325,0.34525,0.5
0.9729729729729756,0.0349349349349349,0.0,0.002329634612973,0.3659523809523809,0.3318534961154273,0.1825,0.5
0.9189189189189192,0.042042042042042,0.0,0.0160981606943742,0.5676190476190476,0.3326859045504994,0.2099999999999999,0.3571428571428571
0.6756756756756772,0.024024024024024,0.0,0.0423642719881242,0.4716666666666666,0.3013318534961154,0.1701249999999999,0.3571428571428571
0.9459459459459438,0.1041041041041041,0.0,0.0076252215673581,0.4666666666666667,0.4053829078801332,0.271125,0.3571428571428571
0.8108108108108141,0.0185185185185185,0.0,0.0211819241705839,0.4266666666666667,0.3013318534961154,0.15525,0.3571428571428571
0.8378378378378386,0.0245244244244244,0.0,0.0169454546070758,0.4980952380952381,0.2769145394006659,0.1677499999999999,0.3571428571428571
0.9459459459459438,0.058058058058058,0.0,0.0042360459165516,0.4499999999999999,0.3321309655937847,0.20465,0.3571428571428571
0.8378378378378386,0.094094094094094,0.0,0.0338913328611081,0.3092857142857143,0.6920088790233074,0.2515,0.5
0.8648648648648631,0.089089089089089,0.0,0.0211819241705839,0.4683333333333333,0.4389567147613762,0.3155,0.3571428571428571
0.9459459459459438,0.059059059059059,0.0,0.0295612373202465,0.5238095238095237,0.3321309655937847,0.2045,0.3571428571428571
0.8918918918918948,0.034034034034034,0.0,0.0127089850435678,0.5676190476190476,0.3326859045504994,0.2099999999999999,0.3571428571428571
0.6756756756756772,0.0415415415415415,0.0,0.1059113154407452,0.3047619047619048,0.6920088790233074,0.255,0.5714285714285714
0.7567567567567579,0.0205205205205205,0.0,0.0296548632976,0.5483333333333333,0.3873473917869034,0.1725,0.3571428571428571
0.7567567567567579,0.1191191191191191,0.0,0.0262656876467936,0.279047619047619,0.6101553829078802,0.48575,0.5
0.7567567567567579,0.016016016016016,0.0,0.0381278024246162,0.0,0.0,0.0,0.0
0.8108108108108141,0.014014014014014,0.0,0.0254183937340919,0.0,0.0,0.0,0.0
0.8108108108108141,0.0810809809809809,0.0,0.0466007415516323,0.3092857142857143,0.6920088790233074,0.2515,0.5714285714285714
0.9189189189189192,0.044044044044044,0.0,0.0169454546070758,0.6047619047619047,0.3290788013318535,0.184925,0.3571428571428571
0.8378378378378386,0.0035035035035035,0.0,0.0029651050474992,0.0,0.0,0.0,0.0
0.8918918918918948,0.037037037037037,0.0,0.016521807650725,0.4883333333333333,0.2769145394006659,0.1676,0.3571428571428571
0.9729729729729756,0.5495495495495496,0.0,0.0036005754820254,0.3995238095238095,0.5535516093229745,0.475,0.3571428571428571
0.9189189189189192,0.037037037037037,0.0,0.0127089850435678,0.5223809523809524,0.3318534961154273,0.15425,0.3571428571428571
0.6486486486486527,0.0125125125125125,0.0,0.0360095676428621,0.0,0.0,0.0,0.0
0.8108108108108141,0.031031031031031,0.0,0.0508372111151403,0.5523809523809523,0.3462819089900111,0.1848499999999999,0.3571428571428571
0.9729729729729756,0.039039039039039,0.0,0.0067779276546565,0.0,0.0,0.0,0.0
0.7837837837837824,0.0375375375375375,0.0,0.0491426232897371,0.3571428571428571,0.4433962264150943,0.25875,0.3571428571428571
0.5135135135135158,0.0055055055055055,0.0,0.0338913328611081,0.4119047619047619,0.275527192008879,0.15,0.3571428571428571
0.6486486486486527,0.009009009009009,0.0,0.0508372111151403,0.3476190476190476,0.8201997780244173,0.1574999999999999,0.7142857142857142
0.8378378378378386,0.054054054054054,0.0,0.0436352128571767,0.38,0.7000554938956715,0.15525,0.5
0.8918918918918948,0.0525525525525525,0.0,0.022283406257096,0.0,0.0,0.0,0.0
0.9459459459459438,0.079079079079079,0.0,0.0105907502618137,0.6071428571428571,0.4156492785793563,0.2465,0.3571428571428571
0.7297297297297334,0.017017017017017,0.0,0.0508372111151403,0.4847619047619047,0.3321309655937847,0.19725,0.3571428571428571
0.7837837837837824,0.018018018018018,0.0,0.027536628515846,0.5023809523809524,0.2258601553829078,0.138,0.3571428571428571
0.8648648648648631,0.0915915915915915,0.0,0.0254183937340919,0.3333333333333333,0.6046059933407325,0.34525,0.5
0.621621621621621,0.0125125125125125,0.0,0.0508372111151403,0.4,0.4142619311875694,0.275,0.3571428571428571
0.8378378378378386,0.069069069069069,0.0,0.0597337971985073,0.6,0.3462819089900111,0.185,0.3571428571428571
0.8648648648648631,0.0670670670670671,0.0,0.0211819241705839,0.3773809523809524,0.4159267480577137,0.276,0.3571428571428571
0.9459459459459438,0.1441441441441441,0.0,0.0084725154800597,0.0,0.0,0.0,0.0
0.8378378378378386,0.053053053053053,0.0,0.027536628515846,0.0,0.0,0.0,0.0
0.8108108108108141,0.039039039039039,0.0,0.0381278024246162,0.0,0.0,0.0,0.0
0.8378378378378386,0.2567567567567568,0.0,0.0296548632976,0.2795238095238095,0.8288013318534961,0.637,0.3571428571428571
0.9189189189189192,0.064064064064064,0.0,0.018640042432479,0.0,0.0,0.0,0.0
0.621621621621621,0.012012012012012,0.0,0.0338913328611081,0.4499999999999999,0.2769145394006659,0.1677499999999999,0.3571428571428571
0.7297297297297334,0.013013013013013,0.0,0.0508372111151403,0.0,0.0,0.0,0.0
0.7567567567567579,0.0165165165165165,0.0,0.0046596928729024,0.5702380952380952,0.2769145394006659,0.167625,0.3571428571428571
0.7297297297297334,0.019019019019019,0.0,0.0338913328611081,0.4857142857142856,0.3462819089900111,0.2279999999999999,0.3571428571428571
0.7027027027027017,0.034034034034034,0.0,0.0148272198253218,0.4047619047619047,0.4153718091009989,0.295,0.3571428571428571
0.9189189189189192,0.1221221221221221,0.0,0.0296548632976,0.0,0.0,0.0,0.0
0.7567567567567579,0.015015015015015,0.0,0.0656648545874186,0.0,0.0,0.0,0.0
0.8648648648648631,0.0220219219219219,0.0,0.0190636893888299,0.0,0.0,0.0,0.0
0.7837837837837824,0.0415415415415415,0.0,0.040669684162721,0.4945238095238095,0.3462819089900111,0.2219999999999999,0.5
0.9189189189189192,0.051051051051051,0.0,0.0044521058642905,0.0,0.0,0.0,0.0
0.9729729729729756,0.1218218218218218,0.0,0.0021178111347976,0.4285714285714285,0.4153718091009989,0.294,0.3571428571428571
0.7837837837837824,0.019019019019019,0.122274392016117,0.0100438220411648,0.0,0.0,0.0,0.0
0.9189189189189192,0.0268268268268268,0.0,0.0084725154800597,0.5357142857142857,0.2771920088790233,0.1674999999999999,0.3571428571428571
0.9189189189189192,0.0520520520520521,0.0,0.0045885201842355,0.0,0.0,0.0,0.0
0.7837837837837824,0.021021021021021,0.0,0.0470243885079831,0.469047619047619,0.220865704772475,0.11575,0.3571428571428571
0.9459459459459438,0.0665665665665665,0.0,0.0254183937340919,0.5809523809523809,0.4156492785793563,0.246575,0.3571428571428571
0.6486486486486527,0.0118118118118118,0.0,0.0254183937340919,0.469047619047619,0.220865704772475,0.11575,0.3571428571428571
0.7297297297297334,0.019019019019019,0.0,0.0148272198253218,0.4523809523809523,0.2769145394006659,0.1677499999999999,0.3571428571428571
0.567567567567572,0.007007007007007,0.0,0.0508372111151403,0.0,0.0,0.0,0.0
0.8378378378378386,0.054054054054054,0.0,0.0127089850435678,0.4547619047619047,0.3321309655937847,0.2145,0.3571428571428571
0.7297297297297334,0.015015015015015,0.0,0.0432115659008258,0.0,0.0,0.0,0.0
0.9189189189189192,0.039039039039039,0.0,0.0211819241705839,0.0,0.0,0.0,0.0
0.621621621621621,0.0085085085085085,0.0,0.0466007415516323,0.0,0.0,0.0,0.0
0.9459459459459438,0.068068068068068,0.0,0.0221139474745556,0.633095238095238,0.3462819089900111,0.185,0.3571428571428571
0.9189189189189192,0.1316316316316316,0.0,0.0228765119959871,0.3809523809523809,0.6046059933407325,0.35,0.5
0.8108108108108141,0.044044044044044,0.0,0.0283839224285476,0.4547619047619047,0.3321309655937847,0.2145,0.3571428571428571
0.9189189189189192,0.0315315315315315,0.0,0.027536628515846,0.4528571428571428,0.332408435072142,0.167625,0.5
0.7297297297297334,0.024024024024024,0.0,0.0296548632976,0.0,0.0,0.0,0.0
0.9189189189189192,0.039039039039039,0.0,0.0211819241705839,0.4883333333333333,0.2769145394006659,0.1676,0.3571428571428571
0.9729729729729756,0.049049049049049,0.0,0.0042360459165516,0.0,0.0,0.0,0.0
0.7567567567567579,0.021021021021021,0.0,0.0296548632976,0.0,0.0,0.0,0.0
0.8918918918918948,0.0475474474474474,0.0,0.0127089850435678,0.4452380952380952,0.3326859045504994,0.22175,0.3571428571428571
0.9459459459459438,0.03003003003003,0.0,0.0042360459165516,0.588095238095238,0.220865704772475,0.1182499999999999,0.3571428571428571
0.7297297297297334,0.024024024024024,0.0,0.0381278024246162,0.5095238095238095,0.4400665926748058,0.25825,0.3571428571428571
0.6756756756756772,0.001001001001001,0.0217223355568135,0.0211819241705839,0.0,0.0,0.0,0.0
0.8378378378378386,0.2192192192192192,0.0,0.0254183937340919,0.4209523809523809,0.5460599334073252,0.435825,0.3571428571428571
0.7297297297297334,0.014014014014014,0.0,0.0296548632976,0.0,0.0,0.0,0.0
0.8918918918918948,0.0860859859859859,0.0,0.0338913328611081,0.0,0.0,0.0,0.0
0.9459459459459438,0.089089089089089,0.0,0.0127089850435678,0.3569047619047619,0.4156492785793563,0.26125,0.3571428571428571
0.8108108108108141,0.1571571571571571,0.0,0.036433214599213,0.0,0.0,0.0,0.0
0.8108108108108141,0.0411411411411411,0.0,0.0190636893888299,0.0,0.0,0.0,0.0
0.9189189189189192,0.036036036036036,0.0,0.0169454546070758,0.4973809523809523,0.3321309655937847,0.2045,0.3571428571428571
0.6756756756756772,0.009009009009009,0.0,0.0296548632976,0.469047619047619,0.220865704772475,0.11575,0.3571428571428571
0.5945945945945965,0.007007007007007,0.0,0.0169454546070758,0.0,0.0,0.0,0.0
0.9189189189189192,0.059059059059059,0.0,0.0184282189543036,0.0,0.0,0.0,0.0
0.8108108108108141,0.028028028028028,0.0,0.0220292180832855,0.0,0.0,0.0,0.0
0.7297297297297334,0.024024024024024,0.0,0.0571919154604025,0.4357142857142857,0.552441731409545,0.36975,0.3571428571428571
0.621621621621621,0.012012012012012,0.0,0.0466007415516323,0.0,0.0,0.0,0.0
0.8108108108108141,0.0215215215215215,0.0,0.0247164107274187,0.5188095238095237,0.2769145394006659,0.167625,0.3571428571428571
0.6486486486486527,0.012012012012012,0.0,0.0330440389484065,0.469047619047619,0.220865704772475,0.11575,0.3571428571428571
0.7837837837837824,0.0720720720720721,0.0,0.1059113154407452,0.3092857142857143,0.6920088790233074,0.25,0.5
0.8108108108108141,0.0615615615615615,0.0,0.016521807650725,0.3399999999999999,0.4988901220865704,0.345075,0.3571428571428571
0.8378378378378386,0.069069069069069,0.0,0.0381278024246162,0.0,0.0,0.0,0.0
0.8918918918918948,0.026026026026026,0.0,0.0105907502618137,0.0,0.0,0.0,0.0
0.8918918918918948,0.048048048048048,0.0,0.0114380441745153,0.0,0.0,0.0,0.0
0.9459459459459438,0.069069069069069,0.0,0.0203346302578822,0.5023809523809524,0.2769145394006659,0.25125,0.3571428571428571
0.8378378378378386,0.044044044044044,0.0,0.0338913328611081,0.4333333333333333,0.3462819089900111,0.1845,0.5
0.8918918918918948,0.039039039039039,0.0,0.0381278024246162,0.0,0.0,0.0,0.0
0.8648648648648631,0.0195194194194194,0.0,0.0182163954761283,0.4833333333333333,0.2769145394006659,0.1701249999999999,0.3571428571428571
0.6486486486486527,0.011011011011011,0.0,0.0508372111151403,0.469047619047619,0.220865704772475,0.11575,0.3571428571428571
0.6486486486486527,0.018018018018018,0.0,0.0487189763333864,0.0,0.0,0.0,0.0
0.8108108108108141,0.0435435435435435,0.0,0.0423642719881242,0.6142857142857143,0.4156492785793563,0.2465,0.3571428571428571
0.7567567567567579,0.049049049049049,0.0,0.0169454546070758,0.0,0.0,0.0,0.0
0.7837837837837824,0.024024024024024,0.0,0.0338913328611081,0.4761904761904761,0.3881798002219755,0.17,0.3571428571428571
0.621621621621621,0.0135135135135135,0.0,0.0720195589326807,0.3238095238095237,0.7000554938956715,0.1574999999999999,0.5
0.9459459459459438,0.079079079079079,0.0,0.0148272198253218,0.0,0.0,0.0,0.0
0.8108108108108141,0.034034034034034,0.0,0.0423642719881242,0.0,0.0,0.0,0.0
0.8648648648648631,0.059059059059059,0.0,0.0211819241705839,0.6240476190476191,0.3462819089900111,0.22125,0.3571428571428571
0.8918918918918948,0.059059059059059,0.0,0.0622756789366121,0.633095238095238,0.3462819089900111,0.185,0.3571428571428571
0.7027027027027017,0.008008008008008,0.0,0.0508372111151403,0.0,0.0,0.0,0.0
0.9189189189189192,0.0715715715715715,0.0,0.0127089850435678,0.0,0.0,0.0,0.0
0.9459459459459438,0.1041041041041041,0.0,0.0063542806983056,0.3809523809523809,0.6046059933407325,0.35,0.5
0.7567567567567579,0.012012012012012,0.0,0.0296548632976,0.3333333333333333,0.220865704772475,0.0875,0.3571428571428571
0.7837837837837824,0.034034034034034,0.0,0.0466007415516323,0.0,0.0,0.0,0.0
0.8108108108108141,0.028028028028028,0.0,0.0207582772142331,0.0,0.0,0.0,0.0
0.9189189189189192,0.051051051051051,0.0,0.0044521058642905,0.0,0.0,0.0,0.0
0.8108108108108141,0.044044044044044,0.0,0.0410878237086392,0.0,0.0,0.0,0.0
0.567567567567572,0.0205205205205205,0.0,0.0923546128375194,0.0,0.0,0.0,0.0
0.9189189189189192,0.0620620620620621,0.0,0.0105907502618137,0.4428571428571429,0.3321309655937847,0.204575,0.3571428571428571
0.7837837837837824,0.069069069069069,0.0,0.0211819241705839,0.2885714285714285,0.6190344062153164,0.46,0.5
0.8918918918918948,0.054054054054054,0.0,0.0330440389484065,0.0,0.0,0.0,0.0
0.621621621621621,0.0084584584584584,0.0,0.018640042432479,0.469047619047619,0.220865704772475,0.11575,0.3571428571428571
0.9459459459459438,0.094094094094094,0.0,0.0063542806983056,0.0,0.0,0.0,0.0
0.8378378378378386,0.044044044044044,0.0,0.0127089850435678,0.4547619047619047,0.3321309655937847,0.2145,0.3571428571428571
0.9459459459459438,0.027027027027027,0.0,0.0211819241705839,0.5404761904761904,0.2216981132075471,0.1341,0.3571428571428571
0.9459459459459438,0.041041041041041,0.0,0.0338913328611081,0.0,0.0,0.0,0.0
0.9459459459459438,0.059059059059059,0.0,0.0063542806983056,0.3857142857142857,0.3326859045504994,0.185,0.3571428571428571
0.9189189189189192,0.0701701701701701,0.0,0.0224528650396363,0.5785714285714285,0.3462819089900111,0.22125,0.3571428571428571
0.9189189189189192,0.084084084084084,0.0,0.0084725154800597,0.0,0.0,0.0,0.0
0.8918918918918948,0.0265265265265265,0.0,0.0208430066055033,0.5023809523809524,0.2258601553829078,0.138,0.3571428571428571
0.8108108108108141,0.069069069069069,0.0,0.0847289676232049,0.0,0.0,0.0,0.0
0.7567567567567579,0.0465465465465465,0.0,0.0338913328611081,0.5314285714285714,0.4389567147613762,0.3157999999999999,0.3571428571428571
0.9729729729729756,0.049049049049049,0.0,0.0084725154800597,0.4628571428571428,0.2771920088790233,0.1875,0.3571428571428571
0.6756756756756772,0.024024024024024,0.0,0.0508372111151403,0.4214285714285714,0.4153718091009989,0.195,0.3571428571428571
0.9459459459459438,0.044044044044044,0.0,0.0148272198253218,0.4833333333333333,0.3326859045504994,0.2099999999999999,0.3571428571428571
0.8918918918918948,0.059059059059059,0.0,0.0105907502618137,0.0,0.0,0.0,0.0
0.9459459459459438,0.1791791791791792,0.0,0.0084725154800597,0.2704761904761904,0.7644284128745839,0.42875,0.5714285714285714
0.9189189189189192,0.1381381381381381,0.0,0.0415169780754226,0.2704761904761904,0.7644284128745839,0.42875,0.5
0.9189189189189192,0.1191191191191191,0.0,0.0069473864371968,0.0,0.0,0.0,0.0
0.9729729729729756,0.099099099099099,0.0,0.0093198093927613,0.4047619047619047,0.3321309655937847,0.275,0.3571428571428571
0.9189189189189192,0.054054054054054,0.0,0.0211819241705839,0.588095238095238,0.2905105438401776,0.1725,0.3571428571428571
0.8648648648648631,0.064064064064064,0.0,0.0110143972181645,0.4935714285714285,0.3809655937846837,0.22775,0.3571428571428571
0.9189189189189192,0.0650650650650651,0.0,0.0338913328611081,0.3928571428571428,0.4142619311875694,0.175,0.5
0.8108108108108141,0.089089089089089,0.0,0.0269663997125978,0.0,0.0,0.0,0.0
0.8378378378378386,0.024024024024024,0.0,0.0466007415516323,0.4952380952380952,0.4053829078801332,0.1624999999999999,0.3571428571428571
0.8108108108108141,0.054054054054054,0.0,0.0211819241705839,0.5595238095238095,0.3873473917869034,0.22175,0.3571428571428571
0.7837837837837824,0.039039039039039,0.0,0.0584628563294549,0.5314285714285714,0.4389567147613762,0.3157999999999999,0.3571428571428571
0.9189189189189192,0.1691691691691692,0.5144908955260545,0.0036853048732956,0.0,0.0,0.0,0.0
0.9189189189189192,0.059059059059059,0.0,0.0254183937340919,0.0,0.0,0.0,0.0
0.9189189189189192,0.1841841841841842,0.0,0.0080022673585103,0.2704761904761904,0.7644284128745839,0.42875,0.5
0.9729729729729756,0.0557557557557557,0.0,0.0029651050474992,0.4499999999999999,0.3321309655937847,0.20465,0.3571428571428571
0.7297297297297334,0.0115115115115115,0.0,0.0296548632976,0.3809523809523809,0.2760821309655938,0.1574999999999999,0.3571428571428571
0.8108108108108141,0.027027027027027,0.0,0.0013721924916201,0.0,0.0,0.0,0.0
0.8108108108108141,0.0470470470470471,0.0,0.0338913328611081,0.557142857142857,0.3462819089900111,0.185,0.3571428571428571
1.0,0.1041041041041041,0.0,0.0004655880050294,0.0,0.0,0.0,0.0
0.7297297297297334,0.0155155155155155,0.0,0.0084725154800597,0.469047619047619,0.220865704772475,0.11575,0.3571428571428571
0.5945945945945965,0.019019019019019,0.0,0.0847289676232049,0.3119047619047618,0.4142619311875694,0.205,0.3571428571428571
0.7027027027027017,0.014014014014014,0.0,0.0169454546070758,0.469047619047619,0.220865704772475,0.11575,0.3571428571428571
0.6756756756756772,0.0065065065065065,0.0,0.0508372111151403,0.0,0.0,0.0,0.0
0.8108108108108141,0.0335335335335335,0.0,0.0508372111151403,0.4404761904761904,0.3321309655937847,0.207125,0.3571428571428571
0.9459459459459438,0.1041041041041041,0.0,0.0296548632976,0.509047619047619,0.3873473917869034,0.22175,0.3571428571428571
0.8378378378378386,0.0674674674674674,0.0,0.0254183937340919,0.4945238095238095,0.3462819089900111,0.2219999999999999,0.5
0.8918918918918948,0.0389389389389389,0.0,0.0085547029895917,0.0,0.0,0.0,0.0
0.8378378378378386,0.015015015015015,0.0,0.0296548632976,0.6057142857142858,0.2597114317425083,0.14075,0.3571428571428571
0.7027027027027017,0.013013013013013,0.0,0.0508372111151403,0.0,0.0,0.0,0.0
0.8378378378378386,0.044044044044044,0.0,0.0194873363451806,0.4547619047619047,0.3321309655937847,0.20465,0.3571428571428571
0.8108108108108141,0.0415415415415415,0.0,0.0251298901568171,0.0,0.0,0.0,0.0
0.6756756756756772,0.007007007007007,0.0,0.0296548632976,0.3633333333333333,0.3190899001109878,0.18725,0.3571428571428571
0.9189189189189192,0.054054054054054,0.0,0.0084259143148611,0.0,0.0,0.0,0.0
0.9459459459459438,0.054054054054054,0.0,0.006015363133225,0.4323809523809523,0.3318534961154273,0.2169999999999999,0.3571428571428571
0.3783783783783789,0.0115115115115115,0.0,0.0398223902500194,0.3785714285714285,0.3601553829078801,0.2125,0.3571428571428571
0.7297297297297334,0.0138138138138138,0.0,0.0423642719881242,0.0,0.0,0.0,0.0
0.7837837837837824,0.0701701701701701,0.0,0.0227070532134468,0.0,0.0,0.0,0.0
0.8378378378378386,0.0415415415415415,0.0,0.0105907502618137,0.4428571428571429,0.3321309655937847,0.204575,0.3571428571428571
0.8648648648648631,0.041041041041041,0.0,0.0423642719881242,0.0,0.0,0.0,0.0
0.9729729729729756,0.1691691691691692,0.0,0.0069897511328319,0.3323809523809524,0.4026082130965593,0.3525,0.3571428571428571
0.8648648648648631,0.044044044044044,0.0,0.0321967450357049,0.0,0.0,0.0,0.0
0.7837837837837824,0.049049049049049,0.0,0.6354700108792538,0.3595238095238094,0.6046059933407325,0.35,0.5
0.8378378378378386,0.0365365365365365,0.0,0.0372805085119146,0.6,0.3462819089900111,0.185,0.3571428571428571
0.7027027027027017,0.0551551551551551,0.0,0.0720195589326807,0.3047619047619048,0.6920088790233074,0.255,0.5714285714285714
0.8378378378378386,0.0375375375375375,0.0,0.0105907502618137,0.55,0.2769145394006659,0.1676,0.3571428571428571
0.8918918918918948,0.035035035035035,0.0,0.0423642719881242,0.6028571428571429,0.332408435072142,0.1925,0.4285714285714285
0.7567567567567579,0.031031031031031,0.0,0.0550736806786484,0.4238095238095238,0.3881798002219755,0.17,0.3571428571428571
0.7297297297297334,0.034034034034034,0.0,0.0206654985307923,0.0,0.0,0.0,0.0
0.9729729729729756,0.029029029029029,0.0,0.0211819241705839,0.0,0.0,0.0,0.0
0.8918918918918948,0.1991991991991992,0.0,0.0288452739640137,0.4561904761904761,0.6920088790233074,0.39425,0.3571428571428571
0.7837837837837824,0.021021021021021,0.0,0.0508372111151403,0.0,0.0,0.0,0.0
0.9459459459459438,0.074074074074074,0.0,0.0254183937340919,0.0,0.0,0.0,0.0
0.7027027027027017,0.013013013013013,0.0,0.0508372111151403,0.0,0.0,0.0,0.0
0.9729729729729756,0.5395395395395396,0.0,0.0031769285256746,0.3995238095238095,0.5535516093229745,0.475,0.3571428571428571
0.8918918918918948,0.124024024024024,0.0,0.0101671033054629,0.0,0.0,0.0,0.0
0.8648648648648631,0.0845845845845846,0.3613028874697453,0.0254505909027746,0.0,0.0,0.0,0.0
0.8108108108108141,0.049049049049049,0.0,0.0466007415516323,0.0,0.0,0.0,0.0
0.8918918918918948,0.069069069069069,0.0,0.0169454546070758,0.0,0.0,0.0,0.0
0.9459459459459438,0.099099099099099,0.0,0.0121307069481489,0.0,0.0,0.0,0.0
0.7297297297297334,0.1041041041041041,0.0,0.0932019067502211,0.2738095238095238,0.8274139844617092,0.4275,0.5
0.5945945945945965,0.007007007007007,0.0,0.0239695211433722,0.0,0.0,0.0,0.0
0.7297297297297334,0.034034034034034,0.0,0.0206654985307923,0.0,0.0,0.0,0.0
0.8648648648648631,0.0411411411411411,0.0,0.0100988961454904,0.0,0.0,0.0,0.0
0.8918918918918948,0.099099099099099,0.0,0.0254183937340919,0.5273809523809523,0.4156492785793563,0.2715,0.3571428571428571
0.8918918918918948,0.099099099099099,0.0,0.0423642719881242,0.3809523809523809,0.6046059933407325,0.35,0.5
0.6756756756756772,0.039039039039039,0.6287608691031933,0.0377041554682653,0.0,0.0,0.0,0.0
0.8918918918918948,0.034034034034034,0.0,0.0127089850435678,0.5676190476190476,0.3326859045504994,0.2099999999999999,0.3571428571428571
0.8918918918918948,0.119019019019019,0.0,0.0127483842105084,0.0,0.0,0.0,0.0
0.9459459459459438,0.059059059059059,0.0,0.0295612373202465,0.5238095238095237,0.3321309655937847,0.2045,0.3571428571428571
0.7837837837837824,0.0035035035035035,0.0,0.0118616911308661,0.6047619047619047,0.1731409544950055,0.09375,0.2857142857142857
0.7567567567567579,0.0165165165165165,0.0,0.0741377937144348,0.469047619047619,0.220865704772475,0.11575,0.3571428571428571
0.7837837837837824,0.0220219219219219,0.0,0.0211073623062661,0.0,0.0,0.0,0.0
0.8918918918918948,0.024024024024024,0.0,0.0093198093927613,0.5992857142857143,0.2216981132075471,0.1332499999999999,0.3571428571428571
0.7567567567567579,0.027027027027027,0.0,0.0554973276349992,0.489047619047619,0.4433962264150943,0.259,0.3571428571428571
0.8378378378378386,0.0635635635635635,0.2594535631944695,0.0190967338514252,0.0,0.0,0.0,0.0
0.8378378378378386,0.017017017017017,0.0,0.0321967450357049,0.0,0.0,0.0,0.0
0.8918918918918948,0.031031031031031,0.0,0.0508372111151403,0.5464285714285714,0.3462819089900111,0.185,0.3571428571428571
0.9459459459459438,0.4494494494494495,0.0,0.0041513165252815,0.0,0.0,0.0,0.0
0.6756756756756772,0.0075075075075075,0.0,0.0508372111151403,0.4047619047619047,0.3898446170921198,0.175,0.3571428571428571
0.8108108108108141,0.034034034034034,0.0,0.0381278024246162,0.0,0.0,0.0,0.0
0.7567567567567579,0.0295295295295295,0.0,0.0796452041469952,0.4238095238095238,0.3462819089900111,0.1875,0.3571428571428571
0.8108108108108141,0.041041041041041,0.0,0.0444825067698783,0.557142857142857,0.3462819089900111,0.185,0.3571428571428571
0.7027027027027017,0.0125125125125125,0.0,0.0423642719881242,0.469047619047619,0.220865704772475,0.11575,0.3571428571428571
0.4864864864864842,0.006006006006006,0.0,0.049566270246088,0.0,0.0,0.0,0.0
0.7837837837837824,0.0220219219219219,0.0,0.0211819241705839,0.4980952380952381,0.2769145394006659,0.1677499999999999,0.3571428571428571
0.8648648648648631,0.0277277277277277,0.0,0.0423642719881242,0.4716666666666666,0.3013318534961154,0.1701249999999999,0.3571428571428571
0.7837837837837824,0.005005005005005,0.0,0.0169454546070758,0.6047619047619047,0.1731409544950055,0.0949999999999999,0.2857142857142857
0.7297297297297334,0.018018018018018,0.0,0.0508372111151403,0.0,0.0,0.0,0.0
0.7027027027027017,0.025025025025025,0.0,0.0567682685040517,0.0,0.0,0.0,0.0
0.8918918918918948,0.064064064064064,0.0,0.0338913328611081,0.0,0.0,0.0,0.0
0.9189189189189192,0.074074074074074,0.0,0.0127089850435678,0.6761904761904761,0.3462819089900111,0.18505,0.3571428571428571
0.8378378378378386,0.039039039039039,0.0,0.0381278024246162,0.0,0.0,0.0,0.0
0.4864864864864842,0.034034034034034,0.0,0.0423642719881242,0.0,0.0,0.0,0.0
0.8378378378378386,0.0215215215215215,0.0,0.0423642719881242,0.464047619047619,0.332408435072142,0.1676,0.3571428571428571
0.7297297297297334,0.019019019019019,0.0,0.0466007415516323,0.4761904761904761,0.3881798002219755,0.17,0.3571428571428571
0.8108108108108141,0.0314314314314314,0.0,0.0127089850435678,0.0,0.0,0.0,0.0
0.9189189189189192,0.059059059059059,0.0,0.0084725154800597,0.6521428571428571,0.3462819089900111,0.185,0.3571428571428571
0.7027027027027017,0.0265265265265265,0.0,0.0656648545874186,0.0,0.0,0.0,0.0
0.8108108108108141,0.024024024024024,0.0,0.0160981606943742,0.0,0.0,0.0,0.0
0.8918918918918948,0.1991991991991992,0.0,0.0288452739640137,0.4561904761904761,0.6920088790233074,0.39425,0.3571428571428571
0.8918918918918948,0.0470470470470471,0.0,0.0127089850435678,0.5714285714285714,0.3107658157602663,0.175,0.3571428571428571
0.8918918918918948,0.079079079079079,0.0,0.0296548632976,0.0,0.0,0.0,0.0
0.7567567567567579,0.02002002002002,0.0,0.0381278024246162,0.4499999999999999,0.2769145394006659,0.1677499999999999,0.3571428571428571
0.7027027027027017,0.012012012012012,0.0,0.0369809901137745,0.0,0.0,0.0,0.0
0.8918918918918948,0.06006006006006,0.0,0.0097434563491121,0.5714285714285714,0.3107658157602663,0.175,0.3571428571428571
0.7567567567567579,0.018018018018018,0.0,0.0381278024246162,0.4476190476190476,0.3462819089900111,0.2249999999999999,0.3571428571428571
0.7567567567567579,0.021021021021021,0.0,0.0105907502618137,0.0,0.0,0.0,0.0
0.9189189189189192,0.1291291291291291,0.0,0.0296548632976,0.0,0.0,0.0,0.0
0.5405405405405403,0.0075075075075075,0.0,0.0466007415516323,0.0,0.0,0.0,0.0
0.9189189189189192,0.0870870870870871,0.0,0.0211819241705839,0.4666666666666667,0.4053829078801332,0.271125,0.3571428571428571
0.8648648648648631,0.074074074074074,0.0,0.0296548632976,0.4526190476190476,0.4053829078801332,0.27125,0.3571428571428571
0.8378378378378386,0.0505505505505505,0.0,0.0254183937340919,0.38,0.7000554938956715,0.15525,0.5
0.7837837837837824,0.0415415415415415,0.0,0.0169454546070758,0.0,0.0,0.0,0.0
0.8918918918918948,0.0525525525525525,0.0,0.022283406257096,0.0,0.0,0.0,0.0
0.9189189189189192,0.0947947947947948,0.0,0.0254183937340919,0.509047619047619,0.3873473917869034,0.22175,0.3571428571428571
0.8648648648648631,0.084084084084084,0.37537962334519,0.0170827162209335,0.0,0.0,0.0,0.0
0.7837837837837824,0.025025025025025,0.0,0.0177927485197774,0.0,0.0,0.0,0.0
1.0,0.0272272272272272,0.0,0.0169454546070758,0.0,0.0,0.0,0.0
0.9189189189189192,0.0570570570570571,0.0,0.0127089850435678,0.4133333333333333,0.3321309655937847,0.20465,0.3571428571428571
0.9459459459459438,0.0785785785785785,0.0,0.0176991225424239,0.505,0.3321309655937847,0.2045,0.3571428571428571
0.9189189189189192,0.0665665665665665,0.0,0.0542225739433397,0.6071428571428571,0.4156492785793563,0.2465,0.3571428571428571
0.9189189189189192,0.0734734734734735,0.0,0.0449061537262291,0.0,0.0,0.0,0.0
0.6756756756756772,0.006006006006006,0.0,0.0423642719881242,0.4,0.3898446170921198,0.155,0.3571428571428571
0.6486486486486527,0.0185185185185185,0.0,0.0741377937144348,0.4452380952380952,0.5260821309655938,0.165,0.3571428571428571
0.9189189189189192,0.2703703703703703,0.0,0.0038123989602008,0.3238095238095237,0.554661487236404,0.4425,0.3571428571428571
0.8648648648648631,0.044044044044044,0.0,0.0211819241705839,0.4238095238095238,0.332408435072142,0.21675,0.3571428571428571
0.7837837837837824,0.016016016016016,0.0,0.0169454546070758,0.5023809523809524,0.2258601553829078,0.138,0.3571428571428571
0.9459459459459438,0.1171171171171171,0.0,0.002329634612973,0.4142857142857142,0.4153718091009989,0.294,0.3571428571428571
0.9189189189189192,0.076076076076076,0.0,0.027536628515846,0.6071428571428571,0.4156492785793563,0.2465,0.3571428571428571
0.8918918918918948,0.049049049049049,0.0,0.0135562789562694,0.4857142857142856,0.3321309655937847,0.2045,0.3571428571428571
0.8108108108108141,0.029029029029029,0.0,0.0508372111151403,0.4097619047619047,0.4142619311875694,0.25,0.5
0.9459459459459438,0.053053053053053,0.0,0.0016941641784468,0.4499999999999999,0.3321309655937847,0.20465,0.3571428571428571
0.8108108108108141,0.0315315315315315,0.0,0.0423642719881242,0.6142857142857143,0.4156492785793563,0.2465,0.3571428571428571
0.7837837837837824,0.014014014014014,0.0,0.0236246725209026,0.0,0.0,0.0,0.0
0.8918918918918948,0.0715715715715715,0.0,0.0127089850435678,0.5166666666666666,0.4156492785793563,0.2473999999999999,0.3571428571428571
0.7567567567567579,0.033033033033033,0.0,0.0381278024246162,0.489047619047619,0.4433962264150943,0.259,0.3571428571428571
0.8108108108108141,0.0415415415415415,0.0,0.0084725154800597,0.0,0.0,0.0,0.0
0.8108108108108141,0.0415415415415415,0.0,0.0097434563491121,0.4047619047619047,0.3321309655937847,0.2,0.3571428571428571
0.9189189189189192,0.089089089089089,0.0,0.0313494511230033,0.5302380952380952,0.4156492785793563,0.2715,0.3571428571428571
0.8108108108108141,0.034034034034034,0.0,0.0678906956960858,0.0,0.0,0.0,0.0
0.6486486486486527,0.012012012012012,0.0,0.0375770613813601,0.469047619047619,0.220865704772475,0.11575,0.3571428571428571
0.621621621621621,0.016016016016016,0.0,0.1038964505163408,0.0,0.0,0.0,0.0
0.7027027027027017,0.0297297297297297,0.0,0.0423642719881242,0.4238095238095238,0.3462819089900111,0.1875,0.3571428571428571
0.6486486486486527,0.023023023023023,0.0,0.0466007415516323,0.430952380952381,0.4142619311875694,0.275,0.3571428571428571
0.8918918918918948,0.053053053053053,0.0,0.0132173613911887,0.0,0.0,0.0,0.0
0.8918918918918948,0.094094094094094,0.3201767375591327,0.0143984891054947,0.0,0.0,0.0,0.0
0.9189189189189192,0.069069069069069,0.0,0.0089681824189901,0.0,0.0,0.0,0.0
0.7837837837837824,0.015015015015015,0.0,0.0262656876467936,0.3333333333333333,0.220865704772475,0.0875,0.3571428571428571
0.7837837837837824,0.034034034034034,0.0,0.0466007415516323,0.5476190476190476,0.3873473917869034,0.2249999999999999,0.3571428571428571
0.9729729729729756,0.1241241241241241,0.0,0.0423642719881242,0.3357142857142857,0.6046059933407325,0.38465,0.5
0.9729729729729756,0.079079079079079,0.0,0.0105907502618137,0.5157142857142857,0.4156492785793563,0.27155,0.3571428571428571
0.6756756756756772,0.0185185185185185,0.0,0.0381278024246162,0.4238095238095238,0.3462819089900111,0.1875,0.3571428571428571
0.7297297297297334,0.025025025025025,0.0,0.0296548632976,0.4761904761904761,0.3881798002219755,0.17,0.3571428571428571
0.9189189189189192,0.06006006006006,0.0,0.0059306337419549,0.4547619047619047,0.3321309655937847,0.205,0.3571428571428571
0.6486486486486527,0.021021021021021,0.0,0.0296548632976,0.4214285714285714,0.4153718091009989,0.195,0.3571428571428571
0.8108108108108141,0.0265265265265265,0.0,0.0338913328611081,0.3595238095238094,0.3318534961154273,0.1825,0.3571428571428571
0.8108108108108141,0.0615615615615615,0.0,0.0381278024246162,0.4945238095238095,0.3462819089900111,0.2219,0.5
0.7837837837837824,0.0339339339339339,0.0,0.0188518659106545,0.0,0.0,0.0,0.0
0.8918918918918948,0.043043043043043,0.0,0.0139799259126202,0.0,0.0,0.0,0.0
0.8918918918918948,0.039039039039039,0.0,0.0127089850435678,0.4333333333333333,0.3326859045504994,0.206,0.3571428571428571
0.9729729729729756,0.039039039039039,0.0,0.0063542806983056,0.3659523809523809,0.3318534961154273,0.1825,0.3571428571428571
0.621621621621621,0.044044044044044,0.0,0.0813397919723984,0.3047619047619048,0.6920088790233074,0.255,0.5714285714285714
0.9459459459459438,0.069069069069069,0.0,0.0127089850435678,0.4402380952380951,0.4142619311875694,0.25,0.5
0.8108108108108141,0.0175175175175175,0.0,0.0338913328611081,0.5414285714285714,0.220865704772475,0.1182499999999999,0.3571428571428571
0.9459459459459438,0.2467467467467468,0.0,0.0008468702657452,0.4,0.5504994450610433,0.375,0.3571428571428571
1.0,0.049049049049049,0.0,0.0021178111347976,0.0,0.0,0.0,0.0
0.8918918918918948,0.1991991991991992,0.0,0.0288452739640137,0.4561904761904761,0.6920088790233074,0.39425,0.3571428571428571
0.7837837837837824,0.031031031031031,0.0,0.0456793094215693,0.5214285714285714,0.3873473917869034,0.2249999999999999,0.3571428571428571
0.621621621621621,0.0075075075075075,0.0,0.0508372111151403,0.4,0.3898446170921198,0.17,0.3571428571428571
0.7297297297297334,0.019019019019019,0.0,0.0338913328611081,0.3202380952380952,0.3013318534961154,0.15525,0.3571428571428571
0.8648648648648631,0.0401401401401401,0.0,0.0105907502618137,0.4499999999999999,0.3321309655937847,0.205,0.3571428571428571
0.7567567567567579,0.069069069069069,0.0,0.0508372111151403,0.3047619047619048,0.6920088790233074,0.255,0.5714285714285714
0.8108108108108141,0.0188188188188188,0.0,0.0209701006924085,0.5023809523809524,0.2258601553829078,0.138,0.3571428571428571
0.8108108108108141,0.049049049049049,0.0,0.0127089850435678,0.0,0.0,0.0,0.0
0.8648648648648631,0.048048048048048,0.0,0.0254183937340919,0.0,0.0,0.0,0.0
0.8918918918918948,0.0515515515515515,0.0,0.0444825067698783,0.0,0.0,0.0,0.0
0.9189189189189192,0.028028028028028,0.0,0.0127089850435678,0.5404761904761904,0.2216981132075471,0.1341,0.3571428571428571
0.5945945945945965,0.014014014014014,0.0,0.0338913328611081,0.4499999999999999,0.2769145394006659,0.1677499999999999,0.3571428571428571
0.9189189189189192,0.0839839839839839,0.0,0.0188942306062895,0.5838095238095238,0.3462819089900111,0.22125,0.5
0.8648648648648631,0.029029029029029,0.0,0.0360095676428621,0.3202380952380952,0.3013318534961154,0.15525,0.3571428571428571
0.567567567567572,0.008008008008008,0.0,0.0296548632976,0.469047619047619,0.220865704772475,0.11575,0.3571428571428571
0.8378378378378386,0.037037037037037,0.0,0.0148272198253218,0.4883333333333333,0.2769145394006659,0.1676,0.3571428571428571
0.8378378378378386,0.0265265265265265,0.0,0.1270936632582856,0.3642857142857142,0.8201997780244173,0.209575,0.5
0.8108108108108141,0.0389389389389389,0.0,0.0258420406904428,0.5152380952380953,0.4053829078801332,0.2119999999999999,0.3571428571428571
0.621621621621621,0.0055055055055055,0.0,0.0508372111151403,0.3833333333333333,0.220865704772475,0.0925,0.2857142857142857
0.9189189189189192,0.0915915915915915,0.0,0.0113389107867292,0.0,0.0,0.0,0.0
0.8378378378378386,0.049049049049049,0.0,0.0347386267738097,0.0,0.0,0.0,0.0
0.2432432432432421,0.004004004004004,0.0,0.0423642719881242,0.0,0.0,0.0,0.0
0.5135135135135158,0.011011011011011,0.0,0.0254183937340919,0.4952380952380952,0.4236958934517203,0.145,0.3571428571428571
0.9189189189189192,0.2742742742742743,0.0,0.0254183937340919,0.2988095238095238,0.8274139844617092,0.42125,0.5
0.7567567567567579,0.0220219219219219,0.0,0.0593101502421565,0.2754761904761905,0.6046059933407325,0.34525,0.5
0.8648648648648631,0.094094094094094,0.0,0.0804924980596968,0.3092857142857143,0.6920088790233074,0.2515,0.5
0.8378378378378386,0.027027027027027,0.0,0.0380180778629213,0.0,0.0,0.0,0.0
0.8648648648648631,0.039039039039039,0.0,0.0542263867659468,0.4499999999999999,0.3321309655937847,0.205,0.3571428571428571
0.5945945945945965,0.0041152152152152,0.0,0.0593101502421565,0.0,0.0,0.0,0.0
0.9189189189189192,0.042042042042042,0.0,0.0084725154800597,0.4883333333333333,0.2769145394006659,0.1674999999999999,0.3571428571428571
0.9729729729729756,0.0546546546546546,0.0,0.0042360459165516,0.5002380952380953,0.3321309655937847,0.2045,0.3571428571428571
0.9459459459459438,0.0787787787787788,0.0,0.0254183937340919,0.3928571428571428,0.4142619311875694,0.175,0.5
0.9459459459459438,0.055055055055055,0.0,0.0061403389853485,0.4471428571428571,0.2771920088790233,0.1875,0.3571428571428571
0.6486486486486527,0.0165165165165165,0.0,0.0925507613783098,0.3071428571428571,0.4991675915649278,0.325,0.3571428571428571
0.8378378378378386,0.079079079079079,0.0,0.0084725154800597,0.0,0.0,0.0,0.0
0.8648648648648631,0.084084084084084,0.0,0.0233001589523379,0.0,0.0,0.0,0.0
0.7837837837837824,0.039039039039039,0.0,0.0402460372063702,0.469047619047619,0.4433962264150943,0.259,0.3571428571428571
0.9729729729729756,0.0565565565565565,0.0,0.0084725154800597,0.4619047619047618,0.3312985571587125,0.237325,0.3571428571428571
0.9189189189189192,0.0765765765765765,0.2564171284618075,0.0156745137380234,0.0,0.0,0.0,0.0
0.7837837837837824,0.034034034034034,0.0,0.0305021572103016,0.4166666666666666,0.3321309655937847,0.2145,0.3571428571428571
0.621621621621621,0.017017017017017,0.0,0.0385878830192131,0.0,0.0,0.0,0.0
0.7027027027027017,0.017017017017017,0.0,0.0932019067502211,0.0,0.0,0.0,0.0
0.7027027027027017,0.019019019019019,0.0,0.0466007415516323,0.3571428571428571,0.4400665926748058,0.2617,0.3571428571428571
0.8108108108108141,0.039039039039039,0.0,0.0182163954761283,0.4404761904761904,0.3321309655937847,0.207125,0.3571428571428571
0.7837837837837824,0.0116116116116116,0.0,0.0418982603361384,0.0,0.0,0.0,0.0
0.9729729729729756,0.037037037037037,0.0,0.0021178111347976,0.0,0.0,0.0,0.0
0.4864864864864842,0.0058058058058058,0.0,0.0296548632976,0.0,0.0,0.0,0.0
0.8108108108108141,0.1571571571571571,0.0,0.036433214599213,0.0,0.0,0.0,0.0
0.8108108108108141,0.074074074074074,0.0,0.0336066421064403,0.3092857142857143,0.6920088790233074,0.2515,0.5
0.7567567567567579,0.0265265265265265,0.0,0.0677830893691726,0.0,0.0,0.0,0.0
0.9189189189189192,0.044044044044044,0.0,0.0296548632976,0.4545238095238095,0.3898446170921198,0.172525,0.3571428571428571
0.7837837837837824,0.019019019019019,0.0,0.0342590584192206,0.3261904761904761,0.3795782463928968,0.2219999999999999,0.3571428571428571
0.7837837837837824,0.027027027027027,0.0,0.0338913328611081,0.0,0.0,0.0,0.0
0.7297297297297334,0.0255255255255255,0.0,0.0258420406904428,0.4857142857142856,0.3462819089900111,0.22925,0.3571428571428571
0.9189189189189192,0.087987987987988,0.0,0.0105907502618137,0.4047619047619047,0.4153718091009989,0.303275,0.3571428571428571
0.8108108108108141,0.044044044044044,0.0,0.0508372111151403,0.0,0.0,0.0,0.0
0.7297297297297334,0.021021021021021,0.0,0.0381278024246162,0.4047619047619047,0.3321309655937847,0.2,0.3571428571428571
0.7567567567567579,0.0400399399399399,0.0,0.0338913328611081,0.4357142857142857,0.552441731409545,0.36975,0.3571428571428571
0.9459459459459438,0.055055055055055,0.0,0.0076252215673581,0.5157142857142857,0.4156492785793563,0.27155,0.3571428571428571
0.7567567567567579,0.005005005005005,0.0,0.0169454546070758,0.0,0.0,0.0,0.0
0.7297297297297334,0.0301301301301301,0.0,0.0398223902500194,0.5023809523809524,0.3462819089900111,0.1875,0.3571428571428571
0.7567567567567579,0.025025025025025,0.0,0.0120654653168709,0.0,0.0,0.0,0.0
0.621621621621621,0.03003003003003,0.0,0.0381278024246162,0.25,0.6046059933407325,0.3,0.5714285714285714
0.7837837837837824,0.019019019019019,0.0,0.0381278024246162,0.0,0.0,0.0,0.0
0.5945945945945965,0.006006006006006,0.0,0.0296548632976,0.0,0.0,0.0,0.0
0.8378378378378386,0.059059059059059,0.0,0.0639702667620154,0.0,0.0,0.0,0.0
0.9189189189189192,0.029029029029029,0.0,0.0084725154800597,0.0,0.0,0.0,0.0
0.8378378378378386,0.054054054054054,0.0,0.1059113154407452,0.5616666666666666,0.3784683684794672,0.1676,0.3571428571428571
0.8378378378378386,0.0720720720720721,0.0,0.0254183937340919,0.5314285714285714,0.4389567147613762,0.3157999999999999,0.3571428571428571
0.8648648648648631,0.06006006006006,0.0,0.0169454546070758,0.38,0.7000554938956715,0.15525,0.5
0.7297297297297334,0.0500499499499499,0.0,0.0410933311190718,0.2807142857142857,0.6046059933407325,0.3,0.5714285714285714
0.7837837837837824,0.019019019019019,0.0,0.0508372111151403,0.5483333333333333,0.3873473917869034,0.1725,0.3571428571428571
0.7567567567567579,0.014014014014014,0.0,0.0508372111151403,0.5483333333333333,0.3873473917869034,0.1725,0.3571428571428571
0.9189189189189192,0.064064064064064,0.0,0.0283839224285476,0.0,0.0,0.0,0.0
0.8378378378378386,0.049049049049049,0.0,0.0466007415516323,0.6190476190476191,0.4156492785793563,0.2465,0.3571428571428571
0.8918918918918948,0.028028028028028,0.0,0.0042360459165516,0.5992857142857143,0.2216981132075471,0.1332499999999999,0.3571428571428571
0.7027027027027017,0.018018018018018,0.0,0.0677830893691726,0.4166666666666666,0.3321309655937847,0.2145,0.3571428571428571
0.567567567567572,0.004004004004004,0.0,0.0262656876467936,0.3095238095238095,0.3726415094339623,0.2249999999999999,0.3571428571428571
0.9189189189189192,0.2592592592592593,0.0,0.0199796141084603,0.0,0.0,0.0,0.0
1.0,0.035035035035035,0.0,0.027536628515846,0.4795238095238095,0.3321309655937847,0.20465,0.3571428571428571
0.9459459459459438,0.0661661661661662,0.0,0.0262656876467936,0.6761904761904761,0.3462819089900111,0.185,0.3571428571428571
0.7837837837837824,0.019019019019019,0.0,0.0296548632976,0.0,0.0,0.0,0.0
0.7837837837837824,0.039039039039039,0.0,0.0423642719881242,0.489047619047619,0.4433962264150943,0.259,0.3571428571428571
0.8378378378378386,0.031031031031031,0.0,0.0230247884307099,0.0,0.0,0.0,0.0
0.4864864864864842,0.0035035035035035,0.0,0.0580392093731041,0.4404761904761904,0.220865704772475,0.1325,0.3571428571428571
0.8108108108108141,0.044044044044044,0.0,0.0338913328611081,0.0,0.0,0.0,0.0
0.7297297297297334,0.0201201201201201,0.0,0.019124270903588,0.0,0.0,0.0,0.0
0.6756756756756772,0.029029029029029,0.0,0.0508372111151403,0.2754761904761905,0.6046059933407325,0.34525,0.5
0.8648648648648631,0.039039039039039,0.0,0.0127089850435678,0.0,0.0,0.0,0.0
0.7567567567567579,0.0238238238238238,0.0,0.0338913328611081,0.4047619047619047,0.3898446170921198,0.1775,0.3571428571428571
0.9729729729729756,0.5145145145145146,0.0,0.0084725154800597,0.5326190476190477,0.6900665926748057,0.5364,0.3571428571428571
0.9729729729729756,0.064064064064064,0.0,0.0084725154800597,0.0,0.0,0.0,0.0
0.6756756756756772,0.012012012012012,0.0,0.0169454546070758,0.0,0.0,0.0,0.0
0.8918918918918948,0.059059059059059,0.0,0.0042360459165516,0.0,0.0,0.0,0.0
0.6756756756756772,0.049049049049049,0.0,0.0758959285832906,0.2754761904761905,0.6046059933407325,0.34525,0.5
0.8378378378378386,0.036036036036036,0.0,0.0127089850435678,0.5523809523809523,0.3462819089900111,0.1848499999999999,0.3571428571428571
0.6486486486486527,0.0689689689689689,0.0,0.0431475952104168,0.0,0.0,0.0,0.0
0.8648648648648631,0.069069069069069,0.0,0.0148272198253218,0.3814285714285714,0.3809655937846837,0.23425,0.5
0.9189189189189192,0.0465465465465465,0.0,0.0084725154800597,0.5676190476190476,0.3326859045504994,0.2099999999999999,0.3571428571428571
0.8378378378378386,0.039039039039039,0.0,0.0042360459165516,0.4428571428571429,0.3321309655937847,0.204575,0.3571428571428571
0.8378378378378386,0.1841841841841842,0.0,0.0263660919754487,0.0,0.0,0.0,0.0
0.9189189189189192,0.02002002002002,0.0,0.0211819241705839,0.0,0.0,0.0,0.0
0.9729729729729756,0.5395395395395396,0.0,0.0031769285256746,0.3995238095238095,0.5535516093229745,0.475,0.3571428571428571
0.9459459459459438,0.0835834834834834,0.0,0.0084725154800597,0.0,0.0,0.0,0.0
0.9729729729729756,0.2692692692692693,0.0,0.0042360459165516,0.3285714285714285,0.8321309655937847,0.436425,0.5
0.9189189189189192,0.028028028028028,0.0,0.0169454546070758,0.5952380952380952,0.3873473917869034,0.1725,0.3571428571428571
0.7837837837837824,0.044044044044044,0.0,0.0508372111151403,0.2869047619047619,0.6046059933407325,0.3,0.6428571428571428
0.8648648648648631,0.0425424424424424,0.0,0.0169454546070758,0.4499999999999999,0.3321309655937847,0.205,0.3571428571428571
0.9189189189189192,0.0609609609609609,0.0,0.0169454546070758,0.0,0.0,0.0,0.0
0.9189189189189192,0.0305305305305305,0.0,0.0067779276546565,0.0,0.0,0.0,0.0
0.621621621621621,0.008008008008008,0.0,0.0423642719881242,0.3642857142857142,0.3720865704772475,0.2075,0.3571428571428571
0.9189189189189192,0.029029029029029,0.0,0.0114380441745153,0.588095238095238,0.220865704772475,0.1182499999999999,0.3571428571428571
0.8108108108108141,0.1571571571571571,0.0,0.036433214599213,0.0,0.0,0.0,0.0
0.8648648648648631,0.039039039039039,0.0,0.0177927485197774,0.0,0.0,0.0,0.0
0.8108108108108141,0.1291291291291291,0.0,0.0247829232995657,0.0,0.0,0.0,0.0
0.9189189189189192,0.084084084084084,0.0,0.0211819241705839,0.4666666666666667,0.4053829078801332,0.271125,0.3571428571428571
0.9189189189189192,0.061061061061061,0.0,0.0127089850435678,0.6521428571428571,0.3462819089900111,0.185,0.3571428571428571
0.8648648648648631,0.2692692692692693,0.0,0.0444825067698783,0.3147619047619047,0.8232519422863486,0.6035,0.3571428571428571
0.7837837837837824,0.0085085085085085,0.0,0.0088021128121006,0.0,0.0,0.0,0.0
0.9189189189189192,0.06006006006006,0.0,0.0169454546070758,0.4428571428571429,0.3321309655937847,0.204575,0.3571428571428571
0.8918918918918948,0.049049049049049,0.0,0.0173691015634266,0.4452380952380952,0.3326859045504994,0.22175,0.3571428571428571
0.7027027027027017,0.0165165165165165,0.0,0.0283839224285476,0.4499999999999999,0.2943951165371809,0.1674999999999999,0.3571428571428571
0.8918918918918948,0.096095995995996,0.0,0.0296548632976,0.0,0.0,0.0,0.0
0.7837837837837824,0.049049049049049,0.0,0.0423642719881242,0.0,0.0,0.0,0.0
0.7567567567567579,0.033033033033033,0.0,0.0423642719881242,0.3238095238095237,0.7000554938956715,0.1574999999999999,0.5
0.8378378378378386,0.049049049049049,0.0,0.0254183937340919,0.0,0.0,0.0,0.0
0.7837837837837824,0.044044044044044,0.0,0.0194873363451806,0.0,0.0,0.0,0.0
0.8918918918918948,0.1941941941941942,0.0,0.0203346302578822,0.2142857142857143,0.5504994450610433,0.4525,0.3571428571428571
0.8108108108108141,0.054054054054054,0.0,0.0423642719881242,0.557142857142857,0.3462819089900111,0.185,0.3571428571428571
0.7837837837837824,0.029029029029029,0.0,0.0783742632779428,0.0,0.0,0.0,0.0
0.9729729729729756,0.1566566566566566,0.0,0.0084725154800597,0.4238095238095238,0.4142619311875694,0.2835,0.3571428571428571
0.8378378378378386,0.034034034034034,0.0,0.0508372111151403,0.4333333333333333,0.3462819089900111,0.1845,0.5714285714285714
0.8108108108108141,0.035035035035035,0.0,0.0338913328611081,0.5254761904761904,0.3326859045504994,0.18475,0.3571428571428571
0.8648648648648631,0.059059059059059,0.0,0.0169454546070758,0.38,0.7000554938956715,0.15525,0.5
1.0,0.1041041041041041,0.0,0.0042360459165516,0.0,0.0,0.0,0.0
0.8648648648648631,0.049049049049049,0.0,0.0296548632976,0.4857142857142856,0.3462819089900111,0.22925,0.3571428571428571
0.9459459459459438,0.049049049049049,0.0,0.0042360459165516,0.0,0.0,0.0,0.0
0.7027027027027017,0.0068068068068068,0.0,0.0508372111151403,0.0,0.0,0.0,0.0
0.6486486486486527,0.029029029029029,0.0,0.0466007415516323,0.2857142857142857,0.5804661487236404,0.3175,0.5
0.9729729729729756,0.099099099099099,0.0,0.0063542806983056,0.4526190476190476,0.4056603773584906,0.258,0.4285714285714285
0.9729729729729756,0.0965965965965965,0.0,0.0127089850435678,0.5476190476190476,0.4156492785793563,0.2473999999999999,0.3571428571428571
0.9189189189189192,0.056056056056056,0.0,0.0148272198253218,0.0,0.0,0.0,0.0
0.8648648648648631,0.023023023023023,0.0,0.0254183937340919,0.0,0.0,0.0,0.0
0.8918918918918948,0.059059059059059,0.0,0.0254183937340919,0.38,0.7000554938956715,0.1574999999999999,0.6428571428571428
0.9459459459459438,0.0220219219219219,0.0,0.0127089850435678,0.0,0.0,0.0,0.0
0.8108108108108141,0.044044044044044,0.0,0.0283839224285476,0.6761904761904761,0.3462819089900111,0.185,0.3571428571428571
0.9459459459459438,0.03003003003003,0.0,0.0063542806983056,0.0,0.0,0.0,0.0
0.621621621621621,0.007007007007007,0.0,0.0381278024246162,0.4119047619047619,0.2943951165371809,0.16,0.3571428571428571
0.8108108108108141,0.074074074074074,0.0,0.0338913328611081,0.3092857142857143,0.6920088790233074,0.2515,0.5
0.8648648648648631,0.046046046046046,0.0,0.0618520319802614,0.0,0.0,0.0,0.0
0.8648648648648631,0.038038038038038,0.0,0.0381278024246162,0.0,0.0,0.0,0.0
0.6756756756756772,0.0125125125125125,0.0,0.0169454546070758,0.3059523809523809,0.3873473917869034,0.249,0.3571428571428571
0.8378378378378386,0.0445445445445445,0.0,0.0179249263701589,0.5809523809523809,0.3107658157602663,0.1775,0.3571428571428571
0.8648648648648631,0.084084084084084,0.0,0.0105907502618137,0.0,0.0,0.0,0.0
0.8108108108108141,0.054054054054054,0.0,0.027536628515846,0.4945238095238095,0.3462819089900111,0.2219,0.5
0.8918918918918948,0.02002002002002,0.0,0.0127089850435678,0.0,0.0,0.0,0.0
0.7837837837837824,0.011011011011011,0.0,0.0254183937340919,0.6057142857142858,0.2597114317425083,0.144,0.3571428571428571
0.7837837837837824,0.0425424424424424,0.0,0.0241474528650396,0.4214285714285714,0.4153718091009989,0.28355,0.3571428571428571
0.9729729729729756,0.0450449449449449,0.0,0.0148272198253218,0.6333333333333333,0.2769145394006659,0.1453999999999999,0.3571428571428571
0.7567567567567579,0.034034034034034,0.0,0.0338913328611081,0.4619047619047618,0.3898446170921198,0.175,0.3571428571428571
1.0,0.0527527527527527,0.0,0.0021178111347976,0.4047619047619047,0.332408435072142,0.27125,0.3571428571428571
0.9729729729729756,0.1991991991991992,0.0,0.0105301687470555,0.3928571428571428,0.4991675915649278,0.34865,0.3571428571428571
0.7297297297297334,0.02002002002002,0.0,0.0466007415516323,0.4847619047619047,0.3321309655937847,0.19725,0.3571428571428571
0.7567567567567579,0.038038038038038,0.0,0.0381278024246162,0.0,0.0,0.0,0.0
0.9189189189189192,0.0850850850850851,0.0,0.0131326319999185,0.5157142857142857,0.4156492785793563,0.2588,0.3571428571428571
0.9459459459459438,0.3793793793793794,0.0,0.0042360459165516,0.0,0.0,0.0,0.0
0.8378378378378386,0.061061061061061,0.0,0.062699325892963,0.4945238095238095,0.3462819089900111,0.2219999999999999,0.5
0.7567567567567579,0.024024024024024,0.0,0.0233552330566635,0.0,0.0,0.0,0.0
0.8648648648648631,0.0515515515515515,0.0,0.0423642719881242,0.0,0.0,0.0,0.0
0.621621621621621,0.0042042042042042,0.0,0.0508372111151403,0.0,0.0,0.0,0.0
0.7837837837837824,0.029029029029029,0.0,0.0296548632976,0.4761904761904761,0.3881798002219755,0.17,0.3571428571428571
0.8378378378378386,0.0470470470470471,0.0,0.0338913328611081,0.4869047619047618,0.4053829078801332,0.2095,0.3571428571428571
0.9459459459459438,0.0770770770770771,0.0,0.0491426232897371,0.5616666666666666,0.3784683684794672,0.167625,0.3571428571428571
0.4864864864864842,0.0052052052052052,0.0,0.0296548632976,0.0,0.0,0.0,0.0
0.8918918918918948,0.0289289289289289,0.0,0.0211819241705839,0.0,0.0,0.0,0.0
0.7567567567567579,0.019019019019019,0.0,0.0466007415516323,0.0,0.0,0.0,0.0
0.7297297297297334,0.021021021021021,0.0,0.0169454546070758,0.4523809523809523,0.2769145394006659,0.1677499999999999,0.3571428571428571
0.7027027027027017,0.0155155155155155,0.0,0.0321967450357049,0.0,0.0,0.0,0.0
0.9189189189189192,0.019019019019019,0.0,0.0127089850435678,0.0,0.0,0.0,0.0
0.7837837837837824,0.0148148148148148,0.0,0.0466007415516323,0.4545238095238095,0.3873473917869034,0.1725,0.3571428571428571
0.9189189189189192,0.059059059059059,0.0,0.0197021253520505,0.0,0.0,0.0,0.0
0.621621621621621,0.009009009009009,0.0,0.0254183937340919,0.0,0.0,0.0,0.0
0.6486486486486527,0.024024024024024,0.0,0.0635466198056646,0.4238095238095238,0.3462819089900111,0.1875,0.3571428571428571
0.9189189189189192,0.0470470470470471,0.1600883687795663,0.0080488685237088,0.0,0.0,0.0,0.0
0.8108108108108141,0.044044044044044,0.0,0.0101751525976336,0.5452380952380952,0.3462819089900111,0.185,0.3571428571428571
0.8108108108108141,0.0405405405405405,0.1620204697820783,0.0233586222323143,0.0,0.0,0.0,0.0
0.9459459459459438,0.064064064064064,0.0,0.0093198093927613,0.5133333333333333,0.4056603773584906,0.258125,0.3571428571428571
0.9729729729729756,0.5145145145145146,0.0,0.0084725154800597,0.5326190476190477,0.6900665926748057,0.5364,0.3571428571428571
0.8108108108108141,0.0215215215215215,0.0,0.0247164107274187,0.5188095238095237,0.2769145394006659,0.167625,0.3571428571428571
0.8378378378378386,0.0565565565565565,0.0,0.0381278024246162,0.489047619047619,0.4433962264150943,0.259,0.3571428571428571
0.8648648648648631,0.031031031031031,0.0,0.0169454546070758,0.0,0.0,0.0,0.0
0.7567567567567579,0.017017017017017,0.0,0.0296548632976,0.3895238095238095,0.4148168701442841,0.23425,0.3571428571428571
0.5135135135135158,0.0071071071071071,0.0,0.0682067363255234,0.3095238095238095,0.4142619311875694,0.25,0.3571428571428571
0.9459459459459438,0.094094094094094,0.0,0.0169454546070758,0.5476190476190476,0.4156492785793563,0.2473999999999999,0.3571428571428571
0.8378378378378386,0.034034034034034,0.0,0.0182163954761283,0.0,0.0,0.0,0.0
0.9459459459459438,0.0455455455455455,0.0,0.0127089850435678,0.4883333333333333,0.2769145394006659,0.1676,0.3571428571428571
0.7837837837837824,0.014014014014014,0.0,0.0728668528453823,0.0,0.0,0.0,0.0
0.7567567567567579,0.014014014014014,0.0,0.0169454546070758,0.0,0.3013318534961154,0.155,0.3571428571428571
0.8648648648648631,0.1741741741741742,0.0,0.0540751448025296,0.0,0.0,0.0,0.0
0.621621621621621,0.011011011011011,0.0,0.0296548632976,0.469047619047619,0.220865704772475,0.11575,0.3571428571428571
0.9459459459459438,0.073073073073073,0.0,0.0164442802577128,0.6521428571428571,0.3462819089900111,0.185,0.3571428571428571
0.7567567567567579,0.034034034034034,0.0,0.0974383763137291,0.0,0.0,0.0,0.0
0.8108108108108141,0.0215215215215215,0.0,0.0247164107274187,0.5188095238095237,0.2769145394006659,0.167625,0.3571428571428571
0.8918918918918948,0.0525525525525525,0.0,0.022283406257096,0.0,0.0,0.0,0.0
0.8648648648648631,0.054054054054054,0.0,0.0872708493613098,0.5421428571428571,0.4156492785793563,0.246475,0.3571428571428571
0.5945945945945965,0.014014014014014,0.0,0.0423642719881242,0.3238095238095237,0.7000554938956715,0.1574999999999999,0.5
0.7837837837837824,0.054054054054054,0.0,0.0283839224285476,0.4945238095238095,0.3462819089900111,0.2219,0.5
0.6756756756756772,0.0165165165165165,0.0,0.0123586290106657,0.0,0.0,0.0,0.0
0.9729729729729756,0.084084084084084,0.0,0.0042360459165516,0.5366666666666666,0.3873473917869034,0.2219,0.3571428571428571
0.7567567567567579,0.021021021021021,0.0,0.0656648545874186,0.4238095238095238,0.3881798002219755,0.17,0.3571428571428571
0.9459459459459438,0.094094094094094,0.0,0.0127089850435678,0.5476190476190476,0.4156492785793563,0.2473999999999999,0.3571428571428571
0.8918918918918948,0.5495495495495496,0.0,0.0327686684267785,0.0,0.0,0.0,0.0
0.8108108108108141,0.024024024024024,0.0,0.0199109833015315,0.4833333333333333,0.3462819089900111,0.1875,0.3571428571428571
0.9459459459459438,0.1241241241241241,0.0,0.0050833398292532,0.4666666666666667,0.4053829078801332,0.271125,0.3571428571428571
0.8108108108108141,0.0665665665665665,0.0,0.0309258041666524,0.0,0.0,0.0,0.0
0.7297297297297334,0.019019019019019,0.0,0.0114380441745153,0.0,0.0,0.0,0.0
0.8918918918918948,0.0305305305305305,0.122274392016117,0.0063542806983056,0.0,0.0,0.0,0.0
0.7837837837837824,0.0245244244244244,0.0,0.0127089850435678,0.5414285714285714,0.220865704772475,0.1182499999999999,0.3571428571428571
0.9729729729729756,0.3793793793793794,0.0,0.0084725154800597,0.4285714285714285,0.5463374028856826,0.475,0.3571428571428571
0.8648648648648631,0.0435435435435435,0.0,0.017030183998346,0.5,0.4156492785793563,0.1874,0.5
0.7567567567567579,0.031031031031031,0.0,0.0326203919920556,0.5254761904761904,0.3326859045504994,0.18475,0.3571428571428571
0.9189189189189192,0.1116116116116116,0.0,0.0444825067698783,0.509047619047619,0.3873473917869034,0.22175,0.3571428571428571
0.7567567567567579,0.034034034034034,0.0,0.0423642719881242,0.5476190476190476,0.3873473917869034,0.2249999999999999,0.3571428571428571
0.7567567567567579,0.024024024024024,0.0,0.0296548632976,0.0,0.0,0.0,0.0
0.8378378378378386,0.044044044044044,0.0,0.0616402085020859,0.557142857142857,0.3462819089900111,0.185,0.3571428571428571
0.9459459459459438,0.3793793793793794,0.0,0.0042360459165516,0.0,0.0,0.0,0.0
0.9189189189189192,0.044044044044044,0.0,0.0377041554682653,0.6495238095238095,0.2905105438401776,0.1725,0.3571428571428571
0.9729729729729756,0.099099099099099,0.0,0.0254183937340919,0.3895238095238095,0.6046059933407325,0.3,0.5
0.8108108108108141,0.023023023023023,0.0,0.0042360459165516,0.0,0.0,0.0,0.0
0.9189189189189192,0.035035035035035,0.0,0.0105907502618137,0.5478571428571428,0.2771920088790233,0.1674999999999999,0.3571428571428571
0.8108108108108141,0.018018018018018,0.0,0.0296548632976,0.5023809523809524,0.2258601553829078,0.138,0.3571428571428571
0.8108108108108141,0.024024024024024,0.0,0.0105907502618137,0.4761904761904761,0.3881798002219755,0.17025,0.3571428571428571
0.8378378378378386,0.055055055055055,0.0,0.0381278024246162,0.6240476190476191,0.3462819089900111,0.22125,0.3571428571428571
0.8918918918918948,0.0755755755755756,0.0,0.0423642719881242,0.5785714285714285,0.3462819089900111,0.22125,0.3571428571428571
0.8918918918918948,0.037037037037037,0.0,0.0063542806983056,0.0,0.0,0.0,0.0
0.8648648648648631,0.1091091091091091,0.0,0.0326203919920556,0.3809523809523809,0.6046059933407325,0.35,0.5
0.8108108108108141,0.0335335335335335,0.0,0.018640042432479,0.0,0.0,0.0,0.0
0.7837837837837824,0.018018018018018,0.0,0.027536628515846,0.5023809523809524,0.2258601553829078,0.138,0.3571428571428571
0.8648648648648631,0.041041041041041,0.0,0.0440588598135275,0.0,0.0,0.0,0.0
0.9729729729729756,0.0356356356356356,0.0,0.0063542806983056,0.5702380952380952,0.2769145394006659,0.1677499999999999,0.3571428571428571
0.8918918918918948,0.02002002002002,0.0,0.0254183937340919,0.4,0.220865704772475,0.0855,0.5714285714285714
0.7837837837837824,0.014014014014014,0.0,0.0321967450357049,0.3833333333333333,0.220865704772475,0.0925,0.2857142857142857
0.9459459459459438,0.073073073073073,0.0,0.0164442802577128,0.6521428571428571,0.3462819089900111,0.185,0.3571428571428571
0.7027027027027017,0.014014014014014,0.0,0.0317730980793541,0.3571428571428571,0.3795782463928968,0.2249999999999999,0.3571428571428571
1.0,0.049049049049049,0.0,0.0169454546070758,0.4183333333333333,0.3310210876803551,0.22175,0.3571428571428571
1.0,0.036036036036036,0.0,0.0067779276546565,0.7857142857142857,0.220865704772475,0.1182499999999999,0.3571428571428571
0.7837837837837824,0.094094094094094,0.0,0.0338913328611081,0.0,0.0,0.0,0.0
0.9459459459459438,0.033033033033033,0.0,0.0508372111151403,0.4833333333333333,0.2769145394006659,0.1701249999999999,0.3571428571428571
0.8378378378378386,0.0525525525525525,0.0,0.0338913328611081,0.0,0.0,0.0,0.0
0.9729729729729756,0.5395395395395396,0.0,0.0031769285256746,0.3995238095238095,0.5535516093229745,0.475,0.3571428571428571
0.6756756756756772,0.064064064064064,0.0,0.0317730980793541,0.0,0.0,0.0,0.0
0.7837837837837824,0.049049049049049,0.0,0.0381278024246162,0.0,0.0,0.0,0.0
0.621621621621621,0.049049049049049,0.0,0.0317730980793541,0.0,0.0,0.0,0.0
0.6486486486486527,0.074074074074074,0.0,0.0254183937340919,0.345,0.8304661487236404,0.645,0.3571428571428571
0.9729729729729756,0.1081081081081081,0.0,0.0069897511328319,0.4047619047619047,0.3321309655937847,0.275,0.3571428571428571
0.8378378378378386,0.019019019019019,0.0,0.0338913328611081,0.0,0.0,0.0,0.0
0.8378378378378386,0.079079079079079,0.0,0.0063542806983056,0.0,0.0,0.0,0.0
0.8378378378378386,0.064064064064064,0.0,0.0923546128375194,0.0,0.0,0.0,0.0
0.9459459459459438,0.1041041041041041,0.0,0.0296548632976,0.509047619047619,0.3873473917869034,0.22175,0.3571428571428571
0.9189189189189192,0.0765765765765765,0.0,0.0317730980793541,0.5785714285714285,0.3462819089900111,0.22125,0.3571428571428571
0.7567567567567579,0.014014014014014,0.0,0.0169454546070758,0.0,0.0,0.0,0.0
0.6486486486486527,0.007007007007007,0.0,0.0254183937340919,0.0,0.0,0.0,0.0
0.9459459459459438,0.0720720720720721,0.0,0.0131326319999185,0.4142857142857142,0.3321309655937847,0.20465,0.3571428571428571
0.7837837837837824,0.035035035035035,0.0,0.0296548632976,0.0,0.0,0.0,0.0
0.7837837837837824,0.0285285285285285,0.0,0.0593101502421565,0.4880952380952381,0.4433962264150943,0.25875,0.3571428571428571
0.7837837837837824,0.048048048048048,0.0,0.0423642719881242,0.0,0.0,0.0,0.0
0.7297297297297334,0.0400399399399399,0.0,0.0466007415516323,0.3714285714285714,0.4153718091009989,0.29075,0.3571428571428571
0.9459459459459438,0.0770770770770771,0.0,0.0136045747092933,0.0,0.0,0.0,0.0
0.7297297297297334,0.039039039039039,0.0,0.0783742632779428,0.0,0.0,0.0,0.0
0.9189189189189192,0.1191191191191191,0.0,0.0169454546070758,0.0,0.0,0.0,0.0
0.8378378378378386,0.0195194194194194,0.0,0.0105907502618137,0.0,0.0,0.0,0.0
0.9729729729729756,0.5145145145145146,0.0,0.0084725154800597,0.5326190476190477,0.6900665926748057,0.5364,0.3571428571428571
0.9189189189189192,0.0689689689689689,0.0,0.0254183937340919,0.6761904761904761,0.3462819089900111,0.18505,0.3571428571428571
0.7027027027027017,0.029029029029029,0.0,0.0211819241705839,0.0,0.0,0.0,0.0
0.8918918918918948,0.0635635635635635,0.0,0.0046596928729024,0.3404761904761905,0.4433962264150943,0.25875,0.3571428571428571
0.8378378378378386,0.029029029029029,0.0,0.0635466198056646,0.0,0.0,0.0,0.0
0.6486486486486527,0.011011011011011,0.0,0.0571919154604025,0.4047619047619047,0.3898446170921198,0.175,0.3571428571428571
0.8378378378378386,0.0465465465465465,0.0,0.0508372111151403,0.0,0.0,0.0,0.0
0.8918918918918948,0.059059059059059,0.0,0.0199109833015315,0.6,0.3462819089900111,0.185,0.3571428571428571
0.9729729729729756,0.066066066066066,0.0,0.0072015746110072,0.0,0.0,0.0,0.0
0.9189189189189192,0.1016016016016016,0.0,0.0160981606943742,0.0,0.0,0.0,0.0
0.7567567567567579,0.016016016016016,0.0,0.0296548632976,0.4523809523809523,0.2769145394006659,0.16525,0.3571428571428571
0.8648648648648631,0.042042042042042,0.0,0.0847289676232049,0.0,0.0,0.0,0.0
0.9189189189189192,0.059059059059059,0.0,0.010388247016678,0.4857142857142856,0.3321309655937847,0.2045,0.3571428571428571
0.9459459459459438,0.2692692692692693,0.0,0.0105907502618137,0.0,0.0,0.0,0.0
0.7567567567567579,0.0485485485485485,0.0,0.0508372111151403,0.0,0.0,0.0,0.0
0.9459459459459438,0.3893893893893894,0.0,0.0072439393066424,0.5352380952380952,0.5535516093229745,0.46935,0.3571428571428571
0.9189189189189192,0.056056056056056,0.0,0.0216055711269347,0.3349999999999999,0.8201997780244173,0.172525,0.5
0.9189189189189192,0.1242242242242242,0.0,0.0148272198253218,0.419047619047619,0.6046059933407325,0.38465,0.5
0.9459459459459438,0.0585585585585585,0.0,0.0118616911308661,0.4047619047619047,0.332408435072142,0.27125,0.3571428571428571
0.621621621621621,0.0106105105105105,0.0,0.0423642719881242,0.0,0.0,0.0,0.0
0.567567567567572,0.004004004004004,0.0,0.0076252215673581,0.3833333333333333,0.220865704772475,0.0925,0.2857142857142857
0.7297297297297334,0.014014014014014,0.0,0.0296548632976,0.6238095238095237,0.2769145394006659,0.1455,0.3571428571428571
0.9189189189189192,0.084084084084084,0.0,0.0182163954761283,0.5838095238095238,0.3462819089900111,0.22125,0.5
0.9189189189189192,0.069069069069069,0.0,0.0127089850435678,0.4428571428571429,0.3321309655937847,0.204575,0.3571428571428571
0.9189189189189192,0.034034034034034,0.0,0.0169454546070758,0.5702380952380952,0.2769145394006659,0.167625,0.3571428571428571
0.8918918918918948,0.0700700700700701,0.0,0.0300785102539508,0.6521428571428571,0.3462819089900111,0.185,0.3571428571428571
0.7567567567567579,0.024024024024024,0.0,0.0211819241705839,0.5495238095238094,0.4053829078801332,0.15775,0.3571428571428571
0.8378378378378386,0.021021021021021,0.0,0.0211819241705839,0.6057142857142858,0.2597114317425083,0.14075,0.3571428571428571
0.7297297297297334,0.0006006006006006,0.0140767358754446,0.0139799259126202,0.0,0.0,0.0,0.0
0.7027027027027017,0.014014014014014,0.0,0.0317730980793541,0.4499999999999999,0.2943951165371809,0.1674999999999999,0.3571428571428571
0.7567567567567579,0.011011011011011,0.0,0.0296548632976,0.0,0.0,0.0,0.0
0.9459459459459438,0.1736736736736737,0.0,0.0042360459165516,0.2704761904761904,0.7644284128745839,0.42875,0.5
0.5945945945945965,0.0085085085085085,0.0,0.0529554458968944,0.0,0.0,0.0,0.0
0.9189189189189192,0.044044044044044,0.0,0.0338913328611081,0.6495238095238095,0.2905105438401776,0.1725,0.3571428571428571
0.7837837837837824,0.049049049049049,0.0,0.0508372111151403,0.5190476190476191,0.4053829078801332,0.195,0.3571428571428571
0.9729729729729756,0.048048048048048,0.0,0.0042360459165516,0.4885714285714285,0.3321309655937847,0.2045,0.3571428571428571
0.9189189189189192,0.059059059059059,0.0,0.0105907502618137,0.4323809523809523,0.3318534961154273,0.2169999999999999,0.3571428571428571
0.8918918918918948,0.054054054054054,0.0,0.0097434563491121,0.0,0.0,0.0,0.0
0.9189189189189192,0.059059059059059,0.0,0.0197021253520505,0.0,0.0,0.0,0.0
0.9189189189189192,0.0575575575575575,0.0,0.0381278024246162,0.6,0.3462819089900111,0.185,0.3571428571428571
1.0,0.1941941941941942,0.0,0.0011434231351907,0.405,0.4389567147613762,0.3155,0.3571428571428571
0.8648648648648631,0.039039039039039,0.0,0.0211819241705839,0.4857142857142856,0.3321309655937847,0.207775,0.3571428571428571
0.8648648648648631,0.0505505505505505,0.0,0.0127089850435678,0.4216666666666667,0.3321309655937847,0.19725,0.3571428571428571
0.8378378378378386,0.021021021021021,0.0,0.0338913328611081,0.5023809523809524,0.2258601553829078,0.138,0.3571428571428571
0.4324324324324351,0.003003003003003,0.0,0.0211819241705839,0.3833333333333333,0.220865704772475,0.0925,0.2857142857142857
0.7837837837837824,0.011011011011011,0.0,0.0296548632976,0.4428571428571429,0.3326859045504994,0.1985,0.3571428571428571
0.9189189189189192,0.044044044044044,0.0,0.0238466635260304,0.5714285714285714,0.3290788013318535,0.184925,0.3571428571428571
0.7027027027027017,0.0465465465465465,0.0,0.0508372111151403,0.2869047619047619,0.6046059933407325,0.3,0.5
0.9189189189189192,0.0265265265265265,0.0,0.0118616911308661,0.588095238095238,0.220865704772475,0.1182499999999999,0.3571428571428571
0.6756756756756772,0.01001001001001,0.0,0.0338913328611081,0.4499999999999999,0.2943951165371809,0.1674999999999999,0.3571428571428571
0.7837837837837824,0.018018018018018,0.0,0.0508372111151403,0.0,0.0,0.0,0.0
0.7837837837837824,0.044044044044044,0.2594535631944695,0.0152932314773077,0.0,0.0,0.0,0.0
0.8918918918918948,0.036036036036036,0.0,0.0381278024246162,0.4545238095238095,0.3898446170921198,0.172525,0.3571428571428571
0.8378378378378386,0.059059059059059,0.0,0.0491426232897371,0.4526190476190476,0.4053829078801332,0.271125,0.3571428571428571
0.8918918918918948,0.1791791791791792,0.0,0.0533790928532452,0.0,0.0,0.0,0.0
0.9459459459459438,0.1566566566566566,0.0,0.0127089850435678,0.419047619047619,0.6046059933407325,0.38465,0.5
0.8378378378378386,0.041041041041041,0.0,0.0296548632976,0.0,0.0,0.0,0.0
0.7837837837837824,0.032032032032032,0.0,0.0254183937340919,0.4238095238095238,0.3881798002219755,0.1674999999999999,0.3571428571428571
0.7027027027027017,0.021021021021021,0.0,0.0105907502618137,0.0,0.0,0.0,0.0
0.8108108108108141,0.026026026026026,0.0,0.0221902039266988,0.5616666666666666,0.3784683684794672,0.1676,0.3571428571428571
0.7567567567567579,0.0115115115115115,0.0,0.0508372111151403,0.0,0.0,0.0,0.0
0.567567567567572,0.006006006006006,0.0,0.0381278024246162,0.0,0.0,0.0,0.0
0.7837837837837824,0.049049049049049,0.0,0.0357922367542541,0.3595238095238094,0.6046059933407325,0.35,0.5
0.9459459459459438,0.037037037037037,0.0,0.0093854746709957,0.0,0.0,0.0,0.0
0.9189189189189192,0.037037037037037,0.0,0.0127089850435678,0.5676190476190476,0.3326859045504994,0.2099999999999999,0.3571428571428571
0.9459459459459438,0.06006006006006,0.0,0.0063542806983056,0.4428571428571429,0.3321309655937847,0.204575,0.3571428571428571
0.8918918918918948,0.0735735735735735,0.0,0.0283839224285476,0.3666666666666666,0.5541065482796892,0.3,0.5
0.8648648648648631,0.051051051051051,0.0,0.0466007415516323,0.4795238095238095,0.4156492785793563,0.2219999999999999,0.3571428571428571
0.7297297297297334,0.0212212212212212,0.0,0.0296548632976,0.0,0.0,0.0,0.0
0.8648648648648631,0.0315315315315315,0.1404913443255159,0.0150390433034972,0.0,0.0,0.0,0.0
0.7297297297297334,0.014014014014014,0.0,0.016521807650725,0.4023809523809523,0.2943951165371809,0.16225,0.3571428571428571
0.7837837837837824,0.0725725725725726,0.0,0.0234272530392432,0.0,0.0,0.0,0.0
0.6486486486486527,0.015015015015015,0.0,0.0550736806786484,0.3933333333333333,0.552441731409545,0.30925,0.3571428571428571
0.6756756756756772,0.0095095095095095,0.0,0.0127089850435678,0.0,0.0,0.0,0.0
0.8918918918918948,0.005005005005005,0.023185212030144,0.0105907502618137,0.0,0.0,0.0,0.0
0.8918918918918948,0.038038038038038,0.0,0.0257683261200377,0.0,0.0,0.0,0.0
0.7297297297297334,0.0275275275275275,0.0,0.1122660197860073,0.3523809523809524,0.6933962264150944,0.2,0.6428571428571428
0.8648648648648631,0.074074074074074,0.0,0.0194763215243156,0.0,0.0,0.0,0.0
0.7027027027027017,0.028028028028028,0.0,0.0508372111151403,0.4,0.4153718091009989,0.29075,0.3571428571428571
0.8918918918918948,0.066066066066066,0.0,0.0030091643309597,0.0,0.0,0.0,0.0
0.9729729729729756,0.049049049049049,0.0,0.0063542806983056,0.0,0.0,0.0,0.0
0.8378378378378386,0.061061061061061,0.0,0.0466007415516323,0.5366666666666666,0.3873473917869034,0.221825,0.3571428571428571
0.6756756756756772,0.0215215215215215,0.0,0.0508372111151403,0.3933333333333333,0.552441731409545,0.30925,0.3571428571428571
0.8648648648648631,0.0475474474474474,0.0,0.0234611447957512,0.4499999999999999,0.3321309655937847,0.205,0.3571428571428571
0.6756756756756772,0.031031031031031,0.0,0.0744775585734281,0.4595238095238095,0.3462819089900111,0.18475,0.3571428571428571
0.621621621621621,0.015015015015015,0.0,0.0381278024246162,0.469047619047619,0.220865704772475,0.11575,0.3571428571428571
0.7837837837837824,0.054054054054054,0.0,0.0508372111151403,0.4,0.4153718091009989,0.29075,0.3571428571428571
0.7027027027027017,0.026026026026026,0.0,0.0117062126978854,0.0,0.0,0.0,0.0
0.9729729729729756,0.064064064064064,0.0,0.0063542806983056,0.5464285714285714,0.3462819089900111,0.185,0.3571428571428571
0.7837837837837824,0.028028028028028,0.0,0.0338913328611081,0.4880952380952381,0.4433962264150943,0.25875,0.3571428571428571
0.8918918918918948,0.054054054054054,0.0,0.0338913328611081,0.38,0.7000554938956715,0.1574999999999999,0.6428571428571428
0.8108108108108141,0.1591591591591591,0.8448801669556079,0.0571919154604025,0.0,0.0,0.0,0.0
0.9459459459459438,0.1566566566566566,0.0,0.0042360459165516,0.0,0.0,0.0,0.0
0.8378378378378386,0.042042042042042,0.0,0.0338913328611081,0.6,0.3462819089900111,0.185,0.3571428571428571
0.4324324324324351,0.006006006006006,0.0,0.0296548632976,0.0,0.0,0.0,0.0
0.7567567567567579,0.058058058058058,0.0,0.0338913328611081,0.3595238095238094,0.6046059933407325,0.35,0.5
1.0,0.091090990990991,0.0,0.0084725154800597,0.4047619047619047,0.332408435072142,0.27125,0.3571428571428571
0.9729729729729756,0.0705705705705705,0.0,0.00338875200385,0.0,0.0,0.0,0.0
0.9459459459459438,0.042042042042042,0.0,0.0021178111347976,0.4911904761904761,0.332408435072142,0.1674999999999999,0.3571428571428571
0.8648648648648631,0.0400399399399399,0.0,0.0393987432936686,0.4547619047619047,0.3321309655937847,0.20465,0.3571428571428571
0.6486486486486527,0.016016016016016,0.0,0.0508372111151403,0.4,0.4142619311875694,0.275,0.3571428571428571
0.8918918918918948,0.063063063063063,0.0,0.0296548632976,0.5785714285714285,0.3462819089900111,0.22125,0.3571428571428571
0.9189189189189192,0.046046046046046,0.0,0.0127089850435678,0.4499999999999999,0.3321309655937847,0.20465,0.3571428571428571
0.8108108108108141,0.041041041041041,0.0,0.0292312163412492,0.5314285714285714,0.4389567147613762,0.3157999999999999,0.3571428571428571
0.9729729729729756,0.4944944944944945,0.0,0.0127089850435678,0.0,0.0,0.0,0.0
0.9189189189189192,0.1616616616616616,0.0,0.0228765119959871,0.3809523809523809,0.6046059933407325,0.35,0.5
0.9459459459459438,0.073073073073073,0.0,0.0164442802577128,0.6521428571428571,0.3462819089900111,0.185,0.3571428571428571
0.9459459459459438,0.3193193193193193,0.0,0.0148272198253218,0.2597619047619047,0.8873473917869035,0.4925,0.5
0.6486486486486527,0.0055055055055055,0.0,0.0508372111151403,0.4257142857142856,0.3873473917869034,0.132,0.3571428571428571
0.8918918918918948,0.1091091091091091,0.0,0.0423642719881242,0.3666666666666666,0.5541065482796892,0.3,0.5
0.8918918918918948,0.084084084084084,0.0,0.0508372111151403,0.569047619047619,0.4389567147613762,0.3157999999999999,0.3571428571428571
0.9729729729729756,0.0500499499499499,0.0,0.0021178111347976,0.4833333333333333,0.3013318534961154,0.17,0.3571428571428571
0.8648648648648631,0.0220219219219219,0.0,0.014403572868971,0.5023809523809524,0.2258601553829078,0.138,0.3571428571428571
0.9459459459459438,0.059059059059059,0.0,0.0295612373202465,0.5238095238095237,0.3321309655937847,0.2045,0.3571428571428571
0.8108108108108141,0.0215215215215215,0.0,0.0247164107274187,0.5188095238095237,0.2769145394006659,0.167625,0.3571428571428571
0.9729729729729756,0.1091091091091091,0.0,0.0127089850435678,0.0,0.0,0.0,0.0
0.8108108108108141,0.074074074074074,0.0,0.0177876647563012,0.0,0.0,0.0,0.0
0.8108108108108141,0.049049049049049,0.0,0.0389750963373178,0.4945238095238095,0.3462819089900111,0.2219,0.5
0.7027027027027017,0.009009009009009,0.0,0.0804924980596968,0.4047619047619047,0.3898446170921198,0.1775,0.3571428571428571
1.0,0.0609609609609609,0.0,0.0006350467875698,0.0,0.0,0.0,0.0
0.4054054054054035,0.0058058058058058,0.0,0.0466007415516323,0.3119047619047618,0.4433962264150943,0.1925,0.3571428571428571
0.8918918918918948,0.044044044044044,0.0,0.0423642719881242,0.5761904761904761,0.4156492785793563,0.2465,0.5
0.8378378378378386,0.059059059059059,0.0,0.0338913328611081,0.2635714285714285,0.6925638179800222,0.44875,0.3571428571428571
0.9459459459459438,0.0505505505505505,0.0,0.0021178111347976,0.0,0.0,0.0,0.0
0.9189189189189192,0.034034034034034,0.0,0.003243864744778,0.0,0.0,0.0,0.0
0.8378378378378386,0.0245244244244244,0.0,0.0127089850435678,0.0,0.0,0.0,0.0
0.7837837837837824,0.013013013013013,0.0,0.0296548632976,0.4761904761904761,0.3881798002219755,0.17,0.3571428571428571
0.8378378378378386,0.1091091091091091,0.0,0.0334676859047573,0.4904761904761905,0.5460599334073252,0.3525,0.3571428571428571
0.8378378378378386,0.018018018018018,0.0,0.0254183937340919,0.4523809523809523,0.2769145394006659,0.1677499999999999,0.3571428571428571
0.6486486486486527,0.009009009009009,0.0,0.0381278024246162,0.0,0.0,0.0,0.0
0.8378378378378386,0.0355355355355355,0.1932101002512007,0.0148272198253218,0.0,0.0,0.0,0.0
0.5945945945945965,0.011011011011011,0.0,0.0508372111151403,0.0,0.0,0.0,0.0
0.8648648648648631,0.029029029029029,0.0,0.0254183937340919,0.0,0.0,0.0,0.0
0.8918918918918948,0.0570570570570571,0.0,0.0643939137183662,0.5045238095238095,0.3873473917869034,0.221825,0.3571428571428571
0.9189189189189192,0.059059059059059,0.0,0.0381278024246162,0.0,0.0,0.0,0.0
0.8108108108108141,0.024024024024024,0.0,0.0381278024246162,0.6142857142857143,0.4156492785793563,0.2465,0.3571428571428571
0.6486486486486527,0.0086086086086086,0.0,0.0741377937144348,0.4119047619047619,0.2943951165371809,0.14375,0.3571428571428571
0.8918918918918948,0.0470470470470471,0.0,0.0296548632976,0.4499999999999999,0.3321309655937847,0.205,0.3571428571428571
0.9729729729729756,0.034034034034034,0.0,0.0063542806983056,0.5992857142857143,0.2216981132075471,0.1332499999999999,0.3571428571428571
0.7027027027027017,0.011011011011011,0.0,0.0508372111151403,0.469047619047619,0.220865704772475,0.11575,0.3571428571428571
0.8648648648648631,0.0215215215215215,0.0,0.0338913328611081,0.0,0.0,0.0,0.0
0.9459459459459438,0.068068068068068,0.0,0.0169454546070758,0.0,0.0,0.0,0.0
0.7837837837837824,0.1791791791791792,0.0,0.0211819241705839,0.0,0.0,0.0,0.0
0.9189189189189192,0.049049049049049,0.0,0.0112262206963399,0.0,0.0,0.0,0.0
0.8648648648648631,0.021021021021021,0.0,0.0169454546070758,0.0,0.0,0.0,0.0
0.9729729729729756,0.0980980980980981,0.0,0.0083030566975194,0.5261904761904762,0.3873473917869034,0.22175,0.3571428571428571
0.9459459459459438,0.0565565565565565,0.0,0.0063542806983056,0.4133333333333333,0.3321309655937847,0.20465,0.3571428571428571
0.7567567567567579,0.014014014014014,0.0,0.0169454546070758,0.4285714285714285,0.2760821309655938,0.155,0.3571428571428571
0.7837837837837824,0.0275275275275275,0.0,0.0314765452099085,0.0,0.0,0.0,0.0
0.7297297297297334,0.014014014014014,0.0,0.0381278024246162,0.0,0.0,0.0,0.0
0.6756756756756772,0.019019019019019,0.0,0.0466007415516323,0.3316666666666666,0.6046059933407325,0.34525,0.5
0.7567567567567579,0.0431431431431431,0.0,0.0296548632976,0.25,0.7239178690344062,0.3,0.5
0.8378378378378386,0.0365365365365365,0.0,0.0466007415516323,0.5523809523809523,0.3462819089900111,0.1848499999999999,0.3571428571428571
0.7027027027027017,0.0125125125125125,0.0,0.0211819241705839,0.469047619047619,0.220865704772475,0.11575,0.3571428571428571
0.6756756756756772,0.01001001001001,0.0,0.0248388446978041,0.0,0.0,0.0,0.0
0.9189189189189192,0.2617617617617618,0.0,0.0038123989602008,0.3238095238095237,0.554661487236404,0.4425,0.3571428571428571
0.9189189189189192,0.0315315315315315,0.0,0.0078370450455335,0.0,0.0,0.0,0.0
0.8648648648648631,0.014014014014014,0.0,0.0233001589523379,0.0,0.0,0.0,0.0
0.8918918918918948,0.023023023023023,0.0,0.0148272198253218,0.5414285714285714,0.220865704772475,0.1182499999999999,0.3571428571428571
0.8378378378378386,0.0215215215215215,0.0,0.0508372111151403,0.0,0.0,0.0,0.0
0.5945945945945965,0.014014014014014,0.0,0.0508372111151403,0.3142857142857142,0.4148168701442841,0.235,0.3571428571428571
0.8648648648648631,0.039039039039039,0.0,0.0261343570903248,0.0,0.0,0.0,0.0
0.7567567567567579,0.044044044044044,0.0,0.0338913328611081,0.4047619047619047,0.4153718091009989,0.295,0.3571428571428571
0.7297297297297334,0.009009009009009,0.0,0.0508372111151403,0.0,0.0,0.0,0.0
0.8108108108108141,0.019019019019019,0.0,0.0508372111151403,0.0,0.0,0.0,0.0
0.9189189189189192,0.0415415415415415,0.0,0.0152508667816726,0.0,0.0,0.0,0.0
0.7567567567567579,0.0165165165165165,0.0,0.0254183937340919,0.0,0.0,0.0,0.0
0.8378378378378386,0.029029029029029,0.0,0.0338913328611081,0.4761904761904761,0.3881798002219755,0.1701249999999999,0.3571428571428571
0.9729729729729756,0.039039039039039,0.0,0.0021178111347976,0.0,0.0,0.0,0.0
0.8108108108108141,0.074074074074074,0.0,0.0336066421064403,0.3092857142857143,0.6920088790233074,0.2515,0.5
0.7567567567567579,0.0195194194194194,0.0,0.0413051545972472,0.0,0.0,0.0,0.0
0.9189189189189192,0.043043043043043,0.0,0.0190636893888299,0.4795238095238095,0.3321309655937847,0.20465,0.3571428571428571
0.8378378378378386,0.039039039039039,0.0,0.0466007415516323,0.5714285714285714,0.3107658157602663,0.175,0.3571428571428571
0.4594594594594596,0.0065065065065065,0.0,0.0381278024246162,0.3047619047619048,0.4131520532741398,0.08875,0.3571428571428571
0.8108108108108141,0.0225225225225225,0.0,0.0169454546070758,0.5023809523809524,0.2258601553829078,0.138,0.3571428571428571
0.8378378378378386,0.02002002002002,0.0,0.0296548632976,0.4980952380952381,0.2769145394006659,0.1677499999999999,0.3571428571428571
0.8648648648648631,0.02002002002002,0.0,0.0105907502618137,0.0,0.0,0.0,0.0
0.9729729729729756,0.5795795795795796,0.0,0.0088961624364105,0.3995238095238095,0.5535516093229745,0.475,0.3571428571428571
0.8648648648648631,0.039039039039039,0.1628485130688691,0.0254183937340919,0.0,0.0,0.0,0.0
0.7567567567567579,0.021021021021021,0.0,0.0169454546070758,0.4499999999999999,0.2769145394006659,0.1677499999999999,0.3571428571428571
0.8378378378378386,0.1476476476476477,0.0,0.0203346302578822,0.0,0.0,0.0,0.0
0.8378378378378386,0.0475474474474474,0.0,0.0228765119959871,0.5476190476190476,0.4156492785793563,0.2473999999999999,0.3571428571428571
0.8918918918918948,0.0500499499499499,0.0,0.0148272198253218,0.0,0.0,0.0,0.0
0.6486486486486527,0.005005005005005,0.0,0.0296548632976,0.0,0.0,0.0,0.0
0.567567567567572,0.007007007007007,0.0,0.0254183937340919,0.0,0.0,0.0,0.0
0.5945945945945965,0.0061061061061061,0.0,0.0093198093927613,0.0,0.0,0.0,0.0
0.8378378378378386,0.054054054054054,0.0,0.0162701613586526,0.0,0.0,0.0,0.0
0.7837837837837824,0.0315315315315315,0.0,0.0508372111151403,0.3316666666666666,0.6046059933407325,0.345075,0.5
0.8108108108108141,0.024024024024024,0.0,0.0762560284961888,0.4952380952380952,0.4053829078801332,0.16025,0.3571428571428571
0.8648648648648631,0.037037037037037,0.0,0.0169454546070758,0.4183333333333333,0.3310210876803551,0.22175,0.3571428571428571
0.9459459459459438,0.064064064064064,0.0,0.0169454546070758,0.4795238095238095,0.4156492785793563,0.2199999999999999,0.3571428571428571
0.8378378378378386,0.0365365365365365,0.0,0.0321967450357049,0.5714285714285714,0.3107658157602663,0.175,0.3571428571428571
0.7027027027027017,0.029029029029029,0.0,0.0254183937340919,0.4523809523809523,0.2769145394006659,0.16525,0.3571428571428571
0.9459459459459438,0.074074074074074,0.0,0.0296548632976,0.3928571428571428,0.4142619311875694,0.175,0.5
0.7297297297297334,0.019019019019019,0.0,0.0296548632976,0.0,0.0,0.0,0.0
0.7567567567567579,0.02002002002002,0.0,0.0423642719881242,0.4547619047619047,0.3898446170921198,0.175,0.3571428571428571
0.621621621621621,0.064064064064064,0.0,0.0169454546070758,0.2785714285714285,0.4983351831298557,0.445,0.3571428571428571
0.7297297297297334,0.059059059059059,0.0,0.0423642719881242,0.0,0.0,0.0,0.0
0.9459459459459438,0.0500499499499499,0.0,0.0021178111347976,0.0,0.0,0.0,0.0
0.7837837837837824,0.0351351351351351,0.0,0.0381278024246162,0.489047619047619,0.4433962264150943,0.259,0.3571428571428571
0.7837837837837824,0.044044044044044,0.0,0.0180702372761872,0.0,0.0,0.0,0.0
0.7837837837837824,0.094094094094094,0.0,0.0338913328611081,0.0,0.0,0.0,0.0
0.8918918918918948,0.0830830830830831,0.0,0.0296548632976,0.0,0.0,0.0,0.0
0.8918918918918948,0.0615615615615615,0.0,0.0338913328611081,0.0,0.0,0.0,0.0
0.9459459459459438,0.026026026026026,0.0,0.0080488685237088,0.0,0.0,0.0,0.0
0.8918918918918948,0.053053053053053,0.0,0.0160981606943742,0.4428571428571429,0.3321309655937847,0.204575,0.3571428571428571
0.9189189189189192,0.059059059059059,0.0,0.0211819241705839,0.5464285714285714,0.3462819089900111,0.185,0.3571428571428571
0.9459459459459438,0.0820820820820821,0.0,0.0021178111347976,0.5095238095238095,0.3321309655937847,0.20775,0.3571428571428571
0.5945945945945965,0.007007007007007,0.0,0.0101671033054629,0.0,0.0,0.0,0.0
0.7297297297297334,0.034034034034034,0.0,0.0248015637656452,0.4142857142857142,0.4153718091009989,0.29325,0.3571428571428571
0.8108108108108141,0.021021021021021,0.0,0.0423642719881242,0.0,0.0,0.0,0.0
0.8918918918918948,0.1291291291291291,0.0,0.0296548632976,0.0,0.0,0.0,0.0
0.7297297297297334,0.01001001001001,0.0,0.0372805085119146,0.0,0.0,0.0,0.0
0.8648648648648631,0.027027027027027,0.0,0.0063542806983056,0.0,0.0,0.0,0.0
0.8108108108108141,0.1291291291291291,0.0,0.0247829232995657,0.0,0.0,0.0,0.0
1.0,0.054054054054054,0.0,0.0021178111347976,0.0,0.0,0.0,0.0
0.7837837837837824,0.029029029029029,0.0,0.0169454546070758,0.5611904761904761,0.3873473917869034,0.175,0.3571428571428571
0.7837837837837824,0.024024024024024,0.0,0.0466007415516323,0.0,0.0,0.0,0.0
0.8378378378378386,0.0715715715715715,0.0,0.0597337971985073,0.3595238095238094,0.6046059933407325,0.35,0.5
0.4864864864864842,0.0035035035035035,0.0,0.0254183937340919,0.3833333333333333,0.220865704772475,0.0925,0.2857142857142857
0.7837837837837824,0.017017017017017,0.0,0.0254183937340919,0.0,0.0,0.0,0.0
0.8648648648648631,0.0520520520520521,0.0,0.0334676859047573,0.6149999999999999,0.4156492785793563,0.2475,0.3571428571428571
0.8648648648648631,0.027027027027027,0.0,0.0110711659103155,0.0,0.0,0.0,0.0
0.8648648648648631,0.049049049049049,0.0,0.0148272198253218,0.4119047619047619,0.4153718091009989,0.29325,0.5
0.9189189189189192,0.0631631631631631,0.0,0.0105907502618137,0.0,0.0,0.0,0.0
0.7837837837837824,0.044044044044044,0.0,0.0508372111151403,0.38,0.7000554938956715,0.15525,0.5
0.7837837837837824,0.039039039039039,0.0,0.0508372111151403,0.0,0.0,0.0,0.0
0.7837837837837824,0.024024024024024,0.0,0.0508372111151403,0.5190476190476191,0.4053829078801332,0.195,0.3571428571428571
0.7567567567567579,0.029029029029029,0.0,0.0466007415516323,0.0,0.0,0.0,0.0
0.8918918918918948,0.064064064064064,0.0,0.0360095676428621,0.5809523809523809,0.4159267480577137,0.2473999999999999,0.3571428571428571
0.8378378378378386,0.0715715715715715,0.0,0.0381278024246162,0.0,0.0,0.0,0.0
0.7567567567567579,0.0225225225225225,0.0,0.0254183937340919,0.4847619047619047,0.3321309655937847,0.19725,0.3571428571428571
0.8918918918918948,0.124024024024024,0.0,0.0254183937340919,0.0,0.0,0.0,0.0
0.7567567567567579,0.089089089089089,0.0,0.0508372111151403,0.2738095238095238,0.8274139844617092,0.4275,0.5
0.8378378378378386,0.0401401401401401,0.0,0.0381278024246162,0.505,0.4156492785793563,0.258,0.3571428571428571
0.9189189189189192,0.0595595595595596,0.0,0.053802739809596,0.6761904761904761,0.3462819089900111,0.18505,0.3571428571428571
0.6756756756756772,0.0211211211211211,0.0,0.0148306090009726,0.5188095238095237,0.2769145394006659,0.167625,0.3571428571428571
0.9459459459459438,0.3243243243243243,0.0,0.0050833398292532,0.2597619047619047,0.8873473917869035,0.4925,0.5
0.8378378378378386,0.0445445445445445,0.0,0.0179249263701589,0.5809523809523809,0.3107658157602663,0.1775,0.3571428571428571
0.9189189189189192,0.049049049049049,0.0,0.0084725154800597,0.4857142857142856,0.3321309655937847,0.2045,0.3571428571428571
0.7837837837837824,0.1441441441441441,0.8448801669556079,0.0377041554682653,0.0,0.0,0.0,0.0
0.8378378378378386,0.054054054054054,0.0,0.0182210555926481,0.4495238095238095,0.2771920088790233,0.308425,0.3571428571428571
0.9459459459459438,0.1566566566566566,0.0,0.0127089850435678,0.419047619047619,0.6046059933407325,0.38465,0.5
0.8918918918918948,0.049049049049049,0.0,0.0838816737105033,0.4333333333333333,0.3462819089900111,0.18435,0.5714285714285714
0.7027027027027017,0.0220219219219219,0.0,0.0254183937340919,0.4404761904761904,0.3321309655937847,0.2,0.3571428571428571
0.9189189189189192,0.1041041041041041,0.0,0.0296548632976,0.5314285714285714,0.4389567147613762,0.3157999999999999,0.3571428571428571
0.8918918918918948,0.064064064064064,0.0,0.0254183937340919,0.3357142857142857,0.6046059933407325,0.37,0.5
0.8378378378378386,0.0455455455455455,0.0,0.0296548632976,0.0,0.0,0.0,0.0
0.9189189189189192,0.0715715715715715,0.0,0.0321967450357049,0.6064285714285713,0.3462819089900111,0.22125,0.5
0.8648648648648631,0.049049049049049,0.0,0.0169454546070758,0.4499999999999999,0.3321309655937847,0.205,0.3571428571428571
0.7567567567567579,0.028028028028028,0.0,0.0349504502519851,0.3933333333333333,0.552441731409545,0.30925,0.3571428571428571
0.9189189189189192,0.5845845845845846,0.0,0.0199109833015315,0.3214285714285714,0.8288013318534961,0.705,0.3571428571428571
0.8918918918918948,0.015015015015015,0.0,0.0211819241705839,0.3857142857142857,0.2760821309655938,0.15525,0.3571428571428571
0.8918918918918948,0.059059059059059,0.0,0.0105907502618137,0.0,0.0,0.0,0.0
0.8648648648648631,0.003003003003003,0.0151807935911657,0.0028380109605939,0.0,0.0,0.0,0.0
0.7567567567567579,0.0155155155155155,0.0,0.0381278024246162,0.4980952380952381,0.2769145394006659,0.1677499999999999,0.3571428571428571
0.7837837837837824,0.055055055055055,0.0,0.0249947467777412,0.3814285714285714,0.3809655937846837,0.23425,0.5
0.8108108108108141,0.034034034034034,0.0,0.0381278024246162,0.3354761904761904,0.4428412874583796,0.249,0.3571428571428571
0.8918918918918948,0.0275275275275275,0.0,0.0317730980793541,0.5702380952380952,0.2769145394006659,0.167625,0.3571428571428571
0.8918918918918948,0.059059059059059,0.0,0.0338913328611081,0.0,0.0,0.0,0.0
0.8378378378378386,0.0325325325325325,0.0,0.0139939062621797,0.0,0.0,0.0,0.0
0.9189189189189192,0.024024024024024,0.0,0.0194873363451806,0.0,0.0,0.0,0.0
0.8108108108108141,0.035035035035035,0.0,0.0410933311190718,0.5452380952380952,0.3462819089900111,0.185,0.3571428571428571
0.9189189189189192,0.0500499499499499,0.0,0.0105907502618137,0.0,0.0,0.0,0.0
0.8918918918918948,0.004004004004004,0.0151807935911657,0.0131326319999185,0.0,0.0,0.0,0.0
0.621621621621621,0.02002002002002,0.0,0.0508372111151403,0.0,0.0,0.0,0.0
0.8378378378378386,0.0470470470470471,0.0,0.042787918944475,0.0,0.0,0.0,0.0
0.8648648648648631,0.056056056056056,0.0,0.0305021572103016,0.633095238095238,0.3462819089900111,0.185,0.3571428571428571
0.7837837837837824,0.019019019019019,0.0,0.0381278024246162,0.530952380952381,0.3462819089900111,0.185,0.3571428571428571
0.8648648648648631,0.044044044044044,0.0,0.0182977356917476,0.0,0.0,0.0,0.0
0.7027027027027017,0.0035035035035035,0.0,0.0423642719881242,0.4095238095238094,0.3873473917869034,0.13375,0.3571428571428571
0.9189189189189192,0.038038038038038,0.0,0.0127089850435678,0.0,0.0,0.0,0.0
0.8378378378378386,0.0515515515515515,0.0,0.0330440389484065,0.3583333333333333,0.6046059933407325,0.36975,0.5
0.8918918918918948,0.049049049049049,0.0,0.0127089850435678,0.4964285714285714,0.3321309655937847,0.2078499999999999,0.3571428571428571
0.8648648648648631,0.044044044044044,0.0,0.0127089850435678,0.4857142857142856,0.3321309655937847,0.2045,0.3571428571428571
0.8108108108108141,0.074074074074074,0.0,0.0466007415516323,0.3595238095238094,0.6046059933407325,0.35,0.5
0.8648648648648631,0.079079079079079,0.0,0.0063542806983056,0.563095238095238,0.3462819089900111,0.22125,0.3571428571428571
0.8648648648648631,0.099099099099099,0.0,0.0015247053959064,0.0,0.0,0.0,0.0
0.7837837837837824,0.015015015015015,0.0,0.0211819241705839,0.0,0.0,0.0,0.0
0.9189189189189192,0.064064064064064,0.0,0.0169454546070758,0.0,0.0,0.0,0.0
0.8378378378378386,0.0485485485485485,0.0,0.0381278024246162,0.0,0.0,0.0,0.0
0.8108108108108141,0.0435435435435435,0.0,0.0369352362424886,0.5314285714285714,0.4389567147613762,0.31575,0.3571428571428571
0.8378378378378386,0.043043043043043,0.0,0.0194873363451806,0.0,0.0,0.0,0.0
0.5945945945945965,0.015015015015015,0.0,0.0932019067502211,0.3523809523809524,0.6933962264150944,0.2,0.7142857142857142
0.8108108108108141,0.054054054054054,0.0,0.0163099841725496,0.0,0.0,0.0,0.0
0.7837837837837824,0.2042042042042042,0.0,0.0281140593173521,0.0,0.0,0.0,0.0
0.7837837837837824,0.1016016016016016,0.0,0.0711171909156535,0.0,0.0,0.0,0.0
0.8648648648648631,0.0500499499499499,0.0,0.0423642719881242,0.5616666666666666,0.3784683684794672,0.167625,0.3571428571428571
0.8108108108108141,0.0215215215215215,0.0,0.0247164107274187,0.5188095238095237,0.2769145394006659,0.167625,0.3571428571428571
0.7567567567567579,0.015015015015015,0.0,0.0338913328611081,0.0,0.0,0.0,0.0
0.8378378378378386,0.018018018018018,0.0,0.0296548632976,0.5414285714285714,0.220865704772475,0.1182499999999999,0.3571428571428571
0.8648648648648631,0.044044044044044,0.0,0.0033463873082149,0.0,0.0,0.0,0.0
0.8108108108108141,0.0215215215215215,0.0,0.0247164107274187,0.5188095238095237,0.2769145394006659,0.167625,0.3571428571428571
0.6756756756756772,0.0095095095095095,0.0,0.027536628515846,0.469047619047619,0.220865704772475,0.11575,0.3571428571428571
0.9459459459459438,0.059059059059059,0.0,0.0010586937439205,0.0,0.0,0.0,0.0
0.8108108108108141,0.037037037037037,0.0,0.0105907502618137,0.4404761904761904,0.3321309655937847,0.207125,0.3571428571428571
0.621621621621621,0.012012012012012,0.0,0.0423642719881242,0.0,0.0,0.0,0.0
0.9189189189189192,0.0315315315315315,0.0,0.0063542806983056,0.0,0.0,0.0,0.0
0.7567567567567579,0.019019019019019,0.0,0.0508372111151403,0.5,0.4053829078801332,0.16025,0.3571428571428571
0.6756756756756772,0.01001001001001,0.0,0.0206210156003754,0.469047619047619,0.220865704772475,0.0875,0.5714285714285714
0.9459459459459438,0.049049049049049,0.0,0.0211819241705839,0.0,0.0,0.0,0.0
0.9459459459459438,0.0645645645645646,0.0,0.0084725154800597,0.4428571428571429,0.3321309655937847,0.204575,0.3571428571428571
0.8918918918918948,0.0105104104104104,0.0386420200502401,0.0148272198253218,0.0,0.0,0.0,0.0
0.8378378378378386,0.023023023023023,0.0,0.0127089850435678,0.4428571428571429,0.3326859045504994,0.192,0.3571428571428571
0.8918918918918948,0.029029029029029,0.0,0.0105907502618137,0.5702380952380952,0.2769145394006659,0.167625,0.3571428571428571
0.9729729729729756,0.034034034034034,0.0,0.0005503173962996,0.0,0.0,0.0,0.0
0.9729729729729756,0.5395395395395396,0.0,0.0031769285256746,0.3995238095238095,0.5535516093229745,0.475,0.3571428571428571
0.8108108108108141,0.034034034034034,0.0,0.0317730980793541,0.0,0.0,0.0,0.0
0.8378378378378386,0.049049049049049,0.0,0.05592097459135,0.5404761904761904,0.4156492785793563,0.2246,0.3571428571428571
0.9189189189189192,0.0850850850850851,0.0,0.0118616911308661,0.4238095238095238,0.4153718091009989,0.29325,0.3571428571428571
0.8108108108108141,0.044044044044044,0.0,0.0004232233093944,0.0,0.0,0.0,0.0
0.6756756756756772,0.01001001001001,0.0,0.0177927485197774,0.0,0.0,0.0,0.0
0.8108108108108141,0.074074074074074,0.0,0.0296548632976,0.3595238095238094,0.6046059933407325,0.35,0.5
0.9459459459459438,0.1041041041041041,0.0,0.005506986785604,0.4047619047619047,0.6104328523862376,0.347525,0.5
0.7837837837837824,0.037037037037037,0.0,0.0474683705182388,0.4166666666666666,0.3601553829078801,0.2145,0.3571428571428571
0.7297297297297334,0.0106105105105105,0.0,0.0296548632976,0.0,0.0,0.0,0.0
0.7837837837837824,0.029029029029029,0.0,0.0127089850435678,0.0,0.0,0.0,0.0
0.9189189189189192,0.0475474474474474,0.0,0.0148272198253218,0.4916666666666666,0.3462819089900111,0.22175,0.3571428571428571
0.4594594594594596,0.019019019019019,0.0,0.0423642719881242,0.0,0.0,0.0,0.0
0.8648648648648631,0.0470470470470471,0.0,0.0182163954761283,0.4452380952380952,0.3326859045504994,0.22175,0.3571428571428571
0.8378378378378386,0.0175175175175175,0.0,0.0043631400034568,0.5414285714285714,0.220865704772475,0.1182499999999999,0.3571428571428571
0.7837837837837824,0.1841841841841842,0.0,0.0296548632976,0.2873809523809523,0.8232519422863486,0.6035,0.5
0.9459459459459438,0.066066066066066,0.0,0.0381278024246162,0.6761904761904761,0.3462819089900111,0.185,0.3571428571428571
0.6756756756756772,0.01001001001001,0.0,0.0652412076310678,0.0,0.0,0.0,0.0
0.7567567567567579,0.0164164164164164,0.0,0.0423642719881242,0.5,0.4053829078801332,0.16025,0.3571428571428571
0.8108108108108141,0.0355355355355355,0.0,0.0347733658242305,0.0,0.0,0.0,0.0
0.6756756756756772,0.028028028028028,0.0,0.0508372111151403,0.2869047619047619,0.6046059933407325,0.3,0.5714285714285714
0.6486486486486527,0.024024024024024,0.0,0.0508372111151403,0.0,0.0,0.0,0.0
0.4594594594594596,0.0051051051051051,0.0,0.0381278024246162,0.0,0.0,0.0,0.0
0.9459459459459438,0.073073073073073,0.0,0.0164442802577128,0.6521428571428571,0.3462819089900111,0.185,0.3571428571428571
0.9729729729729756,0.049049049049049,0.0,0.0063542806983056,0.0,0.0,0.0,0.0
0.7837837837837824,0.029029029029029,0.0,0.0169454546070758,0.4266666666666667,0.3013318534961154,0.15525,0.3571428571428571
0.7837837837837824,0.0249249249249249,0.0,0.0148272198253218,0.5483333333333333,0.3873473917869034,0.1725,0.3571428571428571
0.8648648648648631,0.0385385385385385,0.187689811672595,0.0152508667816726,0.0,0.0,0.0,0.0
0.621621621621621,0.0125125125125125,0.0,0.0296548632976,0.3785714285714285,0.3601553829078801,0.2125,0.3571428571428571
0.8108108108108141,0.037037037037037,0.0,0.0241474528650396,0.5452380952380952,0.3462819089900111,0.185,0.3571428571428571
0.8648648648648631,0.099099099099099,0.0,0.0015247053959064,0.0,0.0,0.0,0.0
0.7297297297297334,0.041041041041041,0.0,0.0423642719881242,0.0,0.0,0.0,0.0
0.7297297297297334,0.024024024024024,0.0,0.0254183937340919,0.3333333333333333,0.693118756936737,0.28,0.5
0.8378378378378386,0.054054054054054,0.0,0.0131326319999185,0.5616666666666666,0.3784683684794672,0.16765,0.3571428571428571
0.7837837837837824,0.0165165165165165,0.0,0.0254183937340919,0.4238095238095238,0.3013318534961154,0.1574999999999999,0.3571428571428571
0.6756756756756772,0.0075075075075075,0.0,0.0508372111151403,0.0,0.0,0.0,0.0
0.8108108108108141,0.0265265265265265,0.0,0.0466007415516323,0.4547619047619047,0.3898446170921198,0.175,0.3571428571428571
0.7027027027027017,0.005005005005005,0.0,0.0466007415516323,0.3928571428571428,0.2760821309655938,0.1574999999999999,0.3571428571428571
0.7837837837837824,0.0169169169169169,0.0,0.0127089850435678,0.5023809523809524,0.2258601553829078,0.138,0.3571428571428571
0.8918918918918948,0.0500499499499499,0.0,0.0466007415516323,0.4402380952380951,0.4142619311875694,0.25,0.5
0.7567567567567579,0.0199199199199199,0.0,0.0,0.3595238095238094,0.3318534961154273,0.1825,0.3571428571428571
0.8108108108108141,0.053053053053053,0.0,0.0254183937340919,0.3595238095238094,0.6046059933407325,0.35,0.5
0.9729729729729756,0.0920920920920921,0.0,0.0063542806983056,0.5976190476190476,0.3462819089900111,0.22125,0.3571428571428571
0.8108108108108141,0.054054054054054,0.0,0.0160981606943742,0.5254761904761904,0.3326859045504994,0.18475,0.3571428571428571
0.7837837837837824,0.0715715715715715,0.0,0.0673594424128218,0.3047619047619048,0.6920088790233074,0.255,0.5
0.7297297297297334,0.026026026026026,0.0,0.0466007415516323,0.0,0.0,0.0,0.0
0.5945945945945965,0.0085085085085085,0.0,0.0508372111151403,0.0,0.0,0.0,0.0
0.6756756756756772,0.011011011011011,0.0,0.0381278024246162,0.0,0.0,0.0,0.0
0.8918918918918948,0.074074074074074,0.0,0.036433214599213,0.6190476190476191,0.4156492785793563,0.2465,0.3571428571428571
0.3513513513513544,0.0153153153153153,0.0,0.0021178111347976,0.0,0.0,0.0,0.0
0.9729729729729756,0.076976976976977,0.0,0.0029786617501024,0.4523809523809523,0.3326859045504994,0.2219,0.3571428571428571
0.9189189189189192,0.0585585585585585,0.0,0.0127216944522583,0.4428571428571429,0.3321309655937847,0.204575,0.3571428571428571
0.8378378378378386,0.056056056056056,0.0,0.0338913328611081,0.4945238095238095,0.3462819089900111,0.2219999999999999,0.5
0.6486486486486527,0.009009009009009,0.0,0.0720195589326807,0.0,0.0,0.0,0.0
0.7567567567567579,0.011011011011011,0.0,0.0381278024246162,0.4428571428571429,0.3326859045504994,0.1985,0.3571428571428571
0.8108108108108141,0.046046046046046,0.0,0.0635466198056646,0.557142857142857,0.3462819089900111,0.185,0.3571428571428571
0.5945945945945965,0.007007007007007,0.0,0.0239695211433722,0.0,0.0,0.0,0.0
0.9459459459459438,0.099099099099099,0.0,0.0211819241705839,0.6688095238095237,0.3462819089900111,0.22125,0.3571428571428571
0.8918918918918948,0.1191191191191191,0.0,0.0593101502421565,0.3092857142857143,0.6920088790233074,0.2515,0.5714285714285714
0.8378378378378386,0.089089089089089,0.0,0.0466007415516323,0.3666666666666666,0.5541065482796892,0.3,0.5
0.8918918918918948,0.1991991991991992,0.0,0.0288452739640137,0.4561904761904761,0.6920088790233074,0.39425,0.3571428571428571
0.9459459459459438,0.031031031031031,0.0,0.0063542806983056,0.588095238095238,0.220865704772475,0.1182499999999999,0.3571428571428571
0.8108108108108141,0.026026026026026,0.0,0.0296548632976,0.0,0.0,0.0,0.0
0.7567567567567579,0.0195194194194194,0.0,0.0360095676428621,0.5023809523809524,0.3462819089900111,0.18475,0.3571428571428571
0.8918918918918948,0.035035035035035,0.0,0.0139799259126202,0.0,0.0,0.0,0.0
0.8378378378378386,0.1041041041041041,0.0,0.0211819241705839,0.0,0.0,0.0,0.0
0.6756756756756772,0.0125125125125125,0.0,0.0381278024246162,0.4499999999999999,0.2769145394006659,0.1677499999999999,0.3571428571428571
0.8648648648648631,0.059059059059059,0.0,0.0254183937340919,0.0,0.0,0.0,0.0
0.8648648648648631,0.029029029029029,0.0,0.0303822651216544,0.4604761904761904,0.332408435072142,0.19,0.3571428571428571
0.8648648648648631,0.0620620620620621,0.0,0.0296548632976,0.6240476190476191,0.3462819089900111,0.22125,0.3571428571428571
0.8918918918918948,0.0665665665665665,0.0,0.0683452688802502,0.0,0.0,0.0,0.0
0.8918918918918948,0.0615615615615615,0.2097709659870179,0.0029651050474992,0.0,0.0,0.0,0.0
0.9459459459459438,0.0289289289289289,0.0,0.0139799259126202,0.5023809523809524,0.2258601553829078,0.138,0.3571428571428571
0.9459459459459438,0.2892892892892893,0.0,0.0207582772142331,0.3071428571428571,0.7644284128745839,0.43625,0.5
0.8918918918918948,0.0345345345345345,0.0,0.0254183937340919,0.5188095238095237,0.2769145394006659,0.167625,0.3571428571428571
0.7567567567567579,0.0375375375375375,0.0,0.0508372111151403,0.3333333333333333,0.7000554938956715,0.1875,0.5714285714285714
0.8378378378378386,0.0485485485485485,0.0,0.0338913328611081,0.0,0.0,0.0,0.0
0.8378378378378386,0.0365365365365365,0.0,0.0254183937340919,0.4499999999999999,0.3321309655937847,0.205,0.3571428571428571
0.8918918918918948,0.071071071071071,0.0,0.0169454546070758,0.5785714285714285,0.3462819089900111,0.22125,0.3571428571428571
0.7027027027027017,0.034034034034034,0.0,0.148276011075826,0.0,0.0,0.0,0.0
0.8108108108108141,0.089089089089089,0.0,0.0207582772142331,0.0,0.0,0.0,0.0
0.7027027027027017,0.0125125125125125,0.0,0.0122429733915819,0.0,0.3251942286348501,0.1624999999999999,0.3571428571428571
0.9459459459459438,0.2467467467467468,0.0,0.0008468702657452,0.4,0.5504994450610433,0.375,0.3571428571428571
0.8378378378378386,0.039039039039039,0.0,0.0063542806983056,0.0,0.0,0.0,0.0
0.9189189189189192,0.1891891891891892,0.0,0.0084725154800597,0.0,0.0,0.0,0.0
0.9189189189189192,0.064064064064064,0.0,0.018640042432479,0.563095238095238,0.3462819089900111,0.22125,0.3571428571428571
0.8378378378378386,0.0470470470470471,0.0,0.0232539814340957,0.5616666666666666,0.3784683684794672,0.1676,0.3571428571428571
0.8108108108108141,0.024024024024024,0.0,0.0423642719881242,0.5611904761904761,0.3873473917869034,0.175,0.3571428571428571
0.5405405405405403,0.0085085085085085,0.0,0.0508372111151403,0.0,0.0,0.0,0.0
0.6756756756756772,0.028028028028028,0.0,0.0423642719881242,0.4238095238095238,0.3462819089900111,0.1875,0.3571428571428571
0.9189189189189192,0.5995995995995996,0.0,0.0156745137380234,0.3214285714285714,0.8288013318534961,0.636975,0.3571428571428571
0.8918918918918948,0.054054054054054,0.0,0.0296548632976,0.38,0.7000554938956715,0.1574999999999999,0.6428571428571428
0.7567567567567579,0.064064064064064,0.0,0.1059113154407452,0.3523809523809524,0.6933962264150944,0.2,0.5
0.8918918918918948,0.064064064064064,0.0,0.0127089850435678,0.4676190476190476,0.4053829078801332,0.271125,0.3571428571428571
0.7837837837837824,0.0125125125125125,0.0,0.0296548632976,0.469047619047619,0.220865704772475,0.11575,0.3571428571428571
0.8648648648648631,0.069069069069069,0.0,0.0148272198253218,0.3814285714285714,0.3809655937846837,0.23425,0.5
0.9189189189189192,0.0570570570570571,0.0,0.0084725154800597,0.5095238095238095,0.3321309655937847,0.20775,0.3571428571428571
0.8918918918918948,0.0555555555555555,0.0,0.0296548632976,0.6,0.3462819089900111,0.185,0.3571428571428571
0.6756756756756772,0.0105104104104104,0.0,0.0403307665976404,0.3142857142857142,0.4148168701442841,0.235,0.3571428571428571
0.6486486486486527,0.015015015015015,0.0,0.0316883686880839,0.4333333333333333,0.2769145394006659,0.1677499999999999,0.3571428571428571
0.567567567567572,0.0021525525525525,0.0,0.0466007415516323,0.3833333333333333,0.220865704772475,0.0925,0.2857142857142857
0.7837837837837824,0.031031031031031,0.0,0.0211819241705839,0.0,0.0,0.0,0.0
0.8108108108108141,0.034034034034034,0.0,0.0296548632976,0.0,0.0,0.0,0.0
0.7837837837837824,0.0385385385385385,0.0,0.0508372111151403,0.5314285714285714,0.4389567147613762,0.3157999999999999,0.3571428571428571
0.7567567567567579,0.035035035035035,0.0,0.0338913328611081,0.5314285714285714,0.4389567147613762,0.3157999999999999,0.3571428571428571
0.621621621621621,0.011011011011011,0.0,0.0334676859047573,0.0,0.0,0.0,0.0
0.8918918918918948,0.0515515515515515,0.0,0.0423642719881242,0.0,0.0,0.0,0.0
0.7837837837837824,0.055055055055055,0.0,0.0847289676232049,0.4945238095238095,0.3462819089900111,0.2219,0.5
0.9189189189189192,0.033033033033033,0.0,0.022203760629302,0.4499999999999999,0.2769145394006659,0.1677499999999999,0.3571428571428571
0.9459459459459438,0.038038038038038,0.0,0.0169454546070758,0.6333333333333333,0.2769145394006659,0.1453999999999999,0.3571428571428571
0.7567567567567579,0.024024024024024,0.0,0.0381278024246162,0.3226190476190476,0.6046059933407325,0.295875,0.5
0.7837837837837824,0.024024024024024,0.0,0.0423642719881242,0.0,0.0,0.0,0.0
0.6756756756756772,0.025025025025025,0.0,0.0423642719881242,0.4238095238095238,0.3462819089900111,0.1875,0.3571428571428571
0.8378378378378386,0.0375375375375375,0.0,0.0105907502618137,0.55,0.2769145394006659,0.1676,0.3571428571428571
0.9729729729729756,0.076976976976977,0.0,0.0029786617501024,0.4523809523809523,0.3326859045504994,0.2219,0.3571428571428571
0.9189189189189192,0.029029029029029,0.0,0.005506986785604,0.0,0.0,0.0,0.0
0.8378378378378386,0.0400399399399399,0.0,0.0796452041469952,0.4526190476190476,0.4053829078801332,0.271125,0.3571428571428571
0.9459459459459438,0.0670670670670671,0.0,0.0296548632976,0.6761904761904761,0.3462819089900111,0.18505,0.3571428571428571
0.8918918918918948,0.0905905905905906,0.37537962334519,0.0123798113584832,0.0,0.0,0.0,0.0
0.7567567567567579,0.0105104104104104,0.0,0.0254183937340919,0.0,0.0,0.0,0.0
0.7567567567567579,0.016016016016016,0.0,0.0262656876467936,0.3895238095238095,0.4148168701442841,0.23425,0.3571428571428571
0.9459459459459438,0.0605605605605605,0.0,0.0169454546070758,0.0,0.0,0.0,0.0
0.8108108108108141,0.0415415415415415,0.0,0.0254183937340919,0.5064285714285713,0.3873473917869034,0.2219,0.3571428571428571
0.8918918918918948,0.066066066066066,0.0,0.0254183937340919,0.6190476190476191,0.4156492785793563,0.2465,0.3571428571428571
0.5405405405405403,0.005005005005005,0.0,0.0211819241705839,0.0,0.0,0.0,0.0
1.0,0.034034034034034,0.0,0.0021178111347976,0.525,0.220865704772475,0.1182499999999999,0.3571428571428571
0.8108108108108141,0.1041041041041041,0.0,0.0919309658811686,0.3092857142857143,0.6920088790233074,0.2515,0.5714285714285714
0.7027027027027017,0.014014014014014,0.0,0.0338913328611081,0.0,0.0,0.0,0.0
0.9189189189189192,0.059059059059059,0.0,0.0122853380872169,0.5238095238095237,0.4156492785793563,0.2712375,0.3571428571428571
0.8918918918918948,0.054054054054054,0.0,0.0169454546070758,0.405,0.4159267480577137,0.276,0.3571428571428571
0.7567567567567579,0.034034034034034,0.0,0.0211819241705839,0.5476190476190476,0.3873473917869034,0.2249999999999999,0.3571428571428571
0.7837837837837824,0.0275275275275275,0.0,0.0317730980793541,0.0,0.0,0.0,0.0
0.9729729729729756,0.5495495495495496,0.0,0.0072015746110072,0.4285714285714285,0.5463374028856826,0.475,0.3571428571428571
0.7567567567567579,0.039039039039039,0.0,0.1355666023853017,0.2869047619047619,0.6046059933407325,0.3,0.5714285714285714
0.9729729729729756,0.042042042042042,0.0,0.0078370450455335,0.4833333333333333,0.3013318534961154,0.17,0.3571428571428571
0.7297297297297334,0.0185185185185185,0.0,0.0508372111151403,0.3857142857142857,0.4142619311875694,0.275,0.3571428571428571
0.8918918918918948,0.074074074074074,0.0,0.0148272198253218,0.4869047619047618,0.4053829078801332,0.2095,0.3571428571428571
0.8378378378378386,0.019019019019019,0.0,0.0169454546070758,0.5414285714285714,0.220865704772475,0.1182499999999999,0.3571428571428571
0.8918918918918948,0.0305305305305305,0.0,0.0254183937340919,0.5992857142857143,0.2216981132075471,0.1332499999999999,0.3571428571428571
0.8918918918918948,0.094094094094094,0.0,0.0163523488681847,0.4683333333333333,0.4389567147613762,0.3155,0.3571428571428571
0.9459459459459438,0.0820820820820821,0.0,0.0169454546070758,0.0,0.0,0.0,0.0
0.7027027027027017,0.0220219219219219,0.0,0.0300785102539508,0.3833333333333333,0.3321309655937847,0.2125,0.3571428571428571
0.9459459459459438,0.0450449449449449,0.0,0.0050833398292532,0.4857142857142856,0.3321309655937847,0.2045,0.3571428571428571
0.8648648648648631,0.0565565565565565,0.0,0.0211819241705839,0.4523809523809523,0.3326859045504994,0.22175,0.3571428571428571
0.7027027027027017,0.014014014014014,0.0,0.0381278024246162,0.3316666666666666,0.6046059933407325,0.34525,0.5
0.8648648648648631,0.038038038038038,0.0,0.0211819241705839,0.4285714285714285,0.332408435072142,0.21675,0.3571428571428571
0.9189189189189192,0.042042042042042,0.0,0.0220292180832855,0.4047619047619047,0.3321309655937847,0.20465,0.3571428571428571
0.9189189189189192,0.1091091091091091,0.0,0.037599938317003,0.3809523809523809,0.6046059933407325,0.35,0.5
0.5945945945945965,0.0235235235235235,0.0,0.0508372111151403,0.3047619047619048,0.6920088790233074,0.255,0.5714285714285714
0.8108108108108141,0.015015015015015,0.0,0.0296548632976,0.5414285714285714,0.220865704772475,0.1182499999999999,0.3571428571428571
0.6756756756756772,0.015015015015015,0.0,0.0521081519841928,0.4166666666666666,0.3601553829078801,0.2145,0.3571428571428571
0.9189189189189192,0.025025025025025,0.0,0.0127089850435678,0.0,0.0,0.0,0.0
0.8108108108108141,0.0500499499499499,0.0,0.062699325892963,0.4945238095238095,0.3462819089900111,0.2219999999999999,0.5
0.567567567567572,0.002002002002002,0.0,0.0254183937340919,0.0,0.0,0.0,0.0
0.8378378378378386,0.1141141141141141,0.0,0.0571919154604025,0.0,0.0,0.0,0.0
0.9729729729729756,0.0325325325325325,0.0,0.0118616911308661,0.0,0.0,0.0,0.0
0.6756756756756772,0.013013013013013,0.0,0.0338913328611081,0.4266666666666667,0.3013318534961154,0.15525,0.3571428571428571
0.6756756756756772,0.039039039039039,0.0,0.0466007415516323,0.0,0.0,0.0,0.0
0.8108108108108141,0.054054054054054,0.0,0.1016748458772372,0.557142857142857,0.3462819089900111,0.185,0.3571428571428571
0.9459459459459438,0.0565565565565565,0.0,0.0084725154800597,0.5095238095238095,0.3321309655937847,0.20775,0.3571428571428571
0.8918918918918948,0.059059059059059,0.0,0.0338913328611081,0.633095238095238,0.3462819089900111,0.185,0.3571428571428571
0.9189189189189192,0.06006006006006,0.0,0.0059306337419549,0.4547619047619047,0.3321309655937847,0.205,0.3571428571428571
0.7837837837837824,0.084084084084084,0.0,0.0901575797218842,0.0,0.0,0.0,0.0
0.7567567567567579,0.034034034034034,0.0,0.0508372111151403,0.3571428571428571,0.5260821309655938,0.2625,0.3571428571428571
0.7567567567567579,0.029029029029029,0.0,0.0508372111151403,0.489047619047619,0.4433962264150943,0.259,0.3571428571428571
0.7297297297297334,0.1991991991991992,0.0,0.0381278024246162,0.345,0.8304661487236404,0.645,0.3571428571428571
0.9189189189189192,0.0520520520520521,0.0,0.0338913328611081,0.5714285714285714,0.3290788013318535,0.184925,0.3571428571428571
0.8918918918918948,0.064064064064064,0.0,0.0423642719881242,0.4402380952380951,0.4142619311875694,0.25,0.5
0.6486486486486527,0.039039039039039,0.0,0.0177927485197774,0.2795238095238095,0.4983351831298557,0.465,0.3571428571428571
0.9729729729729756,0.079079079079079,0.0,0.0105907502618137,0.0,0.0,0.0,0.0
0.8108108108108141,0.0355355355355355,0.0,0.027536628515846,0.0,0.0,0.0,0.0
0.7567567567567579,0.029029029029029,0.0,0.0540145632877714,0.0,0.0,0.0,0.0
0.8918918918918948,0.0365365365365365,0.0,0.0338913328611081,0.6028571428571429,0.332408435072142,0.1925,0.4285714285714285
0.5945945945945965,0.008008008008008,0.0,0.0381278024246162,0.0,0.0,0.0,0.0
1.0,0.035035035035035,0.0,0.0021178111347976,0.525,0.220865704772475,0.1182499999999999,0.3571428571428571
0.8918918918918948,0.014014014014014,0.0,0.0177927485197774,0.4911904761904761,0.332408435072142,0.1674999999999999,0.3571428571428571
0.6756756756756772,0.0211211211211211,0.0,0.0148306090009726,0.0,0.0,0.0,0.0
0.8648648648648631,0.069069069069069,0.0,0.0254183937340919,0.6240476190476191,0.3462819089900111,0.22125,0.3571428571428571
0.6756756756756772,0.1091091091091091,0.0,0.051684505027842,0.44,0.5535516093229745,0.4425,0.3571428571428571
0.8108108108108141,0.059059059059059,0.0,0.0254183937340919,0.2869047619047619,0.6046059933407325,0.3,0.5714285714285714
0.8108108108108141,0.037037037037037,0.0,0.0466007415516323,0.5064285714285713,0.3873473917869034,0.2219,0.3571428571428571
0.7567567567567579,0.019019019019019,0.0,0.0338913328611081,0.4716666666666666,0.3013318534961154,0.1701249999999999,0.3571428571428571
0.9189189189189192,0.168168068068068,0.0,0.0254183937340919,0.4071428571428571,0.5427302996670367,0.425,0.3571428571428571
0.7297297297297334,0.02002002002002,0.0,0.0254183937340919,0.0,0.0,0.0,0.0
0.8108108108108141,0.0155155155155155,0.0,0.0190636893888299,0.5023809523809524,0.2258601553829078,0.138,0.3571428571428571
0.621621621621621,0.0085085085085085,0.0,0.0353363926292207,0.0,0.0,0.0,0.0
0.7297297297297334,0.024024024024024,0.0,0.0169454546070758,0.0,0.0,0.0,0.0
0.8378378378378386,0.0715715715715715,0.0,0.0508372111151403,0.4142857142857142,0.4153718091009989,0.29325,0.3571428571428571
0.8918918918918948,0.066066066066066,0.0,0.0030091643309597,0.0,0.0,0.0,0.0
0.9729729729729756,0.064064064064064,0.0,0.0139799259126202,0.505,0.3321309655937847,0.2045,0.3571428571428571
0.9729729729729756,0.064064064064064,0.0,0.0023808958946914,0.5238095238095237,0.3321309655937847,0.2045,0.3571428571428571
0.8918918918918948,0.0635635635635635,0.0,0.0046596928729024,0.3404761904761905,0.4433962264150943,0.25875,0.3571428571428571
0.8648648648648631,0.0493493493493493,0.0,0.0466007415516323,0.3357142857142857,0.6046059933407325,0.36985,0.5
0.9189189189189192,0.0765765765765765,0.0,0.0338913328611081,0.5785714285714285,0.3462819089900111,0.22125,0.3571428571428571
0.9459459459459438,0.059059059059059,0.0,0.0295612373202465,0.5238095238095237,0.3321309655937847,0.2045,0.3571428571428571
0.7837837837837824,0.0361361361361361,0.0,0.0423642719881242,0.4595238095238095,0.3462819089900111,0.18475,0.3571428571428571
0.8648648648648631,0.034034034034034,0.0,0.0381278024246162,0.0,0.0,0.0,0.0
0.9189189189189192,0.0685685685685685,0.0,0.014403572868971,0.5009523809523809,0.4053829078801332,0.2095,0.5714285714285714
0.6756756756756772,0.0235235235235235,0.0,0.053802739809596,0.4,0.4142619311875694,0.275,0.3571428571428571
0.8648648648648631,0.084084084084084,0.0,0.0423642719881242,0.3092857142857143,0.6920088790233074,0.2515,0.5714285714285714
0.8648648648648631,0.042042042042042,0.0,0.0466007415516323,0.4402380952380951,0.4142619311875694,0.25,0.5
0.8378378378378386,0.074074074074074,0.0,0.0338913328611081,0.3595238095238094,0.6046059933407325,0.35,0.5
0.8108108108108141,0.1571571571571571,0.0,0.036433214599213,0.0,0.0,0.0,0.0
0.7297297297297334,0.0265265265265265,0.0,0.0338913328611081,0.5254761904761904,0.3326859045504994,0.18475,0.3571428571428571
0.8108108108108141,0.074074074074074,0.0,0.0177876647563012,0.0,0.0,0.0,0.0
0.8378378378378386,0.0415415415415415,0.0,0.0635466198056646,0.0,0.0,0.0,0.0
0.9459459459459438,0.1666666666666666,0.0,0.0338913328611081,0.4071428571428571,0.5427302996670367,0.425,0.3571428571428571
0.9189189189189192,0.1191191191191191,0.0,0.0635466198056646,0.419047619047619,0.6046059933407325,0.38465,0.5
0.8108108108108141,0.0400399399399399,0.0,0.0381278024246162,0.5452380952380952,0.3462819089900111,0.185,0.3571428571428571
0.9459459459459438,0.0655655655655655,0.0,0.0296548632976,0.5616666666666666,0.3784683684794672,0.1676,0.3571428571428571
0.7837837837837824,0.017017017017017,0.0,0.0338913328611081,0.5414285714285714,0.220865704772475,0.1182499999999999,0.3571428571428571
0.9189189189189192,0.049049049049049,0.0,0.0296548632976,0.6142857142857143,0.4156492785793563,0.2465,0.3571428571428571
0.7567567567567579,0.1691691691691692,0.0,0.0466007415516323,0.0,0.8288013318534961,0.4125,0.3571428571428571
0.7297297297297334,0.0965965965965965,0.0,0.0305868866015718,0.2571428571428572,0.6928412874583796,0.375,0.3571428571428571
0.9189189189189192,0.3193193193193193,0.0,0.0241474528650396,0.0,0.0,0.0,0.0
0.9729729729729756,0.054054054054054,0.0,0.0019911406948487,0.4928571428571428,0.3321309655937847,0.20465,0.3571428571428571
0.5135135135135158,0.005005005005005,0.0,0.0221838492223536,0.3833333333333333,0.220865704772475,0.0925,0.2857142857142857
0.9189189189189192,0.064064064064064,0.0,0.0127089850435678,0.4428571428571429,0.3321309655937847,0.204575,0.3571428571428571
0.7837837837837824,0.0418418418418418,0.0,0.020836651901158,0.4,0.4153718091009989,0.291,0.3571428571428571
0.8648648648648631,0.0570570570570571,0.2128071247052511,0.0109593231138389,0.0,0.0,0.0,0.0
0.9459459459459438,0.079079079079079,0.0,0.0084725154800597,0.0,0.0,0.0,0.0
0.9189189189189192,0.032032032032032,0.0,0.0341357771549225,0.0,0.0,0.0,0.0
0.8378378378378386,0.0475474474474474,0.0,0.0228765119959871,0.5476190476190476,0.4156492785793563,0.2473999999999999,0.3571428571428571
0.8918918918918948,0.054054054054054,0.0,0.023933087505126,0.4333333333333333,0.3326859045504994,0.22175,0.3571428571428571
0.621621621621621,0.005005005005005,0.0,0.0423642719881242,0.0,0.0,0.0,0.0
0.8378378378378386,0.069069069069069,0.0,0.0101671033054629,0.394047619047619,0.693118756936737,0.2625,0.4285714285714285
0.7297297297297334,0.039039039039039,0.0,0.0211819241705839,0.0,0.0,0.0,0.0
0.7837837837837824,0.0315315315315315,0.0,0.0172420074765214,0.0,0.0,0.0,0.0
0.9459459459459438,0.073073073073073,0.0,0.0164442802577128,0.6521428571428571,0.3462819089900111,0.185,0.3571428571428571
0.8108108108108141,0.03003003003003,0.0,0.0387209081635073,0.4604761904761904,0.332408435072142,0.19,0.3571428571428571
0.9729729729729756,0.5495495495495496,0.0,0.0036005754820254,0.3995238095238095,0.5535516093229745,0.475,0.3571428571428571
0.9189189189189192,0.099099099099099,0.0,0.0127089850435678,0.0,0.0,0.0,0.0
0.5945945945945965,0.034034034034034,0.0,0.0063542806983056,0.0,0.0,0.0,0.0
0.7297297297297334,0.032032032032032,0.0,0.0466007415516323,0.0,0.0,0.0,0.0
0.7297297297297334,0.0205205205205205,0.0,0.0271129815594952,0.469047619047619,0.220865704772475,0.11575,0.3571428571428571
0.7567567567567579,0.024024024024024,0.0,0.0423642719881242,0.3202380952380952,0.3013318534961154,0.15525,0.3571428571428571
0.8108108108108141,0.034034034034034,0.0,0.0254183937340919,0.5452380952380952,0.3462819089900111,0.185,0.3571428571428571
0.8918918918918948,0.0220219219219219,0.0,0.0158863372161988,0.0,0.0,0.0,0.0
0.9189189189189192,0.0700700700700701,0.0,0.0466007415516323,0.0,0.0,0.0,0.0
0.8108108108108141,0.1991991991991992,0.0,0.0328322154702311,0.3023809523809523,0.6046059933407325,0.46925,0.3571428571428571
0.9459459459459438,0.064064064064064,0.0,0.0211819241705839,0.6761904761904761,0.3462819089900111,0.18505,0.3571428571428571
0.9459459459459438,0.0445445445445445,0.0,0.0423642719881242,0.4523809523809523,0.3321309655937847,0.2145,0.3571428571428571
0.621621621621621,0.014014014014014,0.0,0.0338913328611081,0.0,0.0,0.0,0.0
0.8378378378378386,0.074074074074074,0.3323213724320653,0.0063542806983056,0.0,0.0,0.0,0.0
0.9459459459459438,0.054054054054054,0.0,0.0105907502618137,0.0,0.0,0.0,0.0
0.8918918918918948,0.0815815815815815,0.0,0.0141917493907956,0.563095238095238,0.3462819089900111,0.22125,0.3571428571428571
0.6756756756756772,0.0175175175175175,0.0,0.0466007415516323,0.4716666666666666,0.3013318534961154,0.1701249999999999,0.3571428571428571
0.7837837837837824,0.029029029029029,0.0,0.0271129815594952,0.4238095238095238,0.3881798002219755,0.1674999999999999,0.3571428571428571
0.4864864864864842,0.014014014014014,0.0,0.1084531971788501,0.0,0.0,0.0,0.0
0.9459459459459438,0.0305305305305305,0.0,0.0237238059086887,0.0,0.0,0.0,0.0
0.4054054054054035,0.004004004004004,0.0,0.0148272198253218,0.0,0.0,0.0,0.0
0.9189189189189192,0.0038038038038038,0.0143527503043748,0.0063542806983056,0.0,0.0,0.0,0.0
0.8918918918918948,0.054054054054054,0.0,0.0084725154800597,0.4857142857142856,0.3321309655937847,0.2045,0.3571428571428571
0.9189189189189192,0.064064064064064,0.0,0.018640042432479,0.563095238095238,0.3462819089900111,0.22125,0.3571428571428571
0.8378378378378386,0.059059059059059,0.2097709659870179,0.0328881368684694,0.0,0.0,0.0,0.0
0.9189189189189192,0.2642642642642643,0.0,0.0254183937340919,0.0,0.0,0.0,0.0
0.7027027027027017,0.014014014014014,0.0,0.0423642719881242,0.4214285714285714,0.3881798002219755,0.17,0.3571428571428571
0.8648648648648631,0.0705705705705705,0.0,0.0211819241705839,0.5366666666666666,0.3873473917869034,0.221825,0.3571428571428571
0.8378378378378386,0.064064064064064,0.0,0.0127089850435678,0.0,0.0,0.0,0.0
0.8918918918918948,0.0515515515515515,0.0,0.0338913328611081,0.4333333333333333,0.3462819089900111,0.18435,0.5714285714285714
0.7837837837837824,0.1091091091091091,0.0,0.0338913328611081,0.3826190476190476,0.5535516093229745,0.4525,0.3571428571428571
0.8108108108108141,0.074074074074074,0.0,0.0338913328611081,0.0,0.0,0.0,0.0
0.8918918918918948,0.0615615615615615,0.0,0.0127089850435678,0.0,0.0,0.0,0.0
0.9459459459459438,0.4794794794794795,0.0,0.0039911779757809,0.0,0.0,0.0,0.0
0.9729729729729756,0.094094094094094,0.0,0.0101671033054629,0.0,0.0,0.0,0.0
0.7567567567567579,0.032032032032032,0.0,0.0508372111151403,0.5254761904761904,0.3326859045504994,0.18475,0.3571428571428571
0.5405405405405403,0.019019019019019,0.0,0.063136529551917,0.0,0.0,0.0,0.0
0.8918918918918948,0.034034034034034,0.0,0.0063542806983056,0.5992857142857143,0.2216981132075471,0.1332499999999999,0.3571428571428571
0.7837837837837824,0.012012012012012,0.0,0.0338913328611081,0.0,0.0,0.0,0.0
0.6486486486486527,0.0075075075075075,0.0,0.0508372111151403,0.469047619047619,0.220865704772475,0.11575,0.3571428571428571
0.7837837837837824,0.036036036036036,0.0,0.0296548632976,0.0,0.0,0.0,0.0
0.7567567567567579,0.0365365365365365,0.0,0.0381278024246162,0.5452380952380952,0.3462819089900111,0.185,0.3571428571428571
0.6756756756756772,0.0055055055055055,0.0,0.0466007415516323,0.0,0.0,0.0,0.0
0.9459459459459438,0.039039039039039,0.0,0.0228765119959871,0.0,0.0,0.0,0.0
0.9189189189189192,0.094094094094094,0.0,0.0211819241705839,0.0,0.0,0.0,0.0
0.8108108108108141,0.0470470470470471,0.0,0.0179884734136115,0.4,0.4153718091009989,0.29075,0.3571428571428571
0.5945945945945965,0.006006006006006,0.0,0.0720195589326807,0.0,0.0,0.0,0.0
0.9189189189189192,0.0365365365365365,0.0,0.0084725154800597,0.5238095238095237,0.2771920088790233,0.1674999999999999,0.3571428571428571
0.7837837837837824,0.021021021021021,0.0,0.0283839224285476,0.4847619047619047,0.3321309655937847,0.19725,0.3571428571428571
0.6756756756756772,0.01001001001001,0.0,0.0466007415516323,0.0,0.0,0.0,0.0
0.7837837837837824,0.1291291291291291,0.0,0.0593101502421565,0.4495238095238095,0.5535516093229745,0.46,0.3571428571428571
0.8378378378378386,0.099099099099099,0.0,0.0466007415516323,0.0,0.0,0.0,0.0
0.7567567567567579,0.021021021021021,0.0,0.0296548632976,0.4404761904761904,0.3321309655937847,0.2,0.3571428571428571
0.7567567567567579,0.0165165165165165,0.0,0.0296548632976,0.0,0.0,0.0,0.0
0.8108108108108141,0.0500499499499499,0.0,0.0508372111151403,0.5314285714285714,0.4389567147613762,0.31575,0.3571428571428571
0.7837837837837824,0.044044044044044,0.0,0.0289092446544226,0.3316666666666666,0.8201997780244173,0.34525,0.5
0.8378378378378386,0.017017017017017,0.0,0.0238115008286534,0.0,0.0,0.0,0.0
0.9729729729729756,0.5145145145145146,0.0,0.0084725154800597,0.5326190476190477,0.6900665926748057,0.5364,0.3571428571428571
0.8108108108108141,0.024024024024024,0.0,0.017847822624103,0.5023809523809524,0.2258601553829078,0.138,0.3571428571428571
0.9459459459459438,0.055055055055055,0.0,0.0061403389853485,0.4471428571428571,0.2771920088790233,0.1875,0.3571428571428571
0.8918918918918948,0.074074074074074,0.0,0.0466007415516323,0.4402380952380951,0.4142619311875694,0.25,0.5
0.9459459459459438,0.0915915915915915,0.0,0.0214780533930731,0.0,0.0,0.0,0.0
0.8918918918918948,0.039039039039039,0.0,0.0315108606133729,0.5188095238095237,0.2769145394006659,0.167625,0.3571428571428571
0.5945945945945965,0.014014014014014,0.0,0.0377041554682653,0.3642857142857142,0.3720865704772475,0.2075,0.3571428571428571
0.9189189189189192,0.3193193193193193,0.0,0.0190636893888299,0.4602380952380951,0.554661487236404,0.4425,0.3571428571428571
0.8108108108108141,0.0265265265265265,0.0,0.0084725154800597,0.5023809523809524,0.2258601553829078,0.138,0.3571428571428571
0.7567567567567579,0.0880880880880881,0.0,0.036433214599213,0.0,0.0,0.0,0.0
0.8108108108108141,0.054054054054054,0.0,0.0338913328611081,0.5952380952380952,0.4142619311875694,0.28355,0.3571428571428571
0.9189189189189192,0.069069069069069,0.0,0.0296548632976,0.6071428571428571,0.4156492785793563,0.2465,0.3571428571428571
0.9729729729729756,0.5495495495495496,0.0,0.0036005754820254,0.3995238095238095,0.5535516093229745,0.475,0.3571428571428571
0.8648648648648631,0.0865865865865865,0.0,0.0305021572103016,0.405,0.4389567147613762,0.3155,0.3571428571428571
0.7837837837837824,0.0215215215215215,0.0,0.0423642719881242,0.6057142857142858,0.2597114317425083,0.144,0.3571428571428571
0.7567567567567579,0.015015015015015,0.0,0.0508372111151403,0.0,0.0,0.0,0.0
0.8918918918918948,0.2442442442442443,0.0,0.0127089850435678,0.4345238095238095,0.5460599334073252,0.46935,0.3571428571428571
0.7837837837837824,0.0220219219219219,0.0,0.0317730980793541,0.0,0.0,0.0,0.0
0.8108108108108141,0.0082882882882883,0.0,0.0105907502618137,0.0,0.0,0.0,0.0
0.6486486486486527,0.007007007007007,0.0,0.0245710998213903,0.0,0.0,0.0,0.0
0.9189189189189192,0.056056056056056,0.0,0.0133851255859037,0.4047619047619047,0.4153718091009989,0.3034,0.3571428571428571
0.621621621621621,0.011011011011011,0.0,0.0597337971985073,0.4119047619047619,0.275527192008879,0.15,0.3571428571428571
0.8378378378378386,0.054054054054054,0.0,0.0305021572103016,0.0,0.0,0.0,0.0
0.8648648648648631,0.024024024024024,0.0,0.0084725154800597,0.5214285714285714,0.1731409544950055,0.0937,0.2857142857142857
0.6756756756756772,0.01001001001001,0.0,0.0381278024246162,0.0,0.0,0.0,0.0
0.7567567567567579,0.037037037037037,0.0,0.0635466198056646,0.5476190476190476,0.3873473917869034,0.2249999999999999,0.3571428571428571
0.9189189189189192,0.3193193193193193,0.0,0.0190636893888299,0.4602380952380951,0.554661487236404,0.4425,0.3571428571428571
0.7837837837837824,0.0375375375375375,0.0,0.0220292180832855,0.0,0.0,0.0,0.0
0.7837837837837824,0.012012012012012,0.0,0.0245710998213903,0.0,0.0,0.0,0.0
0.9729729729729756,0.079079079079079,0.0,0.0254183937340919,0.0,0.0,0.0,0.0
0.9189189189189192,0.084084084084084,0.0,0.0114380441745153,0.4935714285714285,0.3809655937846837,0.22775,0.3571428571428571
0.8108108108108141,0.019019019019019,0.0,0.0381278024246162,0.4266666666666667,0.3013318534961154,0.15525,0.3571428571428571
0.9189189189189192,0.069069069069069,0.0,0.0375495243291973,0.0,0.0,0.0,0.0
0.8918918918918948,0.061061061061061,0.0,0.0381278024246162,0.6688095238095237,0.3462819089900111,0.22125,0.3571428571428571
0.6486486486486527,0.008008008008008,0.0,0.0338913328611081,0.0,0.0,0.0,0.0
0.8378378378378386,0.06006006006006,0.0,0.0326203919920556,0.0,0.0,0.0,0.0
0.7567567567567579,0.039039039039039,0.0,0.0305021572103016,0.5452380952380952,0.3462819089900111,0.185,0.3571428571428571
0.9189189189189192,0.028028028028028,0.0,0.0042360459165516,0.5702380952380952,0.2769145394006659,0.167625,0.3571428571428571
0.8918918918918948,0.1041041041041041,0.0,0.0338913328611081,0.4683333333333333,0.4389567147613762,0.3155,0.3571428571428571
0.7837837837837824,0.034034034034034,0.0,0.027536628515846,0.0,0.0,0.0,0.0
0.7837837837837824,0.0255255255255255,0.0,0.0288067220909857,0.4499999999999999,0.2769145394006659,0.1677499999999999,0.3571428571428571
0.7837837837837824,0.029029029029029,0.0,0.02698588747259,0.0,0.0,0.0,0.0
0.8648648648648631,0.0470470470470471,0.0,0.0296548632976,0.0,0.0,0.0,0.0
0.7297297297297334,0.0125125125125125,0.0,0.05592097459135,0.0,0.0,0.0,0.0
0.7297297297297334,0.0205205205205205,0.0,0.0296548632976,0.0,0.0,0.0,0.0
0.9189189189189192,0.026026026026026,0.0,0.0169454546070758,0.0,0.0,0.0,0.0
0.9729729729729756,0.073073073073073,0.0,0.0059306337419549,0.3928571428571428,0.4142619311875694,0.175,0.5
0.8918918918918948,0.059059059059059,0.0,0.0381278024246162,0.473095238095238,0.4053829078801332,0.2095,0.3571428571428571
0.9459459459459438,0.066066066066066,0.0,0.0148272198253218,0.5407142857142857,0.4053829078801332,0.2119999999999999,0.3571428571428571
0.6756756756756772,0.014014014014014,0.0,0.0169454546070758,0.4333333333333333,0.2943951165371809,0.16,0.3571428571428571
0.9729729729729756,0.0546546546546546,0.0,0.0101671033054629,0.0,0.0,0.0,0.0
0.4054054054054035,0.099099099099099,0.0,0.0148272198253218,0.0,0.0,0.0,0.0
0.7027027027027017,0.029029029029029,0.0,0.0423642719881242,0.3459523809523809,0.4988901220865704,0.34525,0.3571428571428571
0.9729729729729756,0.5395395395395396,0.0,0.0031769285256746,0.3995238095238095,0.5535516093229745,0.475,0.3571428571428571
0.7297297297297334,0.029029029029029,0.0,0.0203346302578822,0.3761904761904762,0.3251942286348501,0.1624999999999999,0.3571428571428571
0.7837837837837824,0.069069069069069,0.0,0.0423642719881242,0.3595238095238094,0.6046059933407325,0.35,0.5
0.9459459459459438,0.03003003003003,0.0,0.0021178111347976,0.0,0.0,0.0,0.0
0.8108108108108141,0.0215215215215215,0.0,0.0247164107274187,0.5188095238095237,0.2769145394006659,0.167625,0.3571428571428571
0.8648648648648631,0.059059059059059,0.0,0.0296548632976,0.0,0.0,0.0,0.0
0.7567567567567579,0.099099099099099,0.0,0.0211819241705839,0.4059523809523809,0.5535516093229745,0.46,0.3571428571428571
0.9189189189189192,0.0425424424424424,0.0,0.0074400878474328,0.0,0.0,0.0,0.0
0.6486486486486527,0.006006006006006,0.0,0.0762560284961888,0.0,0.0,0.0,0.0
0.7837837837837824,0.079079079079079,0.0,0.0762560284961888,0.0,0.0,0.0,0.0
0.7837837837837824,0.012012012012012,0.0,0.0508372111151403,0.0,0.0,0.0,0.0
0.5945945945945965,0.024024024024024,0.0,0.0296548632976,0.0,0.0,0.0,0.0
0.8378378378378386,0.0315315315315315,0.0,0.0165612068176657,0.0,0.0,0.0,0.0
0.8378378378378386,0.055055055055055,0.0,0.0423642719881242,0.6190476190476191,0.4156492785793563,0.2465,0.3571428571428571
0.7567567567567579,0.049049049049049,0.0,0.0084725154800597,0.0,0.0,0.0,0.0
0.9459459459459438,0.035035035035035,0.0,0.0016941641784468,0.0,0.0,0.0,0.0
0.7027027027027017,0.0145145145145145,0.0,0.0228765119959871,0.469047619047619,0.220865704772475,0.11575,0.3571428571428571
0.9189189189189192,0.1251251251251251,0.0,0.0166154336280786,0.0,0.0,0.0,0.0
0.7297297297297334,0.015015015015015,0.0,0.0847289676232049,0.4523809523809523,0.2769145394006659,0.1677499999999999,0.3571428571428571
0.9729729729729756,0.1841841841841842,0.0,0.0021178111347976,0.0,0.0,0.0,0.0
0.8918918918918948,0.029029029029029,0.0,0.040669684162721,0.0,0.0,0.0,0.0
0.7567567567567579,0.02002002002002,0.0,0.0466007415516323,0.4716666666666666,0.3013318534961154,0.1701249999999999,0.3571428571428571
0.8648648648648631,0.0435435435435435,0.0,0.0262656876467936,0.5,0.4156492785793563,0.1874,0.5
0.9189189189189192,0.0500499499499499,0.0,0.0601574441548581,0.4402380952380951,0.4142619311875694,0.25,0.5
0.9729729729729756,0.059059059059059,0.0,0.0042360459165516,0.4428571428571429,0.3321309655937847,0.20465,0.3571428571428571
0.8108108108108141,0.034034034034034,0.0,0.0508372111151403,0.3354761904761904,0.4428412874583796,0.249,0.3571428571428571
0.8108108108108141,0.049049049049049,0.0,0.0508372111151403,0.0,0.0,0.0,0.0
0.7027027027027017,0.049049049049049,0.0,0.0550736806786484,0.0,0.0,0.0,0.0
0.621621621621621,0.039039039039039,0.0,0.1694583588933663,0.0,0.0,0.0,0.0
0.8918918918918948,0.1991991991991992,0.0,0.0288452739640137,0.4561904761904761,0.6920088790233074,0.39425,0.3571428571428571
0.9729729729729756,0.0315315315315315,0.0,0.0005503173962996,0.5357142857142857,0.2771920088790233,0.1674999999999999,0.3571428571428571
0.8108108108108141,0.0172172172172172,0.0,0.0423642719881242,0.0,0.0,0.0,0.0
0.7837837837837824,0.084084084084084,0.0,0.0508372111151403,0.3047619047619048,0.6920088790233074,0.255,0.5714285714285714
1.0,0.0465465465465465,0.0,0.005506986785604,0.5149999999999999,0.2769145394006659,0.1676,0.3571428571428571
0.9729729729729756,0.044044044044044,0.0,0.0169454546070758,0.0,0.0,0.0,0.0
0.8918918918918948,0.021021021021021,0.0,0.0381278024246162,0.5992857142857143,0.2216981132075471,0.1332499999999999,0.3571428571428571
0.8108108108108141,0.0305305305305305,0.0,0.0338913328611081,0.0,0.0,0.0,0.0
0.8648648648648631,0.059059059059059,0.0,0.0254183937340919,0.4428571428571429,0.3321309655937847,0.204575,0.3571428571428571
1.0,0.0727727727727727,0.0,0.0042360459165516,0.4466666666666666,0.4056603773584906,0.25815,0.3571428571428571
0.9459459459459438,0.035035035035035,0.0,0.0063542806983056,0.0,0.0,0.0,0.0
0.621621621621621,0.019019019019019,0.0,0.0756205580616626,0.4214285714285714,0.4153718091009989,0.195,0.3571428571428571
0.7837837837837824,0.012012012012012,0.0,0.0508372111151403,0.0,0.0,0.0,0.0
0.7027027027027017,0.0115115115115115,0.0,0.0597337971985073,0.469047619047619,0.220865704772475,0.11575,0.3571428571428571
0.8378378378378386,0.054054054054054,0.0,0.0296548632976,0.38,0.7000554938956715,0.15525,0.5
0.8648648648648631,0.0815815815815815,0.0,0.0317730980793541,0.0,0.0,0.0,0.0
0.7837837837837824,0.0220219219219219,0.0,0.0211073623062661,0.0,0.0,0.0,0.0
0.8918918918918948,0.0275275275275275,0.0,0.0296548632976,0.6576190476190477,0.2200332963374028,0.1175,0.3571428571428571
0.4054054054054035,0.0032032032032032,0.0,0.0296548632976,0.0,0.0,0.0,0.0
0.8648648648648631,0.0665665665665665,0.0,0.0279602754721968,0.0,0.0,0.0,0.0
0.8108108108108141,0.0735735735735735,0.5136628522392637,0.0237242295556451,0.0,0.0,0.0,0.0
0.5405405405405403,0.0135135135135135,0.0,0.027536628515846,0.4499999999999999,0.2769145394006659,0.1677499999999999,0.3571428571428571
0.7297297297297334,0.019019019019019,0.0,0.027536628515846,0.4523809523809523,0.2769145394006659,0.16525,0.3571428571428571
0.8648648648648631,0.0485485485485485,0.0,0.0251184516889956,0.6761904761904761,0.3462819089900111,0.185,0.3571428571428571
0.9189189189189192,0.089089089089089,0.0,0.0063542806983056,0.0,0.0,0.0,0.0
0.9459459459459438,0.059059059059059,0.0,0.0169454546070758,0.5157142857142857,0.4156492785793563,0.27155,0.3571428571428571
0.9189189189189192,0.032032032032032,0.0,0.0211819241705839,0.5702380952380952,0.2769145394006659,0.167625,0.3571428571428571
0.7297297297297334,0.017017017017017,0.0,0.0508372111151403,0.0,0.0,0.0,0.0
0.7027027027027017,0.0520520520520521,0.0,0.1207389589130235,0.3047619047619048,0.6920088790233074,0.255,0.5714285714285714
0.9729729729729756,0.029029029029029,0.0,0.0169454546070758,0.4528571428571428,0.332408435072142,0.167625,0.3571428571428571
0.9189189189189192,0.054054054054054,0.0,0.0105907502618137,0.4499999999999999,0.3321309655937847,0.205,0.3571428571428571
0.8918918918918948,0.024024024024024,0.0,0.0127089850435678,0.0,0.0,0.0,0.0
0.8378378378378386,0.044044044044044,0.0,0.0237238059086887,0.5214285714285714,0.3873473917869034,0.2219,0.3571428571428571
0.9729729729729756,0.058058058058058,0.0,0.0016941641784468,0.4695238095238094,0.332408435072142,0.1674999999999999,0.5
0.7567567567567579,0.034034034034034,0.0,0.0677830893691726,0.0,0.0,0.0,0.0
0.8918918918918948,0.025025025025025,0.0,0.027536628515846,0.5414285714285714,0.220865704772475,0.1182499999999999,0.3571428571428571
0.8648648648648631,0.029029029029029,0.0,0.0101671033054629,0.5702380952380952,0.2769145394006659,0.167625,0.3571428571428571
0.9189189189189192,0.0615615615615615,0.0,0.0108186723243304,0.3995238095238095,0.4150943396226415,0.221825,0.3571428571428571
0.9189189189189192,0.2617617617617618,0.0,0.0038123989602008,0.3238095238095237,0.554661487236404,0.4425,0.3571428571428571
0.7567567567567579,0.027027027027027,0.0,0.0423642719881242,0.5476190476190476,0.3873473917869034,0.2249999999999999,0.3571428571428571
0.8108108108108141,0.0163163163163163,0.0,0.0296548632976,0.0,0.0,0.0,0.0
0.5405405405405403,0.005005005005005,0.0,0.0021178111347976,0.0,0.0,0.0,0.0
0.9459459459459438,0.0670670670670671,0.0,0.0118616911308661,0.505,0.3321309655937847,0.2045,0.3571428571428571
0.7837837837837824,0.038038038038038,0.0,0.036433214599213,0.0,0.0,0.0,0.0
0.621621621621621,0.0068068068068068,0.0,0.0274095344289407,0.0,0.0,0.0,0.0
0.9189189189189192,0.1436436436436436,0.0,0.0254183937340919,0.419047619047619,0.6046059933407325,0.38465,0.5
0.8108108108108141,0.0345345345345345,0.0,0.0288075693848984,0.5261904761904762,0.3462819089900111,0.19225,0.3571428571428571
0.9189189189189192,0.066066066066066,0.0,0.0078755969185614,0.0,0.0,0.0,0.0
0.7027027027027017,0.01001001001001,0.0,0.0163099841725496,0.0,0.0,0.0,0.0
0.9189189189189192,0.0700700700700701,0.0,0.00338875200385,0.0,0.0,0.0,0.0
0.9189189189189192,0.0850850850850851,0.0,0.0347725185303178,0.0,0.0,0.0,0.0
0.7567567567567579,0.018018018018018,0.0,0.0296548632976,0.0,0.0,0.0,0.0
0.8648648648648631,0.099099099099099,0.0,0.0194873363451806,0.5833333333333333,0.4156492785793563,0.2465,0.5
0.7837837837837824,0.034034034034034,0.0,0.0338870963915446,0.4238095238095238,0.3881798002219755,0.1674999999999999,0.3571428571428571
0.8108108108108141,0.034034034034034,0.0,0.0423642719881242,0.0,0.0,0.0,0.0
0.8648648648648631,0.064064064064064,0.0,0.0288075693848984,0.0,0.0,0.0,0.0
0.8918918918918948,0.069069069069069,0.0,0.0423642719881242,0.5366666666666666,0.3873473917869034,0.221825,0.3571428571428571
0.8108108108108141,0.042042042042042,0.0,0.0423642719881242,0.38,0.7000554938956715,0.15525,0.5
0.7027027027027017,0.014014014014014,0.0,0.0254183937340919,0.0,0.0,0.0,0.0
0.9729729729729756,0.1891891891891892,0.0,0.0127089850435678,0.2952380952380952,0.554661487236404,0.36975,0.3571428571428571
0.7567567567567579,0.0096096096096096,0.0,0.0211819241705839,0.0,0.0,0.0,0.0
0.8108108108108141,0.089089089089089,0.0,0.0360248189332907,0.0,0.0,0.0,0.0
0.7837837837837824,0.019019019019019,0.0,0.0296548632976,0.0,0.0,0.0,0.0
0.7837837837837824,0.0450449449449449,0.0,0.0296548632976,0.2869047619047619,0.6046059933407325,0.3,0.5714285714285714
0.7837837837837824,0.0234234234234234,0.0,0.0160981606943742,0.5023809523809524,0.2258601553829078,0.138,0.3571428571428571
0.7297297297297334,0.012012012012012,0.0,0.0466007415516323,0.0,0.0,0.0,0.0
0.8918918918918948,0.023023023023023,0.0,0.0190636893888299,0.5992857142857143,0.2216981132075471,0.1332499999999999,0.3571428571428571
0.8918918918918948,0.0305305305305305,0.0,0.0127089850435678,0.5992857142857143,0.2216981132075471,0.1332499999999999,0.3571428571428571
0.7837837837837824,0.0265265265265265,0.0,0.0254183937340919,0.4523809523809523,0.2769145394006659,0.16525,0.3571428571428571
0.8648648648648631,0.054054054054054,0.0,0.0481258705944952,0.0,0.0,0.0,0.0
0.8108108108108141,0.0465465465465465,0.0,0.0338913328611081,0.0,0.0,0.0,0.0
0.621621621621621,0.015015015015015,0.0,0.0296548632976,0.4023809523809523,0.4153718091009989,0.25,0.3571428571428571
0.567567567567572,0.0108108108108108,0.0,0.0254183937340919,0.469047619047619,0.220865704772475,0.11575,0.3571428571428571
0.7567567567567579,0.0220219219219219,0.0,0.0296548632976,0.0,0.0,0.0,0.0
0.8918918918918948,0.059059059059059,0.0,0.0110143972181645,0.4523809523809523,0.3326859045504994,0.22175,0.3571428571428571
0.8108108108108141,0.0203203203203203,0.0,0.0338913328611081,0.0,0.0,0.0,0.0
0.8648648648648631,0.0501501501501501,0.0,0.0127089850435678,0.4499999999999999,0.3321309655937847,0.205,0.3571428571428571
0.7837837837837824,0.056056056056056,0.0,0.0423642719881242,0.5190476190476191,0.4053829078801332,0.195,0.3571428571428571
0.8108108108108141,0.0570570570570571,0.0,0.0338913328611081,0.5314285714285714,0.4389567147613762,0.3157999999999999,0.3571428571428571
0.621621621621621,0.013013013013013,0.0,0.0635466198056646,0.4499999999999999,0.2769145394006659,0.1677499999999999,0.3571428571428571
0.7837837837837824,0.1216216216216216,0.0,0.0677830893691726,0.2738095238095238,0.8274139844617092,0.4225,0.5
0.8378378378378386,0.044044044044044,0.0,0.0321967450357049,0.6142857142857143,0.4156492785793563,0.2465,0.3571428571428571
0.8378378378378386,0.024024024024024,0.0,0.0508372111151403,0.0,0.0,0.0,0.0
0.8918918918918948,0.0691691691691692,0.0,0.0338875200385009,0.0,0.0,0.0,0.0
0.7297297297297334,0.0135135135135135,0.0,0.0466007415516323,0.0,0.0,0.0,0.0
0.7027027027027017,0.0058058058058058,0.0,0.0508372111151403,0.0,0.0,0.0,0.0
0.8648648648648631,0.059059059059059,0.0,0.0381278024246162,0.5421428571428571,0.4156492785793563,0.246475,0.3571428571428571
0.8648648648648631,0.074074074074074,0.0,0.0169454546070758,0.4142857142857142,0.4153718091009989,0.29325,0.3571428571428571
0.9189189189189192,0.1191191191191191,0.0,0.0211819241705839,0.0,0.0,0.0,0.0
0.9189189189189192,0.2592592592592593,0.0,0.0199796141084603,0.0,0.0,0.0,0.0
0.7837837837837824,0.013013013013013,0.0,0.0338913328611081,0.4545238095238095,0.3873473917869034,0.1725,0.3571428571428571
0.5945945945945965,0.009009009009009,0.0,0.0084725154800597,0.0,0.0,0.0,0.0
0.8648648648648631,0.019019019019019,0.0,0.0169454546070758,0.6057142857142858,0.2597114317425083,0.14075,0.3571428571428571
0.9459459459459438,0.094094094094094,0.0,0.0105907502618137,0.5785714285714285,0.3462819089900111,0.22125,0.3571428571428571
0.8378378378378386,0.024024024024024,0.0,0.0508372111151403,0.4547619047619047,0.3898446170921198,0.175,0.3571428571428571
0.7567567567567579,0.1181181181181181,0.0,0.0338913328611081,0.2602380952380952,0.6928412874583796,0.51,0.3571428571428571
0.9459459459459438,0.025025025025025,0.0,0.0127089850435678,0.4,0.220865704772475,0.0855,0.5714285714285714
0.9459459459459438,0.064064064064064,0.0,0.0042360459165516,0.4499999999999999,0.3321309655937847,0.20465,0.3571428571428571
0.8918918918918948,0.2492492492492493,0.0,0.0127089850435678,0.3740476190476191,0.5543840177580466,0.4725,0.3571428571428571
0.9189189189189192,0.0860859859859859,0.0,0.0296548632976,0.5119047619047619,0.4153718091009989,0.27125,0.3571428571428571
0.8918918918918948,0.0515515515515515,0.2097709659870179,0.0072015746110072,0.0,0.0,0.0,0.0
0.7027027027027017,0.0325325325325325,0.3036158718233154,0.0372525478127954,0.0,0.0,0.0,0.0
0.9459459459459438,0.029029029029029,0.0,0.0084725154800597,0.0,0.0,0.0,0.0
0.7297297297297334,0.0165165165165165,0.0,0.022049129490234,0.0,0.0,0.0,0.0
0.8378378378378386,0.0601601601601601,0.0,0.0381278024246162,0.3333333333333333,0.7000554938956715,0.1875,0.5
0.9189189189189192,0.0265265265265265,0.0,0.0245710998213903,0.588095238095238,0.220865704772475,0.1182499999999999,0.3571428571428571
0.8648648648648631,0.0705705705705705,0.0,0.0296548632976,0.3666666666666666,0.6046059933407325,0.3,0.5
0.8648648648648631,0.094094094094094,0.0,0.0127089850435678,0.4285714285714285,0.4153718091009989,0.29325,0.3571428571428571
0.7567567567567579,0.0105104104104104,0.0,0.0423642719881242,0.4285714285714285,0.2760821309655938,0.155,0.3571428571428571
0.8378378378378386,0.024024024024024,0.0,0.0338913328611081,0.5023809523809524,0.2258601553829078,0.138,0.3571428571428571
0.9189189189189192,0.054054054054054,0.0,0.0016590014810697,0.0,0.0,0.0,0.0
0.8918918918918948,0.06006006006006,0.0,0.0423642719881242,0.0,0.0,0.0,0.0
0.8918918918918948,0.024024024024024,0.0,0.0173691015634266,0.5992857142857143,0.2216981132075471,0.1332499999999999,0.3571428571428571
0.7297297297297334,0.029029029029029,0.0,0.0508372111151403,0.0,0.0,0.0,0.0
0.9189189189189192,0.0705705705705705,0.0,0.0254183937340919,0.5045238095238095,0.3873473917869034,0.221825,0.3571428571428571
0.6756756756756772,0.049049049049049,0.0,0.0927782597938702,0.3047619047619048,0.6920088790233074,0.255,0.5714285714285714
0.621621621621621,0.024024024024024,0.0,0.0783742632779428,0.3023809523809523,0.7239178690344062,0.2915,0.6428571428571428
0.9459459459459438,0.059059059059059,0.0,0.0084725154800597,0.4333333333333333,0.3326859045504994,0.22175,0.3571428571428571
0.7837837837837824,0.03003003003003,0.0,0.0326203919920556,0.4595238095238095,0.3462819089900111,0.18475,0.3571428571428571
0.8648648648648631,0.059059059059059,0.0,0.0105907502618137,0.6142857142857143,0.4156492785793563,0.2465,0.3571428571428571
0.621621621621621,0.009009009009009,0.0,0.0180045719979529,0.469047619047619,0.220865704772475,0.11575,0.3571428571428571
0.6486486486486527,0.009009009009009,0.0,0.0296548632976,0.0,0.0,0.0,0.0
0.8378378378378386,0.015015015015015,0.0,0.0381278024246162,0.0,0.0,0.0,0.0
0.8918918918918948,0.051051051051051,0.0,0.0105907502618137,0.0,0.0,0.0,0.0
0.9459459459459438,0.0222221221221221,0.0,0.0084725154800597,0.0,0.0,0.0,0.0
0.9459459459459438,0.089089089089089,0.0,0.0148272198253218,0.394047619047619,0.693118756936737,0.2625,0.4285714285714285
0.7567567567567579,0.024024024024024,0.0,0.0381278024246162,0.3226190476190476,0.6046059933407325,0.295875,0.5
0.9729729729729756,0.5495495495495496,0.0,0.0036005754820254,0.3995238095238095,0.5535516093229745,0.475,0.3571428571428571
0.7297297297297334,0.034034034034034,0.0,0.0338913328611081,0.0,0.0,0.0,0.0
0.8918918918918948,0.049049049049049,0.0,0.0169454546070758,0.4428571428571429,0.3321309655937847,0.204575,0.3571428571428571
0.8918918918918948,0.069069069069069,0.0,0.0211819241705839,0.0,0.0,0.0,0.0
0.8378378378378386,0.069069069069069,0.0,0.0101671033054629,0.394047619047619,0.693118756936737,0.2625,0.4285714285714285
0.8648648648648631,0.069069069069069,0.0,0.0508372111151403,0.4945238095238095,0.3462819089900111,0.2219,0.5
0.6486486486486527,0.0394394394394394,0.0,0.0508372111151403,0.3047619047619048,0.6920088790233074,0.255,0.5714285714285714
0.9459459459459438,0.0620620620620621,0.0,0.0169454546070758,0.0,0.0,0.0,0.0
0.8378378378378386,0.0341341341341341,0.0,0.0169454546070758,0.0,0.0,0.0,0.0
0.6486486486486527,0.009009009009009,0.0,0.0254183937340919,0.469047619047619,0.220865704772475,0.11575,0.3571428571428571
0.7567567567567579,0.028028028028028,0.0,0.0466007415516323,0.5023809523809524,0.3462819089900111,0.18475,0.3571428571428571
0.7837837837837824,0.0375375375375375,0.0,0.0190636893888299,0.4404761904761904,0.332408435072142,0.2169999999999999,0.3571428571428571
0.8108108108108141,0.0209209209209209,0.0,0.0211819241705839,0.5023809523809524,0.2258601553829078,0.138,0.3571428571428571
0.567567567567572,0.007007007007007,0.0,0.0381278024246162,0.0,0.0,0.0,0.0
0.9459459459459438,0.1141141141141141,0.0,0.0084725154800597,0.0,0.0,0.0,0.0
0.7297297297297334,0.0255255255255255,0.0,0.0177927485197774,0.0,0.0,0.0,0.0
0.7567567567567579,0.049049049049049,0.0,0.0131326319999185,0.0,0.0,0.0,0.0
0.9459459459459438,0.074074074074074,0.0,0.0296548632976,0.0,0.0,0.0,0.0
0.8648648648648631,0.021021021021021,0.0,0.0190636893888299,0.0,0.0,0.0,0.0
0.7567567567567579,0.0245244244244244,0.0,0.0296548632976,0.0,0.0,0.0,0.0
0.8648648648648631,0.044044044044044,0.0,0.0338913328611081,0.4964285714285714,0.3321309655937847,0.2078499999999999,0.3571428571428571
0.9189189189189192,0.034034034034034,0.0,0.0148272198253218,0.3659523809523809,0.3318534961154273,0.1825,0.5
0.5945945945945965,0.0075075075075075,0.0,0.0423642719881242,0.0,0.0,0.0,0.0
0.9189189189189192,0.0365365365365365,0.0,0.0115604781449007,0.0,0.0,0.0,0.0
0.7837837837837824,0.044044044044044,0.0,0.0508372111151403,0.2869047619047619,0.6046059933407325,0.3,0.6428571428571428
0.7027027027027017,0.025025025025025,0.0,0.0338913328611081,0.2738095238095238,0.552441731409545,0.36975,0.5
0.8648648648648631,0.059059059059059,0.0,0.0457534476389307,0.5045238095238095,0.3873473917869034,0.221825,0.3571428571428571
0.9189189189189192,0.026026026026026,0.0,0.0131749966955536,0.5404761904761904,0.2216981132075471,0.1341,0.3571428571428571
0.8378378378378386,0.024024024024024,0.0,0.0105907502618137,0.0,0.0,0.0,0.0
1.0,0.0485485485485485,0.0,0.0029651050474992,0.0,0.0,0.0,0.0
0.7837837837837824,0.051051051051051,0.0,0.0148272198253218,0.0,0.0,0.0,0.0
0.8918918918918948,0.064064064064064,0.0,0.0211819241705839,0.633095238095238,0.3462819089900111,0.185,0.3571428571428571
0.6486486486486527,0.0202202202202202,0.0,0.0245710998213903,0.4,0.4142619311875694,0.275,0.3571428571428571
0.9459459459459438,0.059059059059059,0.0,0.0295612373202465,0.5238095238095237,0.3321309655937847,0.2045,0.3571428571428571
0.8378378378378386,0.0448448448448448,0.0,0.0338913328611081,0.0,0.0,0.0,0.0
0.9189189189189192,0.056056056056056,0.0,0.0127089850435678,0.4428571428571429,0.3321309655937847,0.204575,0.3571428571428571
0.9189189189189192,0.0515515515515515,0.0,0.0122853380872169,0.5714285714285714,0.3290788013318535,0.184925,0.3571428571428571
0.8918918918918948,0.0865865865865865,0.2453768273190249,0.0085881710991435,0.0,0.0,0.0,0.0
0.9189189189189192,0.064064064064064,0.0,0.0211819241705839,0.6142857142857143,0.4156492785793563,0.2465,0.3571428571428571
0.7567567567567579,0.039039039039039,0.0,0.2012318806196767,0.3214285714285714,0.6046059933407325,0.2875,0.3571428571428571
0.7297297297297334,0.0485485485485485,0.0,0.0423642719881242,0.3238095238095237,0.7000554938956715,0.1574999999999999,0.5
0.9189189189189192,0.0670670670670671,0.0,0.0338913328611081,0.5366666666666666,0.3873473917869034,0.221825,0.3571428571428571
0.9189189189189192,0.034034034034034,0.0,0.0084725154800597,0.0,0.0,0.0,0.0
0.9459459459459438,0.0889889889889889,0.0,0.0148272198253218,0.5976190476190476,0.3462819089900111,0.22125,0.3571428571428571
0.7837837837837824,0.0073073073073073,0.0,0.0381278024246162,0.5952380952380952,0.3873473917869034,0.1725,0.3571428571428571
0.9189189189189192,0.2703703703703703,0.0,0.0038123989602008,0.3238095238095237,0.554661487236404,0.4425,0.3571428571428571
0.9459459459459438,0.089089089089089,0.0,0.0148272198253218,0.4166666666666666,0.3326859045504994,0.22175,0.3571428571428571
0.7837837837837824,0.019019019019019,0.0,0.0381278024246162,0.2754761904761905,0.6046059933407325,0.34525,0.5
0.9459459459459438,0.044044044044044,0.0,0.0203346302578822,0.6047619047619047,0.3290788013318535,0.184925,0.3571428571428571
0.8378378378378386,0.024024024024024,0.0,0.0423642719881242,0.0,0.0,0.0,0.0
0.9189189189189192,0.2617617617617618,0.0,0.0038123989602008,0.3238095238095237,0.554661487236404,0.4425,0.3571428571428571
0.8378378378378386,0.0215215215215215,0.0,0.0508372111151403,0.530952380952381,0.3462819089900111,0.185,0.3571428571428571
0.7567567567567579,0.0215215215215215,0.0,0.0127089850435678,0.4980952380952381,0.2769145394006659,0.1677499999999999,0.3571428571428571
0.9729729729729756,0.0470470470470471,0.0,0.0042360459165516,0.0,0.0,0.0,0.0
0.7837837837837824,0.044044044044044,0.0,0.0381278024246162,0.4526190476190476,0.4053829078801332,0.271125,0.3571428571428571
0.5405405405405403,0.006006006006006,0.0,0.0211819241705839,0.0,0.0,0.0,0.0
0.8648648648648631,0.1091091091091091,0.0,0.0580392093731041,0.3092857142857143,0.6920088790233074,0.2515,0.5
0.8918918918918948,0.023023023023023,0.0,0.0296548632976,0.0,0.0,0.0,0.0
0.7297297297297334,0.0295295295295295,0.0,0.0741377937144348,0.4238095238095238,0.3462819089900111,0.1875,0.3571428571428571
0.7297297297297334,0.019019019019019,0.0,0.0804924980596968,0.4238095238095238,0.3462819089900111,0.1875,0.3571428571428571
0.8918918918918948,0.053053053053053,0.0,0.0338913328611081,0.5045238095238095,0.3873473917869034,0.221825,0.3571428571428571
0.6756756756756772,0.025025025025025,0.0,0.0381278024246162,0.4238095238095238,0.3462819089900111,0.1875,0.3571428571428571
0.9189189189189192,0.0515515515515515,0.0,0.0157384844284323,0.65,0.4156492785793563,0.2465,0.3571428571428571
0.7297297297297334,0.015015015015015,0.0,0.0127089850435678,0.5028571428571429,0.3462819089900111,0.2219999999999999,0.3571428571428571
0.7837837837837824,0.054054054054054,0.0,0.0244558678492629,0.3459523809523809,0.497780244173141,0.34525,0.3571428571428571
0.9189189189189192,0.0789789789789789,0.0,0.0134321503980586,0.0,0.0,0.0,0.0
0.9189189189189192,0.061061061061061,0.0,0.0105907502618137,0.4428571428571429,0.3321309655937847,0.204575,0.3571428571428571
0.8108108108108141,0.029029029029029,0.0,0.0317730980793541,0.4499999999999999,0.3321309655937847,0.205,0.3571428571428571
0.7297297297297334,0.023023023023023,0.0,0.0211819241705839,0.0,0.0,0.0,0.0
0.3783783783783789,0.0020019019019019,0.0,0.0338913328611081,0.3833333333333333,0.220865704772475,0.0925,0.2857142857142857
0.8378378378378386,0.034034034034034,0.0,0.0449061537262291,0.4952380952380952,0.4053829078801332,0.1624999999999999,0.3571428571428571
0.7837837837837824,0.041041041041041,0.0,0.0508372111151403,0.4595238095238095,0.3462819089900111,0.18475,0.3571428571428571
0.7837837837837824,0.0220219219219219,0.0,0.0211073623062661,0.0,0.0,0.0,0.0
0.9459459459459438,0.1091091091091091,0.0,0.0127089850435678,0.0,0.0,0.0,0.0
0.8378378378378386,0.016016016016016,0.0,0.0321967450357049,0.6057142857142858,0.2597114317425083,0.14075,0.3571428571428571
0.7297297297297334,0.029029029029029,0.0,0.0508372111151403,0.3404761904761905,0.4988901220865704,0.4,0.3571428571428571
0.7297297297297334,0.01001001001001,0.0,0.0466007415516323,0.0,0.0,0.0,0.0
0.7027027027027017,0.0401401401401401,0.0,0.0508372111151403,0.0,0.0,0.0,0.0
0.8378378378378386,0.0215215215215215,0.0,0.0139799259126202,0.4911904761904761,0.332408435072142,0.1674999999999999,0.3571428571428571
0.6756756756756772,0.0118118118118118,0.0,0.0080488685237088,0.469047619047619,0.220865704772475,0.11575,0.3571428571428571
0.8108108108108141,0.0400399399399399,0.0,0.0122853380872169,0.3571428571428571,0.4433962264150943,0.25875,0.3571428571428571
0.8918918918918948,0.2492492492492493,0.0,0.0296548632976,0.0,0.0,0.0,0.0
0.8918918918918948,0.034034034034034,0.0,0.0268587933856847,0.0,0.0,0.0,0.0
0.9459459459459438,0.1466466466466466,0.0,0.004956245742348,0.0,0.0,0.0,0.0
0.7567567567567579,0.1141141141141141,0.0,0.0766796754525396,0.2738095238095238,0.8274139844617092,0.4275,0.5
0.7567567567567579,0.019019019019019,0.0,0.0169454546070758,0.0,0.0,0.0,0.0
0.7837837837837824,0.0236236236236236,0.0,0.0148272198253218,0.5483333333333333,0.3873473917869034,0.1725,0.3571428571428571
0.621621621621621,0.014014014014014,0.0,0.0423642719881242,0.3333333333333333,0.2943951165371809,0.16,0.3571428571428571
0.621621621621621,0.036036036036036,0.0,0.1292118980400396,0.3047619047619048,0.6920088790233074,0.255,0.5714285714285714
0.8918918918918948,0.1941941941941942,0.0,0.0190636893888299,0.3899999999999999,0.5535516093229745,0.4575,0.3571428571428571
0.9459459459459438,0.1091091091091091,0.0,0.0105907502618137,0.4238095238095238,0.4150943396226415,0.26375,0.3571428571428571
0.9189189189189192,0.074074074074074,0.0,0.0080488685237088,0.6761904761904761,0.3462819089900111,0.18505,0.3571428571428571
0.6756756756756772,0.024024024024024,0.0,0.0254183937340919,0.4761904761904761,0.3715316315205327,0.27125,0.3571428571428571
0.9189189189189192,0.1321321321321321,0.0,0.0386340605374554,0.0,0.0,0.0,0.0
0.9189189189189192,0.0880880880880881,0.0,0.0254183937340919,0.0,0.0,0.0,0.0
0.8648648648648631,0.0315315315315315,0.0,0.0105907502618137,0.0,0.0,0.0,0.0
0.7567567567567579,0.017017017017017,0.0,0.0508372111151403,0.3095238095238095,0.6906215316315205,0.2375,0.5714285714285714
0.8648648648648631,0.044044044044044,0.0,0.0148272198253218,0.4857142857142856,0.3321309655937847,0.207775,0.3571428571428571
0.7567567567567579,0.0215215215215215,0.0,0.0241474528650396,0.5,0.4053829078801332,0.16025,0.3571428571428571
0.7567567567567579,0.0262262262262262,0.0,0.0720195589326807,0.3933333333333333,0.552441731409545,0.30925,0.3571428571428571
0.7837837837837824,0.029029029029029,0.0,0.0508372111151403,0.4404761904761904,0.3321309655937847,0.207125,0.3571428571428571
0.8648648648648631,0.0455455455455455,0.0,0.0267160243613945,0.4499999999999999,0.3321309655937847,0.205,0.3571428571428571
0.8918918918918948,0.1566566566566566,0.0,0.0233001589523379,0.2704761904761904,0.7644284128745839,0.42875,0.5
0.7567567567567579,0.012012012012012,0.0,0.0338913328611081,0.0,0.0,0.0,0.0
0.9189189189189192,0.064064064064064,0.0,0.0094045387840315,0.5366666666666666,0.3873473917869034,0.221825,0.3571428571428571
0.8918918918918948,0.0586586586586586,0.0,0.0515845243461432,0.0,0.0,0.0,0.0
0.8108108108108141,0.0615615615615615,0.0,0.016521807650725,0.3399999999999999,0.4988901220865704,0.345075,0.3571428571428571
0.6756756756756772,0.049049049049049,0.0,0.0652412076310678,0.0,0.0,0.0,0.0
0.8108108108108141,0.034034034034034,0.0,0.0296548632976,0.0,0.0,0.0,0.0
0.7297297297297334,0.0155155155155155,0.0,0.0338913328611081,0.4847619047619047,0.3321309655937847,0.19725,0.3571428571428571
0.7567567567567579,0.028028028028028,0.0,0.0381278024246162,0.4047619047619047,0.3321309655937847,0.2,0.3571428571428571
0.9459459459459438,0.084084084084084,0.0,0.0381278024246162,0.4047619047619047,0.4153718091009989,0.3034,0.3571428571428571
0.8108108108108141,0.0225225225225225,0.0,0.0182163954761283,0.4523809523809523,0.2769145394006659,0.1677499999999999,0.3571428571428571
0.8648648648648631,0.049049049049049,0.0,0.0296548632976,0.5366666666666666,0.3873473917869034,0.221825,0.3571428571428571
0.9189189189189192,0.029029029029029,0.0,0.0148272198253218,0.5478571428571428,0.2771920088790233,0.1674999999999999,0.3571428571428571
0.9459459459459438,0.0670670670670671,0.0,0.0036327726507081,0.4452380952380952,0.3326859045504994,0.22175,0.3571428571428571
0.8378378378378386,0.064064064064064,0.0,0.0593101502421565,0.5976190476190476,0.4156492785793563,0.2465,0.3571428571428571
0.9729729729729756,0.076976976976977,0.0,0.0029786617501024,0.4523809523809523,0.3326859045504994,0.2219,0.3571428571428571
0.9459459459459438,0.0275275275275275,0.0,0.0127089850435678,0.0,0.0,0.0,0.0
0.8918918918918948,0.0665665665665665,0.0,0.0508372111151403,0.633095238095238,0.3462819089900111,0.185,0.3571428571428571
0.8648648648648631,0.074074074074074,0.0,0.0194763215243156,0.0,0.0,0.0,0.0
0.8648648648648631,0.0405405405405405,0.0,0.0508372111151403,0.5009523809523809,0.4053829078801332,0.2095,0.5
0.7837837837837824,0.0715715715715715,0.0,0.0296548632976,0.0,0.0,0.0,0.0
0.8918918918918948,0.035035035035035,0.0,0.0127089850435678,0.0,0.0,0.0,0.0
0.8918918918918948,0.046046046046046,0.0,0.0423642719881242,0.0,0.0,0.0,0.0
0.9459459459459438,0.0535535535535535,0.0,0.0160981606943742,0.0,0.0,0.0,0.0
0.7027027027027017,0.012012012012012,0.0,0.0338913328611081,0.469047619047619,0.220865704772475,0.11575,0.3571428571428571
0.4324324324324351,0.014014014014014,0.0,0.0838816737105033,0.3523809523809524,0.5543840177580466,0.17,0.3571428571428571
0.7567567567567579,0.024024024024024,0.0,0.0105907502618137,0.3714285714285714,0.3318534961154273,0.175,0.3571428571428571
0.8648648648648631,0.0455455455455455,0.0,0.0267160243613945,0.4499999999999999,0.3321309655937847,0.205,0.3571428571428571
0.7297297297297334,0.017017017017017,0.0,0.0338913328611081,0.5028571428571429,0.3462819089900111,0.2219999999999999,0.3571428571428571
0.9459459459459438,0.073073073073073,0.0,0.0164442802577128,0.6521428571428571,0.3462819089900111,0.185,0.3571428571428571
0.7837837837837824,0.001001001001001,0.0157325464345974,0.0105907502618137,0.0,0.0,0.0,0.0
0.7837837837837824,0.054054054054054,0.0,0.0402460372063702,0.3880952380952381,0.4986126526082131,0.36875,0.3571428571428571
0.621621621621621,0.011011011011011,0.0,0.0423642719881242,0.469047619047619,0.220865704772475,0.11575,0.3571428571428571
0.8648648648648631,0.029029029029029,0.0,0.0741377937144348,0.0,0.0,0.0,0.0
0.621621621621621,0.0065065065065065,0.0,0.0550736806786484,0.0,0.0,0.0,0.0
0.8918918918918948,0.029029029029029,0.0,0.0211819241705839,0.6333333333333333,0.2769145394006659,0.1453999999999999,0.3571428571428571
0.8648648648648631,0.049049049049049,0.0,0.0148272198253218,0.6,0.3462819089900111,0.185,0.3571428571428571
0.6486486486486527,0.009009009009009,0.0,0.0338913328611081,0.4119047619047619,0.2943951165371809,0.16,0.3571428571428571
1.0,0.1391391391391391,0.0,0.0105907502618137,0.0,0.0,0.0,0.0
0.7837837837837824,0.0145145145145145,0.0,0.0211819241705839,0.5483333333333333,0.3873473917869034,0.1725,0.3571428571428571
0.8108108108108141,0.064064064064064,0.0,0.0720195589326807,0.4945238095238095,0.3462819089900111,0.2219,0.5
0.7027027027027017,0.024024024024024,0.0,0.0211819241705839,0.0,0.0,0.0,0.0
0.8378378378378386,0.049049049049049,0.0,0.0508372111151403,0.4869047619047618,0.4053829078801332,0.2095,0.3571428571428571
0.8918918918918948,0.021021021021021,0.0,0.0254183937340919,0.0,0.0,0.0,0.0
0.8648648648648631,0.0755755755755756,0.0,0.0338913328611081,0.0,0.0,0.0,0.0
0.7837837837837824,0.007007007007007,0.0,0.0508372111151403,0.469047619047619,0.220865704772475,0.0875,0.5714285714285714
0.9189189189189192,0.079079079079079,0.0,0.0105907502618137,0.0,0.0,0.0,0.0
0.8378378378378386,0.0195194194194194,0.0,0.0063542806983056,0.5414285714285714,0.220865704772475,0.1182499999999999,0.3571428571428571
0.9459459459459438,0.1141141141141141,0.0,0.0111965654093953,0.0,0.0,0.0,0.0
0.8108108108108141,0.024024024024024,0.0,0.0211819241705839,0.5004761904761904,0.3462819089900111,0.2219999999999999,0.3571428571428571
0.7297297297297334,0.0305305305305305,0.0,0.0508372111151403,0.3238095238095237,0.7000554938956715,0.1574999999999999,0.5
0.9459459459459438,0.044044044044044,0.0,0.0097290523525962,0.5676190476190476,0.3326859045504994,0.2112,0.3571428571428571
0.8918918918918948,0.023023023023023,0.0,0.0251218408646464,0.5992857142857143,0.2216981132075471,0.1332499999999999,0.3571428571428571
0.8918918918918948,0.0965965965965965,0.0,0.0228765119959871,0.3809523809523809,0.5541065482796892,0.35,0.5
0.9459459459459438,0.039039039039039,0.0,0.0074133980891827,0.4883333333333333,0.2769145394006659,0.1676,0.3571428571428571
0.8918918918918948,0.069069069069069,0.0,0.0127089850435678,0.4402380952380951,0.4142619311875694,0.25,0.5
0.8108108108108141,0.0215215215215215,0.0,0.0247164107274187,0.5188095238095237,0.2769145394006659,0.167625,0.3571428571428571
0.6486486486486527,0.024024024024024,0.0,0.0338913328611081,0.0,0.0,0.0,0.0
0.6756756756756772,0.0035035035035035,0.0,0.0254183937340919,0.4,0.3898446170921198,0.17,0.3571428571428571
0.9189189189189192,0.0539539539539539,0.0,0.0148272198253218,0.4216666666666667,0.3321309655937847,0.19725,0.3571428571428571
0.9729729729729756,0.5145145145145146,0.0,0.0084725154800597,0.5326190476190477,0.6900665926748057,0.5364,0.3571428571428571
0.7567567567567579,0.044044044044044,0.0,0.0995566110954832,0.0,0.0,0.0,0.0
0.9459459459459438,0.049049049049049,0.0,0.0254183937340919,0.4321428571428571,0.332408435072142,0.205,0.4285714285714285
0.7567567567567579,0.015015015015015,0.0,0.0209967904506586,0.3857142857142857,0.2760821309655938,0.15525,0.3571428571428571
0.9459459459459438,0.029029029029029,0.0,0.0080488685237088,0.5357142857142857,0.2771920088790233,0.1674999999999999,0.3571428571428571
0.5945945945945965,0.0055055055055055,0.0,0.0360095676428621,0.3642857142857142,0.3720865704772475,0.2075,0.3571428571428571
0.7567567567567579,0.024024024024024,0.0,0.0381278024246162,0.3226190476190476,0.6046059933407325,0.295875,0.5
0.8918918918918948,0.061061061061061,0.0,0.0152508667816726,0.4964285714285714,0.3321309655937847,0.2078499999999999,0.3571428571428571
0.8918918918918948,0.011011011011011,0.041402164339543,0.0076252215673581,0.0,0.0,0.0,0.0
0.621621621621621,0.029029029029029,0.0,0.0508372111151403,0.0,0.0,0.0,0.0
0.8648648648648631,0.053053053053053,0.1882418405304555,0.0133135292502803,0.0,0.0,0.0,0.0
0.8108108108108141,0.042042042042042,0.0,0.0381278024246162,0.3814285714285714,0.3809655937846837,0.23425,0.5
0.8108108108108141,0.0155155155155155,0.0,0.0211819241705839,0.0,0.0,0.0,0.0
0.8378378378378386,0.0445445445445445,0.0,0.0236602588652361,0.0,0.0,0.0,0.0
0.9189189189189192,0.3293293293293293,1.0,0.0025414580911484,0.0,0.0,0.0,0.0
0.8108108108108141,0.024024024024024,0.0,0.0338913328611081,0.0,0.0,0.0,0.0
0.8108108108108141,0.0315315315315315,0.0,0.0508372111151403,0.4761904761904761,0.3881798002219755,0.17025,0.3571428571428571
0.8378378378378386,0.069069069069069,0.0,0.049566270246088,0.5314285714285714,0.4389567147613762,0.3157999999999999,0.3571428571428571
0.9459459459459438,0.1141141141141141,0.0,0.018640042432479,0.405,0.4389567147613762,0.3155,0.3571428571428571
0.8918918918918948,0.044044044044044,0.0,0.0360095676428621,0.6142857142857143,0.4156492785793563,0.2465,0.3571428571428571
0.7567567567567579,0.0185185185185185,0.0,0.0508372111151403,0.0,0.0,0.0,0.0
0.9729729729729756,0.069069069069069,0.0,0.0021178111347976,0.5683333333333334,0.3321309655937847,0.22125,0.3571428571428571
0.8648648648648631,0.0770770770770771,0.0,0.0546500337222976,0.5102380952380952,0.3784683684794672,0.2179999999999999,0.3571428571428571
0.8648648648648631,0.0355355355355355,0.0,0.0508372111151403,0.6142857142857143,0.4156492785793563,0.2465,0.3571428571428571
0.9459459459459438,0.1091091091091091,0.0,0.0211819241705839,0.3595238095238094,0.6046059933407325,0.382175,0.5
0.7567567567567579,0.0123123123123123,0.0,0.0338913328611081,0.0,0.0,0.0,0.0
0.7567567567567579,0.0185185185185185,0.0,0.0508372111151403,0.0,0.0,0.0,0.0
0.8648648648648631,0.1216216216216216,0.0,0.0296548632976,0.0,0.0,0.0,0.0
0.7567567567567579,0.024024024024024,0.0,0.0423642719881242,0.38,0.7000554938956715,0.1574999999999999,0.6428571428571428
0.7567567567567579,0.0085085085085085,0.0,0.0296548632976,0.0,0.0,0.0,0.0
0.8918918918918948,0.0415415415415415,0.0,0.0063542806983056,0.4716666666666666,0.3013318534961154,0.1701249999999999,0.3571428571428571
0.9189189189189192,0.041041041041041,0.0,0.0254183937340919,0.6333333333333333,0.2769145394006659,0.1453999999999999,0.3571428571428571
0.9729729729729756,0.033033033033033,0.0,0.0211819241705839,0.0,0.0,0.0,0.0
0.7567567567567579,0.0145145145145145,0.0,0.0169454546070758,0.469047619047619,0.220865704772475,0.11575,0.3571428571428571
0.8918918918918948,0.064064064064064,0.0,0.0254183937340919,0.0,0.0,0.0,0.0
0.621621621621621,0.0047047047047047,0.0,0.0338913328611081,0.0,0.0,0.0,0.0
0.7567567567567579,0.029029029029029,0.0,0.0254183937340919,0.4299999999999999,0.332408435072142,0.1875,0.3571428571428571
0.9729729729729756,0.076976976976977,0.0,0.0029786617501024,0.4523809523809523,0.3326859045504994,0.2219,0.3571428571428571
0.8918918918918948,0.043043043043043,0.0,0.0148195941801075,0.0,0.0,0.0,0.0
0.567567567567572,0.0115115115115115,0.0,0.0508372111151403,0.0,0.0,0.0,0.0
0.9729729729729756,0.5395395395395396,0.0,0.0031769285256746,0.3995238095238095,0.5535516093229745,0.475,0.3571428571428571
0.8648648648648631,0.044044044044044,0.0,0.0105907502618137,0.5616666666666666,0.3784683684794672,0.1676,0.3571428571428571
0.9189189189189192,0.0515515515515515,0.0,0.0296548632976,0.4964285714285714,0.3321309655937847,0.2078499999999999,0.3571428571428571
0.8648648648648631,0.0615615615615615,0.0,0.0050486007788325,0.0,0.0,0.0,0.0
0.7567567567567579,0.034034034034034,0.0,0.0444825067698783,0.0,0.0,0.0,0.0
0.8108108108108141,0.027027027027027,0.0,0.0324509332095154,0.0,0.0,0.0,0.0
0.9729729729729756,0.0711711711711712,0.0,0.0039818577427411,0.4428571428571429,0.3321309655937847,0.204575,0.3571428571428571
0.8108108108108141,0.0255255255255255,0.0,0.0211819241705839,0.0,0.0,0.0,0.0
0.8108108108108141,0.059059059059059,0.0,0.0466007415516323,0.2869047619047619,0.6046059933407325,0.3,0.5714285714285714
0.5135135135135158,0.0055055055055055,0.0,0.0423642719881242,0.0,0.0,0.0,0.0
0.7837837837837824,0.015015015015015,0.0,0.0466007415516323,0.0,0.0,0.0,0.0
0.8108108108108141,0.044044044044044,0.0,0.0004232233093944,0.0,0.0,0.0,0.0
0.7837837837837824,0.044044044044044,0.0,0.0571919154604025,0.38,0.7000554938956715,0.15525,0.5
0.6486486486486527,0.01001001001001,0.0,0.0381278024246162,0.0,0.0,0.0,0.0
0.7297297297297334,0.02002002002002,0.0,0.0423642719881242,0.4761904761904761,0.3881798002219755,0.17,0.3571428571428571
0.8378378378378386,0.1091091091091091,0.0,0.0508372111151403,0.3092857142857143,0.6920088790233074,0.2515,0.5714285714285714
0.7027027027027017,0.01001001001001,0.0,0.0127089850435678,0.0,0.0,0.0,0.0
0.7837837837837824,0.0215215215215215,0.0,0.0466007415516323,0.0,0.0,0.0,0.0
0.7567567567567579,0.025025025025025,0.0,0.0466007415516323,0.4238095238095238,0.3881798002219755,0.17,0.3571428571428571
0.9189189189189192,0.0615615615615615,0.0,0.0108186723243304,0.3995238095238095,0.4150943396226415,0.221825,0.3571428571428571
0.8648648648648631,0.0900900900900901,0.0,0.0169454546070758,0.419047619047619,0.4389567147613762,0.3155,0.3571428571428571
0.8918918918918948,0.0655655655655655,0.0,0.2372418719094954,0.0,0.0,0.0,0.0
0.8648648648648631,0.0493493493493493,0.0,0.0466007415516323,0.3357142857142857,0.6046059933407325,0.36985,0.5
0.9189189189189192,0.0319319319319319,0.0,0.0338913328611081,0.4911904761904761,0.332408435072142,0.1674999999999999,0.3571428571428571
0.9189189189189192,0.8148148148148149,0.0,0.0027532815693238,0.0,0.0,0.0,0.0
0.8108108108108141,0.031031031031031,0.0,0.0309258041666524,0.0,0.0,0.0,0.0
0.9459459459459438,0.084084084084084,0.0,0.0381278024246162,0.5476190476190476,0.4156492785793563,0.2473999999999999,0.3571428571428571
0.7567567567567579,0.044044044044044,0.0,0.0237238059086887,0.3095238095238095,0.6906215316315205,0.2375,0.5714285714285714
0.9189189189189192,0.069069069069069,0.0,0.0508372111151403,0.0,0.0,0.0,0.0
0.4054054054054035,0.006006006006006,0.0,0.0169454546070758,0.4119047619047619,0.275527192008879,0.15,0.3571428571428571
0.9189189189189192,0.056056056056056,0.0,0.0105907502618137,0.4314285714285714,0.3318534961154273,0.2169999999999999,0.3571428571428571
0.8648648648648631,0.0615615615615615,0.0,0.0050486007788325,0.0,0.0,0.0,0.0
0.7027027027027017,0.0135135135135135,0.0,0.0105907502618137,0.0,0.0,0.0,0.0
0.9459459459459438,0.033033033033033,0.0,0.0218140054294593,0.4321428571428571,0.332408435072142,0.205,0.4285714285714285
0.8648648648648631,0.0455455455455455,0.0,0.0174212101390578,0.0,0.0,0.0,0.0
0.8918918918918948,0.034034034034034,0.0,0.0296548632976,0.6149999999999999,0.4156492785793563,0.2475,0.3571428571428571
0.7297297297297334,0.014014014014014,0.0,0.0550736806786484,0.0,0.0,0.0,0.0
0.7297297297297334,0.0205205205205205,0.0,0.0510913992889509,0.4499999999999999,0.2769145394006659,0.1677499999999999,0.3571428571428571
0.7027027027027017,0.0269269269269269,0.0,0.049566270246088,0.4238095238095238,0.3462819089900111,0.1875,0.3571428571428571
0.9189189189189192,0.054054054054054,0.0,0.0099366393612081,0.4499999999999999,0.3321309655937847,0.205,0.3571428571428571
0.9189189189189192,0.0515515515515515,0.0,0.0127089850435678,0.4499999999999999,0.3321309655937847,0.20465,0.3571428571428571
0.8918918918918948,0.054054054054054,0.0,0.023933087505126,0.4333333333333333,0.3326859045504994,0.22175,0.3571428571428571
0.8108108108108141,0.071071071071071,0.0,0.0635466198056646,0.3595238095238094,0.6046059933407325,0.35,0.5
0.7297297297297334,0.029029029029029,0.0,0.0508372111151403,0.3333333333333333,0.6906215316315205,0.2375,0.5714285714285714
0.8378378378378386,0.029029029029029,0.0,0.0807555828195907,0.0,0.0,0.0,0.0
0.9189189189189192,0.0475474474474474,0.0,0.0042360459165516,0.55,0.2769145394006659,0.1676,0.3571428571428571
0.8108108108108141,0.0485485485485485,0.0,0.0134715495649992,0.0,0.0,0.0,0.0
0.8918918918918948,0.1091091091091091,0.0,0.0296548632976,0.4683333333333333,0.4389567147613762,0.3155,0.3571428571428571
0.8918918918918948,0.0575575575575575,0.2172233555681356,0.0103890943105907,0.0,0.0,0.0,0.0
0.7567567567567579,0.0215215215215215,0.0,0.0325085491955791,0.0,0.0,0.0,0.0
0.9189189189189192,0.0475474474474474,0.0,0.0127089850435678,0.4973809523809523,0.3321309655937847,0.2045,0.3571428571428571
0.9459459459459438,0.029029029029029,0.0,0.0029651050474992,0.5357142857142857,0.2771920088790233,0.1674999999999999,0.3571428571428571
0.9729729729729756,0.5195195195195196,0.0,0.0072015746110072,0.3571428571428571,0.552441731409545,0.486,0.3571428571428571
0.7837837837837824,0.011011011011011,0.0,0.0338913328611081,0.0,0.0,0.0,0.0
0.9459459459459438,0.1341341341341341,0.0,0.0021178111347976,0.3523809523809524,0.4414539400665926,0.30325,0.3571428571428571
0.7837837837837824,0.0165165165165165,0.0,0.0084725154800597,0.0,0.0,0.0,0.0
0.8648648648648631,0.031031031031031,0.0,0.0169454546070758,0.0,0.0,0.0,0.0
0.8918918918918948,0.0525525525525525,0.0,0.022283406257096,0.0,0.0,0.0,0.0
0.8918918918918948,0.029029029029029,0.0,0.0105907502618137,0.0,0.0,0.0,0.0
0.7837837837837824,0.0065065065065065,0.0,0.0148272198253218,0.0,0.0,0.0,0.0
0.8378378378378386,0.055055055055055,0.0,0.0313494511230033,0.0,0.0,0.0,0.0
0.9729729729729756,0.069069069069069,0.0,0.00134550273337,0.4404761904761904,0.3312985571587125,0.237325,0.3571428571428571
0.8648648648648631,0.0493493493493493,0.0,0.0466007415516323,0.3357142857142857,0.6046059933407325,0.36985,0.5
0.8378378378378386,0.0435435435435435,0.0,0.0338913328611081,0.557142857142857,0.3462819089900111,0.185,0.3571428571428571
0.8648648648648631,0.029029029029029,0.0,0.0466007415516323,0.0,0.0,0.0,0.0
0.9189189189189192,0.071071071071071,0.0,0.0254183937340919,0.6688095238095237,0.3462819089900111,0.22125,0.3571428571428571
0.9189189189189192,0.1316316316316316,0.0,0.0127089850435678,0.4071428571428571,0.5427302996670367,0.425,0.3571428571428571
0.7837837837837824,0.0450449449449449,0.0,0.0296548632976,0.5314285714285714,0.4389567147613762,0.3157999999999999,0.3571428571428571
0.8108108108108141,0.041041041041041,0.0,0.0444825067698783,0.557142857142857,0.3462819089900111,0.185,0.3571428571428571
0.8918918918918948,0.0229229229229229,0.0,0.0173691015634266,0.0,0.0,0.0,0.0
0.9189189189189192,0.059059059059059,0.0,0.0296548632976,0.4119047619047619,0.4153718091009989,0.29325,0.5
0.8648648648648631,0.0500499499499499,0.0,0.0381278024246162,0.5809523809523809,0.3107658157602663,0.177525,0.3571428571428571
0.7297297297297334,0.034034034034034,0.0,0.0381278024246162,0.5476190476190476,0.3873473917869034,0.2249999999999999,0.3571428571428571
0.8378378378378386,0.0515515515515515,0.0,0.027536628515846,0.0,0.0,0.0,0.0
0.7837837837837824,0.024024024024024,0.0,0.0661054474220235,0.0,0.0,0.0,0.0
0.7837837837837824,0.044044044044044,0.0,0.0410933311190718,0.5452380952380952,0.3462819089900111,0.185,0.3571428571428571
0.8378378378378386,0.1791791791791792,0.0,0.0419406250317734,0.0,0.0,0.0,0.0
0.9729729729729756,0.5495495495495496,0.0,0.0036005754820254,0.3995238095238095,0.5535516093229745,0.475,0.3571428571428571
0.8648648648648631,0.037037037037037,0.0,0.027342174562881,0.0,0.0,0.0,0.0
0.8378378378378386,0.054054054054054,0.0,0.0423642719881242,0.0,0.0,0.0,0.0
0.7567567567567579,0.009009009009009,0.0,0.0508372111151403,0.3833333333333333,0.220865704772475,0.0925,0.2857142857142857
0.7297297297297334,0.009009009009009,0.0,0.0254183937340919,0.0,0.0,0.0,0.0
0.8108108108108141,0.054054054054054,0.0,0.0338913328611081,0.2869047619047619,0.6046059933407325,0.3,0.5714285714285714
0.8918918918918948,0.0635635635635635,0.0,0.0046596928729024,0.3404761904761905,0.4433962264150943,0.25875,0.3571428571428571
0.8108108108108141,0.019019019019019,0.0,0.0338913328611081,0.5023809523809524,0.2258601553829078,0.138,0.3571428571428571
0.7567567567567579,0.015015015015015,0.0,0.0474480354643339,0.4761904761904761,0.3881798002219755,0.17,0.3571428571428571
0.8108108108108141,0.0215215215215215,0.0,0.0247164107274187,0.5188095238095237,0.2769145394006659,0.167625,0.3571428571428571
0.7027027027027017,0.0220219219219219,0.0,0.0974383763137291,0.0,0.0,0.0,0.0
0.621621621621621,0.0075075075075075,0.0,0.1270936632582856,0.0,0.0,0.0,0.0
0.8378378378378386,0.0417416416416416,0.0,0.0338913328611081,0.4547619047619047,0.3321309655937847,0.205,0.3571428571428571
0.7297297297297334,0.034034034034034,0.0,0.0381278024246162,0.0,0.0,0.0,0.0
0.7027027027027017,0.014014014014014,0.0,0.0382320195758785,0.0,0.0,0.0,0.0
0.9189189189189192,0.054054054054054,0.0,0.005505715844735,0.0,0.0,0.0,0.0
0.8648648648648631,0.084084084084084,0.0,0.0457534476389307,0.4683333333333333,0.4389567147613762,0.3155,0.3571428571428571
0.8378378378378386,0.021021021021021,0.0,0.0423642719881242,0.5702380952380952,0.2769145394006659,0.167625,0.3571428571428571
0.7837837837837824,0.021021021021021,0.0,0.0466007415516323,0.5152380952380953,0.4053829078801332,0.2119999999999999,0.3571428571428571
0.8918918918918948,0.054054054054054,0.0,0.0148272198253218,0.6142857142857143,0.4156492785793563,0.2465,0.3571428571428571
0.8378378378378386,0.044044044044044,0.0,0.0296548632976,0.557142857142857,0.3462819089900111,0.185,0.3571428571428571
0.7297297297297334,0.009009009009009,0.0,0.0762560284961888,0.4523809523809523,0.2769145394006659,0.1677499999999999,0.3571428571428571
0.7027027027027017,0.024024024024024,0.0,0.0290617575587089,0.4047619047619047,0.4153718091009989,0.295,0.3571428571428571
0.8918918918918948,0.074074074074074,0.0,0.0508372111151403,0.2619047619047618,0.6046059933407325,0.3,0.3571428571428571
0.8918918918918948,0.034034034034034,0.0,0.0072015746110072,0.55,0.2769145394006659,0.1676,0.3571428571428571
0.8648648648648631,0.187987987987988,0.0,0.0508372111151403,0.2988095238095238,0.8274139844617092,0.42125,0.5
0.4864864864864842,0.0065065065065065,0.0,0.0148272198253218,0.3833333333333333,0.220865704772475,0.0925,0.2857142857142857
0.7837837837837824,0.024024024024024,0.0,0.0661054474220235,0.4761904761904761,0.3881798002219755,0.17,0.3571428571428571
0.7297297297297334,0.008008008008008,0.0,0.0296548632976,0.4285714285714285,0.2760821309655938,0.155,0.3571428571428571
1.0,0.079079079079079,0.0,0.0105907502618137,0.5157142857142857,0.4156492785793563,0.27155,0.3571428571428571
0.7297297297297334,0.014014014014014,0.0,0.0254183937340919,0.4266666666666667,0.3013318534961154,0.15525,0.3571428571428571
0.9189189189189192,0.039039039039039,0.0,0.0360095676428621,0.4916666666666666,0.3462819089900111,0.22175,0.3571428571428571
0.9459459459459438,0.037037037037037,0.0,0.0021178111347976,0.5478571428571428,0.2771920088790233,0.1674999999999999,0.3571428571428571
0.8378378378378386,0.0315315315315315,0.0,0.0241474528650396,0.0,0.0,0.0,0.0
0.5945945945945965,0.0065065065065065,0.0,0.0254183937340919,0.0,0.0,0.0,0.0
0.9189189189189192,0.048048048048048,0.0,0.0279602754721968,0.0,0.0,0.0,0.0
0.7567567567567579,0.023023023023023,0.0,0.0338913328611081,0.4847619047619047,0.3321309655937847,0.19725,0.3571428571428571
0.8918918918918948,0.0215215215215215,0.0,0.0169454546070758,0.0,0.0,0.0,0.0
0.8108108108108141,0.044044044044044,0.0,0.0004232233093944,0.0,0.0,0.0,0.0
0.9729729729729756,0.5495495495495496,0.0,0.0036005754820254,0.3995238095238095,0.5535516093229745,0.475,0.3571428571428571
0.9729729729729756,0.2692692692692693,0.0,0.0021178111347976,0.0,0.0,0.0,0.0
0.8918918918918948,0.023023023023023,0.0,0.0169454546070758,0.4,0.220865704772475,0.0855,0.3571428571428571
0.6756756756756772,0.0065065065065065,0.0,0.036433214599213,0.0,0.0,0.0,0.0
0.8648648648648631,0.096095995995996,0.37537962334519,0.0092266070623641,0.0,0.0,0.0,0.0
0.9729729729729756,0.5145145145145146,0.0,0.0084725154800597,0.5326190476190477,0.6900665926748057,0.5364,0.3571428571428571
0.8378378378378386,0.0525525525525525,0.0,0.0296548632976,0.5314285714285714,0.4389567147613762,0.3157999999999999,0.3571428571428571
0.7837837837837824,0.042042042042042,0.0,0.0211819241705839,0.0,0.0,0.0,0.0
0.9459459459459438,0.1191191191191191,0.0,0.0105907502618137,0.3595238095238094,0.6046059933407325,0.382175,0.5
0.7837837837837824,0.0415415415415415,0.0,0.0423642719881242,0.5314285714285714,0.4389567147613762,0.3157999999999999,0.3571428571428571
0.8648648648648631,0.0215215215215215,0.0,0.0291231863673798,0.0,0.0,0.0,0.0
0.9189189189189192,0.059059059059059,0.0,0.0042360459165516,0.0,0.0,0.0,0.0
0.9729729729729756,0.064064064064064,0.0,0.0023808958946914,0.5238095238095237,0.3321309655937847,0.2045,0.3571428571428571
1.0,0.059059059059059,0.0,0.0021178111347976,0.505,0.3321309655937847,0.2045,0.3571428571428571
0.9729729729729756,0.1391391391391391,0.0,0.0042360459165516,0.0,0.0,0.0,0.0
0.8378378378378386,0.0535535535535535,0.0,0.0148272198253218,0.5428571428571428,0.3809655937846837,0.20225,0.5
0.6486486486486527,0.013013013013013,0.0,0.0338913328611081,0.4238095238095238,0.3013318534961154,0.1574999999999999,0.3571428571428571
0.9189189189189192,0.0520520520520521,0.0,0.0127089850435678,0.5095238095238095,0.3321309655937847,0.20775,0.3571428571428571
0.9189189189189192,0.0815815815815815,0.0,0.0334676859047573,0.6064285714285713,0.3462819089900111,0.22125,0.5
0.8918918918918948,0.084084084084084,0.0,0.0169454546070758,0.0,0.0,0.0,0.0
0.6486486486486527,0.039039039039039,0.0,0.0466007415516323,0.0,0.0,0.0,0.0
0.8108108108108141,0.0441441441441441,0.0,0.0508372111151403,0.5616666666666666,0.3784683684794672,0.16765,0.3571428571428571
0.8108108108108141,0.031031031031031,0.0,0.0132923469024628,0.4404761904761904,0.3321309655937847,0.207125,0.3571428571428571
0.9189189189189192,0.025025025025025,0.0,0.0211819241705839,0.0,0.0,0.0,0.0
0.7837837837837824,0.0485485485485485,0.0,0.0347386267738097,0.4119047619047619,0.5543840177580466,0.40925,0.3571428571428571
0.7567567567567579,0.029029029029029,0.0,0.1122660197860073,0.4966666666666666,0.3326859045504994,0.1875,0.3571428571428571
0.6756756756756772,0.0015015015015015,0.0207010821697715,0.0110143972181645,0.0,0.0,0.0,0.0
0.9189189189189192,0.0065065065065065,0.0240132553169349,0.0046596928729024,0.0,0.0,0.0,0.0
0.8918918918918948,0.0755755755755756,0.0,0.0338913328611081,0.6190476190476191,0.4156492785793563,0.2465,0.3571428571428571
0.7027027027027017,0.059059059059059,0.0,0.0656648545874186,0.2807142857142857,0.6046059933407325,0.3,0.5714285714285714
0.8918918918918948,0.034034034034034,0.0,0.0254183937340919,0.4323809523809523,0.3318534961154273,0.2169999999999999,0.3571428571428571
0.8648648648648631,0.029029029029029,0.0,0.0254183937340919,0.0,0.0,0.0,0.0
0.8108108108108141,0.016016016016016,0.0,0.0254183937340919,0.5414285714285714,0.220865704772475,0.1182499999999999,0.3571428571428571
0.9459459459459438,0.0309309309309309,0.0,0.0127089850435678,0.5723809523809523,0.2771920088790233,0.1674999999999999,0.3571428571428571
0.8648648648648631,0.019019019019019,0.0,0.0296548632976,0.0,0.0,0.0,0.0
0.567567567567572,0.007007007007007,0.0,0.0245710998213903,0.0,0.0,0.0,0.0
0.8648648648648631,0.038038038038038,0.0,0.026089874159908,0.0,0.0,0.0,0.0
0.8648648648648631,0.0589589589589589,0.0,0.0296548632976,0.3814285714285714,0.3809655937846837,0.23425,0.5
0.8378378378378386,0.064064064064064,0.0,0.0237238059086887,0.4142857142857142,0.4153718091009989,0.29325,0.3571428571428571
0.7567567567567579,0.079079079079079,0.0,0.0932019067502211,0.0,0.0,0.0,0.0
0.8108108108108141,0.059059059059059,0.0,0.0508372111151403,0.0,0.0,0.0,0.0
0.8648648648648631,0.0930930930930931,0.0,0.0542263867659468,0.0,0.0,0.0,0.0
0.8648648648648631,0.042042042042042,0.0,0.0021178111347976,0.4883333333333333,0.2769145394006659,0.1676,0.3571428571428571
0.9459459459459438,0.1391391391391391,0.0,0.0084725154800597,0.0,0.0,0.0,0.0
0.7837837837837824,0.019019019019019,0.0,0.0211819241705839,0.0,0.0,0.0,0.0
0.7297297297297334,0.0175175175175175,0.0,0.0296548632976,0.2754761904761905,0.6046059933407325,0.34525,0.5
0.7567567567567579,0.044044044044044,0.0,0.0423642719881242,0.5314285714285714,0.4389567147613762,0.31575,0.3571428571428571
0.9729729729729756,0.049049049049049,0.0,0.0063542806983056,0.0,0.0,0.0,0.0
0.8648648648648631,0.034034034034034,0.0,0.0508372111151403,0.0,0.0,0.0,0.0
0.9189189189189192,0.0856856856856856,0.0,0.016013431303104,0.4047619047619047,0.4414539400665926,0.30325,0.3571428571428571
0.9729729729729756,0.0665665665665665,0.0,0.0021178111347976,0.505,0.3321309655937847,0.2045,0.3571428571428571
0.9189189189189192,0.1241241241241241,0.0,0.0254183937340919,0.3809523809523809,0.6046059933407325,0.35,0.5
0.8648648648648631,0.084084084084084,0.0,0.0250943038124836,0.4683333333333333,0.4389567147613762,0.3155,0.3571428571428571
0.7297297297297334,0.009009009009009,0.0,0.0338913328611081,0.0,0.0,0.0,0.0
0.9189189189189192,0.094094094094094,0.0,0.0148272198253218,0.4142857142857142,0.4153718091009989,0.294,0.3571428571428571
0.7567567567567579,0.0115115115115115,0.0,0.0360095676428621,0.4285714285714285,0.3462819089900111,0.1875,0.3571428571428571
0.6756756756756772,0.016016016016016,0.0,0.0344522414313165,0.0,0.0,0.0,0.0
0.8108108108108141,0.019019019019019,0.0,0.0254183937340919,0.6057142857142858,0.2597114317425083,0.144,0.3571428571428571
0.7837837837837824,0.1366366366366366,0.0,0.0143188434777008,0.0,0.0,0.0,0.0
0.8378378378378386,0.0385385385385385,0.0,0.0593101502421565,0.3333333333333333,0.6906215316315205,0.2375,0.5714285714285714
0.9729729729729756,0.1016016016016016,0.0,0.0135562789562694,0.6688095238095237,0.3462819089900111,0.22125,0.3571428571428571
0.8648648648648631,0.099099099099099,0.0,0.0194873363451806,0.5833333333333333,0.4156492785793563,0.2465,0.5
0.5945945945945965,0.007007007007007,0.0,0.0239695211433722,0.0,0.0,0.0,0.0
0.9459459459459438,0.0450449449449449,0.0,0.0021178111347976,0.4883333333333333,0.2769145394006659,0.1676,0.3571428571428571
0.6756756756756772,0.0095095095095095,0.0,0.0542263867659468,0.0,0.3013318534961154,0.155,0.3571428571428571
0.9729729729729756,0.0665665665665665,0.0,0.0021178111347976,0.4761904761904761,0.2771920088790233,0.18,0.5
0.7297297297297334,0.025025025025025,0.0,0.0635466198056646,0.0,0.0,0.0,0.0
0.8108108108108141,0.028028028028028,0.0,0.0381278024246162,0.5495238095238094,0.4053829078801332,0.1578,0.3571428571428571
0.9729729729729756,0.0356356356356356,0.0,0.0063542806983056,0.5702380952380952,0.2769145394006659,0.1677499999999999,0.3571428571428571
0.7567567567567579,0.041041041041041,0.0,0.0119040558265012,0.0,0.0,0.0,0.0
0.7837837837837824,0.019019019019019,0.0,0.0381278024246162,0.4266666666666667,0.3013318534961154,0.15525,0.3571428571428571
0.3783783783783789,0.004004004004004,0.0,0.0466007415516323,0.3833333333333333,0.220865704772475,0.0925,0.2857142857142857
0.8108108108108141,0.0135135135135135,0.0,0.0381278024246162,0.6057142857142858,0.2597114317425083,0.144,0.3571428571428571
0.7567567567567579,0.02002002002002,0.0,0.0466007415516323,0.5495238095238094,0.4053829078801332,0.15775,0.3571428571428571
0.8108108108108141,0.0415415415415415,0.0,0.0258772033878199,0.0,0.0,0.0,0.0
0.9459459459459438,0.049049049049049,0.0,0.0169454546070758,0.5238095238095237,0.3321309655937847,0.2045,0.3571428571428571
0.7297297297297334,0.039039039039039,0.0,0.0127089850435678,0.3714285714285714,0.3318534961154273,0.175,0.3571428571428571
0.8918918918918948,0.029029029029029,0.0,0.0127089850435678,0.5992857142857143,0.2216981132075471,0.1332499999999999,0.3571428571428571
0.9189189189189192,0.2167167167167167,0.0,0.0211819241705839,0.2704761904761904,0.7644284128745839,0.42875,0.5
0.4864864864864842,0.006006006006006,0.0,0.049566270246088,0.0,0.0,0.0,0.0
0.9459459459459438,0.0920920920920921,0.0,0.0084725154800597,0.0,0.0,0.0,0.0
0.8378378378378386,0.0220219219219219,0.0,0.0296548632976,0.5023809523809524,0.2258601553829078,0.138,0.3571428571428571
0.9729729729729756,0.044044044044044,0.0,0.0014823407002714,0.5676190476190476,0.3326859045504994,0.209575,0.3571428571428571
0.7297297297297334,0.099099099099099,0.0,0.0254183937340919,0.3983333333333333,0.5535516093229745,0.545,0.3571428571428571
0.9729729729729756,0.079079079079079,0.0,0.0151237726947673,0.6761904761904761,0.3462819089900111,0.18505,0.3571428571428571
0.7837837837837824,0.0275275275275275,0.0,0.0296548632976,0.4833333333333333,0.3462819089900111,0.2299999999999999,0.3571428571428571
0.8108108108108141,0.0315315315315315,0.0,0.0292312163412492,0.4428571428571429,0.3851276359600444,0.1674999999999999,0.3571428571428571
0.9189189189189192,0.069069069069069,0.0,0.0254183937340919,0.0,0.0,0.0,0.0
0.8378378378378386,0.079079079079079,0.0,0.0254183937340919,0.3595238095238094,0.6046059933407325,0.35,0.5
0.9189189189189192,0.039039039039039,0.0,0.0508372111151403,0.0,0.0,0.0,0.0
0.7837837837837824,0.027027027027027,0.0,0.0423642719881242,0.0,0.0,0.0,0.0
0.9459459459459438,0.3193193193193193,0.0,0.0211819241705839,0.339047619047619,0.7644284128745839,0.43625,0.5
0.8918918918918948,0.089089089089089,0.0,0.0508372111151403,0.3357142857142857,0.6046059933407325,0.36985,0.3571428571428571
0.8918918918918948,0.0265265265265265,0.0,0.0105907502618137,0.0,0.0,0.0,0.0
1.0,0.029029029029029,0.0,0.0084725154800597,0.0,0.0,0.0,0.0
0.9729729729729756,0.056056056056056,0.0,0.0080488685237088,0.4973809523809523,0.3321309655937847,0.2045,0.3571428571428571
0.8918918918918948,0.035035035035035,0.0,0.0254183937340919,0.4880952380952381,0.3462819089900111,0.22925,0.3571428571428571
0.9729729729729756,0.1291291291291291,0.0,0.0042360459165516,0.0,0.0,0.0,0.0
0.8648648648648631,0.064064064064064,0.0,0.0211819241705839,0.0,0.0,0.0,0.0
0.621621621621621,0.008008008008008,0.0,0.0169454546070758,0.0,0.0,0.0,0.0
0.7567567567567579,0.014014014014014,0.0,0.0508372111151403,0.0,0.0,0.0,0.0
0.7837837837837824,0.017017017017017,0.0,0.0381278024246162,0.0,0.0,0.0,0.0
0.8648648648648631,0.034034034034034,0.0,0.0296548632976,0.0,0.0,0.0,0.0
0.8108108108108141,0.0201201201201201,0.0,0.0338913328611081,0.0,0.0,0.0,0.0
0.9459459459459438,0.054054054054054,0.0,0.0148272198253218,0.0,0.0,0.0,0.0
0.7297297297297334,0.094094094094094,0.0,0.1804731797584873,0.3047619047619048,0.6920088790233074,0.255,0.5
0.8648648648648631,0.0217217217217217,0.0,0.0296548632976,0.0,0.0,0.0,0.0
0.9189189189189192,0.1091091091091091,0.0,0.0156745137380234,0.4683333333333333,0.4389567147613762,0.3155,0.3571428571428571
0.7567567567567579,0.006006006006006,0.0,0.0169454546070758,0.6190476190476191,0.1731409544950055,0.0875,0.2857142857142857
0.8648648648648631,0.0365365365365365,0.0,0.0338913328611081,0.38,0.7000554938956715,0.15525,0.5
0.8378378378378386,0.074074074074074,0.0,0.0423642719881242,0.0,0.0,0.0,0.0
0.8648648648648631,0.0515515515515515,0.0,0.0169454546070758,0.633095238095238,0.3462819089900111,0.185,0.3571428571428571
0.7837837837837824,0.021021021021021,0.0,0.005506986785604,0.4980952380952381,0.2769145394006659,0.1677499999999999,0.3571428571428571
0.8378378378378386,0.01001001001001,0.0,0.0211819241705839,0.469047619047619,0.220865704772475,0.11575,0.3571428571428571
0.7567567567567579,0.0165165165165165,0.0,0.0741377937144348,0.0,0.0,0.0,0.0
0.8108108108108141,0.023023023023023,0.0,0.0254183937340919,0.0,0.0,0.0,0.0
0.8918918918918948,0.074074074074074,0.0,0.0211819241705839,0.0,0.0,0.0,0.0
0.9459459459459438,0.069069069069069,0.0,0.0316883686880839,0.0,0.0,0.0,0.0
0.7567567567567579,0.02002002002002,0.0,0.0741377937144348,0.5483333333333333,0.3873473917869034,0.1725,0.3571428571428571
0.7567567567567579,0.029029029029029,0.0,0.0508372111151403,0.0,0.0,0.0,0.0
0.7027027027027017,0.0145145145145145,0.0,0.0466007415516323,0.4214285714285714,0.3881798002219755,0.17,0.3571428571428571
0.7027027027027017,0.0335335335335335,0.0,0.0199109833015315,0.4047619047619047,0.4153718091009989,0.295,0.3571428571428571
0.9459459459459438,0.099099099099099,0.0,0.0022148262878019,0.4071428571428571,0.4150943396226415,0.26375,0.3571428571428571
0.7837837837837824,0.035035035035035,0.0,0.0423642719881242,0.5314285714285714,0.4389567147613762,0.3157999999999999,0.3571428571428571
0.8918918918918948,0.054054054054054,0.0,0.0192572960478822,0.0,0.0,0.0,0.0
0.7567567567567579,0.018018018018018,0.0,0.0466007415516323,0.0,0.0,0.0,0.0
0.7027027027027017,0.013013013013013,0.0,0.0338913328611081,0.0,0.0,0.0,0.0
0.8378378378378386,0.056056056056056,0.0,0.0169454546070758,0.4869047619047618,0.4053829078801332,0.2095,0.3571428571428571
0.7297297297297334,0.0235235235235235,0.0,0.036433214599213,0.4266666666666667,0.3013318534961154,0.15525,0.3571428571428571
0.9189189189189192,0.0372372372372372,0.0,0.0169454546070758,0.5702380952380952,0.2769145394006659,0.1677499999999999,0.3571428571428571
0.8918918918918948,0.071071071071071,0.0,0.0148272198253218,0.38,0.7000554938956715,0.15525,0.5
0.9459459459459438,0.0780780780780781,0.0,0.0254183937340919,0.5119047619047619,0.4153718091009989,0.27125,0.3571428571428571
0.6486486486486527,0.0065065065065065,0.0,0.0381278024246162,0.0,0.0,0.0,0.0
0.9459459459459438,0.0750750750750751,0.0,0.0211819241705839,0.0,0.0,0.0,0.0
0.9729729729729756,0.076976976976977,0.0,0.0029786617501024,0.4523809523809523,0.3326859045504994,0.2219,0.3571428571428571
0.7567567567567579,0.014014014014014,0.0,0.0423642719881242,0.4428571428571429,0.3326859045504994,0.1985,0.3571428571428571
0.8108108108108141,0.029029029029029,0.0,0.0338913328611081,0.0,0.0,0.0,0.0
0.8378378378378386,0.0815815815815815,0.3864202005024015,0.0266893346031444,0.0,0.0,0.0,0.0
0.9189189189189192,0.0665665665665665,0.0,0.0296548632976,0.38,0.7000554938956715,0.15525,0.5
0.7027027027027017,0.0385385385385385,0.0,0.0847289676232049,0.3047619047619048,0.6920088790233074,0.255,0.5
0.8918918918918948,0.0670670670670671,0.0,0.0084725154800597,0.0,0.0,0.0,0.0
0.5945945945945965,0.005005005005005,0.0,0.0423642719881242,0.0,0.0,0.0,0.0
0.8648648648648631,0.049049049049049,0.0,0.0148272198253218,0.4119047619047619,0.4153718091009989,0.29325,0.5
0.9729729729729756,0.0824824824824825,0.0,0.005506986785604,0.5366666666666666,0.3873473917869034,0.2219,0.3571428571428571
0.7297297297297334,0.0221221221221221,0.0,0.0338913328611081,0.4166666666666666,0.3601553829078801,0.2145,0.3571428571428571
0.9459459459459438,0.0720720720720721,0.0,0.0381278024246162,0.5616666666666666,0.3784683684794672,0.167625,0.3571428571428571
0.8108108108108141,0.0515515515515515,0.0,0.0466007415516323,0.3261904761904761,0.6046059933407325,0.34525,0.5
0.7837837837837824,0.069069069069069,0.0,0.0211819241705839,0.2904761904761904,0.693118756936737,0.28,0.5714285714285714
0.8378378378378386,0.0515515515515515,0.0,0.027536628515846,0.0,0.0,0.0,0.0
0.7837837837837824,0.049049049049049,0.0,0.0381278024246162,0.4542857142857142,0.4389567147613762,0.3157999999999999,0.3571428571428571
0.7837837837837824,0.054054054054054,0.0,0.0381278024246162,0.2869047619047619,0.6046059933407325,0.3,0.5714285714285714
0.7297297297297334,0.0275275275275275,0.0,0.0656648545874186,0.369047619047619,0.4400665926748058,0.25825,0.3571428571428571
0.7297297297297334,0.014014014014014,0.0,0.0449061537262291,0.4847619047619047,0.3321309655937847,0.19725,0.3571428571428571
0.9729729729729756,0.018018018018018,0.0,0.0021178111347976,0.0,0.0,0.0,0.0
0.8378378378378386,0.0215215215215215,0.0,0.0254183937340919,0.4847619047619047,0.3321309655937847,0.19725,0.3571428571428571
0.567567567567572,0.007007007007007,0.0,0.0245710998213903,0.0,0.0,0.0,0.0
0.8918918918918948,0.1116116116116116,0.37537962334519,0.0096040765004727,0.0,0.0,0.0,0.0
0.8648648648648631,0.049049049049049,0.0,0.0637779310438321,0.5238095238095237,0.3321309655937847,0.2045,0.3571428571428571
0.6486486486486527,0.021021021021021,0.0,0.0338913328611081,0.0,0.0,0.0,0.0
0.8108108108108141,0.0570570570570571,0.0,0.0211819241705839,0.2785714285714285,0.6531631520532741,0.444,0.3571428571428571
0.7837837837837824,0.009009009009009,0.0,0.0847289676232049,0.0,0.0,0.0,0.0
0.8648648648648631,0.034034034034034,0.0,0.0254183937340919,0.5464285714285714,0.3462819089900111,0.185,0.3571428571428571
0.8108108108108141,0.074074074074074,0.0,0.0336066421064403,0.3092857142857143,0.6920088790233074,0.2515,0.5
0.9459459459459438,0.06006006006006,0.0,0.0148272198253218,0.5095238095238095,0.3321309655937847,0.20775,0.3571428571428571
0.8108108108108141,0.0665665665665665,0.0,0.0372805085119146,0.0,0.0,0.0,0.0
0.8378378378378386,0.033033033033033,0.0,0.0063542806983056,0.0,0.0,0.0,0.0
0.7837837837837824,0.034034034034034,0.0,0.027536628515846,0.0,0.0,0.0,0.0
0.621621621621621,0.01001001001001,0.0,0.0372805085119146,0.4,0.3898446170921198,0.155,0.3571428571428571
0.8648648648648631,0.0706706706706706,0.0,0.0423642719881242,0.0,0.0,0.0,0.0
0.9189189189189192,0.3193193193193193,0.0,0.0190636893888299,0.4602380952380951,0.554661487236404,0.4425,0.3571428571428571
0.8378378378378386,0.046046046046046,0.0,0.0169454546070758,0.0,0.0,0.0,0.0
0.567567567567572,0.0035035035035035,0.0,0.0254183937340919,0.0,0.0,0.0,0.0
0.9189189189189192,0.1241241241241241,0.0,0.0402460372063702,0.3666666666666666,0.5541065482796892,0.3,0.5
0.9189189189189192,0.0465465465465465,0.0,0.0241474528650396,0.4238095238095238,0.332408435072142,0.21675,0.3571428571428571
0.7027027027027017,0.029029029029029,0.0,0.0635466198056646,0.4238095238095238,0.3462819089900111,0.1875,0.3571428571428571
0.9189189189189192,0.0315315315315315,0.0,0.0015094541054778,0.5702380952380952,0.2769145394006659,0.167625,0.3571428571428571
0.6486486486486527,0.009009009009009,0.0,0.0826107328414509,0.0,0.0,0.0,0.0
0.7837837837837824,0.0450449449449449,0.0,0.0368568615555637,0.4945238095238095,0.3462819089900111,0.2219,0.5
0.621621621621621,0.0055055055055055,0.0,0.0838816737105033,0.4499999999999999,0.2769145394006659,0.1677499999999999,0.3571428571428571
0.8108108108108141,0.0765765765765765,0.0,0.0296548632976,0.0,0.0,0.0,0.0
0.9459459459459438,0.049049049049049,0.0,0.0508372111151403,0.4499999999999999,0.3321309655937847,0.20465,0.3571428571428571
0.7837837837837824,0.014014014014014,0.0,0.0296548632976,0.0,0.0,0.0,0.0
0.8918918918918948,0.0701701701701701,0.0,0.0508372111151403,0.5838095238095238,0.3462819089900111,0.22125,0.5
0.9189189189189192,0.069069069069069,0.0,0.0229561576237811,0.4402380952380951,0.4142619311875694,0.25,0.5
0.8648648648648631,0.059059059059059,0.0,0.0338913328611081,0.38,0.7000554938956715,0.15525,0.5
0.9189189189189192,0.064064064064064,0.0,0.0169454546070758,0.4333333333333333,0.3462819089900111,0.18435,0.5
0.7297297297297334,0.0220219219219219,0.0,0.0508372111151403,0.0,0.0,0.0,0.0
0.9189189189189192,0.042042042042042,0.0,0.0063542806983056,0.0,0.0,0.0,0.0
0.7297297297297334,0.02002002002002,0.0,0.0105907502618137,0.0,0.0,0.0,0.0
0.7567567567567579,0.024024024024024,0.0,0.0296548632976,0.4523809523809523,0.3462819089900111,0.2249999999999999,0.3571428571428571
0.9189189189189192,0.034034034034034,0.0,0.0216055711269347,0.0,0.0,0.0,0.0
0.8108108108108141,0.1291291291291291,0.0,0.0247829232995657,0.0,0.0,0.0,0.0
0.9189189189189192,0.1091091091091091,0.0,0.0042360459165516,0.0,0.0,0.0,0.0
0.7027027027027017,0.013013013013013,0.0,0.0148272198253218,0.469047619047619,0.220865704772475,0.11575,0.3571428571428571
0.9189189189189192,0.0835834834834834,0.0,0.0127089850435678,0.0,0.0,0.0,0.0
0.8648648648648631,0.064064064064064,0.0,0.0423642719881242,0.0,0.0,0.0,0.0
0.9459459459459438,0.037037037037037,0.0,0.0080488685237088,0.4883333333333333,0.2769145394006659,0.1676,0.3571428571428571
0.9459459459459438,0.0745745745745746,0.0,0.0063542806983056,0.6761904761904761,0.3462819089900111,0.18505,0.3571428571428571
0.9459459459459438,0.094094094094094,0.0,0.0247875834160856,0.5785714285714285,0.3462819089900111,0.22125,0.3571428571428571
0.9189189189189192,0.027027027027027,0.0,0.0211819241705839,0.5023809523809524,0.2258601553829078,0.138,0.3571428571428571
0.8918918918918948,0.0639639639639639,0.0,0.0296548632976,0.633095238095238,0.3462819089900111,0.185,0.3571428571428571
0.621621621621621,0.021021021021021,0.0,0.0423642719881242,0.4214285714285714,0.4153718091009989,0.195,0.3571428571428571
0.6756756756756772,0.0055055055055055,0.0,0.0169454546070758,0.3833333333333333,0.220865704772475,0.0925,0.2857142857142857
0.9189189189189192,0.074074074074074,0.0,0.0235310465435491,0.0,0.0,0.0,0.0
0.8918918918918948,0.0255255255255255,0.0,0.0466007415516323,0.5702380952380952,0.2769145394006659,0.167625,0.3571428571428571
0.8108108108108141,0.019019019019019,0.0,0.0508372111151403,0.4545238095238095,0.3898446170921198,0.172525,0.3571428571428571
0.7567567567567579,0.023023023023023,0.0,0.0338913328611081,0.3952380952380953,0.3851276359600444,0.17,0.3571428571428571
0.9459459459459438,0.1371371371371371,0.0,0.0105907502618137,0.0,0.0,0.0,0.0
0.6486486486486527,0.019019019019019,0.0,0.0211819241705839,0.4257142857142856,0.3873473917869034,0.132,0.3571428571428571
0.8918918918918948,0.073073073073073,0.2346122645907437,0.0063792758687303,0.0,0.0,0.0,0.0
0.8378378378378386,0.023023023023023,0.0,0.0254183937340919,0.0,0.0,0.0,0.0
0.9189189189189192,0.0770770770770771,0.0,0.0118616911308661,0.5366666666666666,0.3873473917869034,0.221825,0.3571428571428571
0.8648648648648631,0.0641641641641642,0.0,0.0292312163412492,0.5273809523809523,0.4156492785793563,0.2715,0.3571428571428571
0.9729729729729756,0.0511511511511511,0.0,0.0012747536916595,0.4833333333333333,0.3013318534961154,0.17,0.3571428571428571
0.5945945945945965,0.0075075075075075,0.0,0.0381278024246162,0.4119047619047619,0.275527192008879,0.15,0.3571428571428571
0.7567567567567579,0.017017017017017,0.0,0.0529554458968944,0.4761904761904761,0.3881798002219755,0.17,0.3571428571428571
0.9189189189189192,0.099099099099099,0.0,0.0254183937340919,0.0,0.0,0.0,0.0
0.9189189189189192,0.069069069069069,0.0,0.0338913328611081,0.6761904761904761,0.3462819089900111,0.18505,0.3571428571428571
0.8378378378378386,0.054054054054054,0.0,0.0246689622683074,0.0,0.0,0.0,0.0
0.7297297297297334,0.019019019019019,0.0,0.0423642719881242,0.0,0.0,0.0,0.0
0.9729729729729756,0.0605605605605605,0.0,0.0042360459165516,0.505,0.3321309655937847,0.2045,0.3571428571428571
0.7567567567567579,0.0615615615615615,0.0,0.0508372111151403,0.25,0.7866259711431742,0.29225,0.4285714285714285
0.8648648648648631,0.027027027027027,0.0,0.0063542806983056,0.0,0.0,0.0,0.0
0.621621621621621,0.014014014014014,0.0,0.0338913328611081,0.4023809523809523,0.4153718091009989,0.25,0.3571428571428571
0.9459459459459438,0.056056056056056,0.0,0.0021178111347976,0.0,0.0,0.0,0.0
0.7297297297297334,0.031031031031031,0.0,0.0508372111151403,0.4595238095238095,0.3462819089900111,0.18475,0.3571428571428571
0.8918918918918948,0.084084084084084,0.0,0.0245710998213903,0.4683333333333333,0.4389567147613762,0.3155,0.3571428571428571
0.7567567567567579,0.019019019019019,0.0,0.0466007415516323,0.4047619047619047,0.3898446170921198,0.1775,0.3571428571428571
0.8648648648648631,0.044044044044044,0.0,0.0296548632976,0.0,0.0,0.0,0.0
0.7567567567567579,0.034034034034034,0.0,0.0444825067698783,0.0,0.0,0.0,0.0
0.8918918918918948,0.049049049049049,0.0,0.0237238059086887,0.4499999999999999,0.3321309655937847,0.205,0.3571428571428571
0.8918918918918948,0.0165165165165165,0.0524427414967544,0.001270517222096,0.0,0.0,0.0,0.0
0.8648648648648631,0.024124024024024,0.0,0.0182163954761283,0.5023809523809524,0.2258601553829078,0.138,0.3571428571428571
0.9729729729729756,0.5145145145145146,0.0,0.0084725154800597,0.5326190476190477,0.6900665926748057,0.5364,0.3571428571428571
0.7567567567567579,0.024024024024024,0.0,0.0466007415516323,0.4035714285714285,0.4156492785793563,0.24425,0.3571428571428571
0.9459459459459438,0.059059059059059,0.0,0.0295612373202465,0.5238095238095237,0.3321309655937847,0.2045,0.3571428571428571
0.7297297297297334,0.027027027027027,0.0,0.0508372111151403,0.0,0.0,0.0,0.0
0.9459459459459438,0.0465465465465465,0.0,0.0093198093927613,0.0,0.0,0.0,0.0
0.621621621621621,0.0165165165165165,0.0,0.0105907502618137,0.3095238095238095,0.4980577136514983,0.3175,0.3571428571428571
0.8918918918918948,0.099099099099099,0.0,0.0254183937340919,0.0,0.0,0.0,0.0
0.7567567567567579,0.0155155155155155,0.0,0.0317730980793541,0.4266666666666667,0.3013318534961154,0.15525,0.3571428571428571
0.8918918918918948,0.024024024024024,0.0,0.0296548632976,0.0,0.0,0.0,0.0
0.8378378378378386,0.0565565565565565,0.0,0.0449061537262291,0.5314285714285714,0.4389567147613762,0.3157999999999999,0.3571428571428571
0.8378378378378386,0.049049049049049,0.0,0.0072015746110072,0.4428571428571429,0.3321309655937847,0.204575,0.3571428571428571
0.621621621621621,0.013013013013013,0.0,0.0423642719881242,0.0,0.0,0.0,0.0
0.8108108108108141,0.0082882882882883,0.0,0.0105907502618137,0.0,0.0,0.0,0.0
0.7567567567567579,0.0301301301301301,0.0,0.0593101502421565,0.0,0.0,0.0,0.0
0.9189189189189192,0.026026026026026,0.0,0.0131749966955536,0.5404761904761904,0.2216981132075471,0.1341,0.3571428571428571
0.7837837837837824,0.012012012012012,0.0,0.0381278024246162,0.0,0.0,0.0,0.0
0.4864864864864842,0.0033033033033033,0.0,0.0423642719881242,0.0,0.0,0.0,0.0
0.8648648648648631,0.0570570570570571,0.0,0.0296548632976,0.4945238095238095,0.3462819089900111,0.2219,0.5
0.7297297297297334,0.0205205205205205,0.0,0.0508372111151403,0.5476190476190476,0.3873473917869034,0.2249999999999999,0.3571428571428571
0.8108108108108141,0.0155155155155155,0.0,0.0254183937340919,0.0,0.0,0.0,0.0
0.6756756756756772,0.0220219219219219,0.0,0.0508372111151403,0.4047619047619047,0.4153718091009989,0.295,0.3571428571428571
0.7297297297297334,0.024024024024024,0.0,0.0466007415516323,0.4238095238095238,0.3881798002219755,0.17,0.3571428571428571
0.9729729729729756,0.1141141141141141,0.0,0.0131326319999185,0.3761904761904762,0.4414539400665926,0.30325,0.3571428571428571
0.9459459459459438,0.059059059059059,0.0,0.0295612373202465,0.5238095238095237,0.3321309655937847,0.2045,0.3571428571428571
0.7567567567567579,0.0365365365365365,0.0,0.0381278024246162,0.4047619047619047,0.4153718091009989,0.295,0.3571428571428571
0.9189189189189192,0.025025025025025,0.0,0.0038123989602008,0.4,0.220865704772475,0.0855,0.5714285714285714
0.6486486486486527,0.02002002002002,0.0,0.0593101502421565,0.4214285714285714,0.4153718091009989,0.195,0.3571428571428571
0.9189189189189192,0.044044044044044,0.0,0.0238466635260304,0.5714285714285714,0.3290788013318535,0.184925,0.3571428571428571
0.7837837837837824,0.0720720720720721,0.0,0.1059113154407452,0.3092857142857143,0.6920088790233074,0.25,0.5
1.0,0.1891891891891892,0.0,0.0006774114832048,0.3323809523809524,0.4026082130965593,0.3525,0.3571428571428571
0.8918918918918948,0.054054054054054,0.0,0.0254183937340919,0.0,0.0,0.0,0.0
0.9729729729729756,0.0865865865865865,0.0,0.0105907502618137,0.4402380952380951,0.4142619311875694,0.25,0.5
0.6756756756756772,0.007007007007007,0.0,0.0635466198056646,0.0,0.0,0.0,0.0
0.9189189189189192,0.051051051051051,0.0,0.01221416539855,0.557142857142857,0.3462819089900111,0.185,0.3571428571428571
0.8378378378378386,0.059059059059059,0.0,0.0169454546070758,0.5761904761904761,0.4156492785793563,0.2465,0.5
0.8648648648648631,0.06006006006006,0.0,0.0211819241705839,0.5045238095238095,0.3873473917869034,0.221825,0.3571428571428571
0.9459459459459438,0.039039039039039,0.0,0.0254183937340919,0.5478571428571428,0.2771920088790233,0.1674999999999999,0.3571428571428571
0.9459459459459438,0.1291291291291291,0.0,0.0148272198253218,0.0,0.0,0.0,0.0
0.8648648648648631,0.0615615615615615,0.0,0.029938706758355,0.3928571428571428,0.4159267480577137,0.275,0.3571428571428571
0.7567567567567579,0.0285285285285285,0.1269663612935029,0.0226477426395577,0.0,0.0,0.0,0.0
0.9189189189189192,0.2592592592592593,0.0,0.0199796141084603,0.0,0.0,0.0,0.0
0.8918918918918948,0.0930930930930931,0.0,0.0211819241705839,0.5838095238095238,0.3462819089900111,0.22125,0.5
0.5945945945945965,0.0341341341341341,0.3781397676344928,0.0317730980793541,0.0,0.0,0.0,0.0
0.8108108108108141,0.059059059059059,0.0,0.077950616321592,0.4945238095238095,0.3462819089900111,0.2219,0.5
0.6486486486486527,0.012012012012012,0.0,0.0571919154604025,0.0,0.0,0.0,0.0
0.8648648648648631,0.1041041041041041,0.0,0.0508372111151403,0.3595238095238094,0.6046059933407325,0.35,0.5
0.8378378378378386,0.064064064064064,0.0,0.0211819241705839,0.3333333333333333,0.7000554938956715,0.1875,0.5714285714285714
0.7027027027027017,0.011011011011011,0.0,0.0351622737301605,0.0,0.0,0.0,0.0
0.8918918918918948,0.024024024024024,0.0,0.0211819241705839,0.588095238095238,0.220865704772475,0.1182499999999999,0.3571428571428571
0.8378378378378386,0.084084084084084,0.0,0.0508372111151403,0.3595238095238094,0.6046059933407325,0.35,0.5
0.9189189189189192,0.034034034034034,0.0,0.0105907502618137,0.0,0.0,0.0,0.0
0.7567567567567579,0.014014014014014,0.0,0.0127089850435678,0.4285714285714285,0.2760821309655938,0.155,0.3571428571428571
0.8918918918918948,0.0770770770770771,0.0,0.0254183937340919,0.0,0.0,0.0,0.0
0.8108108108108141,0.034034034034034,0.0,0.0169454546070758,0.4883333333333333,0.2769145394006659,0.1676,0.3571428571428571
0.621621621621621,0.013013013013013,0.0,0.0847289676232049,0.0,0.0,0.0,0.0
0.9189189189189192,0.06006006006006,0.0,0.0063542806983056,0.5238095238095237,0.3321309655937847,0.2045,0.3571428571428571
0.6486486486486527,0.013013013013013,0.0,0.0529554458968944,0.0,0.0,0.0,0.0
0.4594594594594596,0.014014014014014,0.0,0.0211819241705839,0.0,0.0,0.0,0.0
0.9729729729729756,0.046046046046046,0.0,0.0016941641784468,0.0,0.0,0.0,0.0
0.8648648648648631,0.037037037037037,0.0,0.0508372111151403,0.5007142857142857,0.4053829078801332,0.1624999999999999,0.3571428571428571
0.9729729729729756,0.1391391391391391,0.0,0.0139799259126202,0.0,0.0,0.0,0.0
0.7837837837837824,0.019019019019019,0.0,0.0508372111151403,0.0,0.0,0.0,0.0
0.7027027027027017,0.011011011011011,0.0,0.1059113154407452,0.0,0.0,0.0,0.0
0.8378378378378386,0.014014014014014,0.0,0.0508372111151403,0.0,0.0,0.0,0.0
0.8918918918918948,0.023023023023023,0.0,0.0024567286998782,0.0,0.0,0.0,0.0
0.7297297297297334,0.015015015015015,0.0,0.0423642719881242,0.4980952380952381,0.2769145394006659,0.1677499999999999,0.3571428571428571
0.9189189189189192,0.059059059059059,0.0,0.0254183937340919,0.0,0.0,0.0,0.0
0.7027027027027017,0.0225225225225225,0.0,0.0423642719881242,0.4404761904761904,0.3321309655937847,0.2,0.3571428571428571
0.7297297297297334,0.039039039039039,0.0,0.0211819241705839,0.0,0.0,0.0,0.0
0.5405405405405403,0.0098098098098098,0.0,0.0847289676232049,0.3119047619047618,0.4142619311875694,0.205,0.3571428571428571
0.7837837837837824,0.0525525525525525,0.2594535631944695,0.0136926932762143,0.0,0.0,0.0,0.0
0.9189189189189192,0.3193193193193193,0.0,0.0190636893888299,0.4602380952380951,0.554661487236404,0.4425,0.3571428571428571
0.8918918918918948,0.032032032032032,0.0,0.0127089850435678,0.5702380952380952,0.2769145394006659,0.167625,0.3571428571428571
0.8648648648648631,0.064064064064064,0.0,0.0338913328611081,0.5366666666666666,0.3873473917869034,0.221825,0.3571428571428571
0.7837837837837824,0.028028028028028,0.0,0.0114380441745153,0.4847619047619047,0.3321309655937847,0.19725,0.3571428571428571
0.9729729729729756,0.064064064064064,0.0,0.0023808958946914,0.5238095238095237,0.3321309655937847,0.2045,0.3571428571428571
0.5945945945945965,0.007007007007007,0.0,0.0239695211433722,0.0,0.0,0.0,0.0
0.8108108108108141,0.074074074074074,0.0,0.0336066421064403,0.3092857142857143,0.6920088790233074,0.2515,0.5
0.9189189189189192,0.042042042042042,0.0,0.0393987432936686,0.0,0.0,0.0,0.0
0.8108108108108141,0.1291291291291291,0.0,0.0247829232995657,0.0,0.0,0.0,0.0
0.8648648648648631,0.005005005005005,0.023185212030144,0.0122853380872169,0.0,0.0,0.0,0.0
0.5945945945945965,0.0105104104104104,0.0,0.0381278024246162,0.0,0.0,0.0,0.0
0.5405405405405403,0.004004004004004,0.0,0.0338913328611081,0.0,0.0,0.0,0.0
0.7027027027027017,0.0106105105105105,0.0,0.0466007415516323,0.469047619047619,0.220865704772475,0.11575,0.3571428571428571
0.8648648648648631,0.048048048048048,0.0,0.0131665237564266,0.0,0.0,0.0,0.0
0.9459459459459438,0.3343343343343343,0.0,0.0076252215673581,0.4671428571428571,0.5543840177580466,0.475,0.3571428571428571
0.7567567567567579,0.039039039039039,0.0,0.0466007415516323,0.2869047619047619,0.6046059933407325,0.3,0.5714285714285714
0.7837837837837824,0.033033033033033,0.0,0.0102941973923681,0.505,0.3321309655937847,0.2045,0.3571428571428571
0.8648648648648631,0.034034034034034,0.0,0.0211819241705839,0.4333333333333333,0.3326859045504994,0.206,0.3571428571428571
0.7297297297297334,0.0220219219219219,0.0,0.0720195589326807,0.4238095238095238,0.3881798002219755,0.17,0.3571428571428571
0.8648648648648631,0.0515515515515515,0.0,0.0298150018471006,0.0,0.0,0.0,0.0
0.8108108108108141,0.035035035035035,0.0,0.0874826728394851,0.0,0.0,0.0,0.0
0.7837837837837824,0.0215215215215215,0.0,0.0338913328611081,0.4499999999999999,0.2769145394006659,0.1677499999999999,0.3571428571428571
0.8918918918918948,0.0375375375375375,0.0,0.0110143972181645,0.4883333333333333,0.2769145394006659,0.1676,0.3571428571428571
0.8378378378378386,0.0450449449449449,0.0,0.0466007415516323,0.5904761904761905,0.3873473917869034,0.22175,0.3571428571428571
0.7837837837837824,0.005005005005005,0.0223571687433532,0.0080488685237088,0.0,0.0,0.0,0.0
0.8108108108108141,0.0185185185185185,0.0,0.0194873363451806,0.0,0.0,0.0,0.0
0.9189189189189192,0.3193193193193193,0.0,0.0190636893888299,0.4602380952380951,0.554661487236404,0.4425,0.3571428571428571
1.0,0.0820820820820821,0.0,0.0042360459165516,0.0,0.0,0.0,0.0
0.8378378378378386,0.031031031031031,0.0,0.0305021572103016,0.4428571428571429,0.3321309655937847,0.204575,0.3571428571428571
0.7027027027027017,0.011011011011011,0.0,0.0245710998213903,0.469047619047619,0.220865704772475,0.11575,0.3571428571428571
0.8918918918918948,0.0242242242242242,0.0,0.0127089850435678,0.5414285714285714,0.220865704772475,0.1182499999999999,0.3571428571428571
0.7027027027027017,0.024024024024024,0.0,0.0381278024246162,0.0,0.0,0.0,0.0
0.8918918918918948,0.049049049049049,0.0,0.0160981606943742,0.0,0.0,0.0,0.0
0.8108108108108141,0.016016016016016,0.0,0.0296548632976,0.0,0.0,0.0,0.0
0.8918918918918948,0.026026026026026,0.0,0.0423642719881242,0.3659523809523809,0.3318534961154273,0.1825,0.5
0.7837837837837824,0.014014014014014,0.0,0.0466007415516323,0.6057142857142858,0.2597114317425083,0.144,0.3571428571428571
0.8378378378378386,0.0385385385385385,0.0,0.0508372111151403,0.6,0.3462819089900111,0.185,0.3571428571428571
0.8108108108108141,0.044044044044044,0.0,0.0148272198253218,0.4428571428571429,0.3321309655937847,0.2145,0.3571428571428571
0.8648648648648631,0.038038038038038,0.0,0.0211819241705839,0.4883333333333333,0.2769145394006659,0.1674999999999999,0.3571428571428571
0.8918918918918948,0.1691691691691692,0.0,0.0466007415516323,0.3257142857142857,0.663984461709212,0.3695,0.5
0.9189189189189192,0.1791791791791792,0.0,0.0190636893888299,0.3880952380952381,0.5427302996670367,0.425,0.3571428571428571
0.621621621621621,0.009009009009009,0.0,0.0169454546070758,0.0,0.0,0.0,0.0
0.8108108108108141,0.028028028028028,0.0,0.0105907502618137,0.5611904761904761,0.3873473917869034,0.175,0.3571428571428571
0.7027027027027017,0.0189189189189189,0.0,0.0222562928518895,0.0,0.0,0.0,0.0
0.8918918918918948,0.016016016016016,0.0,0.0529554458968944,0.0,0.0,0.0,0.0
0.7297297297297334,0.013013013013013,0.0,0.0494391761591827,0.3571428571428571,0.3795782463928968,0.2249999999999999,0.3571428571428571
0.7837837837837824,0.0585585585585585,0.0,0.0546500337222976,0.3595238095238094,0.6046059933407325,0.35,0.5
0.7567567567567579,0.0465465465465465,0.0,0.0457534476389307,0.3809523809523809,0.6046059933407325,0.35,0.5
0.8648648648648631,0.0285285285285285,0.0,0.0508372111151403,0.4545238095238095,0.3898446170921198,0.172525,0.3571428571428571
0.8378378378378386,0.064064064064064,0.0,0.0288075693848984,0.5452380952380952,0.3462819089900111,0.185,0.3571428571428571
0.7837837837837824,0.0335335335335335,0.0,0.0211819241705839,0.4428571428571429,0.3321309655937847,0.2145,0.3571428571428571
0.8648648648648631,0.084084084084084,0.0,0.0457534476389307,0.4683333333333333,0.4389567147613762,0.3155,0.3571428571428571
0.8648648648648631,0.084084084084084,0.0,0.0105907502618137,0.0,0.0,0.0,0.0
0.8648648648648631,0.0615615615615615,0.0,0.0050486007788325,0.0,0.0,0.0,0.0
0.7567567567567579,0.018018018018018,0.0,0.0084725154800597,0.4285714285714285,0.2760821309655938,0.155,0.3571428571428571
1.0,0.099099099099099,0.0,4.2364695635011e-05,0.0,0.0,0.0,0.0
0.9459459459459438,0.1291291291291291,0.0,0.0042360459165516,0.0,0.0,0.0,0.0
0.7837837837837824,0.0109109109109109,0.0,0.0402460372063702,0.4619047619047618,0.3898446170921198,0.175,0.3571428571428571
0.9459459459459438,0.074074074074074,0.0,0.0063542806983056,0.5023809523809524,0.2769145394006659,0.25125,0.3571428571428571
0.3783783783783789,0.005005005005005,0.0,0.0105907502618137,0.3833333333333333,0.220865704772475,0.0925,0.2857142857142857
0.7027027027027017,0.011011011011011,0.0,0.0072015746110072,0.469047619047619,0.220865704772475,0.11575,0.3571428571428571
0.8918918918918948,0.029029029029029,0.0,0.0282538628129479,0.5992857142857143,0.2216981132075471,0.1332499999999999,0.3571428571428571
0.9729729729729756,0.0850850850850851,0.0,0.0148272198253218,0.0,0.0,0.0,0.0
0.8378378378378386,0.0225225225225225,0.0,0.0211819241705839,0.5414285714285714,0.220865704772475,0.1182499999999999,0.3571428571428571
0.9189189189189192,0.0565565565565565,0.0,0.0084725154800597,0.0,0.0,0.0,0.0
0.8108108108108141,0.0415415415415415,0.0,0.0338913328611081,0.5314285714285714,0.4389567147613762,0.3157999999999999,0.3571428571428571
0.9459459459459438,0.0865865865865865,0.0,0.0211819241705839,0.5785714285714285,0.3462819089900111,0.22125,0.3571428571428571
0.8378378378378386,0.027027027027027,0.0,0.0423642719881242,0.3333333333333333,0.6906215316315205,0.2375,0.5714285714285714
0.8648648648648631,0.0441441441441441,0.0,0.0423642719881242,0.0,0.0,0.0,0.0
0.8918918918918948,0.0385385385385385,0.0,0.0211819241705839,0.55,0.2769145394006659,0.1676,0.3571428571428571
0.8918918918918948,0.061061061061061,0.0,0.0148272198253218,0.0,0.0,0.0,0.0
0.9189189189189192,0.039039039039039,0.0,0.0508372111151403,0.3659523809523809,0.3318534961154273,0.1825,0.3571428571428571
0.7567567567567579,0.024024024024024,0.0,0.0211819241705839,0.0,0.0,0.0,0.0
0.7567567567567579,0.021021021021021,0.0,0.0381278024246162,0.0,0.0,0.0,0.0
0.8108108108108141,0.0500499499499499,0.0,0.0720195589326807,0.4869047619047618,0.4053829078801332,0.2095,0.3571428571428571
0.9459459459459438,0.0400399399399399,0.0,0.0148272198253218,0.5676190476190476,0.3326859045504994,0.2099999999999999,0.3571428571428571
0.7027027027027017,0.014014014014014,0.0,0.0254183937340919,0.0,0.0,0.0,0.0
0.8648648648648631,0.038038038038038,0.0,0.026089874159908,0.0,0.0,0.0,0.0
0.9189189189189192,0.0579579579579579,0.0,0.0174673876573,0.0,0.0,0.0,0.0
0.9189189189189192,0.0615615615615615,0.0,0.0108186723243304,0.3995238095238095,0.4150943396226415,0.221825,0.3571428571428571
0.621621621621621,0.0065065065065065,0.0,0.0169454546070758,0.0,0.0,0.0,0.0
0.8648648648648631,0.049049049049049,0.0,0.0508372111151403,0.0,0.0,0.0,0.0
0.8918918918918948,0.066066066066066,0.0,0.0030091643309597,0.0,0.0,0.0,0.0
0.8918918918918948,0.026026026026026,0.0,0.0148272198253218,0.5414285714285714,0.220865704772475,0.1182499999999999,0.3571428571428571
0.8108108108108141,0.044044044044044,0.0,0.0211819241705839,0.0,0.0,0.0,0.0
0.8918918918918948,0.084084084084084,0.0,0.0423642719881242,0.5785714285714285,0.3462819089900111,0.22125,0.3571428571428571
0.9189189189189192,0.066066066066066,0.0,0.0152508667816726,0.6521428571428571,0.3462819089900111,0.185,0.3571428571428571
0.8918918918918948,0.1791791791791792,0.0,0.0466007415516323,0.0,0.0,0.0,0.0
0.9459459459459438,0.0500499499499499,0.0,0.0063542806983056,0.0,0.0,0.0,0.0
0.7297297297297334,0.0115115115115115,0.0,0.0343149798174589,0.0,0.0,0.0,0.0
0.6756756756756772,0.017017017017017,0.0,0.0610047380675597,0.0,0.0,0.0,0.0
0.8648648648648631,0.049049049049049,0.0,0.0338913328611081,0.0,0.0,0.0,0.0
0.9729729729729756,0.1741741741741742,0.0,0.0080488685237088,0.3323809523809524,0.4026082130965593,0.3525,0.3571428571428571
0.9459459459459438,0.1041041041041041,0.0,0.0076252215673581,0.4666666666666667,0.4053829078801332,0.271125,0.3571428571428571
0.7027027027027017,0.024024024024024,0.0,0.0254183937340919,0.0,0.0,0.0,0.0
0.8648648648648631,0.0235235235235235,0.0,0.0169454546070758,0.5414285714285714,0.220865704772475,0.1182499999999999,0.3571428571428571
0.7837837837837824,0.059059059059059,0.0,0.0338913328611081,0.0,0.0,0.0,0.0
0.8108108108108141,0.0220219219219219,0.0,0.0296548632976,0.4761904761904761,0.3881798002219755,0.17025,0.3571428571428571
0.9729729729729756,0.099099099099099,0.0,0.0072015746110072,0.4119047619047619,0.4153718091009989,0.3025,0.5714285714285714
0.7837837837837824,0.054054054054054,0.0,0.1398030719488098,0.3199999999999999,0.654550499445061,0.495625,0.3571428571428571
0.8108108108108141,0.064064064064064,0.0,0.0228765119959871,0.0,0.0,0.0,0.0
0.9729729729729756,0.5145145145145146,0.0,0.0084725154800597,0.5326190476190477,0.6900665926748057,0.5364,0.3571428571428571
0.7567567567567579,0.012012012012012,0.0,0.0381278024246162,0.0,0.0,0.0,0.0
0.4054054054054035,0.0048048048048048,0.0,0.0338913328611081,0.4119047619047619,0.275527192008879,0.15,0.3571428571428571
0.6756756756756772,0.013013013013013,0.0,0.0440253917039757,0.0,0.0,0.0,0.0
0.8108108108108141,0.1571571571571571,0.0,0.036433214599213,0.0,0.0,0.0,0.0
0.6486486486486527,0.024024024024024,0.0,0.0423642719881242,0.4238095238095238,0.3462819089900111,0.1875,0.3571428571428571
0.7297297297297334,0.024024024024024,0.0,0.0508372111151403,0.0,0.0,0.0,0.0
0.9459459459459438,0.069069069069069,0.0,0.0190636893888299,0.6761904761904761,0.3462819089900111,0.18505,0.3571428571428571
0.7837837837837824,0.0220219219219219,0.0,0.0211073623062661,0.0,0.0,0.0,0.0
0.7837837837837824,0.015015015015015,0.0,0.0296548632976,0.0,0.0,0.0,0.0
0.8918918918918948,0.2392392392392393,0.0,0.0127089850435678,0.3004761904761904,0.6098779134295228,0.395,0.5
0.9189189189189192,0.079079079079079,0.0,0.0216674235825619,0.5785714285714285,0.3462819089900111,0.22125,0.3571428571428571
0.5945945945945965,0.008008008008008,0.0,0.0347386267738097,0.0,0.0,0.0,0.0
0.8918918918918948,0.049049049049049,0.0,0.0148272198253218,0.0,0.0,0.0,0.0
0.8648648648648631,0.029029029029029,0.0,0.0296548632976,0.4183333333333333,0.3310210876803551,0.22175,0.3571428571428571
0.9729729729729756,0.049049049049049,0.0,0.0042360459165516,0.4973809523809523,0.3321309655937847,0.2045,0.3571428571428571
0.8918918918918948,0.0235235235235235,0.0,0.0254183937340919,0.0,0.0,0.0,0.0
0.7837837837837824,0.059059059059059,0.0,0.0423642719881242,0.0,0.0,0.0,0.0
0.9189189189189192,0.0565565565565565,0.0,0.0338913328611081,0.0,0.0,0.0,0.0
0.9189189189189192,0.091090990990991,0.0,0.0113389107867292,0.5119047619047619,0.4153718091009989,0.27125,0.3571428571428571
0.567567567567572,0.0075075075075075,0.0,0.0338913328611081,0.0,0.0,0.0,0.0
0.8918918918918948,0.0615615615615615,0.0,0.0228765119959871,0.4452380952380952,0.3326859045504994,0.22175,0.3571428571428571
0.8108108108108141,0.037037037037037,0.0,0.0466007415516323,0.5064285714285713,0.3873473917869034,0.2219,0.3571428571428571
0.8108108108108141,0.051051051051051,0.0,0.0461770945952815,0.4676190476190476,0.4053829078801332,0.271125,0.3571428571428571
0.7297297297297334,0.036036036036036,0.0,0.0410933311190718,0.0,0.0,0.0,0.0
0.8648648648648631,0.031031031031031,0.0,0.0254183937340919,0.0,0.0,0.0,0.0
0.6486486486486527,0.015015015015015,0.0,0.0508372111151403,0.4214285714285714,0.4153718091009989,0.195,0.3571428571428571
0.7837837837837824,0.037037037037037,0.0,0.0296548632976,0.5452380952380952,0.3462819089900111,0.185,0.3571428571428571
0.8918918918918948,0.3193193193193193,0.0,0.0169454546070758,0.4314285714285714,0.5535516093229745,0.475,0.3571428571428571
0.8108108108108141,0.1991991991991992,0.0,0.0254183937340919,0.3857142857142857,0.8304661487236404,0.5875,0.3571428571428571
0.8108108108108141,0.0315315315315315,0.0,0.0263504170380637,0.0,0.0,0.0,0.0
0.9189189189189192,0.0965965965965965,0.0,0.0206303358334151,0.4683333333333333,0.4389567147613762,0.3155,0.3571428571428571
0.6486486486486527,0.008008008008008,0.0,0.0296548632976,0.4333333333333333,0.2769145394006659,0.1677499999999999,0.3571428571428571
0.7297297297297334,0.039039039039039,0.0,0.0423642719881242,0.3571428571428571,0.5260821309655938,0.2625,0.3571428571428571
0.7567567567567579,0.0065065065065065,0.0,0.0063542806983056,0.0,0.0,0.0,0.0
0.8108108108108141,0.0419419419419419,0.0,0.0208014892037808,0.4495238095238095,0.2771920088790233,0.308425,0.3571428571428571
0.4594594594594596,0.004004004004004,0.0,0.0762560284961888,0.4119047619047619,0.275527192008879,0.15,0.3571428571428571
0.9189189189189192,0.0930930930930931,0.0,0.0508372111151403,0.5838095238095238,0.3462819089900111,0.22125,0.5
0.7027027027027017,0.014014014014014,0.0,0.0326203919920556,0.4266666666666667,0.3013318534961154,0.15525,0.3571428571428571
0.8648648648648631,0.0525525525525525,0.0,0.0338913328611081,0.5366666666666666,0.3873473917869034,0.221825,0.3571428571428571
0.7567567567567579,0.026026026026026,0.0,0.0254183937340919,0.4716666666666666,0.3013318534961154,0.1701249999999999,0.3571428571428571
0.9459459459459438,0.0685685685685685,0.0,0.0296548632976,0.0,0.0,0.0,0.0
1.0,0.0820820820820821,0.0,0.0508372111151403,0.3595238095238094,0.6046059933407325,0.382175,0.5
0.8378378378378386,0.044044044044044,0.0,0.022533357961343,0.6761904761904761,0.3462819089900111,0.185,0.3571428571428571
0.4054054054054035,0.003003003003003,0.0,0.0169454546070758,0.0,0.0,0.0,0.0
0.621621621621621,0.027027027027027,0.0,0.0635466198056646,0.4452380952380952,0.5260821309655938,0.165,0.3571428571428571
0.8378378378378386,0.024024024024024,0.0,0.0211819241705839,0.0,0.0,0.0,0.0
0.9189189189189192,0.0915915915915915,0.0,0.0211819241705839,0.5785714285714285,0.3462819089900111,0.22125,0.3571428571428571
0.7567567567567579,0.018018018018018,0.0,0.0466007415516323,0.4847619047619047,0.3321309655937847,0.19725,0.3571428571428571
0.9459459459459438,0.029029029029029,0.0,0.0127089850435678,0.588095238095238,0.220865704772475,0.1182499999999999,0.3571428571428571
0.5405405405405403,0.0065065065065065,0.0,0.0241474528650396,0.0,0.0,0.0,0.0
1.0,0.0514514514514514,0.0,0.0135562789562694,0.4795238095238095,0.3321309655937847,0.20465,0.3571428571428571
0.9189189189189192,0.064064064064064,0.0,0.0254183937340919,0.6688095238095237,0.3462819089900111,0.22125,0.3571428571428571
0.5405405405405403,0.0075075075075075,0.0,0.0289346634718036,0.0,0.0,0.0,0.0
0.7837837837837824,0.0115115115115115,0.0,0.0508372111151403,0.0,0.0,0.0,0.0
0.567567567567572,0.01001001001001,0.0,0.0508372111151403,0.0,0.0,0.0,0.0
0.7567567567567579,0.046046046046046,0.0,0.0377041554682653,0.5476190476190476,0.3873473917869034,0.2249999999999999,0.3571428571428571
0.7297297297297334,0.0138138138138138,0.0,0.0508372111151403,0.4980952380952381,0.2769145394006659,0.1677499999999999,0.3571428571428571
0.9459459459459438,0.2792792792792793,0.0,0.0169454546070758,0.0,0.0,0.0,0.0
0.8378378378378386,0.0450449449449449,0.0,0.0171670219652473,0.4404761904761904,0.3321309655937847,0.207125,0.3571428571428571
0.8918918918918948,0.074074074074074,0.0,0.0169454546070758,0.5045238095238095,0.3873473917869034,0.221825,0.3571428571428571
0.7027027027027017,0.017017017017017,0.0,0.0690540302382251,0.0,0.0,0.0,0.0
0.9729729729729756,0.5395395395395396,0.0,0.0031769285256746,0.3995238095238095,0.5535516093229745,0.475,0.3571428571428571
0.7027027027027017,0.034034034034034,0.0,0.0241622805085118,0.0,0.0,0.0,0.0
0.8108108108108141,0.025025025025025,0.0,0.0211819241705839,0.4499999999999999,0.2769145394006659,0.1677499999999999,0.3571428571428571
0.6756756756756772,0.007007007007007,0.0,0.0381278024246162,0.0,0.0,0.0,0.0
0.6486486486486527,0.0125125125125125,0.0,0.0254183937340919,0.469047619047619,0.220865704772475,0.11575,0.3571428571428571
0.9729729729729756,0.054054054054054,0.0,0.0063542806983056,0.4499999999999999,0.3321309655937847,0.20465,0.3571428571428571
0.9459459459459438,0.0635635635635635,0.0,0.0042360459165516,0.4833333333333333,0.3326859045504994,0.2099999999999999,0.3571428571428571
0.7297297297297334,0.01001001001001,0.0,0.0326513182198693,0.0,0.0,0.0,0.0
0.8648648648648631,0.0377377377377377,0.0,0.0720195589326807,0.5616666666666666,0.3784683684794672,0.1676,0.3571428571428571
0.9729729729729756,0.1621621621621621,0.0,0.0105907502618137,0.4047619047619047,0.5427302996670367,0.34525,0.3571428571428571
0.9189189189189192,0.1671671671671671,0.0,0.0665121485001202,0.3257142857142857,0.663984461709212,0.3695,0.5
0.8918918918918948,0.0665665665665665,0.0,0.0225380180778628,0.4238095238095238,0.4153718091009989,0.29325,0.3571428571428571
0.9459459459459438,0.1396396396396396,0.0,0.0063542806983056,0.3761904761904762,0.4414539400665926,0.30325,0.3571428571428571
0.8378378378378386,0.027027027027027,0.0,0.0783742632779428,0.4642857142857142,0.3462819089900111,0.1875,0.3571428571428571
0.9459459459459438,0.056056056056056,0.0,0.0047444222641726,0.0,0.0,0.0,0.0
0.8918918918918948,0.0655655655655655,0.0,0.0216055711269347,0.0,0.0,0.0,0.0
0.9459459459459438,0.0670670670670671,0.0,0.0205888184316928,0.0,0.0,0.0,0.0
0.9189189189189192,0.049049049049049,0.0,0.0063542806983056,0.4323809523809523,0.3318534961154273,0.2169999999999999,0.3571428571428571
0.5135135135135158,0.0025025025025025,0.0,0.077950616321592,0.0,0.0,0.0,0.0
0.8108108108108141,0.049049049049049,0.0,0.0466007415516323,0.38,0.7000554938956715,0.15525,0.5
0.8918918918918948,0.0615615615615615,0.0,0.0381278024246162,0.38,0.7000554938956715,0.15525,0.5
0.9189189189189192,0.0870870870870871,0.0,0.0271129815594952,0.0,0.0,0.0,0.0
0.8648648648648631,0.1691691691691692,0.0,0.016521807650725,0.3214285714285714,0.687291897891232,0.4389,0.5
0.8648648648648631,0.059059059059059,0.0,0.0254183937340919,0.4526190476190476,0.4053829078801332,0.271125,0.3571428571428571
0.8648648648648631,0.027027027027027,0.0,0.0169454546070758,0.0,0.0,0.0,0.0
0.8378378378378386,0.024124024024024,0.0,0.0241949013241508,0.0,0.0,0.0,0.0
0.8108108108108141,0.061061061061061,0.0,0.0588865032858057,0.4945238095238095,0.3462819089900111,0.2219,0.5
0.9729729729729756,0.1191191191191191,0.0,0.0169454546070758,0.6095238095238096,0.4156492785793563,0.24475,0.3571428571428571
0.7837837837837824,0.0220219219219219,0.0,0.0466007415516323,0.4619047619047618,0.332408435072142,0.2169999999999999,0.3571428571428571
0.7837837837837824,0.044044044044044,0.0,0.0205464537360577,0.0,0.0,0.0,0.0
0.8378378378378386,0.0345345345345345,0.0,0.0166179755098166,0.0,0.0,0.0,0.0
0.7297297297297334,0.034034034034034,0.0,0.0127089850435678,0.3,0.4400665926748058,0.258,0.3571428571428571
0.9459459459459438,0.079079079079079,0.0,0.0220292180832855,0.0,0.0,0.0,0.0
0.8918918918918948,0.049049049049049,0.0,0.0084725154800597,0.0,0.0,0.0,0.0
0.7837837837837824,0.0215215215215215,0.0,0.0508372111151403,0.0,0.0,0.0,0.0
0.7027027027027017,0.0125125125125125,0.0,0.0381278024246162,0.0,0.0,0.0,0.0
0.9459459459459438,0.0465465465465465,0.0,0.0084725154800597,0.0,0.0,0.0,0.0
0.8648648648648631,0.028028028028028,0.0,0.0072015746110072,0.5023809523809524,0.2258601553829078,0.138,0.3571428571428571
0.8378378378378386,0.0415415415415415,0.0,0.0266893346031444,0.4299999999999999,0.7000554938956715,0.1574999999999999,0.5
0.8918918918918948,0.094094094094094,0.0,0.0190636893888299,0.5785714285714285,0.3462819089900111,0.22125,0.3571428571428571
0.2972972972972982,0.0035035035035035,0.0,0.0254183937340919,0.3833333333333333,0.220865704772475,0.0925,0.2857142857142857
0.7567567567567579,0.0245244244244244,0.0,0.0508372111151403,0.5254761904761904,0.3326859045504994,0.18475,0.3571428571428571
0.8648648648648631,0.0615615615615615,0.0,0.0050486007788325,0.0,0.0,0.0,0.0
0.8108108108108141,0.019019019019019,0.0,0.0707486180636283,0.530952380952381,0.3462819089900111,0.2219999999999999,0.3571428571428571
0.9729729729729756,0.4944944944944945,0.0,0.0127089850435678,0.0,0.0,0.0,0.0
0.8108108108108141,0.0235235235235235,0.0,0.0105907502618137,0.4333333333333333,0.3326859045504994,0.2119999999999999,0.3571428571428571
0.8108108108108141,0.019019019019019,0.0,0.0508372111151403,0.0,0.0,0.0,0.0
0.9189189189189192,0.031031031031031,0.0,0.0063542806983056,0.5023809523809524,0.2258601553829078,0.138,0.3571428571428571
0.8918918918918948,0.033033033033033,0.0,0.0127089850435678,0.4883333333333333,0.2769145394006659,0.1676,0.3571428571428571
0.8918918918918948,0.0880880880880881,0.0,0.0169454546070758,0.5838095238095238,0.3462819089900111,0.22125,0.5
0.8648648648648631,0.0589589589589589,0.0,0.0198927664824084,0.0,0.0,0.0,0.0
0.7837837837837824,0.029029029029029,0.0,0.0381278024246162,0.0,0.0,0.0,0.0
0.8108108108108141,0.034034034034034,0.0,0.0508372111151403,0.3642857142857142,0.8201997780244173,0.209575,0.5
0.8648648648648631,0.056056056056056,0.0,0.0393987432936686,0.5833333333333333,0.4156492785793563,0.2465,0.5
0.9729729729729756,0.0565565565565565,0.0,0.00338875200385,0.0,0.0,0.0,0.0
1.0,0.0570570570570571,0.0,0.0296548632976,0.5538095238095239,0.3321309655937847,0.22125,0.3571428571428571
0.7837837837837824,0.0115115115115115,0.0,0.0169454546070758,0.3857142857142857,0.2760821309655938,0.15525,0.3571428571428571
0.9459459459459438,0.042042042042042,0.0,0.0021178111347976,0.4911904761904761,0.332408435072142,0.1674999999999999,0.3571428571428571
0.9729729729729756,0.0745745745745746,0.0,0.00338875200385,0.0,0.0,0.0,0.0
0.8108108108108141,0.0032032032032032,0.0201490533119109,0.0050833398292532,0.0,0.0,0.0,0.0
0.9729729729729756,0.076976976976977,0.0,0.0029786617501024,0.4523809523809523,0.3326859045504994,0.2219,0.3571428571428571
0.6486486486486527,0.0215215215215215,0.0,0.0233001589523379,0.0,0.0,0.0,0.0
0.8378378378378386,0.048048048048048,0.0,0.0381278024246162,0.4869047619047618,0.4053829078801332,0.2095,0.3571428571428571
0.9459459459459438,0.034034034034034,0.0,0.0105907502618137,0.5478571428571428,0.2771920088790233,0.1674999999999999,0.3571428571428571
0.7837837837837824,0.038038038038038,0.0,0.0192560251070131,0.0,0.0,0.0,0.0
0.8918918918918948,0.024024024024024,0.0,0.0508372111151403,0.0,0.0,0.0,0.0
0.7027027027027017,0.01001001001001,0.0,0.0423642719881242,0.0,0.0,0.0,0.0
0.8378378378378386,0.0255255255255255,0.0,0.0233001589523379,0.0,0.0,0.0,0.0
0.9189189189189192,0.051051051051051,0.0,0.0084725154800597,0.5676190476190476,0.3326859045504994,0.2099999999999999,0.3571428571428571
0.5135135135135158,0.0115115115115115,0.0,0.0169454546070758,0.0,0.0,0.0,0.0
0.9459459459459438,0.2892892892892893,0.0,0.0194873363451806,0.339047619047619,0.7644284128745839,0.43625,0.5
0.9189189189189192,0.089089089089089,0.0,0.0211819241705839,0.6761904761904761,0.3462819089900111,0.18505,0.3571428571428571
0.7297297297297334,0.028028028028028,0.0,0.027536628515846,0.3723809523809523,0.3310210876803551,0.16025,0.3571428571428571
0.7297297297297334,0.039039039039039,0.0,0.0508372111151403,0.3316666666666666,0.6046059933407325,0.345075,0.5
0.8648648648648631,0.044044044044044,0.0,0.0656648545874186,0.3526190476190476,0.5543840177580466,0.40925,0.3571428571428571
0.7567567567567579,0.026026026026026,0.0,0.0377041554682653,0.5023809523809524,0.3462819089900111,0.18475,0.3571428571428571
0.9729729729729756,0.0565565565565565,0.0,0.0127089850435678,0.0,0.0,0.0,0.0
0.8648648648648631,0.035035035035035,0.0,0.0466007415516323,0.3995238095238095,0.4150943396226415,0.221825,0.3571428571428571
0.9459459459459438,0.03003003003003,0.0,0.0118616911308661,0.0,0.0,0.0,0.0
0.8108108108108141,0.032032032032032,0.0,0.0529554458968944,0.38,0.7000554938956715,0.15525,0.5
0.8648648648648631,0.033033033033033,0.0,0.0169454546070758,0.6576190476190477,0.2200332963374028,0.1175,0.3571428571428571
0.8648648648648631,0.0415415415415415,0.0,0.0408815076408964,0.4880952380952381,0.3462819089900111,0.2293,0.3571428571428571
0.7837837837837824,0.049049049049049,0.0,0.0296548632976,0.5314285714285714,0.4389567147613762,0.3157999999999999,0.3571428571428571
0.9729729729729756,0.061061061061061,0.0,0.0423642719881242,0.4183333333333333,0.3310210876803551,0.22175,0.3571428571428571
0.5405405405405403,0.014014014014014,0.0,0.0169454546070758,0.338095238095238,0.4431187569367369,0.2299999999999999,0.3571428571428571
0.7297297297297334,0.019019019019019,0.0,0.0381278024246162,0.4499999999999999,0.2943951165371809,0.1674999999999999,0.3571428571428571
0.8108108108108141,0.025025025025025,0.0,0.0110143972181645,0.3659523809523809,0.3318534961154273,0.1825,0.3571428571428571
0.7837837837837824,0.0305305305305305,0.0,0.0550736806786484,0.489047619047619,0.4433962264150943,0.259,0.3571428571428571
0.9459459459459438,0.0785785785785785,0.0,0.0148272198253218,0.0,0.0,0.0,0.0
0.7297297297297334,0.024024024024024,0.0,0.0466007415516323,0.0,0.0,0.0,0.0
0.8648648648648631,0.0620620620620621,0.0,0.0497780937242633,0.4142857142857142,0.4153718091009989,0.29325,0.3571428571428571
0.7027027027027017,0.0930930930930931,0.0,0.0593101502421565,0.0,0.0,0.0,0.0
0.7567567567567579,0.034034034034034,0.0,0.0508372111151403,0.3095238095238095,0.6906215316315205,0.2375,0.5714285714285714
0.7837837837837824,0.029029029029029,0.0,0.0338913328611081,0.4047619047619047,0.3898446170921198,0.175,0.3571428571428571
0.5405405405405403,0.0045045045045045,0.0,0.0508372111151403,0.0,0.0,0.0,0.0
0.8648648648648631,0.0506506506506506,0.0,0.0381278024246162,0.0,0.0,0.0,0.0
0.8108108108108141,0.0215215215215215,0.0,0.0247164107274187,0.5188095238095237,0.2769145394006659,0.167625,0.3571428571428571
0.7837837837837824,0.054054054054054,0.0,0.0508372111151403,0.0,0.0,0.0,0.0
0.9459459459459438,0.024024024024024,0.0,0.0084725154800597,0.0,0.0,0.0,0.0
0.8108108108108141,0.094094094094094,0.0,0.0210548300836787,0.3595238095238094,0.6046059933407325,0.35,0.5
0.6486486486486527,0.0085085085085085,0.0,0.0338913328611081,0.0,0.0,0.0,0.0
0.8918918918918948,0.2942942942942943,0.0,0.0254183937340919,0.518095238095238,0.5535516093229745,0.47,0.3571428571428571
0.7837837837837824,0.0400399399399399,0.0,0.0118616911308661,0.0,0.0,0.0,0.0
0.9189189189189192,0.099099099099099,0.0,0.0211819241705839,0.0,0.0,0.0,0.0
0.7837837837837824,0.049049049049049,0.0,0.0254183937340919,0.4880952380952381,0.4433962264150943,0.25875,0.3571428571428571
0.7837837837837824,0.0215215215215215,0.0,0.1257477368779591,0.0,0.0,0.0,0.0
0.9729729729729756,0.1191191191191191,0.0,0.0063542806983056,0.4761904761904761,0.4153718091009989,0.2875,0.3571428571428571
0.7837837837837824,0.0220219219219219,0.0,0.0190636893888299,0.0,0.0,0.0,0.0
0.8918918918918948,0.0566566566566567,0.0,0.0148272198253218,0.4428571428571429,0.3321309655937847,0.204575,0.3571428571428571
0.9729729729729756,0.3793793793793794,0.0,0.0084725154800597,0.4285714285714285,0.5463374028856826,0.475,0.3571428571428571
0.9729729729729756,0.069069069069069,0.0,0.0019059876566221,0.4642857142857142,0.3326859045504994,0.2219,0.3571428571428571
0.9189189189189192,0.028028028028028,0.0,0.0084725154800597,0.0,0.0,0.0,0.0
0.8108108108108141,0.028028028028028,0.0,0.0207582772142331,0.0,0.0,0.0,0.0
0.8108108108108141,0.037037037037037,0.0,0.0211819241705839,0.0,0.0,0.0,0.0
0.8648648648648631,0.058058058058058,0.0,0.0466007415516323,0.6521428571428571,0.3462819089900111,0.185,0.3571428571428571
0.9189189189189192,0.1101101101101101,0.0,0.0787979102342936,0.4683333333333333,0.4389567147613762,0.3155,0.3571428571428571
0.8918918918918948,0.1991991991991992,0.0,0.0288452739640137,0.4561904761904761,0.6920088790233074,0.39425,0.3571428571428571
0.8378378378378386,0.059059059059059,0.0,0.0423642719881242,0.5366666666666666,0.3873473917869034,0.221825,0.3571428571428571
0.8648648648648631,0.099099099099099,0.0,0.0311376276448279,0.4683333333333333,0.4389567147613762,0.3155,0.3571428571428571
0.7567567567567579,0.021021021021021,0.0,0.0593101502421565,0.0,0.0,0.0,0.0
0.9189189189189192,0.02002002002002,0.0,0.0211819241705839,0.0,0.0,0.0,0.0
0.7567567567567579,0.0325325325325325,0.0,0.0063542806983056,0.4166666666666666,0.3601553829078801,0.2145,0.3571428571428571
0.5135135135135158,0.009009009009009,0.0,0.0508372111151403,0.0,0.0,0.0,0.0
0.9459459459459438,0.059059059059059,0.0,0.0295612373202465,0.5238095238095237,0.3321309655937847,0.2045,0.3571428571428571
0.7567567567567579,0.0115115115115115,0.0,0.0381278024246162,0.4428571428571429,0.3326859045504994,0.1985,0.3571428571428571
0.9459459459459438,0.5995995995995996,0.0,0.0114380441745153,0.4069047619047619,0.8304661487236404,0.6535,0.2857142857142857
0.7837837837837824,0.034034034034034,0.0,0.0508372111151403,0.3333333333333333,0.693118756936737,0.28,0.5714285714285714
0.8648648648648631,0.031031031031031,0.0,0.0254183937340919,0.0,0.0,0.0,0.0
0.9189189189189192,0.0615615615615615,0.0,0.0220292180832855,0.0,0.0,0.0,0.0
0.9189189189189192,1.0,0.0,0.0127089850435678,1.0,0.5463374028856826,1.0,0.2857142857142857
0.9189189189189192,0.2292292292292292,0.7008006350539981,0.0063542806983056,0.0,0.0,0.0,0.0
0.8108108108108141,0.0575575575575575,0.0,0.0338913328611081,0.4871428571428571,0.4053829078801332,0.2095,0.3571428571428571
0.567567567567572,0.011011011011011,0.0,0.0635466198056646,0.3238095238095237,0.7000554938956715,0.1574999999999999,0.5
0.7837837837837824,0.037037037037037,0.0,0.0423642719881242,0.5452380952380952,0.3462819089900111,0.185,0.3571428571428571
0.9189189189189192,0.054054054054054,0.0,0.0169454546070758,0.5616666666666666,0.3784683684794672,0.167625,0.3571428571428571
0.7027027027027017,0.009009009009009,0.0,0.0282898728042377,0.0,0.0,0.0,0.0
0.8918918918918948,0.1341341341341341,0.0,0.0410933311190718,0.4038095238095238,0.5460599334073252,0.345075,0.3571428571428571
0.8918918918918948,0.02002002002002,0.0,0.0127089850435678,0.0,0.0,0.0,0.0
0.8918918918918948,0.021021021021021,0.0,0.0197864310963643,0.4,0.220865704772475,0.0855,0.5714285714285714
0.8108108108108141,0.012012012012012,0.0,0.0397800255543843,0.0,0.0,0.0,0.0
0.7027027027027017,0.017017017017017,0.0,0.0381278024246162,0.4499999999999999,0.2943951165371809,0.1674999999999999,0.3571428571428571
0.8378378378378386,0.015015015015015,0.0,0.0508372111151403,0.5952380952380952,0.3873473917869034,0.1725,0.3571428571428571
0.7567567567567579,0.025025025025025,0.0,0.0224083821092195,0.0,0.0,0.0,0.0
0.7297297297297334,0.029029029029029,0.0,0.0703249711072775,0.2869047619047619,0.6046059933407325,0.3,0.5714285714285714
0.8918918918918948,0.054054054054054,0.0,0.0228765119959871,0.0,0.0,0.0,0.0
0.8378378378378386,0.0032032032032032,0.0223571687433532,0.0177927485197774,0.0,0.0,0.0,0.0
0.8648648648648631,0.025025025025025,0.0,0.0148272198253218,0.0,0.0,0.0,0.0
0.9189189189189192,0.038038038038038,0.0,0.0127089850435678,0.5223809523809524,0.3318534961154273,0.1574999999999999,0.3571428571428571
0.9459459459459438,0.064064064064064,0.0,0.0063542806983056,0.0,0.0,0.0,0.0
0.9729729729729756,0.0880880880880881,0.0,0.005506986785604,0.4299999999999999,0.7000554938956715,0.1574999999999999,0.5
0.7297297297297334,0.024024024024024,0.0,0.0804924980596968,0.0,0.0,0.0,0.0
0.7297297297297334,0.0215215215215215,0.2070108216977151,0.025928041022582,0.0,0.0,0.0,0.0
0.5405405405405403,0.0215215215215215,0.2202595142863688,0.0262656876467936,0.0,0.0,0.0,0.0
0.6756756756756772,0.0205205205205205,0.0,0.0466007415516323,0.4214285714285714,0.4153718091009989,0.195,0.3571428571428571
0.9189189189189192,0.0515515515515515,0.0,0.0083551652731505,0.4833333333333333,0.3326859045504994,0.2099999999999999,0.3571428571428571
0.8378378378378386,0.0305305305305305,0.0,0.0173691015634266,0.0,0.0,0.0,0.0
0.7567567567567579,0.0400399399399399,0.2760144289302867,0.0293756799533648,0.0,0.0,0.0,0.0
0.9189189189189192,0.017017017017017,0.0,0.0254183937340919,0.0,0.0,0.0,0.0
0.5945945945945965,0.0265265265265265,0.2818107319378228,0.0381278024246162,0.0,0.0,0.0,0.0
0.8648648648648631,0.049049049049049,0.0,0.0084725154800597,0.4183333333333333,0.3310210876803551,0.22175,0.3571428571428571
0.5135135135135158,0.005005005005005,0.0,0.0423642719881242,0.4119047619047619,0.275527192008879,0.15,0.3571428571428571
0.8648648648648631,0.039039039039039,0.0,0.0508372111151403,0.0,0.0,0.0,0.0
0.8648648648648631,0.029029029029029,0.0,0.0296548632976,0.0,0.0,0.0,0.0
0.6756756756756772,0.0055055055055055,0.0,0.0042360459165516,0.3833333333333333,0.220865704772475,0.0925,0.2857142857142857
0.9189189189189192,0.034034034034034,0.0,0.003243864744778,0.0,0.0,0.0,0.0
0.9459459459459438,0.069069069069069,0.0,0.0148272198253218,0.5714285714285714,0.3290788013318535,0.184925,0.3571428571428571
0.9189189189189192,0.061061061061061,0.0,0.0148272198253218,0.5783333333333333,0.4156492785793563,0.2475,0.3571428571428571
0.9459459459459438,0.0865865865865865,0.0,0.0148272198253218,0.6064285714285713,0.3462819089900111,0.22125,0.5
0.9189189189189192,0.059059059059059,0.0,0.0296548632976,0.0,0.0,0.0,0.0
0.4594594594594596,0.0076076076076076,0.0,0.0198902246006703,0.4404761904761904,0.220865704772475,0.1325,0.3571428571428571
0.8918918918918948,0.0770770770770771,0.0,0.0148272198253218,0.5366666666666666,0.3873473917869034,0.221825,0.3571428571428571
0.8378378378378386,0.0415415415415415,0.0,0.0211819241705839,0.5616666666666666,0.3784683684794672,0.16765,0.3571428571428571
0.6486486486486527,0.0125125125125125,0.0,0.0241474528650396,0.469047619047619,0.220865704772475,0.11575,0.3571428571428571
0.8918918918918948,0.056056056056056,0.0,0.0238250575312566,0.5366666666666666,0.3873473917869034,0.221825,0.3571428571428571
0.9459459459459438,0.0715715715715715,0.0,0.0154715868459314,0.5785714285714285,0.3462819089900111,0.22125,0.3571428571428571
0.8378378378378386,0.034034034034034,0.0,0.0220292180832855,0.0,0.0,0.0,0.0
0.7837837837837824,0.044044044044044,0.0,0.0127089850435678,0.4166666666666666,0.3321309655937847,0.2145,0.3571428571428571
0.9729729729729756,0.0776776776776776,0.0,0.0032701308560718,0.4761904761904761,0.2771920088790233,0.1775,0.5
0.9189189189189192,0.064064064064064,0.0,0.0330440389484065,0.6688095238095237,0.3462819089900111,0.22125,0.3571428571428571
0.6486486486486527,0.024024024024024,0.0,0.0466007415516323,0.430952380952381,0.4142619311875694,0.275,0.3571428571428571
0.7297297297297334,0.0415415415415415,0.0,0.0354101071996257,0.5102380952380952,0.3784683684794672,0.2179999999999999,0.3571428571428571
0.6486486486486527,0.009009009009009,0.0,0.0296548632976,0.0,0.0,0.0,0.0
0.9729729729729756,0.064064064064064,0.0,0.0084725154800597,0.0,0.0,0.0,0.0
0.8648648648648631,0.0815815815815815,0.0,0.0381278024246162,0.0,0.0,0.0,0.0
0.9189189189189192,0.0880880880880881,0.0,0.0170382332905166,0.0,0.0,0.0,0.0
0.8918918918918948,0.038038038038038,0.0,0.0262656876467936,0.6028571428571429,0.332408435072142,0.1925,0.3571428571428571
0.8108108108108141,0.015015015015015,0.0,0.0338913328611081,0.0,0.0,0.0,0.0
0.6756756756756772,0.0075075075075075,0.0,0.0105907502618137,0.4009523809523809,0.3310210876803551,0.161,0.3571428571428571
0.4864864864864842,0.005005005005005,0.0,0.0300785102539508,0.0,0.0,0.0,0.0
0.7837837837837824,0.031031031031031,0.0,0.0423642719881242,0.4404761904761904,0.3321309655937847,0.2,0.3571428571428571
0.8918918918918948,0.089089089089089,0.0,0.0415169780754226,0.4683333333333333,0.4389567147613762,0.3155,0.3571428571428571
0.7027027027027017,0.014014014014014,0.0,0.0296548632976,0.469047619047619,0.220865704772475,0.11575,0.3571428571428571
0.7567567567567579,0.034034034034034,0.0,0.0415169780754226,0.4404761904761904,0.3321309655937847,0.2,0.3571428571428571
0.9729729729729756,0.0565565565565565,0.0,0.0105907502618137,0.0,0.0,0.0,0.0
0.9459459459459438,0.0801801801801802,0.0,0.0046596928729024,0.4047619047619047,0.332408435072142,0.27125,0.3571428571428571
0.7837837837837824,0.017017017017017,0.0,0.0233552330566635,0.0,0.0,0.0,0.0
0.7567567567567579,0.039039039039039,0.0,0.0254183937340919,0.5452380952380952,0.3462819089900111,0.185,0.3571428571428571
0.6756756756756772,0.01001001001001,0.0,0.0508372111151403,0.338095238095238,0.3720865704772475,0.20725,0.3571428571428571
0.7567567567567579,0.029029029029029,0.0,0.0571919154604025,0.0,0.0,0.0,0.0
0.8108108108108141,0.0085085085085085,0.0,0.0127089850435678,0.6047619047619047,0.1731409544950055,0.0937,0.2857142857142857
0.8648648648648631,0.064064064064064,0.0,0.0296548632976,0.5366666666666666,0.3873473917869034,0.221825,0.3571428571428571
0.8918918918918948,0.049049049049049,0.0,0.0169454546070758,0.4857142857142856,0.3321309655937847,0.2045,0.3571428571428571
0.567567567567572,0.039039039039039,0.0,0.0395745567805542,0.0,0.0,0.0,0.0
0.4864864864864842,0.0045045045045045,0.0,0.0254183937340919,0.0,0.0,0.0,0.0
0.7297297297297334,0.044044044044044,0.0,0.141497659774213,0.3047619047619048,0.6920088790233074,0.255,0.5
0.7567567567567579,0.024024024024024,0.0,0.0127089850435678,0.4857142857142856,0.3462819089900111,0.2279999999999999,0.3571428571428571
0.7837837837837824,0.0860859859859859,0.0,0.0953201415319751,0.3092857142857143,0.6920088790233074,0.25,0.5714285714285714
0.9189189189189192,0.0656656656656656,0.0,0.005506986785604,0.4428571428571429,0.3321309655937847,0.204575,0.3571428571428571
0.7837837837837824,0.039039039039039,0.0,0.0423642719881242,0.4945238095238095,0.3462819089900111,0.2219,0.5
0.9729729729729756,0.094094094094094,0.0,0.0048854967006374,0.3388095238095238,0.4156492785793563,0.261375,0.3571428571428571
0.7837837837837824,0.019019019019019,0.0,0.0974383763137291,0.5611904761904761,0.3873473917869034,0.175,0.3571428571428571
0.7837837837837824,0.035035035035035,0.0,0.0254183937340919,0.3580952380952381,0.4433962264150943,0.259,0.3571428571428571
0.6486486486486527,0.01001001001001,0.0,0.0508372111151403,0.469047619047619,0.220865704772475,0.11575,0.3571428571428571
0.6756756756756772,0.0185185185185185,0.197350316685155,0.0245710998213903,0.0,0.0,0.0,0.0
0.7297297297297334,0.029029029029029,0.0,0.1059113154407452,0.0,0.0,0.0,0.0
0.9459459459459438,0.1166166166166166,0.0,0.0059306337419549,0.3761904761904762,0.4414539400665926,0.30325,0.3571428571428571
0.7297297297297334,0.02002002002002,0.0,0.0508372111151403,0.5028571428571429,0.3462819089900111,0.2219999999999999,0.3571428571428571
0.9189189189189192,0.034034034034034,0.0,0.0508372111151403,0.6495238095238095,0.2905105438401776,0.1725,0.3571428571428571
0.8648648648648631,0.0575575575575575,0.0,0.0140828721230134,0.5095238095238095,0.3321309655937847,0.20775,0.3571428571428571
0.8378378378378386,0.099099099099099,0.0,0.0211819241705839,0.3595238095238094,0.6046059933407325,0.35,0.5
0.8378378378378386,0.046046046046046,0.0,0.0254183937340919,0.557142857142857,0.3462819089900111,0.185,0.3571428571428571
0.8648648648648631,0.0285285285285285,0.0,0.0088961624364105,0.0,0.0,0.0,0.0
0.8648648648648631,0.0435435435435435,0.0,0.017030183998346,0.5,0.4156492785793563,0.1874,0.5
0.8378378378378386,0.059059059059059,0.0,0.0116426656544328,0.0,0.0,0.0,0.0
0.6756756756756772,0.0315315315315315,0.0,0.0338913328611081,0.3047619047619048,0.6920088790233074,0.255,0.5
0.7297297297297334,0.025025025025025,0.0,0.0211819241705839,0.0,0.0,0.0,0.0
0.8108108108108141,0.024024024024024,0.0,0.0508372111151403,0.5495238095238094,0.4053829078801332,0.15775,0.3571428571428571
0.8918918918918948,0.054054054054054,0.0,0.023933087505126,0.4333333333333333,0.3326859045504994,0.22175,0.3571428571428571
0.9189189189189192,0.049049049049049,0.0,0.0550736806786484,0.4523809523809523,0.3321309655937847,0.2145,0.3571428571428571
0.7297297297297334,0.0155155155155155,0.0,0.0237238059086887,0.4266666666666667,0.3013318534961154,0.15525,0.3571428571428571
0.7297297297297334,0.0155155155155155,0.0,0.0338913328611081,0.3142857142857142,0.4148168701442841,0.23425,0.3571428571428571
0.9729729729729756,0.0625625625625626,0.0,0.0008468702657452,0.3857142857142857,0.3326859045504994,0.185,0.3571428571428571
0.9189189189189192,0.054054054054054,0.0,0.0508372111151403,0.4183333333333333,0.3310210876803551,0.22175,0.3571428571428571
0.9459459459459438,0.089089089089089,0.0,0.0101671033054629,0.0,0.0,0.0,0.0
0.9459459459459438,0.094094094094094,0.0,0.0169454546070758,0.5119047619047619,0.4153718091009989,0.27125,0.3571428571428571
0.7837837837837824,0.0148148148148148,0.0,0.0466007415516323,0.4545238095238095,0.3873473917869034,0.1725,0.3571428571428571
0.8918918918918948,0.0525525525525525,0.0,0.022283406257096,0.0,0.0,0.0,0.0
0.9459459459459438,0.034034034034034,0.0,0.0127089850435678,0.5992857142857143,0.2216981132075471,0.1332499999999999,0.3571428571428571
0.8648648648648631,0.064064064064064,0.0,0.0338913328611081,0.5366666666666666,0.3873473917869034,0.221825,0.3571428571428571
0.8378378378378386,0.0265265265265265,0.0,0.0224528650396363,0.4847619047619047,0.3321309655937847,0.19725,0.3571428571428571
0.8918918918918948,0.066066066066066,0.0,0.0030091643309597,0.0,0.0,0.0,0.0
0.8918918918918948,0.1141141141141141,0.0,0.0652412076310678,0.4683333333333333,0.4389567147613762,0.3155,0.3571428571428571
0.7567567567567579,0.0215215215215215,0.0,0.0211819241705839,0.4716666666666666,0.3013318534961154,0.1701249999999999,0.3571428571428571
0.8918918918918948,0.054054054054054,0.0,0.0254183937340919,0.633095238095238,0.3462819089900111,0.185,0.3571428571428571
0.9189189189189192,0.1591591591591591,0.0,0.001270517222096,0.0,0.0,0.0,0.0
0.8378378378378386,0.049049049049049,0.0,0.0508372111151403,0.0,0.0,0.0,0.0
0.8108108108108141,0.044044044044044,0.0,0.0283839224285476,0.5616666666666666,0.3784683684794672,0.1677499999999999,0.3571428571428571
0.8108108108108141,0.0445445445445445,0.0,0.0415169780754226,0.4880952380952381,0.4433962264150943,0.25875,0.3571428571428571
0.7837837837837824,0.0615615615615615,0.0,0.0423642719881242,0.557142857142857,0.3462819089900111,0.185,0.3571428571428571
0.7837837837837824,0.034034034034034,0.0,0.0593101502421565,0.0,0.0,0.0,0.0
0.8918918918918948,0.1241241241241241,0.0,0.0100272998098672,0.0,0.0,0.0,0.0
0.5135135135135158,0.0055055055055055,0.0,0.0296548632976,0.0,0.0,0.0,0.0
0.8108108108108141,0.0175175175175175,0.0,0.0338913328611081,0.5414285714285714,0.220865704772475,0.1182499999999999,0.3571428571428571
0.8918918918918948,0.069069069069069,0.0,0.0211819241705839,0.4402380952380951,0.4142619311875694,0.25,0.5
0.7837837837837824,0.031031031031031,0.0,0.0338913328611081,0.3238095238095237,0.7000554938956715,0.1574999999999999,0.5714285714285714
0.9729729729729756,0.0567567567567567,0.0,0.001270517222096,0.4973809523809523,0.3321309655937847,0.2045,0.3571428571428571
0.8648648648648631,0.0493493493493493,0.0,0.0466007415516323,0.3357142857142857,0.6046059933407325,0.36985,0.5
0.7837837837837824,0.029029029029029,0.0,0.0338913328611081,0.0,0.0,0.0,0.0
0.8648648648648631,0.0225225225225225,0.0,0.0173280078086606,0.0,0.0,0.0,0.0
0.9729729729729756,0.0670670670670671,0.0,0.0169454546070758,0.0,0.0,0.0,0.0
0.9189189189189192,0.054054054054054,0.0,0.0084259143148611,0.0,0.0,0.0,0.0
0.8918918918918948,0.058058058058058,0.0,0.014403572868971,0.5809523809523809,0.3107658157602663,0.1775,0.3571428571428571
0.8918918918918948,0.0635635635635635,0.0,0.0046596928729024,0.3404761904761905,0.4433962264150943,0.25875,0.3571428571428571
0.9189189189189192,0.4094094094094094,0.0,0.0072015746110072,0.2261904761904761,1.0,0.7000000000000001,0.3571428571428571
0.9459459459459438,0.084084084084084,0.0,0.0080941987480384,0.0,0.0,0.0,0.0
0.7837837837837824,0.1081081081081081,0.0,0.0508372111151403,0.0,0.0,0.0,0.0
0.9459459459459438,0.0800800800800801,0.0,0.0127089850435678,0.5476190476190476,0.4156492785793563,0.2473999999999999,0.3571428571428571
0.8378378378378386,0.0175175175175175,0.0,0.0305021572103016,0.0,0.0,0.0,0.0
0.8378378378378386,0.025025025025025,0.0,0.0080255679411096,0.5023809523809524,0.2258601553829078,0.138,0.3571428571428571
0.8378378378378386,0.027027027027027,0.0,0.0233001589523379,0.0,0.0,0.0,0.0
0.9189189189189192,0.079079079079079,0.0,0.0296548632976,0.563095238095238,0.3462819089900111,0.22125,0.3571428571428571
0.9729729729729756,0.076976976976977,0.0,0.0029786617501024,0.4523809523809523,0.3326859045504994,0.2219,0.3571428571428571
0.8648648648648631,0.0355355355355355,0.0,0.0099976445229226,0.0,0.0,0.0,0.0
0.8378378378378386,0.0265265265265265,0.0,0.0826107328414509,0.4333333333333333,0.3462819089900111,0.1845,0.5
0.8378378378378386,0.074074074074074,0.0,0.0338913328611081,0.3595238095238094,0.6046059933407325,0.35,0.5
0.8648648648648631,0.064064064064064,0.0,0.0398223902500194,0.5833333333333333,0.4156492785793563,0.2465,0.5
0.7837837837837824,0.0375375375375375,0.0,0.0220292180832855,0.0,0.0,0.0,0.0
0.9189189189189192,0.0810809809809809,0.0,0.0050833398292532,0.4166666666666666,0.3326859045504994,0.22175,0.3571428571428571
0.8648648648648631,0.0493493493493493,0.0,0.0466007415516323,0.3357142857142857,0.6046059933407325,0.36985,0.5
0.8378378378378386,0.029029029029029,0.0,0.0338913328611081,0.55,0.2769145394006659,0.1676,0.3571428571428571
0.7837837837837824,0.049049049049049,0.0,0.1398030719488098,0.3199999999999999,0.654550499445061,0.495625,0.3571428571428571
0.8378378378378386,0.018018018018018,0.0,0.0211819241705839,0.0,0.0,0.0,0.0
0.8648648648648631,0.059059059059059,0.0,0.0576155624167533,0.4526190476190476,0.4053829078801332,0.271125,0.3571428571428571
0.9459459459459438,0.0298298298298298,0.0,0.0063542806983056,0.588095238095238,0.220865704772475,0.1182499999999999,0.3571428571428571
0.7567567567567579,0.018018018018018,0.0,0.0381278024246162,0.4476190476190476,0.3462819089900111,0.2249999999999999,0.3571428571428571
0.8378378378378386,0.031031031031031,0.0,0.0211819241705839,0.55,0.2769145394006659,0.1676,0.3571428571428571
0.6756756756756772,0.02002002002002,0.0,0.0227799204899391,0.0,0.0,0.0,0.0
0.8108108108108141,0.079079079079079,0.0,0.0508372111151403,0.3595238095238094,0.6046059933407325,0.35,0.5
0.6486486486486527,0.011011011011011,0.0,0.0344700346034833,0.0,0.0,0.0,0.0
0.8918918918918948,0.084084084084084,0.0,0.0317730980793541,0.0,0.0,0.0,0.0
0.7297297297297334,0.0400399399399399,0.0,0.0423642719881242,0.4669047619047619,0.3898446170921198,0.175,0.3571428571428571
0.8648648648648631,0.0475474474474474,0.0,0.0127089850435678,0.6,0.3462819089900111,0.185,0.3571428571428571
0.8918918918918948,0.064064064064064,0.0,0.0211819241705839,0.633095238095238,0.3462819089900111,0.185,0.3571428571428571
0.8648648648648631,0.044044044044044,0.0,0.0296548632976,0.4323809523809523,0.3318534961154273,0.2169999999999999,0.3571428571428571
0.5945945945945965,0.006006006006006,0.0,0.0508372111151403,0.0,0.0,0.0,0.0
0.9729729729729756,0.076976976976977,0.0,0.0029786617501024,0.4523809523809523,0.3326859045504994,0.2219,0.3571428571428571
0.8648648648648631,0.024024024024024,0.0,0.0508372111151403,0.0,0.0,0.0,0.0
0.7027027027027017,0.0220219219219219,0.0,0.0211819241705839,0.4716666666666666,0.3013318534961154,0.1701249999999999,0.3571428571428571
0.7837837837837824,0.0135135135135135,0.0,0.0296548632976,0.469047619047619,0.220865704772475,0.11575,0.3571428571428571
0.7297297297297334,0.0265265265265265,0.0,0.0466007415516323,0.4857142857142856,0.3462819089900111,0.22925,0.3571428571428571
0.8378378378378386,0.084084084084084,0.0,0.0220292180832855,0.0,0.0,0.0,0.0
0.8648648648648631,0.0515515515515515,0.0,0.0508372111151403,0.4142857142857142,0.4153718091009989,0.29325,0.3571428571428571
0.8918918918918948,0.0500499499499499,0.0,0.0177927485197774,0.0,0.0,0.0,0.0
0.4594594594594596,0.004004004004004,0.0,0.0254183937340919,0.0,0.0,0.0,0.0
0.8648648648648631,0.029029029029029,0.0,0.0593101502421565,0.4761904761904761,0.3881798002219755,0.1701249999999999,0.3571428571428571
0.8108108108108141,0.0225225225225225,0.0,0.0220292180832855,0.588095238095238,0.220865704772475,0.1182499999999999,0.3571428571428571
0.8648648648648631,0.1741741741741742,0.0,0.0540751448025296,0.0,0.0,0.0,0.0
0.8648648648648631,0.0215215215215215,0.0,0.030438610166849,0.4911904761904761,0.332408435072142,0.1674999999999999,0.3571428571428571
0.9729729729729756,0.0665665665665665,0.0,0.0042360459165516,0.505,0.3321309655937847,0.2045,0.3571428571428571
0.8648648648648631,0.0405405405405405,0.0,0.0119536225203943,0.0,0.0,0.0,0.0
0.8648648648648631,0.0565565565565565,0.0,0.0254183937340919,0.5366666666666666,0.3873473917869034,0.221825,0.3571428571428571
0.7297297297297334,0.012012012012012,0.0,0.0508372111151403,0.469047619047619,0.220865704772475,0.0875,0.5714285714285714
0.8648648648648631,0.0450449449449449,0.0,0.0135562789562694,0.6149999999999999,0.4156492785793563,0.2475,0.3571428571428571
0.8108108108108141,0.059059059059059,0.0,0.0402460372063702,0.3092857142857143,0.6920088790233074,0.251425,0.5
0.7837837837837824,0.0215215215215215,0.0,0.0466007415516323,0.0,0.0,0.0,0.0
0.7837837837837824,0.029029029029029,0.0,0.0635466198056646,0.489047619047619,0.4433962264150943,0.259,0.3571428571428571
0.7837837837837824,0.019019019019019,0.0,0.0386552428852729,0.0,0.0,0.0,0.0
0.6756756756756772,0.009009009009009,0.0,0.0254183937340919,0.0,0.0,0.0,0.0
0.7297297297297334,0.014014014014014,0.0,0.0466007415516323,0.0,0.3013318534961154,0.155,0.3571428571428571
0.7297297297297334,0.037037037037037,0.0,0.0360095676428621,0.4047619047619047,0.4153718091009989,0.295,0.3571428571428571
0.8918918918918948,0.0865865865865865,0.0,0.0169454546070758,0.5366666666666666,0.3873473917869034,0.221825,0.3571428571428571
0.7837837837837824,0.03003003003003,0.0,0.0296548632976,0.0,0.0,0.0,0.0
0.7837837837837824,0.0115115115115115,0.0,0.0508372111151403,0.530952380952381,0.3462819089900111,0.185,0.3571428571428571
0.9459459459459438,0.039039039039039,0.0,0.0127089850435678,0.5723809523809523,0.2771920088790233,0.1674999999999999,0.3571428571428571
0.8108108108108141,0.074074074074074,0.0,0.0336066421064403,0.3092857142857143,0.6920088790233074,0.2515,0.5
0.9189189189189192,0.069069069069069,0.0,0.0047079886259264,0.0,0.0,0.0,0.0
0.8108108108108141,0.044044044044044,0.0,0.0508372111151403,0.0,0.0,0.0,0.0
0.9729729729729756,0.049049049049049,0.0,0.0084725154800597,0.0,0.0,0.0,0.0
0.8108108108108141,0.031031031031031,0.0,0.0466007415516323,0.4404761904761904,0.3321309655937847,0.207125,0.3571428571428571
0.8648648648648631,0.036036036036036,0.0,0.0720195589326807,0.633095238095238,0.3462819089900111,0.185,0.3571428571428571
0.9189189189189192,0.0615615615615615,0.0,0.0156745137380234,0.638095238095238,0.3462819089900111,0.185,0.3571428571428571
0.7837837837837824,0.021021021021021,0.0,0.0296548632976,0.6057142857142858,0.2597114317425083,0.144,0.3571428571428571
0.7837837837837824,0.012012012012012,0.0,0.0783742632779428,0.0,0.0,0.0,0.0
0.7567567567567579,0.011011011011011,0.0,0.0508372111151403,0.0,0.0,0.0,0.0
0.8918918918918948,0.1141141141141141,0.0,0.0271790704846859,0.0,0.0,0.0,0.0
0.8918918918918948,0.034034034034034,0.0,0.0211819241705839,0.4628571428571428,0.332408435072142,0.1674999999999999,0.5
0.7567567567567579,0.031031031031031,0.0,0.0296548632976,0.5214285714285714,0.3873473917869034,0.2249999999999999,0.3571428571428571
0.8378378378378386,0.0465465465465465,0.0,0.0338913328611081,0.5366666666666666,0.3873473917869034,0.221825,0.3571428571428571
0.8648648648648631,0.054054054054054,0.0,0.0135562789562694,0.0,0.0,0.0,0.0
0.8378378378378386,0.039039039039039,0.0,0.0381278024246162,0.6,0.3462819089900111,0.185,0.3571428571428571
0.8378378378378386,0.074074074074074,0.0,0.0430014370104758,0.5404761904761904,0.4156492785793563,0.2246,0.3571428571428571
0.5945945945945965,0.007007007007007,0.0,0.0239695211433722,0.0,0.0,0.0,0.0
0.7837837837837824,0.0522522522522522,0.0,0.0515908790504884,0.2869047619047619,0.6046059933407325,0.3,0.5714285714285714
0.8648648648648631,0.039039039039039,0.0,0.0296548632976,0.0,0.0,0.0,0.0
0.7837837837837824,0.0149149149149149,0.0,0.0288075693848984,0.0,0.0,0.0,0.0
0.6756756756756772,0.0785785785785785,0.0,0.0417711662492331,0.0,0.0,0.0,0.0
0.8108108108108141,0.034034034034034,0.0,0.0296548632976,0.4795238095238095,0.4156492785793563,0.22125,0.3571428571428571
0.8108108108108141,0.029029029029029,0.0,0.0105907502618137,0.0,0.0,0.0,0.0
0.4324324324324351,0.006006006006006,0.0,0.027536628515846,0.3785714285714285,0.3601553829078801,0.2125,0.3571428571428571
0.9189189189189192,0.069069069069069,0.0,0.0381278024246162,0.5785714285714285,0.3462819089900111,0.22125,0.3571428571428571
0.8918918918918948,0.074074074074074,0.0,0.0338913328611081,0.6688095238095237,0.3462819089900111,0.22125,0.3571428571428571
0.8648648648648631,0.026026026026026,0.0,0.0182163954761283,0.5023809523809524,0.2258601553829078,0.138,0.3571428571428571
0.8108108108108141,0.1001001001001001,0.0,0.0508372111151403,0.0,0.0,0.0,0.0
0.9189189189189192,0.029029029029029,0.0,0.0127089850435678,0.5478571428571428,0.2771920088790233,0.1674999999999999,0.3571428571428571
0.8648648648648631,0.048048048048048,0.0,0.0296548632976,0.0,0.0,0.0,0.0
0.7567567567567579,0.031031031031031,0.0,0.0508372111151403,0.0,0.0,0.0,0.0
0.9189189189189192,0.0650650650650651,0.0,0.0338913328611081,0.3928571428571428,0.4142619311875694,0.175,0.5
0.5945945945945965,0.01001001001001,0.0,0.0466007415516323,0.4499999999999999,0.2769145394006659,0.1677499999999999,0.3571428571428571
0.5945945945945965,0.0082082082082082,0.0,0.0423642719881242,0.4119047619047619,0.275527192008879,0.15,0.3571428571428571
0.8648648648648631,0.039039039039039,0.0,0.0105907502618137,0.6576190476190477,0.2200332963374028,0.1175,0.3571428571428571
0.8918918918918948,0.0500499499499499,0.0,0.0169454546070758,0.0,0.0,0.0,0.0
0.9729729729729756,0.114014014014014,0.0,0.0021178111347976,0.4047619047619047,0.4414539400665926,0.30325,0.3571428571428571
0.8108108108108141,0.044044044044044,0.0,0.0338913328611081,0.3261904761904761,0.6096004439511654,0.34525,0.5
0.9729729729729756,0.1136136136136136,0.0,0.0084725154800597,0.5476190476190476,0.4156492785793563,0.2473999999999999,0.3571428571428571
0.6756756756756772,0.014014014014014,0.0,0.0508372111151403,0.2754761904761905,0.6046059933407325,0.34525,0.5
0.7297297297297334,0.059059059059059,0.0,0.0427349630749312,0.2807142857142857,0.6046059933407325,0.3,0.5714285714285714
0.8108108108108141,0.0501501501501501,0.0,0.0381278024246162,0.3880952380952381,0.4986126526082131,0.36875,0.3571428571428571
0.621621621621621,0.014014014014014,0.0,0.0318230884202034,0.0,0.0,0.0,0.0
0.9189189189189192,0.0585585585585585,0.0,0.0508372111151403,0.3666666666666666,0.4153718091009989,0.29325,0.5
0.8378378378378386,0.051051051051051,0.0,0.0296548632976,0.0,0.0,0.0,0.0
0.8378378378378386,0.0341341341341341,0.0,0.0105907502618137,0.4847619047619047,0.3321309655937847,0.19725,0.3571428571428571
0.9189189189189192,0.0255255255255255,0.0,0.0423642719881242,0.5023809523809524,0.2258601553829078,0.138,0.3571428571428571
0.8648648648648631,0.074074074074074,0.0,0.0313494511230033,0.4683333333333333,0.4389567147613762,0.3155,0.3571428571428571
0.8378378378378386,0.0415415415415415,0.0,0.0579993865592071,0.0,0.0,0.0,0.0
0.8918918918918948,0.069069069069069,0.0,0.0338913328611081,0.6521428571428571,0.3462819089900111,0.185,0.3571428571428571
0.7297297297297334,0.016016016016016,0.0,0.0338913328611081,0.0,0.0,0.0,0.0
0.8918918918918948,0.0415415415415415,0.0,0.0105907502618137,0.0,0.0,0.0,0.0
0.7837837837837824,0.074074074074074,0.0,0.0508372111151403,0.2869047619047619,0.6046059933407325,0.3,0.5714285714285714
0.8648648648648631,0.1091091091091091,0.0,0.0466007415516323,0.3809523809523809,0.6046059933407325,0.35,0.5
0.8378378378378386,0.069069069069069,0.0,0.0338913328611081,0.5314285714285714,0.4389567147613762,0.3157999999999999,0.3571428571428571
0.8648648648648631,0.073073073073073,0.0,0.0190636893888299,0.0,0.0,0.0,0.0
0.621621621621621,0.029029029029029,0.0,0.0338913328611081,0.0,0.0,0.0,0.0
0.6486486486486527,0.043043043043043,0.0,0.0944728476192734,0.0,0.0,0.0,0.0
0.7837837837837824,0.0277277277277277,0.0,0.0508372111151403,0.5028571428571429,0.3462819089900111,0.2219999999999999,0.3571428571428571
0.9459459459459438,0.054054054054054,0.0,0.0338913328611081,0.0,0.0,0.0,0.0
0.8918918918918948,0.0715715715715715,0.0,0.0508372111151403,0.5366666666666666,0.3873473917869034,0.221825,0.3571428571428571
0.9459459459459438,0.1071071071071071,0.0,0.0054222573943339,0.4238095238095238,0.4150943396226415,0.26375,0.3571428571428571
0.9459459459459438,0.2467467467467468,0.0,0.0008468702657452,0.4,0.5504994450610433,0.375,0.3571428571428571
0.8108108108108141,0.0450449449449449,0.0,0.0148272198253218,0.4547619047619047,0.3321309655937847,0.2145,0.3571428571428571
0.8918918918918948,0.034034034034034,0.0,0.0063542806983056,0.5676190476190476,0.3326859045504994,0.2099999999999999,0.3571428571428571
0.8918918918918948,0.021021021021021,0.0,0.0093198093927613,0.5214285714285714,0.1731409544950055,0.0937,0.2857142857142857
0.8648648648648631,0.0615615615615615,0.0,0.0050486007788325,0.0,0.0,0.0,0.0
0.8918918918918948,0.1341341341341341,0.0,0.0105907502618137,0.3809523809523809,0.6046059933407325,0.35,0.5
0.7297297297297334,0.0165165165165165,0.0,0.0254183937340919,0.4285714285714285,0.3462819089900111,0.1875,0.3571428571428571
0.9189189189189192,0.0272272272272272,0.0,0.0063542806983056,0.588095238095238,0.220865704772475,0.1182499999999999,0.3571428571428571
0.8918918918918948,0.071071071071071,0.0,0.0338913328611081,0.5045238095238095,0.3873473917869034,0.221825,0.3571428571428571
0.8918918918918948,0.027027027027027,0.0,0.0254183937340919,0.5023809523809524,0.2258601553829078,0.138,0.3571428571428571
0.9189189189189192,0.0615615615615615,0.0,0.0108186723243304,0.3995238095238095,0.4150943396226415,0.221825,0.3571428571428571
0.621621621621621,0.0065065065065065,0.0,0.0423642719881242,0.0,0.0,0.0,0.0
0.7567567567567579,0.1591591591591591,0.0,0.0313494511230033,0.238095238095238,0.5960044395116537,0.425,0.3571428571428571
0.9459459459459438,0.0525525525525525,0.0,0.0127089850435678,0.4833333333333333,0.3326859045504994,0.2099999999999999,0.3571428571428571
0.8648648648648631,0.027027027027027,0.0,0.0466007415516323,0.4883333333333333,0.2769145394006659,0.1676,0.3571428571428571
0.9189189189189192,0.0415415415415415,0.0,0.0177927485197774,0.5676190476190476,0.3326859045504994,0.2099999999999999,0.3571428571428571
0.7567567567567579,0.1181181181181181,0.0,0.0745190759751505,0.0,0.0,0.0,0.0
0.6756756756756772,0.027027027027027,0.0,0.0317730980793541,0.4214285714285714,0.4153718091009989,0.195,0.3571428571428571
0.7297297297297334,0.033033033033033,0.0,0.0466007415516323,0.4238095238095238,0.3462819089900111,0.1875,0.3571428571428571
0.7837837837837824,0.044044044044044,0.2594535631944695,0.0152508667816726,0.0,0.0,0.0,0.0
0.8378378378378386,0.0445445445445445,0.0,0.0169454546070758,0.6761904761904761,0.3462819089900111,0.185,0.3571428571428571
0.9189189189189192,0.1091091091091091,0.0,0.0283839224285476,0.405,0.4389567147613762,0.3155,0.3571428571428571
0.9729729729729756,0.064064064064064,0.0,0.0023808958946914,0.5238095238095237,0.3321309655937847,0.2045,0.3571428571428571
0.7027027027027017,0.014014014014014,0.0,0.0508372111151403,0.0,0.0,0.0,0.0
0.8108108108108141,0.039039039039039,0.0,0.0296548632976,0.405,0.4414539400665926,0.30325,0.3571428571428571
0.8378378378378386,0.023023023023023,0.0,0.0211819241705839,0.0,0.0,0.0,0.0
0.8918918918918948,0.049049049049049,0.0,0.0338913328611081,0.6142857142857143,0.4156492785793563,0.2465,0.3571428571428571
0.9729729729729756,0.046046046046046,0.0,0.0042360459165516,0.0,0.0,0.0,0.0
0.4594594594594596,0.019019019019019,0.0,0.0423642719881242,0.0,0.0,0.0,0.0
0.7837837837837824,0.021021021021021,0.0,0.152513751580203,0.4499999999999999,0.2769145394006659,0.1677499999999999,0.3571428571428571
0.9729729729729756,0.0882882882882883,0.0,0.0042360459165516,0.5785714285714285,0.3462819089900111,0.22125,0.3571428571428571
1.0,0.1241241241241241,0.0,0.0004655880050294,0.0,0.0,0.0,0.0
0.8378378378378386,0.029029029029029,0.0,0.0508372111151403,0.0,0.0,0.0,0.0
0.8918918918918948,0.0325325325325325,0.0,0.0072015746110072,0.5023809523809524,0.2258601553829078,0.138,0.3571428571428571
0.7837837837837824,0.016016016016016,0.0,0.0381278024246162,0.4980952380952381,0.2769145394006659,0.1677499999999999,0.3571428571428571
0.7297297297297334,0.014014014014014,0.0,0.0338913328611081,0.3571428571428571,0.3795782463928968,0.2249999999999999,0.3571428571428571
0.7297297297297334,0.013013013013013,0.0,0.0423642719881242,0.4285714285714285,0.2760821309655938,0.155,0.3571428571428571
0.9729729729729756,0.059059059059059,0.0,0.0105907502618137,0.0,0.0,0.0,0.0
0.9459459459459438,0.0770770770770771,0.0,0.0127089850435678,0.4166666666666666,0.3326859045504994,0.22175,0.3571428571428571
0.7837837837837824,0.012012012012012,0.0,0.0127089850435678,0.0,0.0,0.0,0.0
0.5405405405405403,0.014014014014014,0.0,0.0561234778364857,0.3238095238095237,0.7000554938956715,0.1574999999999999,0.5
0.8648648648648631,0.0400399399399399,0.0,0.0078370450455335,0.4883333333333333,0.2769145394006659,0.1676,0.3571428571428571
0.7567567567567579,0.029029029029029,0.0,0.1270936632582856,0.6238095238095237,0.2769145394006659,0.1455,0.3571428571428571
0.8648648648648631,0.03003003003003,0.0,0.0211819241705839,0.4716666666666666,0.3013318534961154,0.1701249999999999,0.3571428571428571
0.8648648648648631,0.025025025025025,0.0,0.0105907502618137,0.5414285714285714,0.220865704772475,0.1182499999999999,0.3571428571428571
0.9729729729729756,0.1286286286286286,0.0,0.0038123989602008,0.0,0.0,0.0,0.0
0.8378378378378386,0.0411411411411411,0.0,0.0292312163412492,0.0,0.0,0.0,0.0
0.5405405405405403,0.01001001001001,0.0,0.0381278024246162,0.3142857142857142,0.4148168701442841,0.235,0.3571428571428571
0.8378378378378386,0.074074074074074,0.0,0.0211819241705839,0.3092857142857143,0.6920088790233074,0.2515,0.5
0.9189189189189192,0.1091091091091091,0.0,0.0084725154800597,0.4285714285714285,0.4153718091009989,0.294,0.3571428571428571
0.8918918918918948,0.053053053053053,0.0,0.0160981606943742,0.4428571428571429,0.3321309655937847,0.204575,0.3571428571428571
0.8108108108108141,0.024024024024024,0.0,0.0127089850435678,0.4545238095238095,0.3873473917869034,0.1725,0.3571428571428571
0.9189189189189192,0.061061061061061,0.0,0.0078302666942319,0.4973809523809523,0.3321309655937847,0.2045,0.3571428571428571
0.7837837837837824,0.0175175175175175,0.0,0.0296548632976,0.3202380952380952,0.3013318534961154,0.15525,0.3571428571428571
0.8108108108108141,0.029029029029029,0.0,0.0296548632976,0.4333333333333333,0.3462819089900111,0.1845,0.5
0.9459459459459438,0.039039039039039,0.0,0.0093198093927613,0.4833333333333333,0.3326859045504994,0.2099999999999999,0.3571428571428571
0.9729729729729756,0.5145145145145146,0.0,0.0084725154800597,0.5326190476190477,0.6900665926748057,0.5364,0.3571428571428571
0.8108108108108141,0.042042042042042,0.0,0.0372805085119146,0.0,0.0,0.0,0.0
0.7567567567567579,0.021021021021021,0.0,0.0423642719881242,0.4761904761904761,0.3881798002219755,0.17,0.3571428571428571
0.5945945945945965,0.01001001001001,0.0,0.0190636893888299,0.469047619047619,0.220865704772475,0.11575,0.3571428571428571
0.8648648648648631,0.0415415415415415,0.0,0.0296548632976,0.4499999999999999,0.3321309655937847,0.205,0.3571428571428571
0.8648648648648631,0.0555555555555555,0.0,0.027536628515846,0.0,0.0,0.0,0.0
0.7837837837837824,0.053053053053053,0.0,0.0381278024246162,0.2869047619047619,0.6046059933407325,0.3,0.5714285714285714
0.8378378378378386,0.0470470470470471,0.0,0.0232539814340957,0.5616666666666666,0.3784683684794672,0.1676,0.3571428571428571
0.8108108108108141,0.024024024024024,0.0,0.0381278024246162,0.4883333333333333,0.2769145394006659,0.1676,0.3571428571428571
0.4054054054054035,0.006006006006006,0.0,0.0423642719881242,0.3833333333333333,0.220865704772475,0.0925,0.2857142857142857
0.9189189189189192,0.039039039039039,0.0,0.0593101502421565,0.3349999999999999,0.8201997780244173,0.172525,0.5
0.9189189189189192,0.061061061061061,0.0,0.0453298006825799,0.6761904761904761,0.3462819089900111,0.18505,0.3571428571428571
0.9459459459459438,0.0801801801801802,0.0,0.0046596928729024,0.4047619047619047,0.332408435072142,0.27125,0.3571428571428571
0.9189189189189192,0.094094094094094,0.0,0.0148272198253218,0.0,0.0,0.0,0.0
0.8648648648648631,0.0615615615615615,0.0,0.0050486007788325,0.0,0.0,0.0,0.0
0.8108108108108141,0.034034034034034,0.0,0.0156745137380234,0.3261904761904761,0.3881798002219755,0.246975,0.5
0.9729729729729756,0.064064064064064,0.0,0.0105907502618137,0.0,0.0,0.0,0.0
0.8648648648648631,0.029029029029029,0.0,0.0211819241705839,0.5414285714285714,0.220865704772475,0.1182499999999999,0.3571428571428571
0.7297297297297334,0.0265265265265265,0.0,0.0296548632976,0.0,0.0,0.0,0.0
0.7027027027027017,0.0115115115115115,0.0,0.0508372111151403,0.4571428571428571,0.4053829078801332,0.1624999999999999,0.3571428571428571
0.9189189189189192,0.026026026026026,0.0,0.0211819241705839,0.5023809523809524,0.2258601553829078,0.138,0.3571428571428571
0.9459459459459438,0.0455455455455455,0.0,0.005506986785604,0.0,0.0,0.0,0.0
0.6486486486486527,0.0049308308308308,0.0,0.0440588598135275,0.4095238095238094,0.3873473917869034,0.13375,0.3571428571428571
0.8648648648648631,0.035035035035035,0.0,0.0127089850435678,0.4499999999999999,0.3321309655937847,0.20465,0.3571428571428571
0.9189189189189192,0.0725725725725726,0.0,0.0296548632976,0.4402380952380951,0.4142619311875694,0.25,0.5
0.9189189189189192,0.061061061061061,0.0,0.0131326319999185,0.6047619047619047,0.3290788013318535,0.184925,0.3571428571428571
0.567567567567572,0.008008008008008,0.0,0.0254183937340919,0.469047619047619,0.220865704772475,0.11575,0.3571428571428571
0.7297297297297334,0.1191191191191191,0.0,0.0148272198253218,0.2602380952380952,0.6928412874583796,0.51,0.3571428571428571
0.9729729729729756,0.064064064064064,0.0,0.0042360459165516,0.505,0.3321309655937847,0.2045,0.3571428571428571
0.9459459459459438,0.094094094094094,0.0,0.0127089850435678,0.0,0.0,0.0,0.0
0.8918918918918948,0.099099099099099,0.0,0.0474480354643339,0.3666666666666666,0.5541065482796892,0.3,0.5
0.9459459459459438,0.0780780780780781,0.0,0.0207582772142331,0.0,0.0,0.0,0.0
0.9459459459459438,0.0275275275275275,0.0,0.0059306337419549,0.0,0.0,0.0,0.0
0.8378378378378386,0.0315315315315315,0.0,0.0603692676330335,0.4642857142857142,0.3462819089900111,0.1875,0.3571428571428571
0.8918918918918948,0.0025025025025025,0.0157325464345974,0.0101671033054629,0.0,0.0,0.0,0.0
0.9459459459459438,0.0470470470470471,0.0,0.0086313830886912,0.4973809523809523,0.3321309655937847,0.2045,0.3571428571428571
0.8108108108108141,0.039039039039039,0.0,0.0453298006825799,0.0,0.0,0.0,0.0
0.8918918918918948,0.1036035035035035,0.0,0.027536628515846,0.0,0.0,0.0,0.0
0.7567567567567579,0.019019019019019,0.0,0.0847289676232049,0.4047619047619047,0.3898446170921198,0.1775,0.3571428571428571
0.8648648648648631,0.03003003003003,0.0,0.0152190932599463,0.0,0.0,0.0,0.0
0.6486486486486527,0.017017017017017,0.0,0.0792215571906444,0.4571428571428571,0.4053829078801332,0.1624999999999999,0.3571428571428571
0.8918918918918948,0.074074074074074,0.0,0.0286381106023581,0.3526190476190476,0.5543840177580466,0.40925,0.3571428571428571
0.8648648648648631,0.0485485485485485,0.0,0.0127089850435678,0.4428571428571429,0.3321309655937847,0.204575,0.3571428571428571
0.8378378378378386,0.0405405405405405,0.0,0.0305021572103016,0.4428571428571429,0.3321309655937847,0.204575,0.3571428571428571
0.9459459459459438,0.0770770770770771,0.0,0.0105907502618137,0.0,0.0,0.0,0.0
0.567567567567572,0.0045045045045045,0.0,0.0381278024246162,0.4,0.3898446170921198,0.155,0.3571428571428571
0.8648648648648631,0.0155155155155155,0.0,0.0105907502618137,0.6047619047619047,0.1731409544950055,0.09375,0.2857142857142857
0.8918918918918948,0.0520520520520521,0.1628485130688691,0.0023143833225444,0.0,0.0,0.0,0.0
0.8108108108108141,0.074074074074074,0.0,0.0336066421064403,0.3092857142857143,0.6920088790233074,0.2515,0.5
0.7297297297297334,0.017017017017017,0.0,0.0508372111151403,0.4047619047619047,0.3898446170921198,0.1775,0.3571428571428571
0.7027027027027017,0.0135135135135135,0.0,0.0635466198056646,0.5023809523809524,0.3462819089900111,0.18475,0.3571428571428571
0.9189189189189192,0.2617617617617618,0.0,0.0038123989602008,0.3238095238095237,0.554661487236404,0.4425,0.3571428571428571
0.9729729729729756,0.1091091091091091,0.0,0.0211819241705839,0.5214285714285714,0.4156492785793563,0.2465,0.5
0.9729729729729756,0.094094094094094,0.0,0.0072015746110072,0.4761904761904761,0.4153718091009989,0.2875,0.3571428571428571
0.8378378378378386,0.0455455455455455,0.0,0.0381278024246162,0.557142857142857,0.3462819089900111,0.185,0.3571428571428571
0.8648648648648631,0.0361361361361361,0.0,0.0169454546070758,0.4333333333333333,0.3326859045504994,0.206,0.3571428571428571
0.7567567567567579,0.011011011011011,0.0,0.0254183937340919,0.4428571428571429,0.3326859045504994,0.1985,0.3571428571428571
0.9459459459459438,0.0525525525525525,0.0,0.0088961624364105,0.4321428571428571,0.332408435072142,0.205,0.4285714285714285
0.7027027027027017,0.012012012012012,0.0,0.0381278024246162,0.4523809523809523,0.2769145394006659,0.16525,0.3571428571428571
0.7837837837837824,0.059059059059059,0.0,0.0847289676232049,0.0,0.0,0.0,0.0
0.7297297297297334,0.021021021021021,0.0,0.0423642719881242,0.5023809523809524,0.3462819089900111,0.18475,0.3571428571428571
0.567567567567572,0.0132132132132132,0.0,0.0309258041666524,0.0,0.0,0.0,0.0
0.7297297297297334,0.0245244244244244,0.0,0.0381278024246162,0.0,0.0,0.0,0.0
0.8648648648648631,0.1391391391391391,0.0,0.0720195589326807,0.3092857142857143,0.6920088790233074,0.2515,0.5
0.6756756756756772,0.014014014014014,0.0,0.0211819241705839,0.0,0.0,0.0,0.0
0.7297297297297334,0.0138138138138138,0.0,0.0423642719881242,0.0,0.0,0.0,0.0
0.8918918918918948,0.023023023023023,0.0,0.0211819241705839,0.5414285714285714,0.220865704772475,0.1182499999999999,0.3571428571428571
0.8918918918918948,0.029029029029029,0.0,0.0063542806983056,0.4428571428571429,0.3326859045504994,0.192,0.3571428571428571
0.5945945945945965,0.014014014014014,0.0,0.0635466198056646,0.4499999999999999,0.2769145394006659,0.1677499999999999,0.3571428571428571
0.8918918918918948,0.011011011011011,0.049130568349591,0.0025414580911484,0.0,0.0,0.0,0.0
0.9729729729729756,0.073073073073073,0.0,0.0160981606943742,0.6761904761904761,0.3462819089900111,0.185,0.3571428571428571
0.8648648648648631,0.044044044044044,0.0,0.0296548632976,0.0,0.0,0.0,0.0
0.8918918918918948,0.049049049049049,0.0,0.0169454546070758,0.0,0.0,0.0,0.0
0.8918918918918948,0.069069069069069,0.0,0.0125395262610275,0.0,0.0,0.0,0.0
0.8378378378378386,0.059059059059059,0.0,0.0211819241705839,0.557142857142857,0.3462819089900111,0.185,0.3571428571428571
0.7567567567567579,0.029029029029029,0.0,0.0584628563294549,0.4047619047619047,0.3321309655937847,0.2,0.3571428571428571
0.8918918918918948,0.2892892892892893,0.0,0.0050833398292532,0.4314285714285714,0.5535516093229745,0.475,0.3571428571428571
0.8648648648648631,0.0365365365365365,0.0,0.0254183937340919,0.4571428571428571,0.3013318534961154,0.1701249999999999,0.3571428571428571
0.8918918918918948,0.2492492492492493,0.0,0.0127089850435678,0.3740476190476191,0.5543840177580466,0.4725,0.3571428571428571
0.8918918918918948,0.0635635635635635,0.0,0.0046596928729024,0.3404761904761905,0.4433962264150943,0.25875,0.3571428571428571
1.0,0.1091091091091091,0.0,0.0004232233093944,0.0,0.0,0.0,0.0
0.7297297297297334,0.039039039039039,0.0,0.0550736806786484,0.0,0.0,0.0,0.0
0.8918918918918948,0.025025025025025,0.0,0.0508372111151403,0.5702380952380952,0.2769145394006659,0.167625,0.3571428571428571
0.8918918918918948,0.053053053053053,0.0,0.0065661041764811,0.3995238095238095,0.4150943396226415,0.221825,0.3571428571428571
0.7567567567567579,0.0311311311311311,0.0,0.034423857085241,0.0,0.0,0.0,0.0
1.0,0.064064064064064,0.0,0.0030921991344045,0.5002380952380953,0.3321309655937847,0.2045,0.3571428571428571
0.7567567567567579,0.024024024024024,0.0,0.0508372111151403,0.0,0.0,0.0,0.0
0.8648648648648631,0.2292292292292292,0.8448801669556079,0.0169454546070758,0.0,0.0,0.0,0.0
0.9459459459459438,0.0930930930930931,0.0,0.0011222407873732,0.0,0.0,0.0,0.0
0.9459459459459438,0.048048048048048,0.0,0.0105907502618137,0.5676190476190476,0.3326859045504994,0.2099999999999999,0.3571428571428571
0.9189189189189192,0.064064064064064,0.0,0.0296548632976,0.4166666666666666,0.3809655937846837,0.22775,0.5
0.8648648648648631,0.0072072072072072,0.0,0.0080488685237088,0.0,0.0,0.0,0.0
0.7297297297297334,0.019019019019019,0.0,0.0423642719881242,0.4476190476190476,0.3462819089900111,0.2249999999999999,0.3571428571428571
0.9189189189189192,0.0615615615615615,0.0,0.0108186723243304,0.3995238095238095,0.4150943396226415,0.221825,0.3571428571428571
0.9729729729729756,0.049049049049049,0.0,0.0042360459165516,0.4528571428571428,0.332408435072142,0.167625,0.3571428571428571
0.9189189189189192,0.2567567567567568,0.0,0.0152508667816726,0.0,0.0,0.0,0.0
0.8648648648648631,0.055055055055055,0.0,0.0504135641587896,0.569047619047619,0.4389567147613762,0.3155,0.3571428571428571
0.7837837837837824,0.054054054054054,0.0,0.0466007415516323,0.4945238095238095,0.3462819089900111,0.2219,0.5
0.7297297297297334,0.0215215215215215,0.0,0.0423642719881242,0.4238095238095238,0.3881798002219755,0.17,0.3571428571428571
0.8648648648648631,0.059059059059059,0.0,0.0529554458968944,0.5009523809523809,0.4053829078801332,0.2095,0.5714285714285714
0.7297297297297334,0.034034034034034,0.0,0.0508372111151403,0.4047619047619047,0.4153718091009989,0.295,0.3571428571428571
0.7027027027027017,0.1091091091091091,0.0,0.0254183937340919,0.3826190476190476,0.5535516093229745,0.4525,0.3571428571428571
0.7297297297297334,0.021021021021021,0.0,0.040669684162721,0.0,0.0,0.0,0.0
0.8108108108108141,0.02002002002002,0.0,0.0407849161348484,0.6057142857142858,0.2597114317425083,0.144,0.3571428571428571
0.8378378378378386,0.027027027027027,0.0,0.0254183937340919,0.5476190476190476,0.3462819089900111,0.22175,0.3571428571428571
0.9729729729729756,0.0665665665665665,0.0,0.0021178111347976,0.5095238095238095,0.3321309655937847,0.20775,0.3571428571428571
0.8108108108108141,0.024024024024024,0.0,0.0338913328611081,0.4545238095238095,0.3898446170921198,0.172525,0.3571428571428571
0.7297297297297334,0.074074074074074,0.0,0.1059113154407452,0.3047619047619048,0.6920088790233074,0.255,0.5
0.9189189189189192,0.032032032032032,0.0,0.0381278024246162,0.3659523809523809,0.3318534961154273,0.1825,0.3571428571428571
0.8918918918918948,0.2092092092092092,0.0,0.0360095676428621,0.3004761904761904,0.6098779134295228,0.395,0.5
0.8918918918918948,0.039039039039039,0.0,0.0288075693848984,0.4619047619047618,0.332408435072142,0.2169999999999999,0.3571428571428571
0.9729729729729756,0.5395395395395396,0.0,0.0031769285256746,0.3995238095238095,0.5535516093229745,0.475,0.3571428571428571
0.7027027027027017,0.007007007007007,0.0,0.0381278024246162,0.0,0.0,0.0,0.0
0.9459459459459438,0.1591591591591591,0.0,0.0059306337419549,0.4071428571428571,0.5427302996670367,0.425,0.3571428571428571
0.9189189189189192,0.089089089089089,0.0,0.0169454546070758,0.5157142857142857,0.4156492785793563,0.2715,0.3571428571428571
0.8918918918918948,0.027027027027027,0.0,0.0423642719881242,0.6028571428571429,0.332408435072142,0.1925,0.4285714285714285
0.9189189189189192,0.063063063063063,0.0,0.0381278024246162,0.3928571428571428,0.4142619311875694,0.175,0.5
0.9729729729729756,0.5795795795795796,0.0,0.0031769285256746,0.3995238095238095,0.5535516093229745,0.475,0.3571428571428571
0.9189189189189192,0.0425424424424424,0.0,0.0068910413920021,0.0,0.0,0.0,0.0
0.8378378378378386,0.024024024024024,0.0,0.0381278024246162,0.0,0.0,0.0,0.0
0.7567567567567579,0.0155155155155155,0.0,0.0254183937340919,0.0,0.0,0.0,0.0
0.7567567567567579,0.015015015015015,0.0,0.0254183937340919,0.4716666666666666,0.3013318534961154,0.1701249999999999,0.3571428571428571
0.9459459459459438,0.044044044044044,0.0,0.0148272198253218,0.4833333333333333,0.3326859045504994,0.2099999999999999,0.3571428571428571
0.8648648648648631,0.059059059059059,0.0,0.0466007415516323,0.6240476190476191,0.3462819089900111,0.22125,0.3571428571428571
0.9729729729729756,0.069069069069069,0.0,0.0080488685237088,0.4428571428571429,0.3321309655937847,0.20465,0.3571428571428571
0.8108108108108141,0.036036036036036,0.0,0.0381278024246162,0.5452380952380952,0.3462819089900111,0.185,0.3571428571428571
0.7567567567567579,0.0035035035035035,0.0,0.0042360459165516,0.6190476190476191,0.1731409544950055,0.0875,0.2857142857142857
0.8108108108108141,0.024024024024024,0.0,0.0423642719881242,0.5611904761904761,0.3873473917869034,0.175,0.3571428571428571
0.9189189189189192,0.0650650650650651,0.0,0.0127089850435678,0.6,0.3462819089900111,0.185,0.3571428571428571
0.4594594594594596,0.0055055055055055,0.0,0.0381278024246162,0.0,0.0,0.0,0.0
0.8648648648648631,0.0045045045045045,0.023185212030144,0.0245710998213903,0.0,0.0,0.0,0.0
0.7837837837837824,0.021021021021021,0.0,0.0317730980793541,0.5495238095238094,0.4053829078801332,0.1578,0.3571428571428571
0.7027027027027017,0.024024024024024,0.0,0.0203346302578822,0.0,0.0,0.0,0.0
0.9189189189189192,0.0485485485485485,0.0,0.0237238059086887,0.6149999999999999,0.4156492785793563,0.2475,0.3571428571428571
0.8108108108108141,0.0165165165165165,0.0,0.0321967450357049,0.6057142857142858,0.2597114317425083,0.144,0.3571428571428571
0.8378378378378386,0.0815815815815815,0.0,0.0699013241509267,0.3595238095238094,0.6046059933407325,0.35,0.5
0.9459459459459438,0.048048048048048,0.0,0.0118616911308661,0.3833333333333333,0.3321309655937847,0.2125,0.3571428571428571
0.9459459459459438,0.2542542542542543,0.0,0.0076252215673581,0.3580952380952381,0.552441731409545,0.4575,0.3571428571428571
0.9729729729729756,0.099099099099099,0.0,0.0305021572103016,0.6071428571428571,0.4156492785793563,0.2465,0.3571428571428571
0.7837837837837824,0.03003003003003,0.0,0.0392657181493744,0.0,0.0,0.0,0.0
0.9459459459459438,0.0754754754754755,0.0,0.0105907502618137,0.4935714285714285,0.3809655937846837,0.22775,0.3571428571428571
0.8648648648648631,0.074074074074074,0.0,0.0296548632976,0.0,0.0,0.0,0.0
0.7567567567567579,0.1366366366366366,0.0,0.0254183937340919,0.0,0.0,0.0,0.0
0.9459459459459438,0.0720720720720721,0.0,0.0254183937340919,0.6761904761904761,0.3462819089900111,0.18505,0.3571428571428571
0.9459459459459438,0.094094094094094,0.0,0.0216055711269347,0.5976190476190476,0.3462819089900111,0.22125,0.3571428571428571
0.7837837837837824,0.0265265265265265,0.0,0.0393987432936686,0.4047619047619047,0.3321309655937847,0.2,0.3571428571428571
0.7837837837837824,0.017017017017017,0.0,0.0338913328611081,0.469047619047619,0.220865704772475,0.11575,0.3571428571428571
0.6756756756756772,0.024024024024024,0.0,0.0381278024246162,0.4595238095238095,0.3462819089900111,0.18475,0.3571428571428571
0.8108108108108141,0.0605605605605605,0.0,0.0508372111151403,0.5404761904761904,0.4389567147613762,0.3156,0.3571428571428571
0.8378378378378386,0.0196196196196196,0.0,0.0508372111151403,0.5414285714285714,0.220865704772475,0.1182499999999999,0.3571428571428571
0.7837837837837824,0.017017017017017,0.0,0.0169454546070758,0.0,0.0,0.0,0.0
0.7027027027027017,0.032032032032032,0.0,0.0762560284961888,0.3238095238095237,0.552441731409545,0.355,0.3571428571428571
0.621621621621621,0.0115115115115115,0.0,0.0847289676232049,0.3119047619047618,0.5541065482796892,0.35275,0.3571428571428571
0.7837837837837824,0.0565565565565565,0.0,0.0508372111151403,0.2869047619047619,0.6046059933407325,0.3,0.5714285714285714
0.9459459459459438,0.069069069069069,0.0,0.0127089850435678,0.4428571428571429,0.3321309655937847,0.204575,0.3571428571428571
0.8378378378378386,0.024024024024024,0.0,0.0423642719881242,0.0,0.0,0.0,0.0
0.8108108108108141,0.035035035035035,0.0,0.0610047380675597,0.5214285714285714,0.3873473917869034,0.2219999999999999,0.3571428571428571
0.8918918918918948,0.0780780780780781,0.0,0.0508372111151403,0.5838095238095238,0.3462819089900111,0.22125,0.5
0.7837837837837824,0.051051051051051,0.0,0.0309258041666524,0.4945238095238095,0.3462819089900111,0.2219,0.5
0.7297297297297334,0.0211211211211211,0.0,0.0216055711269347,0.0,0.0,0.0,0.0
0.7837837837837824,0.0185185185185185,0.0,0.0693590560467977,0.4404761904761904,0.3881798002219755,0.17,0.3571428571428571
0.9189189189189192,0.054054054054054,0.0,0.0041292868835512,0.0,0.0,0.0,0.0
0.9729729729729756,0.034034034034034,0.0,0.0063542806983056,0.0,0.0,0.0,0.0
0.9189189189189192,0.0400399399399399,0.0,0.0199109833015315,0.4883333333333333,0.2769145394006659,0.1676,0.3571428571428571
0.9729729729729756,0.051051051051051,0.0,0.0059306337419549,0.4833333333333333,0.3326859045504994,0.2099999999999999,0.3571428571428571
0.7567567567567579,0.039039039039039,0.0,0.0423642719881242,0.5314285714285714,0.4389567147613762,0.3157999999999999,0.3571428571428571
0.9459459459459438,0.096095995995996,0.0,0.009265158935392,0.5119047619047619,0.4153718091009989,0.27125,0.3571428571428571
0.8648648648648631,0.059059059059059,0.0,0.0296548632976,0.6190476190476191,0.4156492785793563,0.2465,0.3571428571428571
0.8378378378378386,0.024024024024024,0.0,0.0169454546070758,0.5414285714285714,0.220865704772475,0.1182499999999999,0.3571428571428571
0.8108108108108141,0.044044044044044,0.0,0.0004232233093944,0.0,0.0,0.0,0.0
0.9459459459459438,0.059059059059059,0.0,0.0295612373202465,0.5238095238095237,0.3321309655937847,0.2045,0.3571428571428571
0.8648648648648631,0.019019019019019,0.0,0.0296548632976,0.0,0.0,0.0,0.0
0.9729729729729756,0.5395395395395396,0.0,0.0031769285256746,0.3995238095238095,0.5535516093229745,0.475,0.3571428571428571
0.8108108108108141,0.031031031031031,0.0,0.0132923469024628,0.4404761904761904,0.3321309655937847,0.207125,0.3571428571428571
0.7297297297297334,0.0236236236236236,0.0,0.0508372111151403,0.4476190476190476,0.3462819089900111,0.2249999999999999,0.3571428571428571
0.7837837837837824,0.0215215215215215,0.0,0.0169454546070758,0.469047619047619,0.220865704772475,0.11575,0.3571428571428571
0.8918918918918948,0.079079079079079,0.0,0.0338913328611081,0.5045238095238095,0.3873473917869034,0.221825,0.3571428571428571
0.621621621621621,0.0045045045045045,0.0,0.0851526145795557,0.4238095238095238,0.3881798002219755,0.17,0.3571428571428571
0.8648648648648631,0.0415415415415415,0.0,0.0317730980793541,0.4885714285714285,0.3321309655937847,0.2045,0.3571428571428571
0.7297297297297334,0.026026026026026,0.0,0.0381278024246162,0.4357142857142857,0.552441731409545,0.36975,0.3571428571428571
0.7297297297297334,0.0193192192192192,0.0,0.066935795456471,0.4476190476190476,0.3462819089900111,0.2249999999999999,0.3571428571428571
0.8918918918918948,0.4084084084084084,0.0,0.0296548632976,0.2857142857142857,0.8288013318534961,0.56,0.5
0.9189189189189192,0.0315315315315315,0.0,0.0069897511328319,0.5478571428571428,0.2771920088790233,0.1674999999999999,0.3571428571428571
0.621621621621621,0.014014014014014,0.0,0.0338913328611081,0.3214285714285714,0.4991675915649278,0.325,0.3571428571428571
0.7837837837837824,0.024024024024024,0.0,0.0508372111151403,0.3671428571428571,0.3898446170921198,0.175,0.5
0.8648648648648631,0.0065065065065065,0.0226331831722835,0.0076252215673581,0.0,0.0,0.0,0.0
0.9729729729729756,0.5395395395395396,0.0,0.0031769285256746,0.3995238095238095,0.5535516093229745,0.475,0.3571428571428571
0.621621621621621,0.0085085085085085,0.0,0.0466007415516323,0.0,0.0,0.0,0.0
0.8648648648648631,0.1091091091091091,0.0,0.0296548632976,0.3666666666666666,0.6046059933407325,0.3,0.5
0.8108108108108141,0.059059059059059,0.0,0.0395186353823159,0.0,0.0,0.0,0.0
0.8108108108108141,0.0345345345345345,0.0,0.0576155624167533,0.4333333333333333,0.3462819089900111,0.1845,0.5
0.9729729729729756,0.0470470470470471,0.0,0.0032192932213097,0.5149999999999999,0.2769145394006659,0.1674999999999999,0.3571428571428571
0.7027027027027017,0.01001001001001,0.0,0.0211819241705839,0.0,0.0,0.0,0.0
0.9459459459459438,0.061061061061061,0.0,0.0296548632976,0.6047619047619047,0.3290788013318535,0.184925,0.3571428571428571
0.8918918918918948,0.03003003003003,0.0,0.0116498676526907,0.5992857142857143,0.2216981132075471,0.1332499999999999,0.3571428571428571
0.7027027027027017,0.011011011011011,0.0,0.0508372111151403,0.4047619047619047,0.3898446170921198,0.1775,0.3571428571428571
0.6486486486486527,0.009009009009009,0.0,0.0381278024246162,0.5611904761904761,0.3873473917869034,0.175,0.3571428571428571
0.8108108108108141,0.074074074074074,0.0,0.0177876647563012,0.0,0.0,0.0,0.0
0.8918918918918948,0.059059059059059,0.0,0.0258420406904428,0.0,0.0,0.0,0.0
0.7837837837837824,0.039039039039039,0.0,0.0296548632976,0.0,0.0,0.0,0.0
0.9189189189189192,0.1502502502502503,0.0,0.0135562789562694,0.3880952380952381,0.5427302996670367,0.425,0.3571428571428571
0.9189189189189192,0.0155155155155155,0.049130568349591,0.0016941641784468,0.0,0.0,0.0,0.0
0.8378378378378386,0.004004004004004,0.0242892697458652,0.00338875200385,0.0,0.0,0.0,0.0
0.7027027027027017,0.012012012012012,0.0,0.0296548632976,0.0,0.0,0.0,0.0
0.9189189189189192,0.0744744744744745,0.0,0.0169454546070758,0.6761904761904761,0.3462819089900111,0.18505,0.3571428571428571
0.9189189189189192,0.0168168168168168,0.0,0.0148272198253218,0.0,0.0,0.0,0.0
0.8108108108108141,0.0236236236236236,0.0,0.0237238059086887,0.5261904761904762,0.3462819089900111,0.185,0.3571428571428571
0.8648648648648631,0.029029029029029,0.0,0.0042360459165516,0.5992857142857143,0.2216981132075471,0.1332499999999999,0.3571428571428571
0.9189189189189192,0.079079079079079,0.0,0.0296548632976,0.5838095238095238,0.3462819089900111,0.22125,0.5
0.7567567567567579,0.054054054054054,0.0,0.0338913328611081,0.0,0.0,0.0,0.0
0.9459459459459438,0.0391391391391391,0.0,0.0043207753078218,0.0,0.0,0.0,0.0
0.9729729729729756,0.1241241241241241,0.0,0.0027914097953954,0.0,0.0,0.0,0.0
0.7027027027027017,0.0285285285285285,0.0,0.0826107328414509,0.3523809523809524,0.6933962264150944,0.2,0.7142857142857142
0.7837837837837824,0.0545545545545546,0.0,0.0466007415516323,0.0,0.0,0.0,0.0
0.8378378378378386,0.06006006006006,0.0,0.0088961624364105,0.3814285714285714,0.3809655937846837,0.23425,0.5
0.7297297297297334,0.0311311311311311,0.0,0.0254183937340919,0.4,0.4153718091009989,0.295,0.3571428571428571
0.8378378378378386,0.0555555555555555,0.0,0.0296548632976,0.4428571428571429,0.3321309655937847,0.204575,0.3571428571428571
0.7567567567567579,0.0265265265265265,0.0,0.0457534476389307,0.0,0.0,0.0,0.0
0.8918918918918948,0.079079079079079,0.0,0.0336795093829327,0.3666666666666666,0.6046059933407325,0.3,0.5
0.7837837837837824,0.029029029029029,0.0,0.0381278024246162,0.5152380952380953,0.4053829078801332,0.2119999999999999,0.3571428571428571
0.9189189189189192,0.049049049049049,0.0,0.0338913328611081,0.5157142857142857,0.4156492785793563,0.27155,0.3571428571428571
0.8648648648648631,0.0501501501501501,0.0,0.0127089850435678,0.4964285714285714,0.3321309655937847,0.2078499999999999,0.3571428571428571
0.7027027027027017,0.02002002002002,0.0,0.0461770945952815,0.0,0.0,0.0,0.0
0.8918918918918948,0.0041041041041041,0.0259453563194469,0.0101671033054629,0.0,0.0,0.0,0.0
0.9729729729729756,0.0425424424424424,0.0,0.0082606920018843,0.4833333333333333,0.3013318534961154,0.1701749999999999,0.3571428571428571
0.9189189189189192,0.069069069069069,0.0,0.0173292787495297,0.5157142857142857,0.4156492785793563,0.27155,0.3571428571428571
0.8378378378378386,0.048048048048048,0.246480885034746,0.0351622737301605,0.0,0.0,0.0,0.0
0.9729729729729756,0.0685685685685685,0.0,0.0155897843467532,0.4795238095238095,0.4156492785793563,0.2199999999999999,0.3571428571428571
0.8918918918918948,0.1841841841841842,0.0,0.0139799259126202,0.3257142857142857,0.663984461709212,0.3695,0.5
0.7297297297297334,0.0184184184184184,0.0,0.2446192600073883,0.4499999999999999,0.2943951165371809,0.1674999999999999,0.3571428571428571
0.8648648648648631,0.0455455455455455,0.0,0.0550736806786484,0.0,0.0,0.0,0.0
0.7297297297297334,0.0185185185185185,0.1090256994274632,0.0188696590828212,0.0,0.0,0.0,0.0
0.8378378378378386,0.031031031031031,0.0,0.0254183937340919,0.0,0.0,0.0,0.0
0.7027027027027017,0.015015015015015,0.0,0.0338913328611081,0.4499999999999999,0.2769145394006659,0.1677499999999999,0.3571428571428571
0.7567567567567579,0.027027027027027,0.0,0.0508372111151403,0.3238095238095237,0.7000554938956715,0.1574999999999999,0.5
0.9459459459459438,0.029029029029029,0.0,0.0105907502618137,0.0,0.0,0.0,0.0
0.9729729729729756,0.5495495495495496,0.0,0.0036005754820254,0.3995238095238095,0.5535516093229745,0.475,0.3571428571428571
0.9189189189189192,0.049049049049049,0.0,0.0182163954761283,0.4964285714285714,0.3321309655937847,0.2078499999999999,0.3571428571428571
0.7567567567567579,0.039039039039039,0.0,0.0254183937340919,0.0,0.0,0.0,0.0
0.7837837837837824,0.016016016016016,0.0,0.0254183937340919,0.4833333333333333,0.3462819089900111,0.1875,0.3571428571428571
0.7567567567567579,0.044044044044044,0.0,0.0542263867659468,0.5314285714285714,0.4389567147613762,0.3157999999999999,0.3571428571428571
0.9459459459459438,0.0285285285285285,0.0,0.0084725154800597,0.588095238095238,0.220865704772475,0.1182499999999999,0.3571428571428571
0.7567567567567579,0.049049049049049,0.0,0.0148272198253218,0.4047619047619047,0.4153718091009989,0.295,0.3571428571428571
0.7837837837837824,0.034034034034034,0.0,0.0614283850239105,0.5452380952380952,0.3462819089900111,0.185,0.3571428571428571
0.6756756756756772,0.0365365365365365,0.0,0.0423642719881242,0.3214285714285714,0.4991675915649278,0.325,0.3571428571428571
0.9729729729729756,0.0529529529529529,0.0,0.0010235310465435,0.0,0.0,0.0,0.0
0.8918918918918948,0.0641641641641642,0.0,0.0179295864866788,0.5045238095238095,0.3873473917869034,0.2219,0.3571428571428571
0.7567567567567579,0.044044044044044,0.3444660073049979,0.0190636893888299,0.0,0.0,0.0,0.0
0.6756756756756772,0.0115115115115115,0.0,0.0432115659008258,0.0,0.0,0.0,0.0
0.8108108108108141,0.0415415415415415,0.0,0.0096163622622069,0.0,0.0,0.0,0.0
0.9189189189189192,0.034034034034034,0.0,0.0042360459165516,0.0,0.0,0.0,0.0
0.9189189189189192,0.0715715715715715,0.0,0.0027744639171413,0.4333333333333333,0.3326859045504994,0.22175,0.3571428571428571
0.8108108108108141,0.0515515515515515,0.0,0.0317730980793541,0.5314285714285714,0.4389567147613762,0.31575,0.3571428571428571
0.8378378378378386,0.0035035035035035,0.0,0.0029651050474992,0.0,0.0,0.0,0.0
0.7837837837837824,0.054054054054054,0.0,0.0601574441548581,0.0,0.0,0.0,0.0
0.8378378378378386,0.1691691691691692,0.0,0.0338913328611081,0.2988095238095238,0.8274139844617092,0.42125,0.5
0.6486486486486527,0.009009009009009,0.0,0.0296548632976,0.4499999999999999,0.2943951165371809,0.1674999999999999,0.3571428571428571
0.8378378378378386,0.059059059059059,0.0,0.0211819241705839,0.38,0.7000554938956715,0.15525,0.5
0.9189189189189192,0.069069069069069,0.0,0.027536628515846,0.633095238095238,0.3462819089900111,0.185,0.3571428571428571
0.8108108108108141,0.024024024024024,0.0,0.0148272198253218,0.4980952380952381,0.2769145394006659,0.1677499999999999,0.3571428571428571
0.7297297297297334,0.0285285285285285,0.0,0.1059113154407452,0.3316666666666666,0.6046059933407325,0.345,0.5
0.8648648648648631,0.044044044044044,0.0,0.0084725154800597,0.0,0.0,0.0,0.0
0.9459459459459438,0.094094094094094,0.0,0.0338913328611081,0.5476190476190476,0.4156492785793563,0.2473999999999999,0.3571428571428571
0.8108108108108141,0.0155155155155155,0.0,0.0190636893888299,0.5023809523809524,0.2258601553829078,0.138,0.3571428571428571
0.7837837837837824,0.014014014014014,0.0,0.0338913328611081,0.0,0.0,0.0,0.0
0.8648648648648631,0.041041041041041,0.0,0.0487189763333864,0.633095238095238,0.3462819089900111,0.185,0.3571428571428571
0.9189189189189192,0.074074074074074,0.0,0.0169454546070758,0.5785714285714285,0.3462819089900111,0.22125,0.3571428571428571
0.5945945945945965,0.0075075075075075,0.0,0.0338913328611081,0.469047619047619,0.220865704772475,0.11575,0.3571428571428571
0.9459459459459438,0.1291291291291291,0.0,0.0148272198253218,0.419047619047619,0.6046059933407325,0.38465,0.5
0.9189189189189192,0.3193193193193193,0.0,0.0190636893888299,0.4602380952380951,0.554661487236404,0.4425,0.3571428571428571
0.9189189189189192,0.034034034034034,0.0,0.0114380441745153,0.5702380952380952,0.2769145394006659,0.167625,0.3571428571428571
0.9459459459459438,0.0462462462462462,0.0,0.0127089850435678,0.4883333333333333,0.2769145394006659,0.1674999999999999,0.3571428571428571
0.9189189189189192,0.066066066066066,0.0,0.0203346302578822,0.5366666666666666,0.3873473917869034,0.221825,0.3571428571428571
0.5405405405405403,0.012012012012012,0.0,0.0316756592793934,0.0,0.0,0.0,0.0
0.5945945945945965,0.0065065065065065,0.0,0.0296548632976,0.0,0.0,0.0,0.0
0.7567567567567579,0.0261261261261261,0.0,0.0313973232290709,0.0,0.0,0.0,0.0
0.9189189189189192,0.0515515515515515,0.0,0.0080488685237088,0.0,0.0,0.0,0.0
0.8108108108108141,0.019019019019019,0.0,0.0241474528650396,0.5023809523809524,0.2258601553829078,0.138,0.3571428571428571
0.9459459459459438,0.089089089089089,0.0,0.0254183937340919,0.3666666666666666,0.7000554938956715,0.1875,0.5
0.8918918918918948,0.1091091091091091,0.0,0.0398223902500194,0.4683333333333333,0.4389567147613762,0.3155,0.3571428571428571
0.9189189189189192,0.2703703703703703,0.0,0.0038123989602008,0.3238095238095237,0.554661487236404,0.4425,0.3571428571428571
0.8918918918918948,0.2992992992992993,0.0,0.0169454546070758,0.3095238095238095,0.5946170921198668,0.51,0.3571428571428571
0.9189189189189192,0.029029029029029,0.0,0.0042360459165516,0.5023809523809524,0.2258601553829078,0.138,0.3571428571428571
0.8918918918918948,0.0500499499499499,0.0,0.0508372111151403,0.5809523809523809,0.3107658157602663,0.1775,0.3571428571428571
0.9729729729729756,0.054054054054054,0.0,0.0127089850435678,0.4628571428571428,0.2771920088790233,0.1875,0.3571428571428571
0.7297297297297334,0.0255255255255255,0.0,0.0201499201849133,0.0,0.0,0.0,0.0
0.8648648648648631,0.0565565565565565,0.0,0.0241474528650396,0.633095238095238,0.3462819089900111,0.185,0.3571428571428571
0.9459459459459438,0.059059059059059,0.0,0.027536628515846,0.6047619047619047,0.3290788013318535,0.184925,0.3571428571428571
0.7837837837837824,0.044044044044044,0.0,0.0038123989602008,0.4035714285714285,0.4156492785793563,0.24425,0.3571428571428571
0.9729729729729756,0.0520520520520521,0.0,0.0040242224383762,0.4323809523809523,0.3318534961154273,0.2169999999999999,0.3571428571428571
0.9189189189189192,0.059059059059059,0.0,0.0279602754721968,0.0,0.0,0.0,0.0
0.9459459459459438,0.049049049049049,0.0,0.0021178111347976,0.5676190476190476,0.3326859045504994,0.2099999999999999,0.3571428571428571
0.567567567567572,0.0188188188188188,0.0,0.0466007415516323,0.3047619047619048,0.4142619311875694,0.25,0.3571428571428571
0.9459459459459438,0.0207207207207207,0.0,0.0105907502618137,0.5404761904761904,0.2216981132075471,0.1341,0.3571428571428571
0.8108108108108141,0.039039039039039,0.0,0.0296548632976,0.4404761904761904,0.3321309655937847,0.207125,0.3571428571428571
0.7027027027027017,0.013013013013013,0.0,0.0338913328611081,0.0,0.0,0.0,0.0
0.7297297297297334,0.0095095095095095,0.0,0.0381278024246162,0.0,0.0,0.0,0.0
0.7027027027027017,0.029029029029029,0.0,0.0063542806983056,0.0,0.0,0.0,0.0
0.9729729729729756,0.076976976976977,0.0,0.0029786617501024,0.4523809523809523,0.3326859045504994,0.2219,0.3571428571428571
0.7837837837837824,0.0375375375375375,0.0,0.0220292180832855,0.0,0.0,0.0,0.0
0.9729729729729756,0.049049049049049,0.0,0.0063542806983056,0.0,0.0,0.0,0.0
0.7027027027027017,0.014014014014014,0.0,0.0466007415516323,0.4847619047619047,0.3321309655937847,0.19725,0.3571428571428571
0.8108108108108141,0.0165165165165165,0.0,0.0508372111151403,0.4545238095238095,0.3873473917869034,0.1725,0.3571428571428571
0.8108108108108141,0.0465465465465465,0.0,0.0338913328611081,0.0,0.0,0.0,0.0
0.8648648648648631,0.039039039039039,0.0,0.0466007415516323,0.3559523809523809,0.6906215316315205,0.23425,0.5
0.9459459459459438,0.1042042042042042,0.0,0.0253612013949846,0.3595238095238094,0.6046059933407325,0.382175,0.5
0.8918918918918948,0.039039039039039,0.0,0.0338913328611081,0.4499999999999999,0.3321309655937847,0.205,0.3571428571428571
0.7837837837837824,0.06006006006006,0.0,0.0381278024246162,0.3047619047619048,0.6920088790233074,0.255,0.5714285714285714
0.9189189189189192,0.074074074074074,0.0,0.0122853380872169,0.0,0.0,0.0,0.0
0.8108108108108141,0.035035035035035,0.0,0.088965437186713,0.5214285714285714,0.3873473917869034,0.2219,0.3571428571428571
0.9189189189189192,0.079079079079079,0.0,0.016521807650725,0.5366666666666666,0.3873473917869034,0.221825,0.3571428571428571
0.8378378378378386,0.084084084084084,0.0,0.0508372111151403,0.3595238095238094,0.6046059933407325,0.35,0.5
0.8648648648648631,0.034034034034034,0.0,0.0338913328611081,0.5714285714285714,0.3107658157602663,0.175,0.3571428571428571
0.9459459459459438,0.0765765765765765,0.0,0.0211819241705839,0.4402380952380951,0.4142619311875694,0.25,0.5
0.7837837837837824,0.029029029029029,0.0,0.0508372111151403,0.4404761904761904,0.3321309655937847,0.207125,0.3571428571428571
0.8378378378378386,0.014014014014014,0.0,0.0254183937340919,0.0,0.0,0.0,0.0
0.8648648648648631,0.1391391391391391,0.0,0.0720195589326807,0.3092857142857143,0.6920088790233074,0.2515,0.5
0.8378378378378386,0.0470470470470471,0.0,0.042787918944475,0.0,0.0,0.0,0.0
0.8108108108108141,0.018018018018018,0.0,0.0296548632976,0.5023809523809524,0.2258601553829078,0.138,0.3571428571428571
0.8108108108108141,0.0520520520520521,0.0,0.0377041554682653,0.0,0.0,0.0,0.0
0.8378378378378386,0.0870870870870871,0.0,0.0508372111151403,0.3595238095238094,0.6046059933407325,0.35,0.5
0.8918918918918948,0.0266266266266266,0.0,0.0254183937340919,0.4833333333333333,0.2769145394006659,0.1701249999999999,0.3571428571428571
0.8648648648648631,0.0285285285285285,0.0,0.0381278024246162,0.0,0.0,0.0,0.0
0.8918918918918948,0.1991991991991992,0.0,0.0288452739640137,0.4561904761904761,0.6920088790233074,0.39425,0.3571428571428571
0.7297297297297334,0.017017017017017,0.0,0.0792215571906444,0.4238095238095238,0.3881798002219755,0.17,0.3571428571428571
0.9459459459459438,0.049049049049049,0.0,0.0042360459165516,0.4795238095238095,0.3321309655937847,0.20465,0.3571428571428571
0.7297297297297334,0.029029029029029,0.0,0.0508372111151403,0.3333333333333333,0.693118756936737,0.28,0.5
0.9189189189189192,0.1691691691691692,0.0,0.0317730980793541,0.0,0.0,0.0,0.0
0.7297297297297334,0.0220219219219219,0.0,0.0508372111151403,0.0,0.0,0.0,0.0
0.8648648648648631,0.054054054054054,0.0,0.0254183937340919,0.5366666666666666,0.3873473917869034,0.221825,0.3571428571428571
0.7567567567567579,0.009009009009009,0.0,0.0338913328611081,0.4285714285714285,0.3462819089900111,0.1875,0.3571428571428571
0.621621621621621,0.01001001001001,0.0,0.0508372111151403,0.0,0.0,0.0,0.0
0.4054054054054035,0.02002002002002,0.0,0.0203303937883188,0.0,0.0,0.0,0.0
0.8918918918918948,0.059059059059059,0.0,0.0381278024246162,0.4402380952380951,0.4142619311875694,0.25,0.5
0.9189189189189192,0.2092092092092092,0.0,0.0203346302578822,0.4261904761904761,0.5946170921198668,0.34,0.3571428571428571
0.8378378378378386,0.1191191191191191,0.0,0.0974383763137291,0.3745238095238095,0.5460599334073252,0.435825,0.3571428571428571
0.8648648648648631,0.059059059059059,0.0,0.0211819241705839,0.633095238095238,0.3462819089900111,0.185,0.3571428571428571
0.7027027027027017,0.0132132132132132,0.0,0.0466007415516323,0.4847619047619047,0.3321309655937847,0.19725,0.3571428571428571
0.8918918918918948,0.0295295295295295,0.0,0.0169454546070758,0.5702380952380952,0.2769145394006659,0.167625,0.3571428571428571
0.8108108108108141,0.0215215215215215,0.0,0.0296548632976,0.4619047619047618,0.3898446170921198,0.175,0.3571428571428571
0.7297297297297334,0.029029029029029,0.0,0.0423642719881242,0.3095238095238095,0.6906215316315205,0.2375,0.5714285714285714
0.6756756756756772,0.011011011011011,0.0,0.0176753983128682,0.0,0.0,0.0,0.0
0.8648648648648631,0.0215215215215215,0.0,0.0291231863673798,0.0,0.0,0.0,0.0
0.9459459459459438,0.044044044044044,0.0,0.0338913328611081,0.490952380952381,0.332408435072142,0.1674999999999999,0.5
0.8918918918918948,0.063063063063063,0.0,0.0169454546070758,0.6688095238095237,0.3462819089900111,0.22125,0.3571428571428571
0.4324324324324351,0.005005005005005,0.0,0.0381278024246162,0.0,0.0,0.0,0.0
0.8648648648648631,0.049049049049049,0.0,0.0042360459165516,0.0,0.0,0.0,0.0
0.8648648648648631,0.0895895895895896,0.0,0.0466007415516323,0.3092857142857143,0.6920088790233074,0.2515,0.5
0.8918918918918948,0.0564564564564564,0.0,0.0148272198253218,0.4964285714285714,0.3321309655937847,0.2078499999999999,0.3571428571428571
0.9189189189189192,0.0865865865865865,0.0,0.0127089850435678,0.6761904761904761,0.3462819089900111,0.18505,0.3571428571428571
0.8378378378378386,0.021021021021021,0.0,0.0279602754721968,0.0,0.0,0.0,0.0
0.8648648648648631,0.0565565565565565,0.0,0.0254183937340919,0.0,0.0,0.0,0.0
0.8378378378378386,0.0515515515515515,0.0,0.0317730980793541,0.0,0.0,0.0,0.0
0.6486486486486527,0.009009009009009,0.0,0.0423642719881242,0.0,0.0,0.0,0.0
0.8918918918918948,0.039039039039039,0.0,0.0550736806786484,0.6028571428571429,0.332408435072142,0.1925,0.4285714285714285
0.8378378378378386,0.0245244244244244,0.0,0.0169454546070758,0.4980952380952381,0.2769145394006659,0.1677499999999999,0.3571428571428571
0.7837837837837824,0.042042042042042,0.0,0.0466007415516323,0.4595238095238095,0.3462819089900111,0.18475,0.3571428571428571
0.8378378378378386,0.0315315315315315,0.0,0.0296548632976,0.0,0.0,0.0,0.0
0.7297297297297334,0.029029029029029,0.0,0.0254183937340919,0.4166666666666666,0.3321309655937847,0.2145,0.3571428571428571
0.9459459459459438,0.059059059059059,0.0,0.0105907502618137,0.505,0.3321309655937847,0.2045,0.3571428571428571
0.8108108108108141,0.0220219219219219,0.0,0.0194873363451806,0.4333333333333333,0.3326859045504994,0.2119999999999999,0.3571428571428571
0.8648648648648631,0.074074074074074,0.0,0.0194763215243156,0.0,0.0,0.0,0.0
0.8648648648648631,0.059059059059059,0.0,0.0266893346031444,0.5421428571428571,0.4156492785793563,0.246475,0.3571428571428571
0.8108108108108141,0.034034034034034,0.0,0.0678906956960858,0.0,0.0,0.0,0.0
0.7837837837837824,0.0365365365365365,0.0,0.0381278024246162,0.489047619047619,0.4433962264150943,0.259,0.3571428571428571
0.7837837837837824,0.041041041041041,0.0,0.0402460372063702,0.0,0.0,0.0,0.0
0.8648648648648631,0.039039039039039,0.0,0.0095316328709367,0.4883333333333333,0.2769145394006659,0.1676,0.3571428571428571
0.6756756756756772,0.0165165165165165,0.0,0.027536628515846,0.4499999999999999,0.2769145394006659,0.1677499999999999,0.3571428571428571
0.8108108108108141,0.044044044044044,0.0,0.0508372111151403,0.0,0.0,0.0,0.0
0.9189189189189192,0.029029029029029,0.0,0.0254183937340919,0.490952380952381,0.332408435072142,0.1674999999999999,0.5
0.9189189189189192,0.058058058058058,0.0,0.0415169780754226,0.0,0.0,0.0,0.0
0.7567567567567579,0.099099099099099,0.0,0.0381278024246162,0.3557142857142857,0.5946170921198668,0.51,0.3571428571428571
0.8378378378378386,0.0315315315315315,0.0,0.0127089850435678,0.0,0.0,0.0,0.0
0.6756756756756772,0.017017017017017,0.0,0.0188056883924122,0.4716666666666666,0.3013318534961154,0.1701249999999999,0.3571428571428571
0.9459459459459438,0.0645645645645646,0.0,0.0082606920018843,0.4428571428571429,0.3321309655937847,0.204575,0.3571428571428571
0.9459459459459438,0.084084084084084,0.0,0.0508372111151403,0.4047619047619047,0.7352941176470589,0.2021,0.5
0.8648648648648631,0.053053053053053,0.1683688016474749,0.0133135292502803,0.0,0.0,0.0,0.0
0.9189189189189192,0.0365365365365365,0.0,0.0042360459165516,0.0,0.0,0.0,0.0
0.621621621621621,0.0272272272272272,0.0,0.0542263867659468,0.3,0.552441731409545,0.28,0.5
0.7567567567567579,0.054054054054054,0.0,0.0338913328611081,0.0,0.0,0.0,0.0
0.8648648648648631,0.069069069069069,0.0,0.0105907502618137,0.405,0.4414539400665926,0.3035,0.3571428571428571
0.7567567567567579,0.079079079079079,0.0,0.0834580267541525,0.3047619047619048,0.6920088790233074,0.255,0.5
0.8378378378378386,0.055055055055055,0.0,0.0305021572103016,0.6190476190476191,0.4156492785793563,0.2465,0.3571428571428571
0.7837837837837824,0.012012012012012,0.0,0.0466007415516323,0.3857142857142857,0.2760821309655938,0.15525,0.3571428571428571
0.8378378378378386,0.1191191191191191,0.0,0.0571919154604025,0.0,0.0,0.0,0.0
0.7837837837837824,0.021021021021021,0.0,0.0296548632976,0.5523809523809523,0.3462819089900111,0.1848499999999999,0.3571428571428571
0.7837837837837824,0.013013013013013,0.0,0.0508372111151403,0.5007142857142857,0.4053829078801332,0.1624999999999999,0.3571428571428571
0.6486486486486527,0.014014014014014,0.0,0.0296548632976,0.4333333333333333,0.2943951165371809,0.16,0.3571428571428571
0.7837837837837824,0.034034034034034,0.0,0.0466007415516323,0.5476190476190476,0.3873473917869034,0.2249999999999999,0.3571428571428571
0.7297297297297334,0.014014014014014,0.0,0.0423642719881242,0.469047619047619,0.220865704772475,0.11575,0.3571428571428571
0.9459459459459438,0.1191191191191191,0.0,0.0148272198253218,0.4119047619047619,0.4153718091009989,0.3025,0.5714285714285714
0.8378378378378386,0.0620620620620621,0.0,0.0402460372063702,0.3338095238095238,0.6046059933407325,0.29575,0.5714285714285714
0.5135135135135158,0.0086086086086086,0.0,0.0508372111151403,0.3349999999999999,0.8201997780244173,0.20775,0.5
0.4864864864864842,0.0029029029029029,0.0,0.0178385023910633,0.3833333333333333,0.220865704772475,0.0925,0.2857142857142857
0.9189189189189192,0.0615615615615615,0.0,0.0108186723243304,0.3995238095238095,0.4150943396226415,0.221825,0.3571428571428571
0.8108108108108141,0.1991991991991992,0.0,0.0708430913348945,0.0,0.0,0.0,0.0
0.8378378378378386,0.018018018018018,0.0,0.0466007415516323,0.4545238095238095,0.3898446170921198,0.172525,0.3571428571428571
0.8918918918918948,0.1016016016016016,0.0,0.0296548632976,0.0,0.0,0.0,0.0
0.8108108108108141,0.029029029029029,0.0,0.0296548632976,0.557142857142857,0.3462819089900111,0.185,0.3571428571428571
0.9189189189189192,0.1116116116116116,0.0,0.0199109833015315,0.4683333333333333,0.4389567147613762,0.3155,0.3571428571428571
0.9459459459459438,0.1191191191191191,0.0,0.0254183937340919,0.0,0.0,0.0,0.0
0.8918918918918948,0.1991991991991992,0.0,0.0288452739640137,0.4561904761904761,0.6920088790233074,0.39425,0.3571428571428571
0.8648648648648631,0.054054054054054,0.0,0.0169454546070758,0.5366666666666666,0.3873473917869034,0.221825,0.3571428571428571
0.9189189189189192,0.025025025025025,0.0,0.0127089850435678,0.0,0.0,0.0,0.0
0.8918918918918948,0.039039039039039,0.0,0.0423642719881242,0.5464285714285714,0.3462819089900111,0.185,0.3571428571428571
0.6486486486486527,0.02002002002002,0.0,0.0508372111151403,0.4214285714285714,0.4153718091009989,0.195,0.3571428571428571
0.9459459459459438,0.089089089089089,0.0,0.0169454546070758,0.5476190476190476,0.4156492785793563,0.2473999999999999,0.3571428571428571
0.6756756756756772,0.014014014014014,0.0,0.0381278024246162,0.0,0.0,0.0,0.0
0.8918918918918948,0.026026026026026,0.0,0.0093198093927613,0.0,0.0,0.0,0.0
0.8918918918918948,0.054054054054054,0.0,0.023933087505126,0.4333333333333333,0.3326859045504994,0.22175,0.3571428571428571
0.9459459459459438,0.0450449449449449,0.0,0.0211819241705839,0.4833333333333333,0.3326859045504994,0.2099999999999999,0.3571428571428571
0.9729729729729756,0.1511511511511512,0.0,0.0042360459165516,0.3809523809523809,0.3795782463928968,0.4,0.3571428571428571
0.7567567567567579,0.039039039039039,0.0,0.0321967450357049,0.0,0.0,0.0,0.0
0.7837837837837824,0.0175175175175175,0.0,0.0254183937340919,0.469047619047619,0.220865704772475,0.11575,0.3571428571428571
0.7027027027027017,0.02002002002002,0.0,0.0254183937340919,0.3642857142857142,0.4428412874583796,0.2525,0.3571428571428571
0.8648648648648631,0.1191191191191191,0.0,0.0258420406904428,0.3092857142857143,0.6920088790233074,0.2515,0.5
0.7567567567567579,0.0475474474474474,0.0,0.0419406250317734,0.0,0.0,0.0,0.0
0.9729729729729756,0.3793793793793794,0.0,0.0084725154800597,0.4285714285714285,0.5463374028856826,0.475,0.3571428571428571
0.9459459459459438,0.2467467467467468,0.0,0.0008468702657452,0.4,0.5504994450610433,0.375,0.3571428571428571
0.8648648648648631,0.031031031031031,0.0,0.0316968416272109,0.0,0.0,0.0,0.0
0.8108108108108141,0.0355355355355355,0.0,0.0296548632976,0.5254761904761904,0.3326859045504994,0.18475,0.3571428571428571
0.8108108108108141,0.041041041041041,0.0,0.0088961624364105,0.4499999999999999,0.3321309655937847,0.20465,0.3571428571428571
0.9189189189189192,0.0575575575575575,0.0,0.0361963959506128,0.0,0.0,0.0,0.0
0.7837837837837824,0.0315315315315315,0.0,0.0169454546070758,0.4404761904761904,0.332408435072142,0.2169999999999999,0.3571428571428571
0.8108108108108141,0.054054054054054,0.405189181669661,0.0305021572103016,0.0,0.0,0.0,0.0
0.8108108108108141,0.0425424424424424,0.0,0.0508372111151403,0.5152380952380953,0.4053829078801332,0.2119999999999999,0.3571428571428571
0.9189189189189192,0.074074074074074,0.0,0.0169454546070758,0.0,0.0,0.0,0.0
0.7297297297297334,0.024024024024024,0.0,0.0266893346031444,0.4428571428571429,0.3326859045504994,0.1985,0.3571428571428571
0.9189189189189192,0.0665665665665665,0.0,0.0127089850435678,0.0,0.0,0.0,0.0
0.8108108108108141,0.0365365365365365,0.0,0.027536628515846,0.6761904761904761,0.3462819089900111,0.185,0.3571428571428571
0.7297297297297334,0.084084084084084,0.0,0.0504135641587896,0.0,0.0,0.0,0.0
0.6756756756756772,0.0085085085085085,0.0,0.0338913328611081,0.469047619047619,0.220865704772475,0.11575,0.3571428571428571
0.8108108108108141,0.018018018018018,0.0,0.0508372111151403,0.0,0.0,0.0,0.0
0.9189189189189192,0.039039039039039,0.0,0.0127089850435678,0.6028571428571429,0.332408435072142,0.1925,0.4285714285714285
0.6486486486486527,0.0035035035035035,0.0,0.0423642719881242,0.0,0.0,0.0,0.0
0.7027027027027017,0.008008008008008,0.0,0.0254183937340919,0.4257142857142856,0.3873473917869034,0.132,0.3571428571428571
0.8378378378378386,0.069069069069069,0.0,0.1270936632582856,0.3092857142857143,0.6920088790233074,0.2515,0.5
0.9459459459459438,0.084084084084084,0.0,0.0052951633074286,0.0,0.0,0.0,0.0
0.7837837837837824,0.026026026026026,0.0,0.0457534476389307,0.4238095238095238,0.3881798002219755,0.1674999999999999,0.3571428571428571
0.8378378378378386,0.054054054054054,0.0,0.0466007415516323,0.0,0.0,0.0,0.0
0.7567567567567579,0.034034034034034,0.0,0.0499899172024387,0.5023809523809524,0.3462819089900111,0.18475,0.3571428571428571
0.9459459459459438,0.1041041041041041,0.0,0.005506986785604,0.4047619047619047,0.6104328523862376,0.347525,0.5
0.9459459459459438,0.064064064064064,0.0,0.0161333233917513,0.0,0.0,0.0,0.0
0.567567567567572,0.011011011011011,0.0,0.0423642719881242,0.25,0.6046059933407325,0.3,0.5
0.8648648648648631,0.1191191191191191,0.0,0.0042360459165516,0.3595238095238094,0.6046059933407325,0.35,0.5
0.6486486486486527,0.014014014014014,0.0,0.0338913328611081,0.469047619047619,0.220865704772475,0.11575,0.3571428571428571
0.7027027027027017,0.035035035035035,0.0,0.0254183937340919,0.3571428571428571,0.3873473917869034,0.25,0.3571428571428571
0.9459459459459438,0.038038038038038,0.0,0.0055578244203661,0.5992857142857143,0.2216981132075471,0.1332499999999999,0.3571428571428571
0.9189189189189192,0.1041041041041041,0.0,0.0194873363451806,0.3809523809523809,0.6046059933407325,0.35,0.5
0.8648648648648631,0.1116116116116116,0.0,0.027536628515846,0.0,0.0,0.0,0.0
0.7837837837837824,0.0265265265265265,0.0,0.0084725154800597,0.4499999999999999,0.2769145394006659,0.1677499999999999,0.3571428571428571
0.9729729729729756,0.0475474474474474,0.0,0.0038123989602008,0.0,0.0,0.0,0.0
0.9459459459459438,0.084084084084084,0.0,0.0211819241705839,0.5366666666666666,0.3873473917869034,0.221825,0.3571428571428571
0.9459459459459438,0.036036036036036,0.0,0.0063542806983056,0.0,0.0,0.0,0.0
0.7567567567567579,0.015015015015015,0.0,0.0241474528650396,0.5023809523809524,0.2258601553829078,0.138,0.3571428571428571
0.7567567567567579,0.049049049049049,0.0,0.0421524485099488,0.2738095238095238,0.552441731409545,0.36975,0.5
0.9189189189189192,0.0220219219219219,0.0,0.0338913328611081,0.5404761904761904,0.2216981132075471,0.1325,0.3571428571428571
0.8918918918918948,0.049049049049049,0.0,0.0254183937340919,0.0,0.0,0.0,0.0
0.8918918918918948,0.1286286286286286,0.0,0.0194873363451806,0.2726190476190476,0.7702552719200888,0.493,0.5
0.8648648648648631,0.074074074074074,0.0,0.0508372111151403,0.0,0.0,0.0,0.0
0.7837837837837824,0.029029029029029,0.0,0.0338913328611081,0.3316666666666666,0.6046059933407325,0.34525,0.5
0.5945945945945965,0.007007007007007,0.0,0.0169454546070758,0.469047619047619,0.220865704772475,0.11575,0.3571428571428571
0.8648648648648631,0.1741741741741742,0.0,0.0156745137380234,0.4345238095238095,0.5460599334073252,0.46935,0.3571428571428571
0.8918918918918948,0.042042042042042,0.0,0.0148272198253218,0.0,0.0,0.0,0.0
0.6756756756756772,0.025025025025025,0.0,0.0508372111151403,0.3309523809523809,0.4436736958934517,0.258,0.3571428571428571
0.8378378378378386,0.044044044044044,0.0,0.0338913328611081,0.557142857142857,0.3462819089900111,0.185,0.3571428571428571
0.9189189189189192,0.1141141141141141,0.0,0.0114380441745153,0.4683333333333333,0.4389567147613762,0.3155,0.3571428571428571
0.7837837837837824,0.054054054054054,0.0,0.0393987432936686,0.4945238095238095,0.3462819089900111,0.2219,0.5
0.8378378378378386,0.039039039039039,0.0,0.0508372111151403,0.0,0.0,0.0,0.0
0.8108108108108141,0.044044044044044,0.0,0.0186307221994393,0.6761904761904761,0.3462819089900111,0.185,0.3571428571428571
0.8108108108108141,0.0017017017017016,0.0129726781597234,0.0088961624364105,0.0,0.0,0.0,0.0
0.567567567567572,0.0115115115115115,0.0,0.0466007415516323,0.0,0.0,0.0,0.0
0.6486486486486527,0.029029029029029,0.0,0.0423642719881242,0.0,0.0,0.0,0.0
0.9729729729729756,0.2592592592592593,0.0,0.0046596928729024,0.4595238095238095,0.5460599334073252,0.3525,0.3571428571428571
0.9729729729729756,0.0775775775775776,0.0,0.0038123989602008,0.4428571428571429,0.3321309655937847,0.204575,0.3571428571428571
0.7027027027027017,0.041041041041041,0.0,0.0423642719881242,0.0,0.0,0.0,0.0
0.9729729729729756,0.0915915915915915,0.0,0.0211819241705839,0.0,0.0,0.0,0.0
0.7837837837837824,0.017017017017017,0.0,0.0508372111151403,0.0,0.0,0.0,0.0
0.8378378378378386,0.1371371371371371,0.0,0.0635466198056646,0.3095238095238095,0.8274139844617092,0.42125,0.5
0.9459459459459438,0.044044044044044,0.0,0.0036005754820254,0.0,0.0,0.0,0.0
0.7297297297297334,0.014014014014014,0.0,0.0423642719881242,0.0,0.0,0.0,0.0
0.7297297297297334,0.027027027027027,0.0,0.148276011075826,0.0,0.0,0.0,0.0
0.8918918918918948,0.0555555555555555,0.0,0.0305021572103016,0.0,0.0,0.0,0.0
0.8648648648648631,0.046046046046046,0.0,0.0377041554682653,0.0,0.0,0.0,0.0
0.8108108108108141,0.074074074074074,0.0,0.0336066421064403,0.3092857142857143,0.6920088790233074,0.2515,0.5
0.621621621621621,0.0179179179179179,0.0,0.0393987432936686,0.3833333333333333,0.3321309655937847,0.2125,0.3571428571428571
0.9189189189189192,0.0645645645645646,0.0,0.0533790928532452,0.4402380952380951,0.4142619311875694,0.25,0.5
0.9459459459459438,0.0865865865865865,0.0,0.0105907502618137,0.394047619047619,0.693118756936737,0.2625,0.4285714285714285
0.9189189189189192,0.0765765765765765,0.0,0.0135562789562694,0.5785714285714285,0.3462819089900111,0.22125,0.3571428571428571
0.6486486486486527,0.014014014014014,0.0,0.0338913328611081,0.0,0.0,0.0,0.0
0.9189189189189192,0.0870870870870871,0.0,0.0271129815594952,0.0,0.0,0.0,0.0
0.8648648648648631,0.0441441441441441,0.0,0.0423642719881242,0.0,0.0,0.0,0.0
0.8108108108108141,0.084084084084084,0.0,0.0466007415516323,0.3092857142857143,0.6920088790233074,0.25,0.5714285714285714
0.7567567567567579,0.0220219219219219,0.0,0.0254183937340919,0.0,0.0,0.0,0.0
0.8108108108108141,0.014014014014014,0.0,0.0338913328611081,0.0,0.0,0.0,0.0
0.8648648648648631,0.037037037037037,0.0,0.0072659689483726,0.0,0.0,0.0,0.0
0.9189189189189192,0.0820820820820821,0.0,0.0148272198253218,0.5119047619047619,0.4153718091009989,0.27125,0.3571428571428571
0.6486486486486527,0.089089089089089,0.0,0.0325064309607973,0.0,0.0,0.0,0.0
0.8378378378378386,0.0570570570570571,0.0,0.0296548632976,0.0,0.0,0.0,0.0
0.9729729729729756,0.3793793793793794,0.0,0.0084725154800597,0.4285714285714285,0.5463374028856826,0.475,0.3571428571428571
0.7567567567567579,0.017017017017017,0.0,0.0296548632976,0.4980952380952381,0.2769145394006659,0.1677499999999999,0.3571428571428571
0.9459459459459438,0.0565565565565565,0.0,0.0296548632976,0.4047619047619047,0.332408435072142,0.27125,0.3571428571428571
0.9729729729729756,0.0715715715715715,0.0,0.0072015746110072,0.5809523809523809,0.4156492785793563,0.246575,0.3571428571428571
0.7837837837837824,0.0515515515515515,0.0,0.0571919154604025,0.3316666666666666,0.6046059933407325,0.345075,0.5
0.9459459459459438,0.034034034034034,0.0,0.0169454546070758,0.5992857142857143,0.2216981132075471,0.1332499999999999,0.3571428571428571
0.8378378378378386,0.051051051051051,0.0,0.0296548632976,0.6,0.3462819089900111,0.185,0.3571428571428571
0.7027027027027017,0.023023023023023,0.0,0.0381278024246162,0.5023809523809524,0.3462819089900111,0.18475,0.3571428571428571
0.9729729729729756,0.0915915915915915,0.0,0.0211819241705839,0.5838095238095238,0.3462819089900111,0.22125,0.5
0.8648648648648631,0.1491491491491491,0.0,0.0196618788911972,0.0,0.0,0.0,0.0
0.5945945945945965,0.012012012012012,0.0,0.0593101502421565,0.4499999999999999,0.2769145394006659,0.1677499999999999,0.3571428571428571
0.9189189189189192,0.1941941941941942,0.0,0.0296548632976,0.3880952380952381,0.5427302996670367,0.425,0.3571428571428571
0.5945945945945965,0.0079079079079079,0.0,0.0381278024246162,0.4499999999999999,0.2769145394006659,0.1677499999999999,0.3571428571428571
0.9189189189189192,0.029029029029029,0.0,0.0127089850435678,0.5702380952380952,0.2769145394006659,0.167625,0.3571428571428571
0.7027027027027017,0.0105104104104104,0.0,0.0254183937340919,0.4499999999999999,0.2943951165371809,0.1674999999999999,0.3571428571428571
0.8378378378378386,0.0515515515515515,0.0,0.0466007415516323,0.4945238095238095,0.3462819089900111,0.2219,0.5
0.9189189189189192,0.079079079079079,0.0,0.0254183937340919,0.5421428571428571,0.4156492785793563,0.246475,0.3571428571428571
0.5945945945945965,0.014014014014014,0.0,0.0067177697868546,0.3285714285714285,0.3604328523862375,0.175,0.3571428571428571
0.8918918918918948,0.054054054054054,0.0,0.0508372111151403,0.38,0.7000554938956715,0.15525,0.6428571428571428
0.7297297297297334,0.003003003003003,0.0,0.0381278024246162,0.0,0.0,0.0,0.0
0.8378378378378386,0.044044044044044,0.0,0.0597337971985073,0.0,0.0,0.0,0.0
0.7027027027027017,0.024024024024024,0.0,0.0254183937340919,0.0,0.0,0.0,0.0
0.7567567567567579,0.0355355355355355,0.0,0.027536628515846,0.489047619047619,0.4433962264150943,0.259,0.3571428571428571
0.8918918918918948,0.0315315315315315,0.0,0.0296548632976,0.4628571428571428,0.332408435072142,0.1674999999999999,0.5
0.9459459459459438,0.0565565565565565,0.0,0.0296548632976,0.4916666666666666,0.3462819089900111,0.22175,0.3571428571428571
0.9459459459459438,0.0700700700700701,0.0,0.0177927485197774,0.4428571428571429,0.3321309655937847,0.204575,0.3571428571428571
0.9189189189189192,0.029029029029029,0.0,0.0211819241705839,0.0,0.0,0.0,0.0
0.7297297297297334,0.0455455455455455,0.0,0.0326576729242145,0.3333333333333333,0.6906215316315205,0.2375,0.5714285714285714
0.8108108108108141,0.024024024024024,0.0,0.0466007415516323,0.4761904761904761,0.3881798002219755,0.17025,0.3571428571428571
0.8378378378378386,0.0515515515515515,0.0,0.0508372111151403,0.3595238095238094,0.6046059933407325,0.35,0.5
0.9189189189189192,0.4094094094094094,0.0,0.0072015746110072,0.2261904761904761,1.0,0.7000000000000001,0.3571428571428571
0.8378378378378386,0.0325325325325325,0.0,0.0254183937340919,0.0,0.0,0.0,0.0
0.8378378378378386,0.0446445445445445,0.0,0.0338913328611081,0.4526190476190476,0.4053829078801332,0.271125,0.3571428571428571
0.9459459459459438,0.049049049049049,0.0,0.0084725154800597,0.4499999999999999,0.3321309655937847,0.20465,0.3571428571428571
0.9189189189189192,0.049049049049049,0.0,0.0211819241705839,0.6028571428571429,0.332408435072142,0.1925,0.4285714285714285
0.7027027027027017,0.014014014014014,0.0,0.0466007415516323,0.4071428571428571,0.4142619311875694,0.275,0.3571428571428571
0.9189189189189192,0.064064064064064,0.0,0.0084725154800597,0.0,0.0,0.0,0.0
0.7837837837837824,0.029029029029029,0.1476677194777034,0.0227388267351731,0.0,0.0,0.0,0.0
0.7567567567567579,0.015015015015015,0.0,0.0360095676428621,0.4761904761904761,0.3881798002219755,0.17,0.3571428571428571
0.7297297297297334,0.015015015015015,0.0,0.027536628515846,0.4266666666666667,0.3013318534961154,0.15525,0.3571428571428571
0.6486486486486527,0.0125125125125125,0.0,0.0211819241705839,0.0,0.0,0.0,0.0
0.8918918918918948,0.064064064064064,0.0,0.0529554458968944,0.5421428571428571,0.4156492785793563,0.246475,0.3571428571428571
0.7837837837837824,0.03003003003003,0.0,0.0508372111151403,0.4595238095238095,0.3462819089900111,0.18475,0.3571428571428571
0.9729729729729756,0.0800800800800801,0.0,0.0063542806983056,0.0,0.0,0.0,0.0
0.8378378378378386,0.0565565565565565,0.0,0.0296548632976,0.3233333333333333,0.6933962264150944,0.181,0.6428571428571428
0.7297297297297334,0.074074074074074,0.0,0.0635466198056646,0.2738095238095238,0.8274139844617092,0.4275,0.5
0.8648648648648631,0.064064064064064,0.0,0.0296548632976,0.4945238095238095,0.3462819089900111,0.2219,0.5
0.8918918918918948,0.063063063063063,0.0,0.0308355673649497,0.0,0.0,0.0,0.0
0.9459459459459438,0.066066066066066,0.0,0.0148272198253218,0.5407142857142857,0.4053829078801332,0.2119999999999999,0.3571428571428571
0.8648648648648631,0.0405405405405405,0.0,0.042610410869764,0.6149999999999999,0.4156492785793563,0.2475,0.3571428571428571
0.621621621621621,0.014014014014014,0.0,0.0594372443290617,0.0,0.0,0.0,0.0
0.7837837837837824,0.0255255255255255,0.0,0.0254183937340919,0.4619047619047618,0.332408435072142,0.2169999999999999,0.3571428571428571
0.8918918918918948,0.018018018018018,0.0,0.0296548632976,0.4,0.220865704772475,0.0855,0.5714285714285714
0.5945945945945965,0.0095095095095095,0.0,0.0252637625950239,0.0,0.0,0.0,0.0
0.9189189189189192,0.099099099099099,0.0,0.0127089850435678,0.0,0.0,0.0,0.0
0.7837837837837824,0.03003003003003,0.0,0.036433214599213,0.3333333333333333,0.693118756936737,0.28,0.5714285714285714
0.8918918918918948,0.064064064064064,0.0,0.0148272198253218,0.5095238095238095,0.3321309655937847,0.20775,0.3571428571428571
0.8648648648648631,0.063063063063063,0.0,0.0097434563491121,0.0,0.0,0.0,0.0
0.9189189189189192,0.024024024024024,0.0,0.0194873363451806,0.0,0.0,0.0,0.0
0.8378378378378386,0.025025025025025,0.0,0.0160981606943742,0.0,0.0,0.0,0.0
0.6486486486486527,0.029029029029029,0.0,0.0656648545874186,0.4452380952380952,0.5260821309655938,0.165,0.3571428571428571
0.8108108108108141,0.0400399399399399,0.0,0.0148272198253218,0.4547619047619047,0.3321309655937847,0.2145,0.3571428571428571
0.7837837837837824,0.0315315315315315,0.0,0.0504135641587896,0.0,0.0,0.0,0.0
0.8108108108108141,0.049049049049049,0.0,0.0490227312010899,0.2869047619047619,0.6046059933407325,0.3,0.6428571428571428
0.9729729729729756,0.069069069069069,0.0,0.0067779276546565,0.0,0.0,0.0,0.0
0.8378378378378386,0.049049049049049,0.0,0.0254183937340919,0.557142857142857,0.3462819089900111,0.185,0.3571428571428571
0.8918918918918948,0.059059059059059,0.0,0.0082585737671025,0.0,0.0,0.0,0.0
0.9729729729729756,0.029029029029029,0.0,0.0148272198253218,0.5478571428571428,0.2771920088790233,0.1674999999999999,0.3571428571428571
0.8648648648648631,0.1041041041041041,0.0,0.0254183937340919,0.5102380952380952,0.3784683684794672,0.2179999999999999,0.3571428571428571
0.7027027027027017,0.014014014014014,0.0,0.0466007415516323,0.0,0.0,0.0,0.0
0.8918918918918948,0.1991991991991992,0.0,0.0288452739640137,0.4561904761904761,0.6920088790233074,0.39425,0.3571428571428571
0.9459459459459438,0.3968968968968969,0.0,0.0134715495649992,0.405,0.5460599334073252,0.47,0.3571428571428571
0.8378378378378386,0.0655655655655655,0.0,0.0250413479429397,0.0,0.0,0.0,0.0
0.9189189189189192,0.054054054054054,0.0,0.0254183937340919,0.5714285714285714,0.3290788013318535,0.184925,0.3571428571428571
0.9459459459459438,0.1141141141141141,0.0,0.0148272198253218,0.5238095238095237,0.4389567147613762,0.3155,0.3571428571428571
0.8108108108108141,0.02002002002002,0.0,0.0508372111151403,0.0,0.0,0.0,0.0
0.8108108108108141,0.0465465465465465,0.2633174891850646,0.0182163954761283,0.0,0.0,0.0,0.0
0.6486486486486527,0.011011011011011,0.0,0.0466007415516323,0.3642857142857142,0.3720865704772475,0.2075,0.3571428571428571
0.6486486486486527,0.0115115115115115,0.0,0.0466007415516323,0.0,0.0,0.0,0.0
0.8648648648648631,0.074074074074074,0.0,0.0194763215243156,0.0,0.0,0.0,0.0
0.7837837837837824,0.044044044044044,0.0,0.038197704172414,0.0,0.0,0.0,0.0
0.7837837837837824,0.0255255255255255,0.0,0.0283839224285476,0.5495238095238094,0.4053829078801332,0.1578,0.3571428571428571
0.9729729729729756,0.0885884884884884,0.0,0.0040894640696542,0.4657142857142856,0.3321309655937847,0.2045,0.3571428571428571
0.8108108108108141,0.069069069069069,0.0,0.0323916226356262,0.5314285714285714,0.4389567147613762,0.3157999999999999,0.3571428571428571
0.8108108108108141,0.0209209209209209,0.0,0.0226646885178117,0.0,0.0,0.0,0.0
0.8918918918918948,0.024024024024024,0.0,0.0466007415516323,0.5023809523809524,0.2258601553829078,0.138,0.3571428571428571
0.7837837837837824,0.0215215215215215,0.0,0.0466007415516323,0.0,0.0,0.0,0.0
0.7837837837837824,0.0215215215215215,0.0,0.0463135089152265,0.3895238095238095,0.4148168701442841,0.23425,0.3571428571428571
0.8918918918918948,0.074074074074074,0.0,0.0351622737301605,0.5785714285714285,0.3462819089900111,0.22125,0.3571428571428571
0.6486486486486527,0.0215215215215215,0.0,0.0211819241705839,0.0,0.0,0.0,0.0
0.7837837837837824,0.014014014014014,0.0,0.0980475806369616,0.438095238095238,0.3462819089900111,0.1875,0.3571428571428571
0.9459459459459438,0.5825825825825826,0.0,0.0127089850435678,0.4069047619047619,0.8304661487236404,0.6535,0.2857142857142857
0.7297297297297334,0.014014014014014,0.0,0.0953201415319751,0.3333333333333333,0.5405105438401776,0.2249999999999999,0.6428571428571428
0.8648648648648631,0.06006006006006,0.0,0.0139799259126202,0.4935714285714285,0.3809655937846837,0.22775,0.3571428571428571
0.5945945945945965,0.008008008008008,0.0,0.027536628515846,0.0,0.0,0.0,0.0
0.8378378378378386,0.0415415415415415,0.0,0.0296548632976,0.5523809523809523,0.3462819089900111,0.1848499999999999,0.3571428571428571
0.9459459459459438,0.0800800800800801,0.0,0.0125818909566625,0.5976190476190476,0.3462819089900111,0.22125,0.3571428571428571
0.8918918918918948,0.0375375375375375,0.0,0.0084725154800597,0.490952380952381,0.332408435072142,0.1674999999999999,0.5
0.8648648648648631,0.015015015015015,0.0,0.0296548632976,0.0,0.0,0.0,0.0
0.8648648648648631,0.0565565565565565,0.0,0.0254183937340919,0.6064285714285713,0.3462819089900111,0.22125,0.5
0.7837837837837824,0.014014014014014,0.0,0.0211819241705839,0.0,0.0,0.0,0.0
0.9729729729729756,0.041041041041041,0.0,0.0063542806983056,0.5478571428571428,0.2771920088790233,0.1674999999999999,0.3571428571428571
0.7567567567567579,0.029029029029029,0.0,0.0466007415516323,0.419047619047619,0.4150943396226415,0.221825,0.3571428571428571
0.7027027027027017,0.037037037037037,0.0,0.0508372111151403,0.2869047619047619,0.6046059933407325,0.3,0.5
0.9459459459459438,0.049049049049049,0.0,0.0105907502618137,0.4833333333333333,0.3013318534961154,0.17,0.3571428571428571
0.8918918918918948,0.042042042042042,0.0,0.0084725154800597,0.0,0.0,0.0,0.0
0.9189189189189192,0.038038038038038,0.0,0.0105907502618137,0.4883333333333333,0.2769145394006659,0.1676,0.3571428571428571
0.7837837837837824,0.014014014014014,0.0,0.0169454546070758,0.5023809523809524,0.2258601553829078,0.138,0.3571428571428571
0.8648648648648631,0.0605605605605605,0.0,0.0466007415516323,0.0,0.0,0.0,0.0
0.9189189189189192,0.034034034034034,0.0,0.0127089850435678,0.5478571428571428,0.2771920088790233,0.1674999999999999,0.3571428571428571
0.8108108108108141,0.044044044044044,0.0,0.0177080191285073,0.4428571428571429,0.3321309655937847,0.2145,0.3571428571428571
0.8918918918918948,0.0265265265265265,0.0,0.0677830893691726,0.0,0.0,0.0,0.0
0.8648648648648631,0.0455455455455455,0.0,0.0267160243613945,0.4499999999999999,0.3321309655937847,0.205,0.3571428571428571
0.7837837837837824,0.019019019019019,0.0,0.0160981606943742,0.588095238095238,0.220865704772475,0.1182499999999999,0.3571428571428571
0.9189189189189192,0.039039039039039,0.0,0.0211819241705839,0.6028571428571429,0.332408435072142,0.1925,0.4285714285714285
0.9459459459459438,0.0615615615615615,0.0,0.0042360459165516,0.5095238095238095,0.3321309655937847,0.20775,0.3571428571428571
0.7567567567567579,0.024024024024024,0.0,0.0233552330566635,0.4761904761904761,0.3881798002219755,0.17,0.3571428571428571
0.9189189189189192,0.1041041041041041,0.0,0.0254183937340919,0.4683333333333333,0.4389567147613762,0.3155,0.3571428571428571
0.9189189189189192,0.0220219219219219,0.0,0.0169454546070758,0.0,0.0,0.0,0.0
0.9459459459459438,0.0670670670670671,0.0,0.0084725154800597,0.0,0.0,0.0,0.0
0.7567567567567579,0.064064064064064,0.0,0.0508372111151403,0.3047619047619048,0.6920088790233074,0.255,0.5714285714285714
0.8108108108108141,0.017017017017017,0.0,0.027536628515846,0.4266666666666667,0.3013318534961154,0.15525,0.3571428571428571
0.8648648648648631,0.039039039039039,0.0,0.0084725154800597,0.4883333333333333,0.2769145394006659,0.1674999999999999,0.3571428571428571
0.7567567567567579,0.031031031031031,0.0,0.0423642719881242,0.0,0.0,0.0,0.0
0.8108108108108141,0.064064064064064,0.0,0.0194191291852082,0.0,0.0,0.0,0.0
0.8918918918918948,0.0815815815815815,0.0,0.0148272198253218,0.5421428571428571,0.4156492785793563,0.246475,0.3571428571428571
0.8918918918918948,0.1991991991991992,0.0,0.0288452739640137,0.4561904761904761,0.6920088790233074,0.39425,0.3571428571428571
0.567567567567572,0.011011011011011,0.0,0.0508372111151403,0.0,0.0,0.0,0.0
0.8648648648648631,0.0470470470470471,0.0,0.0254183937340919,0.4869047619047618,0.4053829078801332,0.2095,0.3571428571428571
0.8378378378378386,0.059059059059059,0.0,0.0084725154800597,0.0,0.0,0.0,0.0
0.8378378378378386,0.017017017017017,0.0,0.0262656876467936,0.5023809523809524,0.2258601553829078,0.138,0.3571428571428571
0.7837837837837824,0.029029029029029,0.0,0.0296548632976,0.3142857142857142,0.2760821309655938,0.1505,0.3571428571428571
0.8108108108108141,0.029029029029029,0.0,0.0508372111151403,0.5452380952380952,0.3462819089900111,0.185,0.3571428571428571
0.7567567567567579,0.0820820820820821,0.0,0.1270936632582856,0.3047619047619048,0.6920088790233074,0.255,0.5
0.5945945945945965,0.006006006006006,0.0,0.0290193928630738,0.0,0.0,0.0,0.0
0.9459459459459438,0.073073073073073,0.0,0.0164442802577128,0.6521428571428571,0.3462819089900111,0.185,0.3571428571428571
0.9459459459459438,0.074074074074074,0.0,0.0211819241705839,0.0,0.0,0.0,0.0
0.9459459459459438,0.0435435435435435,0.0,0.0139778076778384,0.4885714285714285,0.3321309655937847,0.2045,0.3571428571428571
0.5135135135135158,0.011011011011011,0.0,0.0254183937340919,0.0,0.0,0.0,0.0
0.9729729729729756,0.2692692692692693,0.0,0.0042360459165516,0.3285714285714285,0.8321309655937847,0.436425,0.5
0.7837837837837824,0.03003003003003,0.1269663612935029,0.0151555462164937,0.0,0.0,0.0,0.0
0.8648648648648631,0.0812812812812813,0.0,0.0254183937340919,0.4683333333333333,0.4389567147613762,0.3155,0.3571428571428571
0.8918918918918948,0.054054054054054,0.0,0.023933087505126,0.4333333333333333,0.3326859045504994,0.22175,0.3571428571428571
0.7297297297297334,0.032032032032032,0.0,0.0525317989405436,0.0,0.0,0.0,0.0
0.5945945945945965,0.03003003003003,0.0,0.0847289676232049,0.3047619047619048,0.6920088790233074,0.255,0.5714285714285714
0.6486486486486527,0.014014014014014,0.0,0.0355859206865113,0.0,0.0,0.0,0.0
0.8918918918918948,0.1376376376376377,0.0,0.0254183937340919,0.3257142857142857,0.663984461709212,0.3695,0.5
0.8108108108108141,0.019019019019019,0.0,0.0101671033054629,0.5414285714285714,0.220865704772475,0.1182499999999999,0.3571428571428571
0.8378378378378386,0.0465465465465465,0.1865857539568738,0.0169454546070758,0.0,0.0,0.0,0.0
0.7567567567567579,0.013013013013013,0.0,0.0211819241705839,0.4980952380952381,0.2769145394006659,0.1677499999999999,0.3571428571428571
0.8918918918918948,0.091090990990991,0.0,0.0317730980793541,0.0,0.0,0.0,0.0
0.8378378378378386,0.059059059059059,0.0,0.0211819241705839,0.0,0.0,0.0,0.0
0.7837837837837824,0.0085085085085085,0.0,0.1122660197860073,0.4047619047619047,0.3898446170921198,0.175,0.3571428571428571
0.9189189189189192,0.069069069069069,0.0,0.0961674354446767,0.4166666666666666,0.3809655937846837,0.22775,0.5
0.8918918918918948,0.0505505505505505,0.0,0.0169454546070758,0.473095238095238,0.4053829078801332,0.2095,0.3571428571428571
0.8648648648648631,0.1041041041041041,0.0,0.0508372111151403,0.3092857142857143,0.6920088790233074,0.2515,0.5
0.621621621621621,0.015015015015015,0.0,0.0403091606028664,0.0,0.0,0.0,0.0
0.621621621621621,0.006006006006006,0.0,0.0447790596393238,0.0,0.0,0.0,0.0
0.8378378378378386,0.034034034034034,0.0,0.0466007415516323,0.0,0.0,0.0,0.0
0.8918918918918948,0.039039039039039,0.0,0.0105907502618137,0.0,0.0,0.0,0.0
0.5945945945945965,0.009009009009009,0.0,0.0508372111151403,0.0,0.0,0.0,0.0
0.9189189189189192,0.0315315315315315,0.0,0.0078370450455335,0.0,0.0,0.0,0.0
0.8378378378378386,0.029029029029029,0.0,0.0122607665637486,0.0,0.0,0.0,0.0
0.9189189189189192,0.069069069069069,0.0,0.0127089850435678,0.4428571428571429,0.3321309655937847,0.204575,0.3571428571428571
0.8108108108108141,0.0215215215215215,0.0,0.0247164107274187,0.5188095238095237,0.2769145394006659,0.167625,0.3571428571428571
0.9189189189189192,0.1341341341341341,0.0,0.0063542806983056,0.0,0.0,0.0,0.0
0.9189189189189192,0.0830830830830831,0.0,0.0208485140159358,0.0,0.0,0.0,0.0
0.8378378378378386,0.027027027027027,0.0,0.0381278024246162,0.5023809523809524,0.2258601553829078,0.138,0.3571428571428571
0.9189189189189192,0.039039039039039,0.0,0.0053798926986988,0.4883333333333333,0.2769145394006659,0.1676,0.3571428571428571
0.8648648648648631,0.037037037037037,0.0,0.0105907502618137,0.0,0.0,0.0,0.0
0.9459459459459438,0.069069069069069,0.0,0.0063542806983056,0.0,0.0,0.0,0.0
0.7567567567567579,0.014014014014014,0.0,0.0665121485001202,0.0,0.0,0.0,0.0
0.5135135135135158,0.0065065065065065,0.0,0.0127089850435678,0.4119047619047619,0.275527192008879,0.15,0.3571428571428571
0.9459459459459438,0.053053053053053,0.0,0.0127089850435678,0.5714285714285714,0.3290788013318535,0.184925,0.3571428571428571
0.8108108108108141,0.0235235235235235,0.0,0.0466007415516323,0.4716666666666666,0.3013318534961154,0.1701249999999999,0.3571428571428571
0.8378378378378386,0.089089089089089,0.0,0.0423642719881242,0.3092857142857143,0.6920088790233074,0.2515,0.5714285714285714
0.9459459459459438,0.039039039039039,0.0,0.0042360459165516,0.4721428571428571,0.332408435072142,0.1674999999999999,0.3571428571428571
0.8378378378378386,0.021021021021021,0.0,0.0211819241705839,0.4166666666666666,0.3601553829078801,0.2145,0.3571428571428571
0.7567567567567579,0.039039039039039,0.0,0.0381278024246162,0.0,0.0,0.0,0.0
0.8378378378378386,0.059059059059059,0.0,0.018640042432479,0.0,0.0,0.0,0.0
1.0,0.0842842842842843,0.0,0.0004274597789579,0.0,0.0,0.0,0.0
0.4594594594594596,0.0145145145145145,0.0,0.0211819241705839,0.0,0.0,0.0,0.0
0.6756756756756772,0.0165165165165165,0.0,0.0254183937340919,0.4238095238095238,0.3462819089900111,0.1875,0.3571428571428571
0.8918918918918948,0.0665665665665665,0.0,0.0215632064312996,0.0,0.0,0.0,0.0
0.9459459459459438,0.2467467467467468,0.0,0.0008468702657452,0.4,0.5504994450610433,0.375,0.3571428571428571
0.8918918918918948,0.0515515515515515,0.0,0.0169454546070758,0.633095238095238,0.3462819089900111,0.185,0.3571428571428571
0.8648648648648631,0.0271271271271271,0.0,0.0018771796635903,0.0,0.0,0.0,0.0
0.7567567567567579,0.039039039039039,0.0,0.0305021572103016,0.5452380952380952,0.3462819089900111,0.185,0.3571428571428571
0.7567567567567579,0.039039039039039,0.0,0.0940021758507677,0.5314285714285714,0.4389567147613762,0.3157999999999999,0.3571428571428571
0.9189189189189192,0.1091091091091091,0.0,0.037599938317003,0.3809523809523809,0.6046059933407325,0.35,0.5
0.9189189189189192,0.0205205205205205,0.0,0.014403572868971,0.0,0.0,0.0,0.0
0.7297297297297334,0.044044044044044,0.0,0.0508372111151403,0.5102380952380952,0.3784683684794672,0.2179999999999999,0.3571428571428571
0.7567567567567579,0.014014014014014,0.0,0.0423642719881242,0.0,0.0,0.0,0.0
0.9729729729729756,0.5395395395395396,0.0,0.0031769285256746,0.3995238095238095,0.5535516093229745,0.475,0.3571428571428571
0.8108108108108141,0.0470470470470471,0.0,0.0338913328611081,0.557142857142857,0.3462819089900111,0.185,0.3571428571428571
0.7297297297297334,0.0135135135135135,0.0,0.0296548632976,0.4980952380952381,0.2769145394006659,0.1677499999999999,0.3571428571428571
0.8648648648648631,0.1891891891891892,0.0,0.0550736806786484,0.2988095238095238,0.8274139844617092,0.42125,0.5
0.7837837837837824,0.029029029029029,0.0,0.0508372111151403,0.5952380952380952,0.3873473917869034,0.1725,0.3571428571428571
0.9459459459459438,0.044044044044044,0.0,0.0021178111347976,0.5676190476190476,0.3326859045504994,0.2099999999999999,0.3571428571428571
0.9459459459459438,0.0220219219219219,0.0,0.0127089850435678,0.0,0.0,0.0,0.0
0.8378378378378386,0.064064064064064,0.0,0.0381278024246162,0.4945238095238095,0.3462819089900111,0.2219999999999999,0.5
0.7297297297297334,0.019019019019019,0.0,0.0315655110707422,0.0,0.0,0.0,0.0
0.9729729729729756,0.0515515515515515,0.0,0.0084725154800597,0.4973809523809523,0.3321309655937847,0.2045,0.3571428571428571
0.8918918918918948,0.0615615615615615,0.0,0.0228765119959871,0.4452380952380952,0.3326859045504994,0.22175,0.3571428571428571
0.8378378378378386,0.1791791791791792,0.0,0.0211819241705839,0.0,0.0,0.0,0.0
0.9189189189189192,0.084084084084084,0.0,0.0148272198253218,0.5171428571428571,0.4156492785793563,0.2715,0.3571428571428571
0.9459459459459438,0.0715715715715715,0.0,0.0110143972181645,0.0,0.0,0.0,0.0
0.8108108108108141,0.036036036036036,0.0,0.0508372111151403,0.4404761904761904,0.3321309655937847,0.207125,0.3571428571428571
0.621621621621621,0.0035035035035035,0.0,0.0508372111151403,0.0,0.0,0.0,0.0
0.7837837837837824,0.01001001001001,0.0,0.0508372111151403,0.4238095238095238,0.3898446170921198,0.175,0.3571428571428571
0.8648648648648631,0.034034034034034,0.0,0.0105907502618137,0.55,0.2769145394006659,0.1676,0.3571428571428571
0.8648648648648631,0.059059059059059,0.0,0.0457534476389307,0.5045238095238095,0.3873473917869034,0.221825,0.3571428571428571
0.8648648648648631,0.0565565565565565,0.0,0.0211819241705839,0.4523809523809523,0.3326859045504994,0.22175,0.3571428571428571
0.8378378378378386,0.3493493493493493,0.0,0.0254183937340919,0.2619047619047618,0.8274139844617092,0.42575,0.5
0.8918918918918948,0.034034034034034,0.0,0.0105907502618137,0.5478571428571428,0.2771920088790233,0.1674999999999999,0.3571428571428571
0.9729729729729756,0.064064064064064,0.0,0.0023808958946914,0.5238095238095237,0.3321309655937847,0.2045,0.3571428571428571
0.8918918918918948,0.1341341341341341,0.0,0.0296548632976,0.3809523809523809,0.6046059933407325,0.35,0.5
0.6756756756756772,0.064064064064064,0.0,0.0296548632976,0.0,0.0,0.0,0.0
0.9459459459459438,0.1211211211211211,0.0,0.0046596928729024,0.3761904761904762,0.4414539400665926,0.30325,0.3571428571428571
0.9189189189189192,0.0701701701701701,0.0,0.0148272198253218,0.6761904761904761,0.3462819089900111,0.18505,0.3571428571428571
0.6486486486486527,0.014014014014014,0.0,0.0508372111151403,0.4571428571428571,0.4053829078801332,0.1624999999999999,0.3571428571428571
0.6486486486486527,0.008008008008008,0.0,0.018566327862074,0.0,0.0,0.0,0.0
0.8108108108108141,0.094094094094094,0.0,0.0768876861081078,0.3214285714285714,0.687291897891232,0.4389,0.5
0.9189189189189192,0.027027027027027,0.0,0.0122167072802881,0.0,0.0,0.0,0.0
0.6486486486486527,0.014014014014014,0.0,0.0254183937340919,0.0,0.0,0.0,0.0
0.8918918918918948,0.0315315315315315,0.0,0.0084725154800597,0.5702380952380952,0.2769145394006659,0.167625,0.3571428571428571
0.9189189189189192,0.0915915915915915,0.0,0.0076252215673581,0.3714285714285714,0.4153718091009989,0.29075,0.3571428571428571
0.7837837837837824,0.0220219219219219,0.0,0.0211819241705839,0.4980952380952381,0.2769145394006659,0.1677499999999999,0.3571428571428571
0.6756756756756772,0.044044044044044,0.0,0.0330440389484065,0.3666666666666666,0.5541065482796892,0.3,0.5
0.7297297297297334,0.028028028028028,0.0,0.027536628515846,0.3723809523809523,0.3310210876803551,0.16025,0.3571428571428571
0.567567567567572,0.0145145145145145,0.0,0.0338913328611081,0.0,0.0,0.0,0.0
0.7297297297297334,0.029029029029029,0.0,0.0461588777761584,0.3316666666666666,0.6046059933407325,0.345,0.5
0.9729729729729756,0.049049049049049,0.0,0.0127089850435678,0.0,0.0,0.0,0.0
0.8918918918918948,0.1241241241241241,0.0,0.0148272198253218,0.0,0.0,0.0,0.0
0.8648648648648631,0.0355355355355355,0.0,0.0444825067698783,0.6149999999999999,0.4156492785793563,0.2475,0.3571428571428571
0.4864864864864842,0.0055055055055055,0.0,0.0254183937340919,0.0,0.0,0.0,0.0
0.8108108108108141,0.054054054054054,0.0,0.0563446215477009,0.3333333333333333,0.6046059933407325,0.34525,0.5
0.8378378378378386,0.0205205205205205,0.0,0.0338913328611081,0.0,0.0,0.0,0.0
0.9459459459459438,0.1026026026026026,0.0,0.0063542806983056,0.6071428571428571,0.4156492785793563,0.2465,0.3571428571428571
0.9189189189189192,0.0650650650650651,0.0,0.0283839224285476,0.4402380952380951,0.4142619311875694,0.25,0.5
0.9459459459459438,0.029029029029029,0.0,0.0131326319999185,0.0,0.0,0.0,0.0
0.9729729729729756,0.069069069069069,0.0,0.0072015746110072,0.4428571428571429,0.3321309655937847,0.20465,0.3571428571428571
0.8918918918918948,0.055055055055055,0.0,0.0211819241705839,0.4795238095238095,0.4156492785793563,0.22175,0.3571428571428571
0.8918918918918948,0.0725725725725726,0.0,0.0105907502618137,0.5366666666666666,0.3873473917869034,0.221825,0.3571428571428571
0.7837837837837824,0.017017017017017,0.0,0.0296548632976,0.469047619047619,0.220865704772475,0.11575,0.3571428571428571
0.8378378378378386,0.029029029029029,0.0,0.027536628515846,0.4847619047619047,0.3321309655937847,0.19725,0.3571428571428571
0.8108108108108141,0.0285285285285285,0.0,0.0211819241705839,0.5261904761904762,0.3462819089900111,0.19225,0.3571428571428571
0.7837837837837824,0.0145145145145145,0.0,0.0415169780754226,0.6057142857142858,0.2597114317425083,0.144,0.3571428571428571
0.621621621621621,0.0205205205205205,0.0,0.0381278024246162,0.0,0.0,0.0,0.0
0.9459459459459438,0.099099099099099,0.0,0.0018191400305703,0.4071428571428571,0.4150943396226415,0.26375,0.3571428571428571
0.7837837837837824,0.025025025025025,0.0,0.0419406250317734,0.369047619047619,0.4400665926748058,0.25825,0.3571428571428571
0.8108108108108141,0.025025025025025,0.0,0.027536628515846,0.0,0.0,0.0,0.0
0.8648648648648631,0.0450449449449449,0.0,0.0665015573262114,0.38,0.7000554938956715,0.15525,0.6428571428571428
0.8648648648648631,0.0401401401401401,0.0,0.0101666796585065,0.55,0.2769145394006659,0.1676,0.3571428571428571
0.7567567567567579,0.0195194194194194,0.0,0.0423642719881242,0.4761904761904761,0.3881798002219755,0.17,0.3571428571428571
0.9459459459459438,0.0765765765765765,0.0,0.0148272198253218,0.0,0.0,0.0,0.0
0.8648648648648631,0.1491491491491491,0.0,0.0338913328611081,0.2988095238095238,0.8274139844617092,0.42125,0.5
0.6756756756756772,0.024024024024024,0.0,0.0466007415516323,0.25,0.7239178690344062,0.3,0.5
0.8648648648648631,0.025025025025025,0.0,0.0148272198253218,0.0,0.0,0.0,0.0
0.9189189189189192,0.0770770770770771,0.0,0.0169454546070758,0.5785714285714285,0.3462819089900111,0.22125,0.3571428571428571
0.7567567567567579,0.029029029029029,0.0,0.0296548632976,0.5452380952380952,0.3462819089900111,0.185,0.3571428571428571
0.8918918918918948,0.0714714714714714,0.0,0.020749804275106,0.0,0.0,0.0,0.0
0.7837837837837824,0.039039039039039,0.0,0.0423642719881242,0.4871428571428571,0.4053829078801332,0.2095,0.3571428571428571
0.7837837837837824,0.0720720720720721,0.0,0.088965437186713,0.3092857142857143,0.6920088790233074,0.25,0.5
0.7027027027027017,0.0091091091091091,0.0,0.0381278024246162,0.469047619047619,0.220865704772475,0.0875,0.5714285714285714
0.8378378378378386,0.039039039039039,0.0,0.0211819241705839,0.4547619047619047,0.3321309655937847,0.2145,0.3571428571428571
0.7567567567567579,0.019019019019019,0.0,0.0508372111151403,0.0,0.0,0.0,0.0
0.8648648648648631,0.021021021021021,0.0,0.0338913328611081,0.4333333333333333,0.3326859045504994,0.206,0.3571428571428571
0.621621621621621,0.0265265265265265,0.0,0.0338913328611081,0.0,0.0,0.0,0.0
0.8918918918918948,0.0620620620620621,0.0,0.0233001589523379,0.0,0.0,0.0,0.0
0.7567567567567579,0.014014014014014,0.0,0.0254183937340919,0.0,0.0,0.0,0.0
0.8648648648648631,0.049049049049049,0.0,0.0211819241705839,0.0,0.0,0.0,0.0
0.9729729729729756,0.0665665665665665,0.0,0.001181127714306,0.4323809523809523,0.3318534961154273,0.2169999999999999,0.3571428571428571
0.9189189189189192,0.055055055055055,0.0,0.0220292180832855,0.5157142857142857,0.4156492785793563,0.27155,0.3571428571428571
0.621621621621621,0.015015015015015,0.0,0.0593101502421565,0.0,0.0,0.0,0.0
0.8648648648648631,0.029029029029029,0.0,0.0190636893888299,0.5023809523809524,0.2258601553829078,0.138,0.3571428571428571
0.5945945945945965,0.004004004004004,0.0,0.0381278024246162,0.3666666666666666,0.4411764705882353,0.235,0.3571428571428571
0.621621621621621,0.007007007007007,0.0,0.0148272198253218,0.0,0.0,0.0,0.0
0.6486486486486527,0.016016016016016,0.0,0.0466007415516323,0.4214285714285714,0.4153718091009989,0.195,0.3571428571428571
0.6486486486486527,0.024024024024024,0.0,0.0211819241705839,0.0,0.0,0.0,0.0
0.9459459459459438,0.1491491491491491,0.0,0.0127089850435678,0.3809523809523809,0.6046059933407325,0.35,0.5
0.7837837837837824,0.017017017017017,0.0,0.0423642719881242,0.5023809523809524,0.2258601553829078,0.138,0.3571428571428571
1.0,0.0800800800800801,0.0,0.0063542806983056,0.5785714285714285,0.3462819089900111,0.22125,0.3571428571428571
0.7297297297297334,0.059059059059059,0.0,0.0466007415516323,0.0,0.0,0.0,0.0
0.8918918918918948,0.032032032032032,0.0,0.0211819241705839,0.0,0.0,0.0,0.0
0.9459459459459438,0.03003003003003,0.0,0.0084725154800597,0.588095238095238,0.220865704772475,0.1182499999999999,0.3571428571428571
0.8918918918918948,0.0555555555555555,0.0,0.0305021572103016,0.4547619047619047,0.3321309655937847,0.205,0.3571428571428571
0.8378378378378386,0.0225225225225225,0.0,0.0296548632976,0.6261904761904762,0.2769145394006659,0.1677499999999999,0.3571428571428571
0.8378378378378386,0.024024024024024,0.0,0.0105907502618137,0.5414285714285714,0.220865704772475,0.1182499999999999,0.3571428571428571
0.7027027027027017,0.016016016016016,0.0,0.0236255198148153,0.4047619047619047,0.3898446170921198,0.1775,0.3571428571428571
0.5945945945945965,0.03003003003003,0.0,0.0508372111151403,0.0,0.0,0.0,0.0
0.8108108108108141,0.024024024024024,0.0,0.0300785102539508,0.0,0.0,0.0,0.0
0.7567567567567579,0.042042042042042,0.0,0.0508372111151403,0.4595238095238095,0.3462819089900111,0.18475,0.3571428571428571
0.7837837837837824,0.004004004004004,0.0273254284640984,0.005506986785604,0.0,0.0,0.0,0.0
0.8378378378378386,0.0465465465465465,0.0,0.0351622737301605,0.5366666666666666,0.3873473917869034,0.221825,0.3571428571428571
0.4864864864864842,0.0075075075075075,0.0,0.0296548632976,0.0,0.0,0.0,0.0
0.9729729729729756,0.0964964964964965,0.0,0.0063542806983056,0.394047619047619,0.693118756936737,0.2625,0.4285714285714285
0.7837837837837824,0.0515515515515515,0.0,0.0508372111151403,0.2869047619047619,0.6046059933407325,0.3,0.5714285714285714
0.9459459459459438,0.0465465465465465,0.0,0.0169454546070758,0.490952380952381,0.332408435072142,0.1674999999999999,0.5
0.8108108108108141,0.018018018018018,0.0,0.0254183937340919,0.5414285714285714,0.220865704772475,0.1182499999999999,0.3571428571428571
0.9729729729729756,0.059059059059059,0.0,0.0084725154800597,0.5095238095238095,0.3321309655937847,0.20775,0.3571428571428571
0.8918918918918948,0.059059059059059,0.0,0.0057188102637794,0.4166666666666666,0.3809655937846837,0.22775,0.5
0.9189189189189192,0.0272272272272272,0.0,0.0063542806983056,0.588095238095238,0.220865704772475,0.1182499999999999,0.3571428571428571
0.8378378378378386,0.074074074074074,0.0,0.0508372111151403,0.3092857142857143,0.6920088790233074,0.2515,0.5
0.7837837837837824,0.0315315315315315,0.0,0.0199109833015315,0.0,0.0,0.0,0.0
0.8648648648648631,0.049049049049049,0.0,0.0148272198253218,0.0,0.0,0.0,0.0
0.8648648648648631,0.0493493493493493,0.0,0.0466007415516323,0.3357142857142857,0.6046059933407325,0.36985,0.5
0.9729729729729756,0.3793793793793794,0.0,0.0084725154800597,0.4285714285714285,0.5463374028856826,0.475,0.3571428571428571
0.8108108108108141,0.019019019019019,0.0,0.0338913328611081,0.5023809523809524,0.2258601553829078,0.138,0.3571428571428571
0.7567567567567579,0.0165165165165165,0.0,0.0046596928729024,0.5702380952380952,0.2769145394006659,0.167625,0.3571428571428571
0.6756756756756772,0.0119119119119119,0.0,0.0254183937340919,0.469047619047619,0.220865704772475,0.11575,0.3571428571428571
0.8918918918918948,0.0793792792792792,0.0,0.0215445659652202,0.6190476190476191,0.4156492785793563,0.2465,0.3571428571428571
0.8918918918918948,0.0525525525525525,0.0,0.0135562789562694,0.4333333333333333,0.3462819089900111,0.18435,0.5714285714285714
0.8378378378378386,0.039039039039039,0.0,0.0466007415516323,0.4795238095238095,0.4156492785793563,0.2219999999999999,0.3571428571428571
0.7297297297297334,0.017017017017017,0.0,0.0326203919920556,0.4499999999999999,0.2769145394006659,0.1677499999999999,0.3571428571428571
0.9729729729729756,0.0950950950950951,0.0,0.0084725154800597,0.5714285714285714,0.3873473917869034,0.2219,0.3571428571428571
0.9459459459459438,0.0465465465465465,0.0,0.0127089850435678,0.5149999999999999,0.2769145394006659,0.1676,0.3571428571428571
0.9189189189189192,0.071071071071071,0.0,0.0296548632976,0.0,0.0,0.0,0.0
0.9459459459459438,0.0650650650650651,0.0,0.0314553628620909,0.5,0.4156492785793563,0.1874,0.5
0.8648648648648631,0.034034034034034,0.0,0.0254183937340919,0.490952380952381,0.332408435072142,0.1674999999999999,0.5
0.7027027027027017,0.1191191191191191,0.0,0.0190636893888299,0.0,0.0,0.0,0.0
0.9189189189189192,0.2703703703703703,0.0,0.0038123989602008,0.3238095238095237,0.554661487236404,0.4425,0.3571428571428571
0.7837837837837824,0.0183183183183183,0.0,0.0190636893888299,0.0,0.0,0.0,0.0
0.7297297297297334,0.0105104104104104,0.0,0.0254183937340919,0.4285714285714285,0.2760821309655938,0.155,0.3571428571428571
0.9189189189189192,0.048048048048048,0.0,0.0381278024246162,0.5464285714285714,0.3462819089900111,0.185,0.3571428571428571
0.8918918918918948,0.069069069069069,0.0,0.036433214599213,0.5785714285714285,0.3462819089900111,0.22125,0.3571428571428571
0.7567567567567579,0.038038038038038,0.0,0.0635466198056646,0.0,0.0,0.0,0.0
0.8918918918918948,0.0515515515515515,0.1573282244902634,0.0014793751715769,0.0,0.0,0.0,0.0
0.8108108108108141,0.074074074074074,0.0,0.0336066421064403,0.3092857142857143,0.6920088790233074,0.2515,0.5
0.6486486486486527,0.0128128128128128,0.0,0.0508372111151403,0.4214285714285714,0.4153718091009989,0.195,0.3571428571428571
0.8378378378378386,0.039039039039039,0.0,0.0508372111151403,0.5616666666666666,0.3784683684794672,0.1676,0.3571428571428571
0.7297297297297334,0.007007007007007,0.0,0.0338913328611081,0.4285714285714285,0.2760821309655938,0.155,0.3571428571428571
0.8918918918918948,0.2092092092092092,0.0,0.0169454546070758,0.2559523809523809,0.7475027746947835,0.40925,0.5
0.621621621621621,0.0065065065065065,0.0,0.040669684162721,0.0,0.0,0.0,0.0
0.8648648648648631,0.059059059059059,0.0,0.0571919154604025,0.633095238095238,0.3462819089900111,0.185,0.3571428571428571
0.9729729729729756,0.0352352352352352,0.0,0.0508372111151403,0.5223809523809524,0.3318534961154273,0.15425,0.3571428571428571
0.9189189189189192,0.079079079079079,0.0,0.0254183937340919,0.0,0.0,0.0,0.0
0.8378378378378386,0.0615615615615615,0.0,0.0296548632976,0.2807142857142857,0.6046059933407325,0.3,0.5714285714285714
0.9189189189189192,0.074074074074074,0.0,0.0381278024246162,0.5785714285714285,0.3462819089900111,0.22125,0.3571428571428571
0.9729729729729756,0.4794794794794795,0.0,0.0055065631386477,0.0,0.0,0.0,0.0
0.621621621621621,0.0111111111111111,0.0,0.0296548632976,0.3214285714285714,0.4991675915649278,0.325,0.3571428571428571
0.9189189189189192,0.0881881881881881,0.0,0.0338913328611081,0.3666666666666666,0.6046059933407325,0.3,0.5
0.8918918918918948,0.094094094094094,0.0,0.0317730980793541,0.3809523809523809,0.6046059933407325,0.35,0.5
0.7567567567567579,0.021021021021021,0.0,0.027536628515846,0.3,0.4400665926748058,0.25825,0.3571428571428571
0.621621621621621,0.034034034034034,0.0,0.0381278024246162,0.3023809523809523,0.7239178690344062,0.2915,0.5714285714285714
0.9729729729729756,0.5145145145145146,0.0,0.0084725154800597,0.5326190476190477,0.6900665926748057,0.5364,0.3571428571428571
0.4594594594594596,0.002002002002002,0.0,0.0381278024246162,0.0,0.0,0.0,0.0
0.9729729729729756,0.064064064064064,0.0,0.0023808958946914,0.5238095238095237,0.3321309655937847,0.2045,0.3571428571428571
0.6756756756756772,0.0295295295295295,0.0,0.0927782597938702,0.3238095238095237,0.7000554938956715,0.1574999999999999,0.5
0.7567567567567579,0.034034034034034,0.0,0.0381278024246162,0.0,0.0,0.0,0.0
0.8108108108108141,0.016016016016016,0.0,0.0466007415516323,0.3642857142857142,0.3310210876803551,0.16325,0.3571428571428571
0.9459459459459438,0.079079079079079,0.0,0.0127089850435678,0.5045238095238095,0.3873473917869034,0.2219,0.3571428571428571
0.8648648648648631,0.039039039039039,0.0,0.0296548632976,0.4499999999999999,0.3321309655937847,0.205,0.3571428571428571
0.9459459459459438,0.029029029029029,0.0,0.0148272198253218,0.0,0.0,0.0,0.0
0.6756756756756772,0.0135135135135135,0.0,0.0508372111151403,0.469047619047619,0.220865704772475,0.11575,0.3571428571428571
0.9189189189189192,0.2592592592592593,0.0,0.0199796141084603,0.0,0.0,0.0,0.0
0.9189189189189192,0.0665665665665665,0.0,0.0021178111347976,0.4428571428571429,0.3321309655937847,0.204575,0.3571428571428571
0.8648648648648631,0.018018018018018,0.0,0.0508372111151403,0.0,0.0,0.0,0.0
0.9189189189189192,0.059059059059059,0.0,0.0127089850435678,0.6149999999999999,0.4156492785793563,0.2475,0.3571428571428571
0.7297297297297334,0.015015015015015,0.0,0.0281483747208166,0.6238095238095237,0.2769145394006659,0.1455,0.3571428571428571
0.9189189189189192,0.069069069069069,0.0,0.0063542806983056,0.505,0.3321309655937847,0.2045,0.3571428571428571
0.7837837837837824,0.0175175175175175,0.0,0.0338913328611081,0.3833333333333333,0.3898446170921198,0.175,0.3571428571428571
0.7567567567567579,0.0225225225225225,0.0,0.0423642719881242,0.5452380952380952,0.3462819089900111,0.185,0.3571428571428571
1.0,0.2117117117117117,0.0,0.002329634612973,0.638095238095238,0.4431187569367369,0.295,0.3571428571428571
0.8648648648648631,0.0485485485485485,0.0,0.0127089850435678,0.4428571428571429,0.3321309655937847,0.204575,0.3571428571428571
0.9189189189189192,0.074074074074074,0.0,0.0211819241705839,0.5302380952380952,0.4156492785793563,0.2715,0.3571428571428571
0.8918918918918948,0.0715715715715715,0.0,0.0127089850435678,0.5166666666666666,0.4156492785793563,0.2473999999999999,0.3571428571428571
0.7837837837837824,0.019019019019019,0.0,0.0127420295061631,0.3642857142857142,0.3873473917869034,0.175,0.3571428571428571
0.8378378378378386,0.031031031031031,0.0,0.0508372111151403,0.3559523809523809,0.6906215316315205,0.23425,0.5
0.621621621621621,0.008008008008008,0.0,0.0381278024246162,0.0,0.0,0.0,0.0
0.7297297297297334,0.014014014014014,0.0,0.0656648545874186,0.4499999999999999,0.2769145394006659,0.1677499999999999,0.3571428571428571
0.9459459459459438,0.2792792792792793,0.0,0.0169454546070758,0.3869047619047618,0.5460599334073252,0.37,0.5
0.7567567567567579,0.0185185185185185,0.0,0.0508372111151403,0.4499999999999999,0.2769145394006659,0.1677499999999999,0.3571428571428571
0.7297297297297334,0.007007007007007,0.0,0.0211819241705839,0.0,0.0,0.0,0.0
0.9729729729729756,0.0715715715715715,0.0,0.0105907502618137,0.3669047619047619,0.4433962264150943,0.258,0.3571428571428571
0.8648648648648631,0.0038038038038038,0.023185212030144,0.0097434563491121,0.0,0.0,0.0,0.0
0.6486486486486527,0.029029029029029,0.0,0.0466007415516323,0.25,0.6046059933407325,0.3,0.5
0.8378378378378386,0.023023023023023,0.0,0.0211819241705839,0.5414285714285714,0.220865704772475,0.1182499999999999,0.3571428571428571
0.8648648648648631,0.025025025025025,0.0,0.0148272198253218,0.4628571428571428,0.332408435072142,0.1674999999999999,0.5
0.9459459459459438,0.5495495495495496,0.0,0.0211819241705839,0.2666666666666666,0.5463374028856826,0.5875,0.3571428571428571
0.7837837837837824,0.036036036036036,0.0,0.0288075693848984,0.557142857142857,0.3462819089900111,0.185,0.3571428571428571
0.4324324324324351,0.007007007007007,0.0,0.0111499642441968,0.3833333333333333,0.220865704772475,0.0925,0.2857142857142857
0.7567567567567579,0.0065065065065065,0.0,0.0595219737203319,0.4257142857142856,0.3873473917869034,0.132,0.3571428571428571
0.6756756756756772,0.0105104104104104,0.0,0.0338913328611081,0.4266666666666667,0.3013318534961154,0.15525,0.3571428571428571
0.7567567567567579,0.029029029029029,0.0,0.0762560284961888,0.0,0.0,0.0,0.0
0.7837837837837824,0.044044044044044,0.0,0.0508372111151403,0.38,0.7000554938956715,0.15525,0.5
0.7837837837837824,0.034034034034034,0.0,0.0593101502421565,0.4945238095238095,0.3462819089900111,0.2219,0.5
0.8108108108108141,0.019019019019019,0.0,0.0101692215402446,0.0,0.0,0.0,0.0
0.8918918918918948,0.0635635635635635,0.0,0.0046596928729024,0.3404761904761905,0.4433962264150943,0.25875,0.3571428571428571
0.7837837837837824,0.1291291291291291,0.0,0.0593101502421565,0.4495238095238095,0.5535516093229745,0.46,0.3571428571428571
0.567567567567572,0.0069069069069069,0.0,0.0338913328611081,0.0,0.0,0.0,0.0
0.9189189189189192,0.099099099099099,0.0,0.0254183937340919,0.405,0.4389567147613762,0.3155,0.3571428571428571
0.8648648648648631,0.0625625625625626,0.0,0.0732904998017331,0.5976190476190476,0.4156492785793563,0.2465,0.3571428571428571
0.8378378378378386,0.054054054054054,0.0,0.0220292180832855,0.0,0.0,0.0,0.0
0.9729729729729756,0.0896896896896897,0.0,0.0127089850435678,0.5476190476190476,0.4156492785793563,0.2473999999999999,0.3571428571428571
0.8648648648648631,0.029029029029029,0.0,0.0211819241705839,0.0,0.0,0.0,0.0
0.9729729729729756,0.0665665665665665,0.0,0.0021178111347976,0.4761904761904761,0.2771920088790233,0.18,0.5
0.8378378378378386,0.0745745745745746,0.0,0.0124293780523762,0.5314285714285714,0.4389567147613762,0.3157999999999999,0.3571428571428571
0.7837837837837824,0.029029029029029,0.0,0.0254183937340919,0.6238095238095237,0.2769145394006659,0.1455,0.3571428571428571
0.8918918918918948,0.049049049049049,0.0,0.0606658205024791,0.6149999999999999,0.4156492785793563,0.2475,0.3571428571428571
0.7567567567567579,0.0205205205205205,0.0,0.0211819241705839,0.469047619047619,0.220865704772475,0.11575,0.3571428571428571
0.7837837837837824,0.033033033033033,0.0,0.0392657181493744,0.5214285714285714,0.3873473917869034,0.2219,0.3571428571428571
0.7567567567567579,0.0305305305305305,0.0,0.0338913328611081,0.4047619047619047,0.3321309655937847,0.2,0.3571428571428571
0.8378378378378386,0.044044044044044,0.1766492345153835,0.0080488685237088,0.0,0.0,0.0,0.0
0.7027027027027017,0.049049049049049,0.0,0.0508372111151403,0.0,0.0,0.0,0.0
0.7567567567567579,0.0215215215215215,0.0,0.0338913328611081,0.4847619047619047,0.3321309655937847,0.19725,0.3571428571428571
0.8108108108108141,0.0469469469469469,0.0,0.0732904998017331,0.2869047619047619,0.6046059933407325,0.3,0.5
0.9459459459459438,0.0688688688688689,0.0,0.0117151092839687,0.6761904761904761,0.3462819089900111,0.18505,0.3571428571428571
0.9459459459459438,0.2467467467467468,0.0,0.0008468702657452,0.4,0.5504994450610433,0.375,0.3571428571428571
0.8918918918918948,0.0365365365365365,0.0,0.0423642719881242,0.4545238095238095,0.3898446170921198,0.172525,0.3571428571428571
0.8108108108108141,0.0489489489489489,0.0,0.0338913328611081,0.38,0.7000554938956715,0.1574999999999999,0.6428571428571428
0.7027027027027017,0.019019019019019,0.0,0.0423642719881242,0.0,0.0,0.0,0.0
0.9459459459459438,0.064064064064064,0.0,0.0296548632976,0.0,0.0,0.0,0.0
0.7837837837837824,0.0215215215215215,0.0,0.0466007415516323,0.0,0.0,0.0,0.0
0.8108108108108141,0.041041041041041,0.0,0.0169454546070758,0.6142857142857143,0.4156492785793563,0.2465,0.3571428571428571
0.9189189189189192,0.074074074074074,0.0,0.0221516520536709,0.5976190476190476,0.3462819089900111,0.22125,0.3571428571428571
0.8378378378378386,0.069069069069069,0.0,0.0432115659008258,0.5761904761904761,0.4156492785793563,0.234675,0.5
0.8918918918918948,0.0915915915915915,0.0,0.0334676859047573,0.4683333333333333,0.4389567147613762,0.3155,0.3571428571428571
0.9729729729729756,0.049049049049049,0.0,0.0005291350484821,0.0,0.0,0.0,0.0
0.9459459459459438,0.0438438438438438,0.0,0.0127089850435678,0.4883333333333333,0.2769145394006659,0.1674999999999999,0.3571428571428571
0.7297297297297334,0.039039039039039,0.0,0.0745877067820793,0.4238095238095238,0.3462819089900111,0.1875,0.3571428571428571
0.8378378378378386,0.059059059059059,0.0,0.0677830893691726,0.5976190476190476,0.4156492785793563,0.2465,0.3571428571428571
0.9189189189189192,0.4094094094094094,0.0,0.0072015746110072,0.2261904761904761,1.0,0.7000000000000001,0.3571428571428571
0.8648648648648631,0.053053053053053,0.0,0.0148272198253218,0.4214285714285714,0.4153718091009989,0.28355,0.3571428571428571
0.9459459459459438,0.064064064064064,0.0,0.0347386267738097,0.5173809523809524,0.4156492785793563,0.27155,0.3571428571428571
0.7837837837837824,0.2341341341341341,0.0,0.0631229728493137,0.0,0.0,0.0,0.0
0.7837837837837824,0.2492492492492493,0.0,0.0203346302578822,0.0,0.0,0.0,0.0
0.9189189189189192,0.054054054054054,0.0,0.0084725154800597,0.4047619047619047,0.332408435072142,0.184375,0.3571428571428571
0.567567567567572,0.011011011011011,0.0,0.0508372111151403,0.0,0.0,0.0,0.0
0.7297297297297334,0.011011011011011,0.0,0.0381278024246162,0.0,0.0,0.0,0.0
0.9189189189189192,0.2692692692692693,0.0,0.0127089850435678,0.0,0.0,0.0,0.0
0.9189189189189192,0.0405405405405405,0.0,0.0207434495707608,0.0,0.0,0.0,0.0
0.8648648648648631,0.0255255255255255,0.0,0.0203346302578822,0.588095238095238,0.220865704772475,0.1182499999999999,0.3571428571428571
0.6756756756756772,0.0265265265265265,0.0,0.0415169780754226,0.4847619047619047,0.3321309655937847,0.19725,0.3571428571428571
0.9189189189189192,0.0815815815815815,0.0,0.0057607513124582,0.0,0.0,0.0,0.0
0.9729729729729756,0.3793793793793794,0.0,0.0084725154800597,0.4285714285714285,0.5463374028856826,0.475,0.3571428571428571
0.8648648648648631,0.024024024024024,0.0,0.0112262206963399,0.5414285714285714,0.220865704772475,0.1182499999999999,0.3571428571428571
0.8378378378378386,0.03003003003003,0.0,0.0381278024246162,0.4685714285714285,0.3881798002219755,0.1674999999999999,0.3571428571428571
0.6486486486486527,0.0165165165165165,0.0,0.0338913328611081,0.0,0.0,0.0,0.0
0.8918918918918948,0.039039039039039,0.0,0.0254183937340919,0.4047619047619047,0.332408435072142,0.184375,0.3571428571428571
0.9729729729729756,0.042042042042042,0.0,0.0084725154800597,0.768095238095238,0.2769145394006659,0.14575,0.2857142857142857
0.7027027027027017,0.014014014014014,0.0,0.0508372111151403,0.0,0.0,0.0,0.0
0.9729729729729756,0.1291291291291291,0.0,0.0169454546070758,0.4119047619047619,0.4153718091009989,0.3025,0.5714285714285714
0.7837837837837824,0.034034034034034,0.0,0.0211819241705839,0.4035714285714285,0.4156492785793563,0.24425,0.3571428571428571
0.8378378378378386,0.031031031031031,0.0,0.0338913328611081,0.0,0.0,0.0,0.0
0.7837837837837824,0.0265265265265265,0.0,0.0381278024246162,0.4523809523809523,0.3898446170921198,0.1775,0.3571428571428571
0.9729729729729756,0.064064064064064,0.0,0.0021178111347976,0.0,0.0,0.0,0.0
0.7837837837837824,0.0318318318318318,0.0,0.0521081519841928,0.4428571428571429,0.3321309655937847,0.2145,0.3571428571428571
0.8918918918918948,0.066066066066066,0.0,0.0030091643309597,0.0,0.0,0.0,0.0
0.8918918918918948,0.039039039039039,0.0,0.019155620778358,0.6149999999999999,0.4156492785793563,0.2475,0.3571428571428571
0.6756756756756772,0.01001001001001,0.0,0.0338913328611081,0.4238095238095238,0.3013318534961154,0.1574999999999999,0.3571428571428571
0.7837837837837824,0.018018018018018,0.0,0.0466007415516323,0.5,0.3326859045504994,0.1875,0.3571428571428571
0.567567567567572,0.0305305305305305,0.0,0.0466007415516323,0.0,0.0,0.0,0.0
0.9729729729729756,0.029029029029029,0.0,0.0211819241705839,0.0,0.0,0.0,0.0
0.8648648648648631,0.063063063063063,0.0,0.0097434563491121,0.0,0.0,0.0,0.0
0.8918918918918948,0.0515515515515515,0.0,0.0254183937340919,0.0,0.0,0.0,0.0
0.9189189189189192,0.036036036036036,0.0,0.0105907502618137,0.5223809523809524,0.3318534961154273,0.15425,0.3571428571428571
0.9459459459459438,0.0570570570570571,0.0,0.0508372111151403,0.557142857142857,0.3462819089900111,0.185,0.3571428571428571
0.8108108108108141,0.0415415415415415,0.0,0.0720195589326807,0.0,0.0,0.0,0.0
0.8648648648648631,0.0105104104104104,0.0,0.0148272198253218,0.0,0.0,0.0,0.0
0.7837837837837824,0.028028028028028,0.0,0.0423642719881242,0.5214285714285714,0.3873473917869034,0.2249999999999999,0.3571428571428571
0.9189189189189192,0.029029029029029,0.0,0.0064182513887146,0.5023809523809524,0.2258601553829078,0.138,0.3571428571428571
0.8648648648648631,0.0493493493493493,0.0,0.0466007415516323,0.3357142857142857,0.6046059933407325,0.36985,0.5
0.9459459459459438,0.0670670670670671,0.0,0.0508372111151403,0.6761904761904761,0.3462819089900111,0.18505,0.3571428571428571
0.9189189189189192,0.032032032032032,0.0,0.0084725154800597,0.5478571428571428,0.2771920088790233,0.1674999999999999,0.3571428571428571
0.6756756756756772,0.014014014014014,0.0,0.0508372111151403,0.2904761904761904,0.5405105438401776,0.17,0.6428571428571428
0.9189189189189192,0.069069069069069,0.0,0.0211637073514608,0.0,0.0,0.0,0.0
0.9189189189189192,0.0315315315315315,0.0,0.0021178111347976,0.4321428571428571,0.332408435072142,0.205,0.4285714285714285
0.8378378378378386,0.064064064064064,0.0,0.0296548632976,0.3666666666666666,0.6046059933407325,0.3,0.5
0.5945945945945965,0.004004004004004,0.0,0.0338913328611081,0.0,0.0,0.0,0.0
0.9189189189189192,0.064064064064064,0.0,0.0207836960316141,0.5238095238095237,0.4156492785793563,0.2712375,0.3571428571428571
0.7027027027027017,0.0165165165165165,0.0,0.0576155624167533,0.0,0.0,0.0,0.0
0.5405405405405403,0.0035035035035035,0.0,0.0148272198253218,0.3833333333333333,0.220865704772475,0.0925,0.2857142857142857
0.9729729729729756,0.0860859859859859,0.0,0.0063542806983056,0.0,0.0,0.0,0.0
0.8108108108108141,0.049049049049049,0.0,0.0296548632976,0.38,0.7000554938956715,0.15525,0.5
0.9189189189189192,0.0765765765765765,0.0,0.0423642719881242,0.5785714285714285,0.3462819089900111,0.22125,0.3571428571428571
0.9189189189189192,0.0615615615615615,0.0,0.014403572868971,0.5238095238095237,0.4156492785793563,0.2712375,0.3571428571428571
0.7837837837837824,0.0366366366366366,0.0,0.0110143972181645,0.4619047619047618,0.332408435072142,0.2169999999999999,0.3571428571428571
0.8918918918918948,0.029029029029029,0.0,0.014403572868971,0.5478571428571428,0.2771920088790233,0.1674999999999999,0.3571428571428571
0.8918918918918948,0.026026026026026,0.0,0.0741377937144348,0.0,0.0,0.0,0.0
0.8378378378378386,0.0900900900900901,0.0,0.0338913328611081,0.3092857142857143,0.6920088790233074,0.2515,0.5714285714285714
0.7297297297297334,0.0235235235235235,0.0,0.0783742632779428,0.3857142857142857,0.4142619311875694,0.275,0.3571428571428571
0.9459459459459438,0.0965965965965965,0.0,0.0021178111347976,0.5976190476190476,0.3462819089900111,0.22125,0.3571428571428571
0.7027027027027017,0.021021021021021,0.0,0.0508372111151403,0.4499999999999999,0.2943951165371809,0.1674999999999999,0.3571428571428571
0.8108108108108141,0.042042042042042,0.0,0.0338913328611081,0.0,0.0,0.0,0.0
0.5945945945945965,0.0085085085085085,0.0,0.0508372111151403,0.3642857142857142,0.3720865704772475,0.2075,0.3571428571428571
0.6486486486486527,0.0235235235235235,0.0,0.0512608580714912,0.430952380952381,0.4142619311875694,0.275,0.3571428571428571
0.6756756756756772,0.039039039039039,0.0,0.0423642719881242,0.2869047619047619,0.6046059933407325,0.3,0.5
0.9459459459459438,0.03003003003003,0.0,0.0029651050474992,0.5357142857142857,0.2771920088790233,0.1674999999999999,0.3571428571428571
0.8648648648648631,0.0292292292292292,0.0,0.0254183937340919,0.0,0.0,0.0,0.0
0.7837837837837824,0.044044044044044,0.0,0.0508372111151403,0.0,0.0,0.0,0.0
0.9729729729729756,0.038038038038038,0.0,0.0042360459165516,0.5357142857142857,0.2771920088790233,0.1674999999999999,0.3571428571428571
0.8108108108108141,0.018018018018018,0.0,0.0296548632976,0.0,0.0,0.0,0.0
0.8918918918918948,0.0715715715715715,0.0,0.0279602754721968,0.4945238095238095,0.3462819089900111,0.2219999999999999,0.5
0.8648648648648631,0.051051051051051,0.0,0.0296548632976,0.633095238095238,0.3462819089900111,0.185,0.3571428571428571
0.8648648648648631,0.2992992992992993,0.0,0.0296548632976,0.3895238095238095,0.6046059933407325,0.46925,0.3571428571428571
0.6756756756756772,0.0365365365365365,0.0,0.0578273858949287,0.3023809523809523,0.7239178690344062,0.3,0.5714285714285714
0.7027027027027017,0.0175175175175175,0.0,0.0254183937340919,0.0,0.0,0.0,0.0
0.7837837837837824,0.0365365365365365,0.0,0.013433844985884,0.419047619047619,0.4150943396226415,0.22175,0.3571428571428571
0.4054054054054035,0.0055055055055055,0.0,0.0254183937340919,0.0,0.0,0.0,0.0
0.8918918918918948,0.051051051051051,0.0,0.0122853380872169,0.4428571428571429,0.3321309655937847,0.204575,0.3571428571428571
0.7837837837837824,0.029029029029029,0.0,0.0169454546070758,0.0,0.0,0.0,0.0
0.9189189189189192,0.0725725725725726,0.0,0.0296548632976,0.6521428571428571,0.3462819089900111,0.185,0.3571428571428571
0.8648648648648631,0.039039039039039,0.0,0.0423642719881242,0.5476190476190476,0.3462819089900111,0.22175,0.3571428571428571
0.7567567567567579,0.019019019019019,0.0,0.0423642719881242,0.0,0.0,0.0,0.0
0.8918918918918948,0.039039039039039,0.0,0.0254183937340919,0.6495238095238095,0.2905105438401776,0.1725,0.3571428571428571
0.7027027027027017,0.012012012012012,0.0,0.0169454546070758,0.3833333333333333,0.220865704772475,0.0925,0.2857142857142857
0.8108108108108141,0.016016016016016,0.0,0.0296548632976,0.0,0.0,0.0,0.0
0.8918918918918948,0.0715715715715715,0.0,0.0466007415516323,0.5838095238095238,0.3462819089900111,0.22125,0.5
0.9459459459459438,0.0915915915915915,0.0,0.0084725154800597,0.0,0.0,0.0,0.0
0.9459459459459438,0.0570570570570571,0.0,0.0105907502618137,0.4499999999999999,0.3321309655937847,0.20465,0.3571428571428571
0.8378378378378386,0.044044044044044,0.0,0.0347386267738097,0.4869047619047618,0.4053829078801332,0.2095,0.3571428571428571
0.8378378378378386,0.059059059059059,0.0,0.0349504502519851,0.38,0.7000554938956715,0.15525,0.5
0.8918918918918948,0.0365365365365365,0.0,0.0508372111151403,0.3857142857142857,0.3326859045504994,0.185,0.3571428571428571
0.9459459459459438,0.0780780780780781,0.0,0.0082907709357852,0.0,0.0,0.0,0.0
0.8918918918918948,0.064064064064064,0.0,0.0211819241705839,0.633095238095238,0.3462819089900111,0.185,0.3571428571428571
0.7837837837837824,0.024024024024024,0.0,0.0377041554682653,0.5523809523809523,0.3462819089900111,0.1848499999999999,0.3571428571428571
0.8918918918918948,0.0551551551551551,0.0,0.0127089850435678,0.633095238095238,0.3462819089900111,0.185,0.3571428571428571
0.7297297297297334,0.017017017017017,0.0,0.0063542806983056,0.0,0.0,0.0,0.0
0.8648648648648631,0.029029029029029,0.0,0.0338913328611081,0.4404761904761904,0.3321309655937847,0.2145,0.3571428571428571
0.7297297297297334,0.037037037037037,0.0,0.0305021572103016,0.0,0.0,0.0,0.0
0.567567567567572,0.0071071071071071,0.0,0.0338913328611081,0.3833333333333333,0.220865704772475,0.0925,0.2857142857142857
0.567567567567572,0.016016016016016,0.0,0.0508372111151403,0.0,0.0,0.0,0.0
0.7297297297297334,0.039039039039039,0.0,0.0211819241705839,0.0,0.0,0.0,0.0
0.6756756756756772,0.023023023023023,0.0,0.0381278024246162,0.4214285714285714,0.4153718091009989,0.195,0.3571428571428571
0.7567567567567579,0.025025025025025,0.0,0.0410933311190718,0.0,0.0,0.0,0.0
0.9459459459459438,0.069069069069069,0.0,0.008091233219344,0.4523809523809523,0.3312985571587125,0.2367,0.3571428571428571
0.8918918918918948,0.018018018018018,0.0,0.0338913328611081,0.4,0.220865704772475,0.0855,0.5714285714285714
0.8918918918918948,0.0305305305305305,0.0,0.0218173946051101,0.5992857142857143,0.2216981132075471,0.1332499999999999,0.3571428571428571
0.8108108108108141,0.049049049049049,0.0,0.0224528650396363,0.5452380952380952,0.3462819089900111,0.185,0.3571428571428571
0.8378378378378386,0.056056056056056,0.0,0.0313494511230033,0.38,0.7000554938956715,0.15525,0.5
0.8378378378378386,0.0228228228228228,0.0,0.0254183937340919,0.4266666666666667,0.3013318534961154,0.15525,0.3571428571428571
0.4594594594594596,0.0055055055055055,0.0,0.0423642719881242,0.3833333333333333,0.220865704772475,0.0925,0.2857142857142857
0.8648648648648631,0.034034034034034,0.0,0.0247829232995657,0.4404761904761904,0.3321309655937847,0.2145,0.3571428571428571
0.6486486486486527,0.0085085085085085,0.0,0.0296548632976,0.469047619047619,0.220865704772475,0.11575,0.3571428571428571
0.8918918918918948,0.099099099099099,0.0,0.027536628515846,0.3092857142857143,0.6920088790233074,0.2515,0.5714285714285714
0.7837837837837824,0.0535535535535535,0.0,0.0381278024246162,0.4871428571428571,0.4053829078801332,0.2095,0.3571428571428571
0.8918918918918948,0.0220219219219219,0.0,0.0160981606943742,0.0,0.0,0.0,0.0
0.7837837837837824,0.0195194194194194,0.0,0.0508372111151403,0.4545238095238095,0.3873473917869034,0.1725,0.3571428571428571
0.8648648648648631,0.0415415415415415,0.0,0.0296548632976,0.3233333333333333,0.6933962264150944,0.181,0.6428571428571428
0.9189189189189192,0.0435435435435435,0.0,0.0114380441745153,0.4499999999999999,0.3321309655937847,0.20465,0.3571428571428571
0.8918918918918948,0.1281281281281281,0.0,0.0021178111347976,0.0,0.0,0.0,0.0
0.8648648648648631,0.025025025025025,0.0,0.0169454546070758,0.0,0.0,0.0,0.0
0.8378378378378386,0.019019019019019,0.0,0.0529554458968944,0.0,0.0,0.0,0.0
0.8108108108108141,0.044044044044044,0.0,0.0508372111151403,0.278095238095238,0.693118756936737,0.28,0.5
0.7567567567567579,0.014014014014014,0.0,0.0338913328611081,0.3659523809523809,0.3318534961154273,0.1825,0.3571428571428571
0.8648648648648631,0.044044044044044,0.0,0.0211819241705839,0.0,0.0,0.0,0.0
0.8108108108108141,0.004004004004004,0.0273254284640984,0.0190636893888299,0.0,0.0,0.0,0.0
0.9459459459459438,0.0880880880880881,0.0,0.0593101502421565,0.3357142857142857,0.6046059933407325,0.36985,0.3571428571428571
0.7837837837837824,0.023023023023023,0.0,0.0148272198253218,0.4499999999999999,0.2769145394006659,0.1677499999999999,0.3571428571428571
0.7567567567567579,0.034034034034034,0.0,0.0720195589326807,0.0,0.0,0.0,0.0
0.8648648648648631,0.054054054054054,0.0,0.0381278024246162,0.0,0.0,0.0,0.0
0.6486486486486527,0.009009009009009,0.0,0.0254183937340919,0.35,0.3190899001109878,0.19,0.3571428571428571
0.567567567567572,0.011011011011011,0.0,0.0466007415516323,0.0,0.0,0.0,0.0
0.9189189189189192,0.0815815815815815,0.0,0.0334676859047573,0.6064285714285713,0.3462819089900111,0.22125,0.5
0.8648648648648631,0.036036036036036,0.0,0.0254183937340919,0.5714285714285714,0.3107658157602663,0.175,0.3571428571428571
0.8648648648648631,0.059059059059059,0.0,0.0033747716542904,0.4964285714285714,0.3321309655937847,0.2078499999999999,0.3571428571428571
0.9189189189189192,0.056056056056056,0.0,0.0508372111151403,0.633095238095238,0.3462819089900111,0.185,0.3571428571428571
0.5405405405405403,0.006006006006006,0.0,0.0338913328611081,0.0,0.0,0.0,0.0
0.9189189189189192,0.1091091091091091,0.0,0.0190636893888299,0.3666666666666666,0.6046059933407325,0.3,0.5
0.9459459459459438,0.0736736736736737,0.0,0.0101671033054629,0.5809523809523809,0.4156492785793563,0.246575,0.3571428571428571
0.9459459459459438,0.0670670670670671,0.0,0.0205888184316928,0.0,0.0,0.0,0.0
0.8648648648648631,0.074074074074074,0.0,0.0296548632976,0.0,0.0,0.0,0.0
0.8648648648648631,0.055055055055055,0.0,0.0182168191230846,0.5302380952380952,0.4156492785793563,0.2715,0.3571428571428571
0.8378378378378386,0.049049049049049,0.0,0.0296548632976,0.0,0.0,0.0,0.0
0.7567567567567579,0.024024024024024,0.0,0.0211819241705839,0.4847619047619047,0.3321309655937847,0.19725,0.3571428571428571
0.8918918918918948,0.032032032032032,0.0,0.0266893346031444,0.5714285714285714,0.3107658157602663,0.175,0.3571428571428571
0.7837837837837824,0.014014014014014,0.0,0.0338913328611081,0.0,0.0,0.0,0.0
0.8918918918918948,0.1191191191191191,0.0,0.0381278024246162,0.3092857142857143,0.6920088790233074,0.2515,0.5714285714285714
0.8378378378378386,0.0365365365365365,0.187689811672595,0.0139879752047908,0.0,0.0,0.0,0.0
0.7027027027027017,0.0058058058058058,0.0,0.0508372111151403,0.0,0.0,0.0,0.0
0.8918918918918948,0.0378378378378378,0.0,0.0211819241705839,0.4323809523809523,0.3318534961154273,0.2169999999999999,0.3571428571428571
0.7297297297297334,0.023023023023023,0.0,0.0211819241705839,0.0,0.0,0.0,0.0
0.9189189189189192,0.0587587587587588,0.0,0.0063542806983056,0.588095238095238,0.2905105438401776,0.1725,0.3571428571428571
0.6756756756756772,0.019019019019019,0.0,0.0169454546070758,0.4847619047619047,0.3321309655937847,0.19725,0.3571428571428571
0.7837837837837824,0.028028028028028,0.0,0.0338913328611081,0.392142857142857,0.332408435072142,0.18475,0.3571428571428571
0.9189189189189192,0.069069069069069,0.0,0.0182163954761283,0.3666666666666666,0.4153718091009989,0.29325,0.5
0.8918918918918948,0.036036036036036,0.0,0.0254183937340919,0.0,0.0,0.0,0.0
0.7027027027027017,0.024024024024024,0.0,0.0182163954761283,0.4476190476190476,0.3462819089900111,0.2249999999999999,0.3571428571428571
0.7837837837837824,0.018018018018018,0.0,0.0423642719881242,0.5023809523809524,0.2258601553829078,0.138,0.3571428571428571
0.9189189189189192,0.064064064064064,0.0,0.0296548632976,0.633095238095238,0.3462819089900111,0.185,0.3571428571428571
0.9729729729729756,0.024024024024024,0.0,0.0114380441745153,0.0,0.0,0.0,0.0
0.8648648648648631,0.0415415415415415,0.0,0.0387632728591424,0.5714285714285714,0.3107658157602663,0.175,0.3571428571428571
0.8918918918918948,0.0376376376376376,0.0,0.018640042432479,0.4547619047619047,0.3321309655937847,0.205,0.3571428571428571
0.9189189189189192,0.069069069069069,0.0,0.0211819241705839,0.0,0.0,0.0,0.0
0.8918918918918948,0.041041041041041,0.0,0.0041301341774639,0.4716666666666666,0.3013318534961154,0.1701249999999999,0.3571428571428571
0.8108108108108141,0.0175175175175175,0.0,0.0360095676428621,0.5414285714285714,0.220865704772475,0.1182499999999999,0.3571428571428571
0.7297297297297334,0.0212212212212212,0.0,0.0296548632976,0.0,0.0,0.0,0.0
0.9189189189189192,0.03003003003003,0.0,0.0148272198253218,0.588095238095238,0.220865704772475,0.1182499999999999,0.3571428571428571
0.7837837837837824,0.0375375375375375,0.0,0.0220292180832855,0.0,0.0,0.0,0.0
0.8378378378378386,0.043043043043043,0.0,0.0296548632976,0.5452380952380952,0.3462819089900111,0.185,0.3571428571428571
0.9189189189189192,0.079079079079079,0.0,0.0118828734786837,0.6688095238095237,0.3462819089900111,0.22125,0.3571428571428571
0.7027027027027017,0.0165165165165165,0.0,0.0235119824305133,0.4333333333333333,0.2769145394006659,0.1677499999999999,0.3571428571428571
0.8648648648648631,0.0145145145145145,0.0,0.0254183937340919,0.5642857142857143,0.3310210876803551,0.138075,0.3571428571428571
0.9459459459459438,0.1091091091091091,0.0,0.0296548632976,0.0,0.0,0.0,0.0
0.5405405405405403,0.0065065065065065,0.0,0.0241474528650396,0.0,0.0,0.0,0.0
0.7837837837837824,0.03003003003003,0.0,0.0423642719881242,0.4547619047619047,0.3321309655937847,0.2145,0.3571428571428571
0.7027027027027017,0.021021021021021,0.0,0.0529554458968944,0.3214285714285714,0.4991675915649278,0.325,0.3571428571428571
0.8378378378378386,0.029029029029029,0.0,0.0127089850435678,0.4847619047619047,0.3321309655937847,0.19725,0.3571428571428571
0.7567567567567579,0.026026026026026,0.0,0.0169454546070758,0.4499999999999999,0.2769145394006659,0.1677499999999999,0.3571428571428571
0.8648648648648631,0.0965965965965965,0.0,0.0423642719881242,0.3809523809523809,0.6046059933407325,0.35,0.5
0.8648648648648631,0.0735735735735735,0.2462048706058158,0.0179482269527582,0.0,0.0,0.0,0.0
0.9729729729729756,0.4944944944944945,0.0,0.0127089850435678,0.0,0.0,0.0,0.0
0.8648648648648631,0.059059059059059,0.0,0.0296548632976,0.6240476190476191,0.3462819089900111,0.22125,0.3571428571428571
0.9459459459459438,0.049049049049049,0.0,0.0148272198253218,0.4833333333333333,0.3326859045504994,0.209525,0.3571428571428571
0.7837837837837824,0.029029029029029,0.0,0.1249754284765315,0.0,0.0,0.0,0.0
0.8378378378378386,0.0770770770770771,0.0,0.0292312163412492,0.3595238095238094,0.6046059933407325,0.35,0.5
0.6486486486486527,0.013013013013013,0.0,0.0423642719881242,0.0,0.0,0.0,0.0
0.9459459459459438,0.1141141141141141,0.0,0.0207582772142331,0.5238095238095237,0.4389567147613762,0.3155,0.3571428571428571
0.8918918918918948,0.037037037037037,0.0,0.0084725154800597,0.0,0.0,0.0,0.0
0.8648648648648631,0.0525525525525525,0.0,0.0169454546070758,0.6240476190476191,0.3462819089900111,0.22125,0.3571428571428571
0.8648648648648631,0.058058058058058,0.0,0.0338913328611081,0.5954761904761905,0.4156492785793563,0.224375,0.3571428571428571
0.9189189189189192,0.0764764764764764,0.0,0.0007443477023083,0.0,0.0,0.0,0.0
0.8648648648648631,0.0406406406406406,0.0,0.0169454546070758,0.405,0.4159267480577137,0.276,0.3571428571428571
0.9189189189189192,0.0715715715715715,0.0,0.0211819241705839,0.5785714285714285,0.3462819089900111,0.22125,0.3571428571428571
0.6486486486486527,0.013013013013013,0.0,0.0207582772142331,0.0,0.0,0.0,0.0
0.8918918918918948,0.0295295295295295,0.0,0.0169454546070758,0.5702380952380952,0.2769145394006659,0.167625,0.3571428571428571
0.8378378378378386,0.0399399399399399,0.0,0.0296548632976,0.4547619047619047,0.3321309655937847,0.2145,0.3571428571428571
0.8378378378378386,0.034034034034034,0.0,0.0338913328611081,0.4499999999999999,0.3321309655937847,0.205,0.3571428571428571
0.7297297297297334,0.0185185185185185,0.0,0.0338913328611081,0.0,0.0,0.0,0.0
0.9189189189189192,0.0965965965965965,0.0,0.0347386267738097,0.6095238095238096,0.4156492785793563,0.24475,0.3571428571428571
0.7837837837837824,0.031031031031031,0.0,0.0169454546070758,0.4404761904761904,0.3321309655937847,0.2145,0.3571428571428571
0.7297297297297334,0.014014014014014,0.0,0.0440588598135275,0.3571428571428571,0.3795782463928968,0.2249999999999999,0.3571428571428571
0.8648648648648631,0.0969968968968969,0.0,0.0381278024246162,0.4683333333333333,0.4389567147613762,0.3155,0.3571428571428571
0.9459459459459438,0.2467467467467468,0.0,0.0008468702657452,0.4,0.5504994450610433,0.375,0.3571428571428571
0.8918918918918948,0.044044044044044,0.0,0.0271129815594952,0.4857142857142856,0.3321309655937847,0.2045,0.3571428571428571
0.7027027027027017,0.054054054054054,0.0,0.0423642719881242,0.0,0.0,0.0,0.0
0.9729729729729756,0.049049049049049,0.0,0.0046596928729024,0.5149999999999999,0.2769145394006659,0.1674999999999999,0.3571428571428571
0.8108108108108141,0.0456456456456456,0.0,0.0404578606845456,0.3333333333333333,0.6046059933407325,0.34525,0.5
0.9189189189189192,0.2592592592592593,0.0,0.0199796141084603,0.0,0.0,0.0,0.0
0.8378378378378386,0.079079079079079,0.0,0.0660885015437694,0.0,0.0,0.0,0.0
0.6756756756756772,0.012012012012012,0.0,0.0508372111151403,0.4716666666666666,0.3013318534961154,0.1701249999999999,0.3571428571428571
0.8918918918918948,0.0525525525525525,0.0,0.022283406257096,0.0,0.0,0.0,0.0
0.7567567567567579,0.013013013013013,0.0,0.0296548632976,0.6057142857142858,0.2597114317425083,0.144,0.3571428571428571
0.9729729729729756,0.1091091091091091,0.0,0.0148272198253218,0.0,0.0,0.0,0.0
0.9189189189189192,0.0515515515515515,0.0,0.0169454546070758,0.4499999999999999,0.3321309655937847,0.20465,0.3571428571428571
0.8108108108108141,0.1291291291291291,0.0,0.0247829232995657,0.0,0.0,0.0,0.0
0.9729729729729756,0.0575575575575575,0.0,0.0338913328611081,0.4142857142857142,0.3321309655937847,0.20465,0.3571428571428571
0.7837837837837824,0.0470470470470471,0.0,0.0266893346031444,0.0,0.0,0.0,0.0
0.7837837837837824,0.054054054054054,0.0,0.0313494511230033,0.4119047619047619,0.5543840177580466,0.40925,0.3571428571428571
0.8648648648648631,0.034034034034034,0.0,0.0084725154800597,0.4716666666666666,0.3013318534961154,0.1701249999999999,0.3571428571428571
0.8648648648648631,0.0063063063063063,0.0,0.0241474528650396,0.0,0.0,0.0,0.0
0.8648648648648631,0.0207207207207207,0.0,0.0190636893888299,0.0,0.0,0.0,0.0
0.9189189189189192,0.054054054054054,0.0,0.005505715844735,0.0,0.0,0.0,0.0
0.8108108108108141,0.064064064064064,0.0,0.0271129815594952,0.348095238095238,0.4156492785793563,0.28355,0.3571428571428571
0.8108108108108141,0.0215215215215215,0.0,0.0247164107274187,0.5188095238095237,0.2769145394006659,0.167625,0.3571428571428571
0.8378378378378386,0.02002002002002,0.0,0.0296548632976,0.0,0.0,0.0,0.0
0.7567567567567579,0.0255255255255255,0.0,0.0381278024246162,0.4595238095238095,0.3462819089900111,0.18475,0.3571428571428571
0.9459459459459438,0.034034034034034,0.0,0.0105907502618137,0.5023809523809524,0.2258601553829078,0.138,0.3571428571428571
0.9189189189189192,0.059059059059059,0.0,0.0042360459165516,0.0,0.0,0.0,0.0
0.7027027027027017,0.029029029029029,0.0,0.009854451851676,0.0,0.0,0.0,0.0
0.8108108108108141,0.074074074074074,0.0,0.0336066421064403,0.3092857142857143,0.6920088790233074,0.2515,0.5
0.9459459459459438,0.044044044044044,0.0,0.0317730980793541,0.4833333333333333,0.3326859045504994,0.2099999999999999,0.3571428571428571
0.7837837837837824,0.0065065065065065,0.0,0.0126666203479327,0.0,0.0,0.0,0.0
0.9189189189189192,0.044044044044044,0.0,0.0169454546070758,0.5723809523809523,0.2771920088790233,0.1674999999999999,0.3571428571428571
0.7567567567567579,0.044044044044044,0.0,0.0402460372063702,0.2807142857142857,0.6046059933407325,0.3,0.5714285714285714
0.8108108108108141,0.0295295295295295,0.0,0.0677830893691726,0.38,0.7000554938956715,0.15525,0.5
0.8108108108108141,0.1291291291291291,0.0,0.0247829232995657,0.0,0.0,0.0,0.0
0.8918918918918948,0.068068068068068,0.0,0.0309258041666524,0.0,0.0,0.0,0.0
0.7837837837837824,0.013013013013013,0.0,0.0084725154800597,0.5023809523809524,0.2258601553829078,0.138,0.3571428571428571
0.9189189189189192,0.044044044044044,0.0,0.0238466635260304,0.5714285714285714,0.3290788013318535,0.184925,0.3571428571428571
0.7027027027027017,0.0075075075075075,0.0,0.0381278024246162,0.469047619047619,0.220865704772475,0.11575,0.3571428571428571
0.8648648648648631,0.049049049049049,0.0,0.0423642719881242,0.0,0.0,0.0,0.0
0.8918918918918948,0.005005005005005,0.0220811543144229,0.0084725154800597,0.0,0.0,0.0,0.0
0.8648648648648631,0.073073073073073,0.0,0.0190636893888299,0.0,0.0,0.0,0.0
0.9459459459459438,0.059059059059059,0.0,0.0295612373202465,0.5238095238095237,0.3321309655937847,0.2045,0.3571428571428571
0.9189189189189192,0.1911911911911912,0.0,0.0084725154800597,0.3880952380952381,0.5427302996670367,0.425,0.3571428571428571
0.8918918918918948,0.044044044044044,0.0,0.0233001589523379,0.6028571428571429,0.332408435072142,0.1925,0.4285714285714285
0.7837837837837824,0.0915915915915915,0.0,0.040669684162721,0.4671428571428571,0.5543840177580466,0.475,0.3571428571428571
0.8108108108108141,0.044044044044044,0.0,0.0618520319802614,0.38,0.7000554938956715,0.15525,0.5
0.7567567567567579,0.029029029029029,0.0,0.0254183937340919,0.4833333333333333,0.3462819089900111,0.1875,0.3571428571428571
0.7837837837837824,0.0425424424424424,0.0,0.0199109833015315,0.0,0.0,0.0,0.0
0.8648648648648631,0.064064064064064,0.0,0.0169454546070758,0.405,0.4414539400665926,0.30325,0.3571428571428571
0.9729729729729756,0.0850850850850851,0.0,0.0027532815693238,0.5785714285714285,0.3462819089900111,0.22125,0.3571428571428571
0.6756756756756772,0.0080079079079079,0.0,0.0902363780557654,0.0,0.0,0.0,0.0
0.7567567567567579,0.012012012012012,0.0,0.0381278024246162,0.5952380952380952,0.3873473917869034,0.1725,0.3571428571428571
0.6756756756756772,0.019019019019019,0.0,0.0338913328611081,0.0,0.0,0.0,0.0
0.7567567567567579,0.029029029029029,0.0,0.027536628515846,0.0,0.0,0.0,0.0
0.8648648648648631,0.099099099099099,0.0,0.0296548632976,0.4683333333333333,0.4389567147613762,0.3155,0.3571428571428571
0.7297297297297334,0.0220219219219219,0.0,0.0508372111151403,0.3714285714285714,0.3318534961154273,0.175,0.3571428571428571
0.8648648648648631,0.0506506506506506,0.0,0.0381278024246162,0.4428571428571429,0.3321309655937847,0.204575,0.3571428571428571
0.7567567567567579,0.0267267267267267,0.0,0.0234708886757473,0.4428571428571429,0.3321309655937847,0.2145,0.3571428571428571
0.8378378378378386,0.02002002002002,0.0,0.0169454546070758,0.0,0.0,0.0,0.0
0.7027027027027017,0.024024024024024,0.0,0.0508372111151403,0.0,0.0,0.0,0.0
0.9189189189189192,0.1641641641641641,0.0,0.0292833249168804,0.4071428571428571,0.5427302996670367,0.425,0.3571428571428571
0.8648648648648631,0.0361361361361361,0.0,0.0084725154800597,0.0,0.0,0.0,0.0
0.8918918918918948,0.046046046046046,0.0,0.0042360459165516,0.4499999999999999,0.3321309655937847,0.205,0.3571428571428571
0.9459459459459438,0.063063063063063,0.0,0.0025418817381047,0.3785714285714285,0.4150943396226415,0.301725,0.3571428571428571
0.9729729729729756,0.054054054054054,0.0,0.0216055711269347,0.0,0.0,0.0,0.0
0.9189189189189192,0.0565565565565565,0.0,0.0114401624092971,0.0,0.0,0.0,0.0
0.8648648648648631,0.2592592592592593,0.0,0.0423642719881242,0.3633333333333333,0.5946170921198668,0.508,0.3571428571428571
0.9459459459459438,0.074074074074074,0.0,0.0101671033054629,0.5809523809523809,0.4156492785793563,0.246575,0.3571428571428571
0.9189189189189192,0.026026026026026,0.0,0.0112016491728716,0.4833333333333333,0.2769145394006659,0.1701249999999999,0.3571428571428571
0.9189189189189192,0.1091091091091091,0.0,0.0042360459165516,0.0,0.0,0.0,0.0
0.9189189189189192,0.079079079079079,0.0,0.0254183937340919,0.3357142857142857,0.6046059933407325,0.36985,0.5
0.8648648648648631,0.0220219219219219,0.0,0.0423642719881242,0.0,0.0,0.0,0.0
0.8648648648648631,0.074074074074074,0.0,0.0194763215243156,0.0,0.0,0.0,0.0
0.9189189189189192,0.074074074074074,0.0,0.0114380441745153,0.5366666666666666,0.3873473917869034,0.221825,0.3571428571428571
0.7297297297297334,0.0315315315315315,0.0,0.0336189278681745,0.0,0.0,0.0,0.0
0.8108108108108141,0.0415415415415415,0.0,0.0084725154800597,0.0,0.0,0.0,0.0
0.7567567567567579,0.017017017017017,0.0,0.0508372111151403,0.438095238095238,0.3462819089900111,0.1875,0.3571428571428571
0.9189189189189192,0.0415415415415415,0.0,0.0035378757324855,0.0,0.0,0.0,0.0
0.567567567567572,0.006006006006006,0.0,0.0296548632976,0.0,0.0,0.0,0.0
0.9459459459459438,0.0650650650650651,0.0,0.0105907502618137,0.0,0.0,0.0,0.0
0.8378378378378386,0.1191191191191191,0.0,0.0571919154604025,0.0,0.0,0.0,0.0
0.7027027027027017,0.006006006006006,0.0,0.0254183937340919,0.0,0.0,0.0,0.0
0.7027027027027017,0.014014014014014,0.0,0.064817560674717,0.0,0.0,0.0,0.0
0.9189189189189192,0.028028028028028,0.0,0.0466007415516323,0.0,0.0,0.0,0.0
0.7837837837837824,0.024024024024024,0.0,0.0296548632976,0.0,0.0,0.0,0.0
0.8648648648648631,0.0465465465465465,0.0,0.0104212914792734,0.0,0.0,0.0,0.0
0.7567567567567579,0.0215215215215215,0.0,0.0381278024246162,0.4761904761904761,0.3881798002219755,0.17,0.3571428571428571
0.6486486486486527,0.018018018018018,0.0,0.0254183937340919,0.0,0.0,0.0,0.0
0.8108108108108141,0.099099099099099,0.0,0.0317773345489176,0.3269047619047619,0.5535516093229745,0.37,0.3571428571428571
0.7837837837837824,0.0215215215215215,0.0,0.0466007415516323,0.0,0.0,0.0,0.0
0.8648648648648631,0.059059059059059,0.0,0.0508372111151403,0.0,0.0,0.0,0.0
0.5135135135135158,0.0025025025025025,0.0,0.0317730980793541,0.0,0.0,0.0,0.0
0.8918918918918948,0.0635635635635635,0.0,0.0508372111151403,0.473095238095238,0.4053829078801332,0.2095,0.3571428571428571
0.7297297297297334,0.024024024024024,0.0,0.0338913328611081,0.0,0.0,0.0,0.0
0.7027027027027017,0.019019019019019,0.0,0.0745614406707855,0.4047619047619047,0.4053829078801332,0.165,0.3571428571428571
0.9189189189189192,0.099099099099099,0.0,0.0169454546070758,0.0,0.0,0.0,0.0
0.4864864864864842,0.0400399399399399,0.0,0.020910366471563,0.0,0.0,0.0,0.0
0.8648648648648631,0.2342342342342342,0.9925478864333112,0.0199109833015315,0.0,0.0,0.0,0.0
0.3513513513513544,0.024024024024024,0.0,0.0148272198253218,0.0,0.0,0.0,0.0
0.9189189189189192,0.1191191191191191,0.0,0.0211819241705839,0.0,0.0,0.0,0.0
0.8648648648648631,0.049049049049049,0.0,0.0245710998213903,0.4092857142857143,0.3321309655937847,0.20465,0.3571428571428571
0.8918918918918948,0.03003003003003,0.0,0.0063542806983056,0.5414285714285714,0.220865704772475,0.1182499999999999,0.3571428571428571
0.8918918918918948,0.0500499499499499,0.0,0.0148272198253218,0.0,0.0,0.0,0.0
0.7027027027027017,0.014014014014014,0.0,0.0296548632976,0.0,0.0,0.0,0.0
0.8918918918918948,0.189088988988989,0.0,0.0194873363451806,0.4345238095238095,0.5460599334073252,0.46935,0.3571428571428571
0.8378378378378386,0.054054054054054,0.0,0.0466007415516323,0.0,0.0,0.0,0.0
0.9459459459459438,0.0880880880880881,0.0,0.00338875200385,0.0,0.0,0.0,0.0
0.8648648648648631,0.058058058058058,0.0,0.0211819241705839,0.633095238095238,0.3462819089900111,0.185,0.3571428571428571
0.8648648648648631,0.064064064064064,0.0,0.0254183937340919,0.3814285714285714,0.3809655937846837,0.23425,0.5
0.7567567567567579,0.004004004004004,0.0227987918296416,0.0025414580911484,0.0,0.0,0.0,0.0
0.9189189189189192,0.0775775775775776,0.0,0.0101671033054629,0.0,0.0,0.0,0.0
0.7567567567567579,0.024024024024024,0.0,0.0296548632976,0.4523809523809523,0.3462819089900111,0.2249999999999999,0.3571428571428571
0.5135135135135158,0.0135135135135135,0.0,0.0423642719881242,0.0,0.0,0.0,0.0
0.7567567567567579,0.024024024024024,0.0,0.0296548632976,0.489047619047619,0.4433962264150943,0.259,0.3571428571428571
0.9189189189189192,0.051051051051051,0.0,0.0044521058642905,0.0,0.0,0.0,0.0
0.7837837837837824,0.0155155155155155,0.0,0.0254183937340919,0.7252380952380952,0.220865704772475,0.1182499999999999,0.3571428571428571
0.7567567567567579,0.017017017017017,0.0,0.0152508667816726,0.0,0.0,0.0,0.0
0.7837837837837824,0.031031031031031,0.0,0.0593101502421565,0.0,0.0,0.0,0.0
0.9729729729729756,0.0465465465465465,0.0,0.0042360459165516,0.0,0.0,0.0,0.0
0.8918918918918948,0.1991991991991992,0.0,0.0288452739640137,0.4561904761904761,0.6920088790233074,0.39425,0.3571428571428571
0.8648648648648631,0.0145145145145145,0.0,0.0254183937340919,0.0,0.0,0.0,0.0
0.7027027027027017,0.0220219219219219,0.0,0.0898127310994146,0.2754761904761905,0.6046059933407325,0.34525,0.5
0.9459459459459438,0.3993993993993994,0.0,0.0042360459165516,0.5352380952380952,0.5535516093229745,0.46935,0.3571428571428571
0.9459459459459438,0.0520520520520521,0.0,0.0254183937340919,0.6047619047619047,0.3290788013318535,0.184925,0.3571428571428571
0.7837837837837824,0.06006006006006,0.0,0.0381278024246162,0.3047619047619048,0.6920088790233074,0.255,0.5714285714285714
0.8378378378378386,0.0485485485485485,0.0,0.0338913328611081,0.0,0.0,0.0,0.0
0.7027027027027017,0.0085085085085085,0.0,0.0508372111151403,0.4285714285714285,0.2760821309655938,0.155,0.3571428571428571
0.7837837837837824,0.0275275275275275,0.0,0.0292312163412492,0.4166666666666666,0.3601553829078801,0.2145,0.3571428571428571
0.8918918918918948,0.074074074074074,0.0,0.0025414580911484,0.0,0.0,0.0,0.0
0.8108108108108141,0.049049049049049,0.0,0.0254183937340919,0.3261904761904761,0.4988901220865704,0.394375,0.3571428571428571
0.9189189189189192,0.0515515515515515,0.0,0.0083551652731505,0.4833333333333333,0.3326859045504994,0.2099999999999999,0.3571428571428571
0.8918918918918948,0.064064064064064,0.0,0.0127089850435678,0.5366666666666666,0.3873473917869034,0.221825,0.3571428571428571
0.9189189189189192,0.054054054054054,0.0,0.0423642719881242,0.0,0.0,0.0,0.0
0.6756756756756772,0.019019019019019,0.0,0.0622756789366121,0.4595238095238095,0.3462819089900111,0.18475,0.3571428571428571
0.8378378378378386,0.059059059059059,0.2746340807712064,0.0190636893888299,0.0,0.0,0.0,0.0
0.9729729729729756,0.076976976976977,0.0,0.0029786617501024,0.4523809523809523,0.3326859045504994,0.2219,0.3571428571428571
0.9189189189189192,0.0615615615615615,0.0,0.0220292180832855,0.0,0.0,0.0,0.0
0.9729729729729756,0.066066066066066,0.0,0.0008468702657452,0.6495238095238095,0.2905105438401776,0.1725,0.3571428571428571
0.9729729729729756,0.0685685685685685,0.0,0.0155897843467532,0.4795238095238095,0.4156492785793563,0.2199999999999999,0.3571428571428571
0.7837837837837824,0.0165165165165165,0.0,0.0254183937340919,0.530952380952381,0.3462819089900111,0.185,0.3571428571428571
0.9189189189189192,0.039039039039039,0.0,0.0063542806983056,0.0,0.0,0.0,0.0
0.7567567567567579,0.026026026026026,0.0,0.0296548632976,0.3333333333333333,0.693118756936737,0.28,0.5
0.8648648648648631,0.024024024024024,0.0,0.0211819241705839,0.0,0.0,0.0,0.0
0.8918918918918948,0.0275275275275275,0.0,0.0381278024246162,0.0,0.0,0.0,0.0
0.5945945945945965,0.0115115115115115,0.0,0.014403572868971,0.0,0.0,0.0,0.0
0.7567567567567579,0.014014014014014,0.0,0.0296548632976,0.0,0.0,0.0,0.0
0.7837837837837824,0.0315315315315315,0.0,0.0635466198056646,0.4761904761904761,0.3881798002219755,0.17,0.3571428571428571
0.8108108108108141,0.0915915915915915,0.0,0.0317730980793541,0.0,0.0,0.0,0.0
0.8918918918918948,0.1491491491491491,0.0,0.0426184601619347,0.3257142857142857,0.663984461709212,0.3695,0.5714285714285714
0.9459459459459438,0.032032032032032,0.0,0.0296548632976,0.4833333333333333,0.2769145394006659,0.1701249999999999,0.3571428571428571
0.6486486486486527,0.0265265265265265,0.0,0.0847289676232049,0.3952380952380953,0.5260821309655938,0.306,0.3571428571428571
0.7567567567567579,0.0195194194194194,0.0,0.0296548632976,0.4761904761904761,0.3881798002219755,0.17,0.3571428571428571
0.7297297297297334,0.0065065065065065,0.0,0.0249311997342885,0.0,0.0,0.0,0.0
0.8378378378378386,0.0415415415415415,0.0,0.0423642719881242,0.0,0.0,0.0,0.0
0.9189189189189192,0.064064064064064,0.0,0.0088961624364105,0.5238095238095237,0.3321309655937847,0.2045,0.3571428571428571
0.8108108108108141,0.049049049049049,0.0,0.0423642719881242,0.0,0.0,0.0,0.0
0.9189189189189192,0.0435435435435435,0.0,0.0167336311289004,0.4885714285714285,0.3321309655937847,0.2045,0.3571428571428571
0.9189189189189192,0.044044044044044,0.0,0.0238466635260304,0.5714285714285714,0.3290788013318535,0.184925,0.3571428571428571
0.9729729729729756,0.5395395395395396,0.0,0.0031769285256746,0.3995238095238095,0.5535516093229745,0.475,0.3571428571428571
0.9459459459459438,0.1141141141141141,0.0,0.0111965654093953,0.0,0.0,0.0,0.0
0.8918918918918948,0.079079079079079,0.0,0.0296548632976,0.5785714285714285,0.3462819089900111,0.22125,0.3571428571428571
0.8378378378378386,0.028028028028028,0.0,0.0211819241705839,0.5023809523809524,0.2258601553829078,0.138,0.3571428571428571
0.7567567567567579,0.2142142142142142,0.0,0.0211819241705839,0.0,0.0,0.0,0.0
0.9189189189189192,0.094094094094094,0.0,0.0063542806983056,0.3666666666666666,0.4153718091009989,0.29325,0.5
0.7297297297297334,0.019019019019019,0.0,0.0508372111151403,0.3738095238095237,0.3856825749167591,0.1875,0.3571428571428571
0.8918918918918948,0.066066066066066,0.0,0.0030091643309597,0.0,0.0,0.0,0.0
0.9459459459459438,0.064064064064064,0.0,0.0063542806983056,0.505,0.3321309655937847,0.2045,0.3571428571428571
0.6756756756756772,0.0048048048048048,0.0,0.0296548632976,0.0,0.0,0.0,0.0
0.7837837837837824,0.017017017017017,0.0,0.0254183937340919,0.4428571428571429,0.3326859045504994,0.1985,0.3571428571428571
0.7837837837837824,0.007007007007007,0.0,0.0296548632976,0.3857142857142857,0.2760821309655938,0.15525,0.3571428571428571
0.9729729729729756,0.044044044044044,0.0,0.0042360459165516,0.5223809523809524,0.3318534961154273,0.15425,0.3571428571428571
0.9729729729729756,0.5495495495495496,0.0,0.0036005754820254,0.3995238095238095,0.5535516093229745,0.475,0.3571428571428571
0.8108108108108141,0.054054054054054,0.0,0.0426184601619347,0.4871428571428571,0.4053829078801332,0.2095,0.3571428571428571
0.9729729729729756,0.021021021021021,0.0,0.0381278024246162,0.5478571428571428,0.2771920088790233,0.1674999999999999,0.3571428571428571
0.9189189189189192,0.061061061061061,0.0,0.0258420406904428,0.633095238095238,0.3462819089900111,0.185,0.3571428571428571
0.9459459459459438,0.0965965965965965,0.0,0.0019059876566221,0.0,0.0,0.0,0.0
0.9729729729729756,0.076976976976977,0.0,0.0029786617501024,0.4523809523809523,0.3326859045504994,0.2219,0.3571428571428571
0.8378378378378386,0.3993993993993994,0.0,0.0199109833015315,0.0,0.0,0.0,0.0
0.7837837837837824,0.021021021021021,0.0,0.0381278024246162,0.0,0.0,0.0,0.0
0.7567567567567579,0.017017017017017,0.0,0.0338913328611081,0.0,0.0,0.0,0.0
1.0,0.034034034034034,0.0,0.0004232233093944,0.0,0.0,0.0,0.0
0.9459459459459438,0.3793793793793794,0.0,0.0042360459165516,0.0,0.0,0.0,0.0
0.8648648648648631,0.069069069069069,0.0,0.0593101502421565,0.5976190476190476,0.4156492785793563,0.2465,0.3571428571428571
0.8108108108108141,0.019019019019019,0.0,0.0296548632976,0.4428571428571429,0.3326859045504994,0.1985,0.3571428571428571
0.9189189189189192,0.0915915915915915,0.0,0.0148272198253218,0.0,0.0,0.0,0.0
0.8378378378378386,0.035035035035035,0.0,0.0296548632976,0.6,0.3462819089900111,0.185,0.3571428571428571
0.8648648648648631,0.0425424424424424,0.0,0.0317730980793541,0.0,0.0,0.0,0.0
0.7837837837837824,0.027027027027027,0.0,0.0508372111151403,0.0,0.0,0.0,0.0
0.8108108108108141,0.0215215215215215,0.0,0.0247164107274187,0.5188095238095237,0.2769145394006659,0.167625,0.3571428571428571
0.7027027027027017,0.012012012012012,0.0,0.0254183937340919,0.469047619047619,0.220865704772475,0.11575,0.3571428571428571
0.9459459459459438,0.1031031031031031,0.0,0.0177927485197774,0.0,0.0,0.0,0.0
0.6486486486486527,0.019019019019019,0.0,0.0508372111151403,0.3316666666666666,0.8201997780244173,0.34525,0.5
0.8378378378378386,0.025025025025025,0.0,0.0169454546070758,0.4,0.220865704772475,0.0855,0.3571428571428571
0.7837837837837824,0.039039039039039,0.0,0.0466007415516323,0.469047619047619,0.4433962264150943,0.259,0.3571428571428571
0.7837837837837824,0.026026026026026,0.0,0.0127089850435678,0.4847619047619047,0.3321309655937847,0.19725,0.3571428571428571
0.7027027027027017,0.0189189189189189,0.0,0.0296548632976,0.4847619047619047,0.3321309655937847,0.19725,0.3571428571428571
0.9459459459459438,0.084084084084084,0.0,0.0063542806983056,0.394047619047619,0.693118756936737,0.2625,0.4285714285714285
0.9459459459459438,0.094094094094094,0.0,0.0090630793372127,0.0,0.0,0.0,0.0
0.6486486486486527,0.034034034034034,0.0,0.0381278024246162,0.3071428571428571,0.4991675915649278,0.325,0.3571428571428571
0.9189189189189192,0.3193193193193193,0.0,0.0190636893888299,0.4602380952380951,0.554661487236404,0.4425,0.3571428571428571
0.7297297297297334,0.023023023023023,0.0,0.0567682685040517,0.0,0.0,0.0,0.0
0.8918918918918948,0.035035035035035,0.0,0.0211819241705839,0.6333333333333333,0.2769145394006659,0.1453999999999999,0.3571428571428571
0.6486486486486527,0.019019019019019,0.0,0.0508372111151403,0.0,0.0,0.0,0.0
0.7297297297297334,0.034034034034034,0.0,0.0466007415516323,0.0,0.0,0.0,0.0
0.8918918918918948,0.039039039039039,0.0,0.0296548632976,0.0,0.0,0.0,0.0
0.7297297297297334,0.034034034034034,0.0,0.0703249711072775,0.0,0.0,0.0,0.0
0.8648648648648631,0.039039039039039,0.0,0.0169454546070758,0.4499999999999999,0.3321309655937847,0.205,0.3571428571428571
0.9189189189189192,0.1481481481481481,0.0,0.0093359079771026,0.0,0.0,0.0,0.0
0.8648648648648631,0.0500499499499499,0.0,0.0347386267738097,0.6142857142857143,0.4156492785793563,0.2465,0.3571428571428571
0.9729729729729756,0.5395395395395396,0.0,0.0031769285256746,0.3995238095238095,0.5535516093229745,0.475,0.3571428571428571
0.8648648648648631,0.044044044044044,0.0,0.0360095676428621,0.6142857142857143,0.4156492785793563,0.2465,0.3571428571428571
0.7027027027027017,0.0105104104104104,0.0,0.0449061537262291,0.0,0.0,0.0,0.0
0.8648648648648631,0.0475474474474474,0.0,0.0127089850435678,0.6,0.3462819089900111,0.185,0.3571428571428571
0.7837837837837824,0.037037037037037,0.0,0.0254183937340919,0.4595238095238095,0.3462819089900111,0.18475,0.3571428571428571
0.9189189189189192,0.036036036036036,0.0,0.0105907502618137,0.0,0.0,0.0,0.0
0.9189189189189192,0.054054054054054,0.0,0.005505715844735,0.0,0.0,0.0,0.0
0.7837837837837824,0.014014014014014,0.0,0.0466007415516323,0.530952380952381,0.3462819089900111,0.185,0.3571428571428571
0.9189189189189192,0.023023023023023,0.0,0.0211819241705839,0.0,0.0,0.0,0.0
0.8648648648648631,0.0855855855855856,0.37537962334519,0.0105060208705435,0.0,0.0,0.0,0.0
0.8648648648648631,0.2043043043043043,0.0,0.0148272198253218,0.469047619047619,0.5946170921198668,0.33525,0.3571428571428571
0.8918918918918948,0.074074074074074,0.0,0.0292312163412492,0.0,0.0,0.0,0.0
0.7027027027027017,0.02002002002002,0.0,0.0269011580813198,0.0,0.0,0.0,0.0
0.9189189189189192,0.0579579579579579,0.0,0.0174673876573,0.633095238095238,0.3462819089900111,0.185,0.3571428571428571
0.9729729729729756,0.1641641641641641,0.0,0.0105907502618137,0.3595238095238094,0.6046059933407325,0.382175,0.5
0.567567567567572,0.009009009009009,0.0,0.0169454546070758,0.469047619047619,0.220865704772475,0.11575,0.3571428571428571
0.8648648648648631,0.054054054054054,0.0,0.0127089850435678,0.38,0.7000554938956715,0.15525,0.5
0.9189189189189192,0.0445445445445445,0.0,0.0211819241705839,0.5714285714285714,0.3290788013318535,0.184925,0.3571428571428571
0.8918918918918948,0.1791791791791792,0.0,0.0127089850435678,0.2704761904761904,0.7644284128745839,0.42875,0.5
0.7297297297297334,0.0205205205205205,0.0,0.0381278024246162,0.0,0.0,0.0,0.0
0.6486486486486527,0.054054054054054,0.0,0.0338913328611081,0.0,0.0,0.0,0.0
0.9459459459459438,0.0265265265265265,0.0,0.0084725154800597,0.5478571428571428,0.2771920088790233,0.1674999999999999,0.3571428571428571
0.8108108108108141,0.054054054054054,0.0,0.0338913328611081,0.5952380952380952,0.4142619311875694,0.28355,0.3571428571428571
0.7837837837837824,0.0220219219219219,0.0,0.0703249711072775,0.5495238095238094,0.4053829078801332,0.15775,0.3571428571428571
0.8648648648648631,0.03003003003003,0.0,0.0127089850435678,0.0,0.0,0.0,0.0
0.9189189189189192,0.059059059059059,0.0,0.042237177901219,0.0,0.0,0.0,0.0
0.7837837837837824,0.019019019019019,0.0,0.0124971615653923,0.4980952380952381,0.2769145394006659,0.1677499999999999,0.3571428571428571
0.9189189189189192,0.051051051051051,0.0,0.0044521058642905,0.0,0.0,0.0,0.0
1.0,0.0389389389389389,0.0,0.0021178111347976,0.5223809523809524,0.3318534961154273,0.15425,0.3571428571428571
0.8108108108108141,0.0155155155155155,0.0,0.0224528650396363,0.0,0.0,0.0,0.0
0.7837837837837824,0.014014014014014,0.0,0.0148272198253218,0.3333333333333333,0.220865704772475,0.0875,0.3571428571428571
0.8648648648648631,0.059059059059059,0.0,0.0211819241705839,0.4142857142857142,0.4153718091009989,0.29325,0.3571428571428571
0.8378378378378386,0.044044044044044,0.0,0.0296548632976,0.0,0.0,0.0,0.0
0.7297297297297334,0.019019019019019,0.0,0.0741377937144348,0.4545238095238095,0.3873473917869034,0.1725,0.3571428571428571
0.6486486486486527,0.009009009009009,0.0,0.0211819241705839,0.0,0.0,0.0,0.0
0.9459459459459438,0.2467467467467468,0.0,0.0008468702657452,0.4,0.5504994450610433,0.375,0.3571428571428571
0.9729729729729756,0.5495495495495496,0.0,0.0036005754820254,0.3995238095238095,0.5535516093229745,0.475,0.3571428571428571
0.8918918918918948,0.0095095095095095,0.0322936881848435,0.0025414580911484,0.0,0.0,0.0,0.0
0.8108108108108141,0.037037037037037,0.0,0.0296548632976,0.4333333333333333,0.3462819089900111,0.1845,0.5
0.6756756756756772,0.0081281281281281,0.0,0.0254183937340919,0.0,0.0,0.0,0.0
0.7297297297297334,0.025025025025025,0.0,0.0254183937340919,0.4847619047619047,0.3321309655937847,0.19725,0.3571428571428571
0.6756756756756772,0.0085085085085085,0.0,0.0508372111151403,0.0,0.0,0.0,0.0
0.9189189189189192,0.074074074074074,0.0,0.0508372111151403,0.0,0.0,0.0,0.0
0.7567567567567579,0.0125125125125125,0.0,0.0211819241705839,0.0,0.0,0.0,0.0
0.7297297297297334,0.012012012012012,0.0,0.0211819241705839,0.0,0.0,0.0,0.0
0.7837837837837824,0.0950950950950951,0.0,0.064817560674717,0.3047619047619048,0.6920088790233074,0.255,0.5714285714285714
1.0,0.0798798798798798,0.0,0.0021178111347976,0.4342857142857142,0.2771920088790233,0.2715,0.3571428571428571
0.8378378378378386,0.024024024024024,0.0955009924098791,0.0191823105366081,0.0,0.0,0.0,0.0
0.8648648648648631,0.0493493493493493,0.0,0.0466007415516323,0.3357142857142857,0.6046059933407325,0.36985,0.5
0.7297297297297334,0.017017017017017,0.0,0.0296548632976,0.4499999999999999,0.2943951165371809,0.1674999999999999,0.3571428571428571
0.9189189189189192,0.021021021021021,0.0,0.0084725154800597,0.0,0.0,0.0,0.0
0.7837837837837824,0.029029029029029,0.0,0.0105907502618137,0.0,0.0,0.0,0.0
0.9189189189189192,0.0715715715715715,0.0,0.0027744639171413,0.4333333333333333,0.3326859045504994,0.22175,0.3571428571428571
0.9189189189189192,0.044044044044044,0.0,0.0238466635260304,0.5714285714285714,0.3290788013318535,0.184925,0.3571428571428571
0.8108108108108141,0.034034034034034,0.0,0.027657367898406,0.588095238095238,0.4156492785793563,0.246575,0.3571428571428571
0.9459459459459438,0.1516516516516516,0.0,0.0211819241705839,0.419047619047619,0.6046059933407325,0.38465,0.5
1.0,0.036036036036036,0.0,0.0063542806983056,0.525,0.220865704772475,0.1182499999999999,0.3571428571428571
0.7837837837837824,0.021021021021021,0.0,0.1143842545677614,0.5223809523809524,0.3318534961154273,0.15425,0.3571428571428571
0.7297297297297334,0.031031031031031,0.0,0.0571919154604025,0.5476190476190476,0.3873473917869034,0.2249999999999999,0.3571428571428571
0.8378378378378386,0.0105104104104104,0.0662434629432688,0.0029651050474992,0.0,0.0,0.0,0.0
1.0,0.1041041041041041,0.0,0.0084725154800597,0.5261904761904762,0.3873473917869034,0.22175,0.3571428571428571
0.7027027027027017,0.019019019019019,0.0,0.0296548632976,0.5023809523809524,0.3462819089900111,0.18475,0.3571428571428571
0.6756756756756772,0.0365365365365365,0.0,0.0381278024246162,0.3214285714285714,0.4991675915649278,0.325,0.3571428571428571
0.8108108108108141,0.074074074074074,0.0,0.0336066421064403,0.3092857142857143,0.6920088790233074,0.2515,0.5
0.6486486486486527,0.009009009009009,0.0,0.0423642719881242,0.0,0.0,0.0,0.0
0.9189189189189192,0.0650650650650651,0.0,0.0283839224285476,0.4402380952380951,0.4142619311875694,0.25,0.5
0.8648648648648631,0.02002002002002,0.0,0.0211819241705839,0.5414285714285714,0.220865704772475,0.1182499999999999,0.3571428571428571
0.8108108108108141,0.0215215215215215,0.0,0.0338913328611081,0.0,0.0,0.0,0.0
0.8918918918918948,0.0770770770770771,0.0,0.0254183937340919,0.5421428571428571,0.4156492785793563,0.246475,0.3571428571428571
0.7027027027027017,0.007007007007007,0.0,0.0466007415516323,0.4095238095238094,0.3873473917869034,0.13375,0.3571428571428571
0.8918918918918948,0.1041041041041041,0.0,0.0245710998213903,0.3666666666666666,0.5541065482796892,0.3,0.5
0.8648648648648631,0.034034034034034,0.0,0.0122853380872169,0.55,0.2769145394006659,0.1676,0.3571428571428571
0.8648648648648631,0.06006006006006,0.0,0.0127089850435678,0.4452380952380952,0.3326859045504994,0.22175,0.3571428571428571
0.8918918918918948,0.0794793793793794,0.0,0.0254183937340919,0.569047619047619,0.4389567147613762,0.3155,0.3571428571428571
0.8918918918918948,0.2892892892892893,0.0,0.0131326319999185,0.3095238095238095,0.5946170921198668,0.51,0.3571428571428571
0.7567567567567579,0.012012012012012,0.0,0.0254183937340919,0.469047619047619,0.220865704772475,0.11575,0.3571428571428571
0.7297297297297334,0.012012012012012,0.0,0.0423642719881242,0.0,0.0,0.0,0.0
0.7837837837837824,0.034034034034034,0.0,0.0508372111151403,0.5314285714285714,0.4389567147613762,0.3157999999999999,0.3571428571428571
0.7567567567567579,0.054054054054054,0.0,0.0309258041666524,0.0,0.0,0.0,0.0
0.9189189189189192,0.2742742742742743,0.0,0.0173691015634266,0.0,0.0,0.0,0.0
0.9189189189189192,0.1491491491491491,0.0,0.0050833398292532,0.4071428571428571,0.5427302996670367,0.425,0.3571428571428571
0.7297297297297334,0.0215215215215215,0.0,0.0423642719881242,0.0,0.0,0.0,0.0
0.7567567567567579,0.0365365365365365,0.0,0.0148272198253218,0.5314285714285714,0.4389567147613762,0.3157999999999999,0.3571428571428571
0.9189189189189192,0.011011011011011,0.0405741210527521,0.0046596928729024,0.0,0.0,0.0,0.0
0.7027027027027017,0.017017017017017,0.0,0.0610047380675597,0.4595238095238095,0.3462819089900111,0.18475,0.3571428571428571
0.8918918918918948,0.039039039039039,0.0,0.0105907502618137,0.55,0.2769145394006659,0.1676,0.3571428571428571
0.9189189189189192,0.054054054054054,0.0,0.0084259143148611,0.0,0.0,0.0,0.0
0.8108108108108141,0.0570570570570571,0.0,0.0283839224285476,0.4857142857142856,0.4053829078801332,0.27125,0.3571428571428571
0.9459459459459438,0.069069069069069,0.0,0.0025414580911484,0.4428571428571429,0.3321309655937847,0.204575,0.3571428571428571
0.567567567567572,0.0035035035035035,0.0,0.0326203919920556,0.3833333333333333,0.220865704772475,0.0925,0.2857142857142857
0.621621621621621,0.008008008008008,0.0,0.0254183937340919,0.0,0.0,0.0,0.0
0.9459459459459438,0.2467467467467468,0.0,0.0008468702657452,0.4,0.5504994450610433,0.375,0.3571428571428571
0.8108108108108141,0.041041041041041,0.0,0.0211819241705839,0.0,0.0,0.0,0.0
0.7567567567567579,0.034034034034034,0.0,0.0508372111151403,0.3214285714285714,0.6046059933407325,0.2875,0.3571428571428571
0.8918918918918948,0.0570570570570571,0.0,0.0402460372063702,0.0,0.0,0.0,0.0
0.9459459459459438,0.059059059059059,0.0,0.0295612373202465,0.5238095238095237,0.3321309655937847,0.2045,0.3571428571428571
0.7567567567567579,0.018018018018018,0.0,0.0381278024246162,0.0,0.0,0.0,0.0
0.9189189189189192,0.1016016016016016,0.0,0.0038123989602008,0.0,0.0,0.0,0.0
0.9189189189189192,0.174073973973974,0.0,0.0139879752047908,0.3257142857142857,0.663984461709212,0.3695,0.5
0.7837837837837824,0.049049049049049,0.0,0.0550736806786484,0.0,0.0,0.0,0.0
0.9459459459459438,0.1591591591591591,0.0,0.0148272198253218,0.0,0.0,0.0,0.0
0.8378378378378386,0.049049049049049,0.0,0.0338913328611081,0.5954761904761905,0.4156492785793563,0.224375,0.3571428571428571
0.9459459459459438,0.0668668668668668,0.0,0.0072015746110072,0.4471428571428571,0.2771920088790233,0.1875,0.3571428571428571
0.6486486486486527,0.0095095095095095,0.0,0.0254183937340919,0.0,0.0,0.0,0.0
0.7297297297297334,0.0620620620620621,0.0,0.0847289676232049,0.0,0.0,0.0,0.0
0.9459459459459438,0.061061061061061,0.0,0.0063542806983056,0.4973809523809523,0.3321309655937847,0.2045,0.3571428571428571
0.8918918918918948,0.0062062062062062,0.0262213707483772,0.0002113998312189,0.0,0.0,0.0,0.0
0.8648648648648631,0.046046046046046,0.0,0.0231828087454287,0.6,0.3462819089900111,0.185,0.3571428571428571
0.8918918918918948,0.053053053053053,0.0,0.0084725154800597,0.4857142857142856,0.3321309655937847,0.2045,0.3571428571428571
0.8378378378378386,0.024024024024024,0.0,0.0211819241705839,0.5952380952380952,0.3873473917869034,0.172525,0.3571428571428571
0.8918918918918948,0.0035035035035035,0.0151807935911657,0.0004232233093944,0.0,0.0,0.0,0.0
0.7837837837837824,0.026026026026026,0.0,0.0338913328611081,0.0,0.0,0.0,0.0
0.9459459459459438,0.0765765765765765,0.0,0.0199109833015315,0.3814285714285714,0.3809655937846837,0.23425,0.5
0.8108108108108141,0.069069069069069,0.0,0.0262656876467936,0.3119047619047618,0.6933962264150944,0.3525,0.5
0.7027027027027017,0.024024024024024,0.0,0.0533265606306577,0.3571428571428571,0.4400665926748058,0.2617,0.3571428571428571
0.8378378378378386,0.02002002002002,0.0,0.0296548632976,0.0,0.0,0.0,0.0
0.7567567567567579,0.039039039039039,0.0,0.0593101502421565,0.3214285714285714,0.6046059933407325,0.2875,0.3571428571428571
0.8378378378378386,0.029029029029029,0.0,0.0159096377987981,0.0,0.0,0.0,0.0
0.6486486486486527,0.014014014014014,0.0,0.0296548632976,0.0,0.0,0.0,0.0
0.8108108108108141,0.0570570570570571,0.0,0.0105907502618137,0.0,0.0,0.0,0.0
0.9189189189189192,0.3193193193193193,0.0,0.0190636893888299,0.4602380952380951,0.554661487236404,0.4425,0.3571428571428571
0.8108108108108141,0.0055055055055055,0.0217223355568135,0.0067779276546565,0.0,0.0,0.0,0.0
0.8378378378378386,0.054054054054054,0.0,0.0169454546070758,0.415,0.3873473917869034,0.26375,0.3571428571428571
0.8918918918918948,0.084084084084084,0.0,0.0245710998213903,0.4683333333333333,0.4389567147613762,0.3155,0.3571428571428571
0.7837837837837824,0.0342342342342342,0.0,0.0461770945952815,0.0,0.0,0.0,0.0
0.9459459459459438,0.1466466466466466,0.0,0.004956245742348,0.0,0.0,0.0,0.0
0.9189189189189192,0.0850850850850851,0.0,0.0169454546070758,0.5238095238095237,0.4389567147613762,0.3155,0.3571428571428571
0.9729729729729756,0.049049049049049,0.0,0.0021178111347976,0.4833333333333333,0.3013318534961154,0.17,0.3571428571428571
0.8108108108108141,0.033033033033033,0.0,0.0296548632976,0.4404761904761904,0.3321309655937847,0.207125,0.3571428571428571
0.8648648648648631,0.0282282282282282,0.0,0.0296548632976,0.4761904761904761,0.3881798002219755,0.1701249999999999,0.3571428571428571
0.8648648648648631,0.059059059059059,0.0,0.0254183937340919,0.0,0.0,0.0,0.0
0.9189189189189192,0.0375375375375375,0.0,0.0177927485197774,0.4716666666666666,0.3013318534961154,0.1701249999999999,0.3571428571428571
0.9459459459459438,0.0570570570570571,0.0,0.0135562789562694,0.4499999999999999,0.3321309655937847,0.20465,0.3571428571428571
0.7567567567567579,0.026026026026026,0.0,0.0444825067698783,0.5214285714285714,0.3873473917869034,0.2249999999999999,0.3571428571428571
0.8648648648648631,0.049049049049049,0.0,0.049566270246088,0.4964285714285714,0.3321309655937847,0.2078499999999999,0.3571428571428571
0.8378378378378386,0.099099099099099,0.0,0.042787918944475,0.0,0.0,0.0,0.0
0.7297297297297334,0.006876076076076,0.0,0.0338913328611081,0.0,0.0,0.0,0.0
0.7567567567567579,0.0205205205205205,0.0,0.0381278024246162,0.0,0.0,0.0,0.0
0.6756756756756772,0.0065065065065065,0.0,0.0148272198253218,0.0,0.0,0.0,0.0
0.8378378378378386,0.038038038038038,0.0,0.0381278024246162,0.0,0.0,0.0,0.0
0.6756756756756772,0.01001001001001,0.0,0.0423642719881242,0.0,0.0,0.0,0.0
0.7837837837837824,0.0455455455455455,0.0,0.0296845185845446,0.0,0.0,0.0,0.0
0.6486486486486527,0.01001001001001,0.0,0.0508372111151403,0.469047619047619,0.220865704772475,0.11575,0.3571428571428571
0.7297297297297334,0.024024024024024,0.0,0.0466007415516323,0.0,0.0,0.0,0.0
0.6756756756756772,0.0145145145145145,0.0,0.0423642719881242,0.0,0.0,0.0,0.0
0.8918918918918948,0.1991991991991992,0.0,0.0288452739640137,0.4561904761904761,0.6920088790233074,0.39425,0.3571428571428571
0.8108108108108141,0.0236236236236236,0.0,0.0237238059086887,0.5261904761904762,0.3462819089900111,0.185,0.3571428571428571
0.6486486486486527,0.009009009009009,0.0,0.0220292180832855,0.0,0.0,0.0,0.0
0.8378378378378386,0.029029029029029,0.0,0.0250197419481659,0.0,0.0,0.0,0.0
0.7567567567567579,0.0089089089089089,0.0,0.0423642719881242,0.0,0.0,0.0,0.0
0.7567567567567579,0.006006006006006,0.0,0.0338913328611081,0.4047619047619047,0.3898446170921198,0.1775,0.3571428571428571
0.9189189189189192,0.059059059059059,0.0,0.0197021253520505,0.0,0.0,0.0,0.0
0.8648648648648631,0.0670670670670671,0.0,0.0271129815594952,0.3821428571428571,0.4159267480577137,0.276,0.3571428571428571
0.7837837837837824,0.0131131131131131,0.0,0.0542263867659468,0.4428571428571429,0.3326859045504994,0.1985,0.3571428571428571
0.7567567567567579,0.0135135135135135,0.0,0.0211819241705839,0.3659523809523809,0.3318534961154273,0.1825,0.5
0.8108108108108141,0.028028028028028,0.0,0.0237238059086887,0.0,0.0,0.0,0.0
0.8918918918918948,0.1002002002002002,0.37537962334519,0.0046512199337754,0.0,0.0,0.0,0.0
0.8378378378378386,0.034034034034034,0.0,0.0105907502618137,0.4404761904761904,0.3321309655937847,0.2145,0.3571428571428571
0.8378378378378386,0.0455455455455455,0.0,0.0338913328611081,0.38,0.7000554938956715,0.15525,0.5
0.8918918918918948,0.0415415415415415,0.0,0.0211819241705839,0.4716666666666666,0.3013318534961154,0.1701249999999999,0.3571428571428571
0.9459459459459438,0.049049049049049,0.0,0.0254183937340919,0.4795238095238095,0.3321309655937847,0.20465,0.3571428571428571
0.9729729729729756,0.071071071071071,0.0,0.0042360459165516,0.4523809523809523,0.3312985571587125,0.2367,0.3571428571428571
0.9189189189189192,0.4494494494494495,0.0,0.0338913328611081,0.0,0.0,0.0,0.0
0.8918918918918948,0.034034034034034,0.0,0.0069897511328319,0.4911904761904761,0.332408435072142,0.1674999999999999,0.3571428571428571
0.9459459459459438,0.064064064064064,0.0,0.0169454546070758,0.4795238095238095,0.4156492785793563,0.2199999999999999,0.3571428571428571
0.8648648648648631,0.079079079079079,0.0,0.0296548632976,0.3666666666666666,0.5541065482796892,0.3,0.5
0.8378378378378386,0.0625625625625626,0.0,0.0056128985246917,0.0,0.0,0.0,0.0
0.8918918918918948,0.034034034034034,0.0,0.0338913328611081,0.4883333333333333,0.2769145394006659,0.1676,0.3571428571428571
0.7027027027027017,0.0185185185185185,0.0,0.0114401624092971,0.0,0.0,0.0,0.0
0.7297297297297334,0.069069069069069,0.0,0.0690540302382251,0.0,0.0,0.0,0.0
0.8648648648648631,0.059059059059059,0.0,0.0338913328611081,0.3233333333333333,0.6933962264150944,0.181,0.6428571428571428
0.8108108108108141,0.046046046046046,0.0,0.0347386267738097,0.633095238095238,0.3462819089900111,0.185,0.3571428571428571
0.8108108108108141,0.039039039039039,0.0,0.0188518659106545,0.4871428571428571,0.4053829078801332,0.2095,0.3571428571428571
0.8918918918918948,0.1464464464464464,0.410985484677197,0.0097434563491121,0.0,0.0,0.0,0.0
0.8108108108108141,0.0265265265265265,0.0,0.0338913328611081,0.4035714285714285,0.4156492785793563,0.24425,0.3571428571428571
0.8108108108108141,0.3743743743743744,0.0,0.0237238059086887,0.2666666666666666,0.8304661487236404,0.6025,0.2857142857142857
0.8648648648648631,0.064064064064064,0.0,0.0211819241705839,0.0,0.0,0.0,0.0
0.8108108108108141,0.044044044044044,0.0,0.0296548632976,0.0,0.0,0.0,0.0
0.7837837837837824,0.024024024024024,0.0,0.0660885015437694,0.0,0.0,0.0,0.0
0.8648648648648631,0.02002002002002,0.0,0.0169454546070758,0.5023809523809524,0.2258601553829078,0.138,0.3571428571428571
0.7837837837837824,0.002002002002002,0.0140767358754446,0.0254183937340919,0.0,0.0,0.0,0.0
0.8378378378378386,0.0215215215215215,0.0,0.0148272198253218,0.5023809523809524,0.2258601553829078,0.138,0.3571428571428571
0.8918918918918948,0.044044044044044,0.0,0.0491265247053958,0.0,0.0,0.0,0.0
0.7297297297297334,0.015015015015015,0.0,0.0254183937340919,0.0,0.0,0.0,0.0
0.7297297297297334,0.054054054054054,0.0,0.0915073189248179,0.3047619047619048,0.6920088790233074,0.255,0.5714285714285714
0.7567567567567579,0.024024024024024,0.0,0.0508372111151403,0.5476190476190476,0.3873473917869034,0.2249999999999999,0.3571428571428571
0.7837837837837824,0.0780780780780781,0.0,0.0347386267738097,0.0,0.0,0.0,0.0
0.9729729729729756,0.023023023023023,0.0,0.0021178111347976,0.0,0.0,0.0,0.0
0.7027027027027017,0.017017017017017,0.0,0.0254183937340919,0.0,0.0,0.0,0.0
0.8108108108108141,0.1091091091091091,0.0,0.0169454546070758,0.0,0.0,0.0,0.0
0.8648648648648631,0.049049049049049,0.0,0.0296548632976,0.4428571428571429,0.3321309655937847,0.204575,0.3571428571428571
0.7567567567567579,0.034034034034034,0.0,0.0313494511230033,0.0,0.0,0.0,0.0
0.9459459459459438,0.0815815815815815,0.0,0.0302903337321263,0.5366666666666666,0.3873473917869034,0.221825,0.3571428571428571
0.7837837837837824,0.029029029029029,0.0,0.0173691015634266,0.4847619047619047,0.3321309655937847,0.19725,0.3571428571428571
0.8648648648648631,0.053053053053053,0.0,0.0021178111347976,0.0,0.0,0.0,0.0
0.9189189189189192,0.069069069069069,0.0,0.0296548632976,0.6761904761904761,0.3462819089900111,0.18505,0.3571428571428571
0.7837837837837824,0.031031031031031,0.0,0.0338913328611081,0.0,0.0,0.0,0.0
0.9189189189189192,0.0585585585585585,0.0,0.0140222906082553,0.0,0.0,0.0,0.0
0.7837837837837824,0.033033033033033,0.0,0.0102941973923681,0.505,0.3321309655937847,0.2045,0.3571428571428571
0.7567567567567579,0.029029029029029,0.0,0.027536628515846,0.0,0.0,0.0,0.0
0.9189189189189192,0.1016016016016016,0.0,0.0038123989602008,0.0,0.0,0.0,0.0
0.8918918918918948,0.1850850850850851,0.0,0.0169454546070758,0.469047619047619,0.5946170921198668,0.33525,0.3571428571428571
0.9459459459459438,0.3193193193193193,0.0,0.0254183937340919,0.3580952380952381,0.7644284128745839,0.43625,0.5
0.7027027027027017,0.009009009009009,0.0,0.0338913328611081,0.4476190476190476,0.3462819089900111,0.2249999999999999,0.3571428571428571
0.8378378378378386,0.017017017017017,0.0,0.0238115008286534,0.0,0.0,0.0,0.0
0.8378378378378386,0.0564564564564564,0.0,0.0118955828873742,0.0,0.3321309655937847,0.258125,0.3571428571428571
0.8108108108108141,0.023023023023023,0.0,0.0423642719881242,0.4761904761904761,0.3881798002219755,0.17025,0.3571428571428571
1.0,0.0609609609609609,0.0,0.0006350467875698,0.0,0.0,0.0,0.0
0.8648648648648631,0.0570570570570571,0.0,0.0063542806983056,0.4945238095238095,0.3462819089900111,0.2219,0.5
0.6486486486486527,0.007007007007007,0.0,0.0508372111151403,0.0,0.0,0.0,0.0
0.6756756756756772,0.013013013013013,0.0,0.0228765119959871,0.0,0.0,0.0,0.0
0.8378378378378386,0.027027027027027,0.0,0.027045198046479,0.0,0.0,0.0,0.0
0.9189189189189192,0.0355355355355355,0.0,0.0330440389484065,0.0,0.0,0.0,0.0
0.5945945945945965,0.007007007007007,0.0,0.0239695211433722,0.0,0.0,0.0,0.0
0.9459459459459438,0.059059059059059,0.0,0.0032192932213097,0.0,0.0,0.0,0.0
0.7837837837837824,0.038038038038038,0.0,0.0192560251070131,0.0,0.0,0.0,0.0
0.8648648648648631,0.0465465465465465,0.0,0.0254183937340919,0.6,0.3462819089900111,0.185,0.3571428571428571
0.9459459459459438,0.0915915915915915,0.0,0.0141324388169065,0.5421428571428571,0.4156492785793563,0.246475,0.3571428571428571
0.8918918918918948,0.059059059059059,0.0,0.0508372111151403,0.38,0.7000554938956715,0.1574999999999999,0.6428571428571428
0.8108108108108141,0.034034034034034,0.0,0.0381278024246162,0.0,0.0,0.0,0.0
0.8918918918918948,0.0365365365365365,0.0,0.0146153963471464,0.4883333333333333,0.2769145394006659,0.1676,0.3571428571428571
0.9459459459459438,0.059059059059059,0.0,0.0295612373202465,0.5238095238095237,0.3321309655937847,0.2045,0.3571428571428571
0.9729729729729756,0.0657657657657657,0.0,0.0031769285256746,0.4428571428571429,0.3321309655937847,0.20465,0.3571428571428571
0.6756756756756772,0.02002002002002,0.0,0.0508372111151403,0.4452380952380952,0.5260821309655938,0.165,0.3571428571428571
0.9459459459459438,0.084084084084084,0.0,0.0211819241705839,0.0,0.0,0.0,0.0
0.8648648648648631,0.039039039039039,0.0,0.0166971974906542,0.4499999999999999,0.3321309655937847,0.20465,0.3571428571428571
0.8378378378378386,0.0570570570570571,0.0,0.0372805085119146,0.557142857142857,0.3462819089900111,0.185,0.3571428571428571
0.9189189189189192,0.049049049049049,0.0,0.0084725154800597,0.4857142857142856,0.3321309655937847,0.2045,0.3571428571428571
0.5945945945945965,0.0035035035035035,0.0,0.023480208908787,0.3833333333333333,0.220865704772475,0.0925,0.2857142857142857
0.8918918918918948,0.069069069069069,0.0,0.0296548632976,0.6688095238095237,0.3462819089900111,0.22125,0.3571428571428571
0.9189189189189192,0.0715715715715715,0.2718742124963325,0.0029227403518641,0.0,0.0,0.0,0.0
0.9459459459459438,0.069069069069069,0.0,0.0211819241705839,0.6761904761904761,0.3462819089900111,0.18505,0.3571428571428571
0.9189189189189192,0.0625625625625626,0.0,0.0169454546070758,0.633095238095238,0.3462819089900111,0.185,0.3571428571428571
0.7567567567567579,0.034034034034034,0.0,0.0338913328611081,0.3809523809523809,0.332408435072142,0.2249999999999999,0.3571428571428571
0.8108108108108141,0.0235235235235235,0.0,0.0296548632976,0.4761904761904761,0.3881798002219755,0.17025,0.3571428571428571
0.9729729729729756,0.1791791791791792,0.0,0.0042360459165516,0.3809523809523809,0.6046059933407325,0.35,0.5
0.9189189189189192,0.1791791791791792,0.5456805259951769,0.0063542806983056,0.0,0.0,0.0,0.0
1.0,0.0765765765765765,0.0,0.0008468702657452,0.4928571428571428,0.3321309655937847,0.20465,0.3571428571428571
0.8108108108108141,0.079079079079079,0.0,0.0787979102342936,0.0,0.0,0.0,0.0
0.8648648648648631,0.0305305305305305,0.0,0.0190636893888299,0.0,0.0,0.0,0.0
0.8648648648648631,0.074074074074074,0.0,0.0194763215243156,0.0,0.0,0.0,0.0
0.7297297297297334,0.019019019019019,0.0,0.0466007415516323,0.4047619047619047,0.3898446170921198,0.1775,0.3571428571428571
0.8648648648648631,0.0500499499499499,0.0,0.0834580267541525,0.3233333333333333,0.6933962264150944,0.181,0.7142857142857142
0.7567567567567579,0.0315315315315315,0.0,0.0245710998213903,0.3833333333333333,0.3601553829078801,0.2205,0.3571428571428571
0.9189189189189192,0.056056056056056,0.0,0.0186726632481181,0.405,0.4159267480577137,0.27625,0.3571428571428571
0.9459459459459438,0.2942942942942943,0.0,0.0194873363451806,0.3761904761904762,0.5960044395116537,0.425,0.3571428571428571
0.9189189189189192,0.059059059059059,0.0,0.0127089850435678,0.4402380952380951,0.4142619311875694,0.25,0.5
0.8378378378378386,0.034034034034034,0.0,0.0254183937340919,0.0,0.0,0.0,0.0
0.9189189189189192,0.048048048048048,0.0,0.0093198093927613,0.0,0.0,0.0,0.0
0.8108108108108141,0.0475474474474474,0.0,0.027536628515846,0.0,0.0,0.0,0.0
0.9189189189189192,0.2617617617617618,0.0,0.0038123989602008,0.3238095238095237,0.554661487236404,0.4425,0.3571428571428571
0.567567567567572,0.006006006006006,0.0,0.066935795456471,0.0,0.0,0.0,0.0
0.7027027027027017,0.0105104104104104,0.0,0.0381278024246162,0.4266666666666667,0.3013318534961154,0.15525,0.3571428571428571
0.7837837837837824,0.046046046046046,0.0,0.091083671968467,0.2869047619047619,0.6046059933407325,0.3,0.5
0.9459459459459438,0.1201201201201201,0.0,0.0105907502618137,0.509047619047619,0.3873473917869034,0.22175,0.3571428571428571
0.8918918918918948,0.079079079079079,0.0,0.0338913328611081,0.569047619047619,0.4389567147613762,0.3155,0.3571428571428571
0.8648648648648631,0.1641641641641641,0.0,0.0385514493809669,0.2988095238095238,0.8274139844617092,0.42125,0.5
0.9459459459459438,0.069069069069069,0.0,0.0042360459165516,0.0,0.0,0.0,0.0
0.9189189189189192,0.084084084084084,0.0,0.0127089850435678,0.3666666666666666,0.4153718091009989,0.29325,0.5
0.8918918918918948,0.0315315315315315,0.0,0.0211819241705839,0.4883333333333333,0.2769145394006659,0.1676,0.3571428571428571
0.9459459459459438,0.0865865865865865,0.0,0.0006096279701887,0.0,0.0,0.0,0.0
0.7297297297297334,0.0265265265265265,0.0,0.0211819241705839,0.6238095238095237,0.2769145394006659,0.1455,0.3571428571428571
0.9189189189189192,0.059059059059059,0.0,0.0254183937340919,0.0,0.0,0.0,0.0
0.8918918918918948,0.0815815815815815,0.0,0.0245710998213903,0.0,0.0,0.0,0.0
0.7567567567567579,0.0225225225225225,0.0,0.0254183937340919,0.4980952380952381,0.2769145394006659,0.1677499999999999,0.3571428571428571
0.9459459459459438,0.2467467467467468,0.0,0.0008468702657452,0.4,0.5504994450610433,0.375,0.3571428571428571
0.7297297297297334,0.016016016016016,0.0,0.0381278024246162,0.4847619047619047,0.3321309655937847,0.19725,0.3571428571428571
0.9459459459459438,0.073073073073073,0.0,0.0164442802577128,0.6521428571428571,0.3462819089900111,0.185,0.3571428571428571
0.8378378378378386,0.049049049049049,0.0,0.0381278024246162,0.3583333333333333,0.6046059933407325,0.36975,0.5
0.8918918918918948,0.049049049049049,0.0,0.0084725154800597,0.0,0.0,0.0,0.0
0.7837837837837824,0.079079079079079,0.0,0.0677830893691726,0.0,0.0,0.0,0.0
0.8648648648648631,0.059059059059059,0.0,0.0254183937340919,0.5904761904761905,0.3873473917869034,0.22175,0.3571428571428571
0.6756756756756772,0.019019019019019,0.0,0.0338913328611081,0.3214285714285714,0.5535516093229745,0.13,0.3571428571428571
0.8378378378378386,0.0215215215215215,0.0,0.0148272198253218,0.4911904761904761,0.332408435072142,0.1674999999999999,0.3571428571428571
0.8918918918918948,0.0675675675675676,0.0,0.0271129815594952,0.0,0.0,0.0,0.0
0.8918918918918948,0.037037037037037,0.0,0.0423642719881242,0.0,0.0,0.0,0.0
0.8648648648648631,0.084084084084084,0.0,0.0355859206865113,0.0,0.0,0.0,0.0
0.567567567567572,0.008008008008008,0.0,0.0466007415516323,0.469047619047619,0.220865704772475,0.11575,0.3571428571428571
0.7567567567567579,0.008008008008008,0.0,0.0381278024246162,0.3723809523809523,0.3310210876803551,0.1602,0.3571428571428571
0.8918918918918948,0.049049049049049,0.0,0.0254183937340919,0.0,0.0,0.0,0.0
0.9189189189189192,0.064064064064064,0.0,0.0508372111151403,0.5616666666666666,0.3784683684794672,0.1676,0.3571428571428571
0.5945945945945965,0.014014014014014,0.0,0.0635466198056646,0.0,0.0,0.0,0.0
0.9189189189189192,0.0765765765765765,0.0,0.0135562789562694,0.5785714285714285,0.3462819089900111,0.22125,0.3571428571428571
0.7027027027027017,0.019019019019019,0.0,0.0224528650396363,0.4847619047619047,0.3321309655937847,0.19725,0.3571428571428571
0.7837837837837824,0.0335335335335335,0.0,0.0581451211121918,0.0,0.0,0.0,0.0
0.7837837837837824,0.027027027027027,0.0,0.0296548632976,0.5452380952380952,0.3462819089900111,0.185,0.3571428571428571
0.8108108108108141,0.061061061061061,0.0,0.0296548632976,0.0,0.0,0.0,0.0
0.7837837837837824,0.027027027027027,0.0,0.0661139203611504,0.5523809523809523,0.3462819089900111,0.1848499999999999,0.3571428571428571
0.8918918918918948,0.033033033033033,0.0,0.0127089850435678,0.5023809523809524,0.2258601553829078,0.138,0.3571428571428571
0.9189189189189192,0.064064064064064,0.0,0.0068626570459266,0.5785714285714285,0.3462819089900111,0.22125,0.3571428571428571
0.8648648648648631,0.0470470470470471,0.0,0.0381278024246162,0.633095238095238,0.3462819089900111,0.185,0.3571428571428571
0.7837837837837824,0.074074074074074,0.0,0.0381278024246162,0.3047619047619048,0.6920088790233074,0.255,0.5714285714285714
0.8648648648648631,0.032032032032032,0.0,0.0593101502421565,0.633095238095238,0.3462819089900111,0.185,0.3571428571428571
0.8918918918918948,0.054054054054054,0.0,0.0036378564141843,0.5238095238095237,0.3321309655937847,0.2045,0.3571428571428571
0.8918918918918948,0.2892892892892893,0.0,0.0131326319999185,0.3095238095238095,0.5946170921198668,0.51,0.3571428571428571
0.8918918918918948,0.03003003003003,0.0,0.0048715163510778,0.5992857142857143,0.2216981132075471,0.1332499999999999,0.3571428571428571
0.8648648648648631,0.053053053053053,0.0,0.0021178111347976,0.0,0.0,0.0,0.0
0.9189189189189192,0.0615615615615615,0.0,0.0108186723243304,0.3995238095238095,0.4150943396226415,0.221825,0.3571428571428571
0.9729729729729756,0.1066066066066066,0.0,0.0036429401776605,0.4119047619047619,0.4153718091009989,0.3025,0.5
0.9459459459459438,0.049049049049049,0.0,0.0296548632976,0.0,0.0,0.0,0.0
0.621621621621621,0.0,0.0207010821697715,0.0390738060781475,0.0,0.0,0.0,0.0
0.9459459459459438,0.1591591591591591,0.0,0.0169454546070758,0.0,0.0,0.0,0.0
0.8918918918918948,0.005005005005005,0.0240132553169349,0.0063542806983056,0.0,0.0,0.0,0.0
0.8378378378378386,0.024024024024024,0.0,0.0423642719881242,0.0,0.0,0.0,0.0
0.7297297297297334,0.013013013013013,0.0,0.0169454546070758,0.0,0.0,0.0,0.0
0.7567567567567579,0.029029029029029,0.0,0.0466007415516323,0.3857142857142857,0.4142619311875694,0.275,0.3571428571428571
0.7567567567567579,0.0035035035035035,0.0262213707483772,0.0101671033054629,0.0,0.0,0.0,0.0
0.6486486486486527,0.0215215215215215,0.0,0.0508372111151403,0.0,0.0,0.0,0.0
0.9189189189189192,0.044044044044044,0.0,0.0084725154800597,0.4499999999999999,0.3321309655937847,0.20465,0.3571428571428571
0.7837837837837824,0.0405405405405405,0.0,0.0338913328611081,0.0,0.0,0.0,0.0
0.6756756756756772,0.0115115115115115,0.0,0.0360095676428621,0.0,0.0,0.0,0.0
0.9189189189189192,0.074074074074074,0.0,0.0169454546070758,0.5366666666666666,0.3873473917869034,0.221825,0.3571428571428571
0.8378378378378386,0.0485485485485485,0.0,0.0741377937144348,0.4526190476190476,0.4053829078801332,0.271125,0.3571428571428571
0.7837837837837824,0.044044044044044,0.0,0.038197704172414,0.4238095238095238,0.3881798002219755,0.1674999999999999,0.3571428571428571
0.567567567567572,0.016016016016016,0.0,0.0508372111151403,0.319047619047619,0.497780244173141,0.3125,0.3571428571428571
0.8918918918918948,0.023023023023023,0.0,0.0381278024246162,0.0,0.0,0.0,0.0
0.7837837837837824,0.013013013013013,0.0,0.0317730980793541,0.6057142857142858,0.2597114317425083,0.144,0.3571428571428571
0.9729729729729756,0.0570570570570571,0.0,0.0148272198253218,0.4166666666666666,0.3326859045504994,0.22175,0.3571428571428571
0.8108108108108141,0.044044044044044,0.0,0.0004232233093944,0.0,0.0,0.0,0.0
0.7027027027027017,0.039039039039039,0.0,0.0584628563294549,0.0,0.0,0.0,0.0
0.9189189189189192,0.0450449449449449,0.0,0.0211819241705839,0.0,0.0,0.0,0.0
0.7567567567567579,0.008008008008008,0.0,0.0228765119959871,0.0,0.0,0.0,0.0
0.8108108108108141,0.03003003003003,0.0,0.0296548632976,0.5952380952380952,0.3873473917869034,0.1725,0.3571428571428571
0.7567567567567579,0.023023023023023,0.0,0.0305021572103016,0.4761904761904761,0.3881798002219755,0.17,0.3571428571428571
0.8648648648648631,0.023023023023023,0.0,0.0233001589523379,0.6057142857142858,0.2597114317425083,0.14075,0.3571428571428571
0.9189189189189192,0.044044044044044,0.0,0.0238466635260304,0.5714285714285714,0.3290788013318535,0.184925,0.3571428571428571
0.8378378378378386,0.0445445445445445,0.0,0.0236602588652361,0.0,0.0,0.0,0.0
0.9189189189189192,0.0035035035035035,0.0140767358754446,0.0016941641784468,0.0,0.0,0.0,0.0
0.7297297297297334,0.0215215215215215,0.0,0.0254183937340919,0.3071428571428571,0.4433962264150943,0.25625,0.3571428571428571
0.8108108108108141,0.027027027027027,0.0,0.0338913328611081,0.5004761904761904,0.3462819089900111,0.2219,0.3571428571428571
0.6486486486486527,0.007007007007007,0.0,0.0466007415516323,0.0,0.0,0.0,0.0
0.9189189189189192,0.1291291291291291,0.0,0.0169454546070758,0.419047619047619,0.6046059933407325,0.38465,0.5
0.8378378378378386,0.032032032032032,0.0,0.0093198093927613,0.4883333333333333,0.2769145394006659,0.1676,0.3571428571428571
0.8378378378378386,0.0302302302302302,0.0,0.0338913328611081,0.3261904761904761,0.3881798002219755,0.24705,0.5
0.6756756756756772,0.0715715715715715,0.0,0.0338913328611081,0.3533333333333333,0.5946170921198668,0.425,0.3571428571428571
0.8648648648648631,0.079079079079079,0.0,0.0063542806983056,0.0,0.0,0.0,0.0
0.9729729729729756,0.0965965965965965,0.0,0.0127089850435678,0.5476190476190476,0.4156492785793563,0.2473999999999999,0.3571428571428571
0.9459459459459438,0.1691691691691692,0.0,0.0063542806983056,0.0,0.0,0.0,0.0
0.7567567567567579,0.037037037037037,0.0,0.0665121485001202,0.5314285714285714,0.4389567147613762,0.31575,0.3571428571428571
0.8108108108108141,0.0315315315315315,0.0,0.0635466198056646,0.4428571428571429,0.3321309655937847,0.2145,0.3571428571428571
0.8918918918918948,0.0655655655655655,0.0,0.0194873363451806,0.0,0.0,0.0,0.0
0.7837837837837824,0.0205205205205205,0.0,0.0296548632976,0.0,0.0,0.0,0.0
0.8108108108108141,0.0685685685685685,0.5136628522392637,0.0169458782540322,0.0,0.0,0.0,0.0
0.7567567567567579,0.074074074074074,0.0,0.1232808406511283,0.3047619047619048,0.6920088790233074,0.255,0.5
0.8918918918918948,0.0525525525525525,0.0,0.022283406257096,0.0,0.0,0.0,0.0
0.6756756756756772,0.011011011011011,0.0,0.0508372111151403,0.4,0.4142619311875694,0.275,0.3571428571428571
0.8108108108108141,0.0365365365365365,0.0,0.0338913328611081,0.557142857142857,0.3462819089900111,0.185,0.3571428571428571
0.8918918918918948,0.0065065065065065,0.0220811543144229,0.0029651050474992,0.0,0.0,0.0,0.0
0.8918918918918948,0.059059059059059,0.0,0.0305021572103016,0.0,0.0,0.0,0.0
0.9729729729729756,0.0285285285285285,0.0,0.0042360459165516,0.0,0.0,0.0,0.0
0.7837837837837824,0.061061061061061,0.0,0.0338913328611081,0.0,0.0,0.0,0.0
0.8108108108108141,0.0485485485485485,0.0,0.0423642719881242,0.0,0.0,0.0,0.0
0.6756756756756772,0.001001001001001,0.0207010821697715,0.0254183937340919,0.0,0.0,0.0,0.0
0.9459459459459438,0.0615615615615615,0.0,0.0211819241705839,0.5238095238095237,0.3321309655937847,0.2045,0.3571428571428571
0.7567567567567579,0.041041041041041,0.0,0.0423642719881242,0.3214285714285714,0.6046059933407325,0.2875,0.3571428571428571
0.9189189189189192,0.0405405405405405,0.0,0.0138401224170244,0.0,0.0,0.0,0.0
0.7297297297297334,0.019019019019019,0.0,0.0330440389484065,0.0,0.0,0.0,0.0
0.7837837837837824,0.044044044044044,0.0,0.0635466198056646,0.5314285714285714,0.4389567147613762,0.3157999999999999,0.3571428571428571
0.9729729729729756,0.5495495495495496,0.0,0.0036005754820254,0.3995238095238095,0.5535516093229745,0.475,0.3571428571428571
0.7297297297297334,0.0275275275275275,0.0,0.0334676859047573,0.4,0.4153718091009989,0.29075,0.3571428571428571
0.8108108108108141,0.029029029029029,0.0,0.0381278024246162,0.5952380952380952,0.3873473917869034,0.1725,0.3571428571428571
0.9459459459459438,0.089089089089089,0.0,0.0105907502618137,0.4604761904761904,0.4056603773584906,0.2575,0.5
0.567567567567572,0.0185185185185185,0.0,0.0508372111151403,0.0,0.0,0.0,0.0
0.7297297297297334,0.017017017017017,0.0,0.0423642719881242,0.0,0.0,0.0,0.0
0.7297297297297334,0.017017017017017,0.0,0.0224528650396363,0.5023809523809524,0.3321309655937847,0.2145,0.3571428571428571
0.8108108108108141,0.044044044044044,0.0,0.0317730980793541,0.0,0.0,0.0,0.0
0.8108108108108141,0.074074074074074,0.0,0.0336066421064403,0.3092857142857143,0.6920088790233074,0.2515,0.5
0.8648648648648631,0.035035035035035,0.0,0.0169454546070758,0.55,0.2769145394006659,0.1676,0.3571428571428571
0.9459459459459438,0.051051051051051,0.0,0.0254183937340919,0.4183333333333333,0.3310210876803551,0.22175,0.3571428571428571
0.8918918918918948,0.1156156156156156,0.0,0.0211819241705839,0.3809523809523809,0.5541065482796892,0.35,0.5
0.8648648648648631,0.0841841841841842,0.0,0.022729082855177,0.0,0.0,0.0,0.0
0.7027027027027017,0.02002002002002,0.0,0.0317730980793541,0.0,0.0,0.0,0.0
0.9189189189189192,0.044044044044044,0.0,0.0238466635260304,0.5714285714285714,0.3290788013318535,0.184925,0.3571428571428571
0.9459459459459438,0.064064064064064,0.0,0.0211819241705839,0.5714285714285714,0.3290788013318535,0.184925,0.3571428571428571
0.5945945945945965,0.007007007007007,0.0,0.0239695211433722,0.0,0.0,0.0,0.0
0.8918918918918948,0.0815815815815815,0.0,0.0090851089789429,0.4,0.4153718091009989,0.29075,0.3571428571428571
0.9729729729729756,0.0546546546546546,0.0,0.0101671033054629,0.0,0.0,0.0,0.0
0.8648648648648631,0.0493493493493493,0.0,0.0466007415516323,0.3357142857142857,0.6046059933407325,0.36985,0.5
0.8648648648648631,0.054054054054054,0.0,0.0097434563491121,0.6,0.3462819089900111,0.185,0.3571428571428571
0.8378378378378386,0.035035035035035,0.0,0.0296548632976,0.0,0.0,0.0,0.0
0.8918918918918948,0.1281281281281281,0.0,0.0211819241705839,0.3809523809523809,0.6046059933407325,0.35,0.5
0.4594594594594596,0.005005005005005,0.0,0.0169454546070758,0.0,0.0,0.0,0.0
0.9189189189189192,0.0435435435435435,0.0,0.0105907502618137,0.4499999999999999,0.3321309655937847,0.205,0.3571428571428571
0.9189189189189192,0.0650650650650651,0.0,0.0254183937340919,0.3928571428571428,0.4142619311875694,0.175,0.5
0.8378378378378386,0.154054054054054,0.0,0.0178838326153928,0.0,0.0,0.0,0.0
0.8648648648648631,0.037037037037037,0.0,0.0084725154800597,0.5223809523809524,0.3318534961154273,0.15425,0.3571428571428571
0.8108108108108141,0.0335335335335335,0.0,0.0423642719881242,0.4526190476190476,0.4053829078801332,0.271125,0.3571428571428571
0.9459459459459438,0.0614614614614614,0.0,0.0062191373192297,0.0,0.0,0.0,0.0
0.8648648648648631,0.0493493493493493,0.0,0.0466007415516323,0.3357142857142857,0.6046059933407325,0.36985,0.5
0.8378378378378386,0.029029029029029,0.0,0.0635466198056646,0.0,0.0,0.0,0.0
0.8918918918918948,0.0552552552552552,0.0,0.0107343665800166,0.5095238095238095,0.3321309655937847,0.20775,0.3571428571428571
0.8648648648648631,0.0785785785785785,0.0,0.0148272198253218,0.405,0.4414539400665926,0.30325,0.3571428571428571
0.8918918918918948,0.0689689689689689,0.0,0.0167349020697695,0.0,0.0,0.0,0.0
0.9189189189189192,0.0700700700700701,0.0,0.0254183937340919,0.5785714285714285,0.3462819089900111,0.22125,0.3571428571428571
0.9189189189189192,0.034034034034034,0.0,0.0084725154800597,0.55,0.2769145394006659,0.1676,0.3571428571428571
0.7837837837837824,0.0345345345345345,0.0,0.0381278024246162,0.4166666666666666,0.3601553829078801,0.2145,0.3571428571428571
0.9189189189189192,0.0715715715715715,0.0,0.0148272198253218,0.505,0.3321309655937847,0.2045,0.3571428571428571
0.8648648648648631,0.1641641641641641,0.0,0.0385514493809669,0.2988095238095238,0.8274139844617092,0.42125,0.5
0.9459459459459438,0.0780780780780781,0.0,0.017322500398228,0.0,0.0,0.0,0.0
0.5135135135135158,0.02002002002002,0.0,0.1165024893495154,0.0,0.0,0.0,0.0
0.8648648648648631,0.0515515515515515,0.0,0.0567682685040517,0.6,0.3462819089900111,0.185,0.3571428571428571
0.7837837837837824,0.037037037037037,0.0,0.0296548632976,0.4595238095238095,0.3462819089900111,0.18475,0.3571428571428571
0.9189189189189192,0.1641641641641641,0.0,0.0233001589523379,0.0,0.0,0.0,0.0
0.8648648648648631,0.0515515515515515,0.0,0.0338913328611081,0.5616666666666666,0.3784683684794672,0.167625,0.3571428571428571
0.7837837837837824,0.034034034034034,0.0,0.0466007415516323,0.4035714285714285,0.4156492785793563,0.24425,0.3571428571428571
0.7567567567567579,0.0655655655655655,0.0,0.113113313698709,0.0,0.0,0.0,0.0
0.8108108108108141,0.034034034034034,0.0,0.0169454546070758,0.0,0.0,0.0,0.0
1.0,0.054054054054054,0.0,0.0254183937340919,0.6028571428571429,0.332408435072142,0.1925,0.4285714285714285
0.8378378378378386,0.049049049049049,0.0,0.1236947437274831,0.3333333333333333,0.6046059933407325,0.34525,0.5
0.7837837837837824,0.037037037037037,0.0,0.0614283850239105,0.4880952380952381,0.4433962264150943,0.25875,0.3571428571428571
0.7567567567567579,0.012012012012012,0.0,0.0254183937340919,0.345,0.3881798002219755,0.23175,0.3571428571428571
0.9459459459459438,0.1076076076076076,0.0,0.0063542806983056,0.0,0.0,0.0,0.0
0.8918918918918948,0.0635635635635635,0.0,0.0046596928729024,0.3404761904761905,0.4433962264150943,0.25875,0.3571428571428571
0.9189189189189192,0.0820820820820821,0.0,0.0148272198253218,0.5119047619047619,0.4153718091009989,0.27125,0.3571428571428571
0.8378378378378386,0.029029029029029,0.0,0.0618520319802614,0.0,0.0,0.0,0.0
0.7837837837837824,0.0439439439439439,0.0,0.0381278024246162,0.0,0.0,0.0,0.0
0.7567567567567579,0.003003003003003,0.0,0.0080488685237088,0.0,0.0,0.0,0.0
0.8378378378378386,0.03003003003003,0.0,0.0148272198253218,0.4883333333333333,0.2769145394006659,0.1676,0.3571428571428571
0.9459459459459438,0.094094094094094,0.0,0.0084725154800597,0.0,0.0,0.0,0.0
0.6756756756756772,0.011011011011011,0.0,0.0395389704362207,0.4716666666666666,0.3013318534961154,0.1701249999999999,0.3571428571428571
0.7837837837837824,0.0265265265265265,0.0,0.0410933311190718,0.4523809523809523,0.3013318534961154,0.17025,0.3571428571428571
0.8378378378378386,0.1841841841841842,0.0,0.0263660919754487,0.0,0.0,0.0,0.0
0.8648648648648631,0.099099099099099,0.0,0.0104636561749085,0.3809523809523809,0.6046059933407325,0.35,0.5
0.9459459459459438,0.0415415415415415,0.0,0.0063542806983056,0.0,0.0,0.0,0.0
0.7837837837837824,0.064064064064064,0.0,0.0338913328611081,0.3595238095238094,0.6046059933407325,0.35,0.5
0.8648648648648631,0.0639639639639639,0.0,0.016521807650725,0.4142857142857142,0.4153718091009989,0.29325,0.3571428571428571
0.8378378378378386,0.0085085085085085,0.0,0.0211819241705839,0.6047619047619047,0.1731409544950055,0.09375,0.2857142857142857
0.8918918918918948,0.024024024024024,0.0,0.0127089850435678,0.0,0.0,0.0,0.0
0.5405405405405403,0.004004004004004,0.0,0.0330855563501288,0.0,0.0,0.0,0.0
1.0,0.0802801801801801,0.0,0.0004274597789579,0.0,0.0,0.0,0.0
0.8378378378378386,0.01001001001001,0.0,0.1059113154407452,0.4547619047619047,0.3898446170921198,0.175,0.3571428571428571
0.7027027027027017,0.013013013013013,0.0,0.0338913328611081,0.0,0.0,0.0,0.0
0.8108108108108141,0.0215215215215215,0.0,0.0247164107274187,0.5188095238095237,0.2769145394006659,0.167625,0.3571428571428571
0.9459459459459438,0.025025025025025,0.0,0.0127089850435678,0.4,0.220865704772475,0.0855,0.5714285714285714
0.8648648648648631,0.084084084084084,0.0,0.0274518991245758,0.3595238095238094,0.6046059933407325,0.35,0.5
0.6486486486486527,0.0075075075075075,0.0,0.0635466198056646,0.4095238095238094,0.3873473917869034,0.13375,0.3571428571428571
0.7567567567567579,0.012012012012012,0.0,0.0228765119959871,0.438095238095238,0.3462819089900111,0.1875,0.3571428571428571
0.8648648648648631,0.064064064064064,0.0,0.0211819241705839,0.0,0.0,0.0,0.0
0.7837837837837824,0.029029029029029,0.0,0.0296548632976,0.5028571428571429,0.3462819089900111,0.2219999999999999,0.3571428571428571
0.9459459459459438,0.059059059059059,0.0,0.0008468702657452,0.0,0.0,0.0,0.0
0.5135135135135158,0.013013013013013,0.0,0.0211819241705839,0.469047619047619,0.220865704772475,0.11575,0.3571428571428571
0.8918918918918948,0.034034034034034,0.0,0.0296548632976,0.4883333333333333,0.2769145394006659,0.1676,0.3571428571428571
0.8378378378378386,0.064064064064064,0.0,0.0211819241705839,0.557142857142857,0.3462819089900111,0.185,0.3571428571428571
0.8648648648648631,0.1091091091091091,0.0,0.0221431791145438,0.3666666666666666,0.6046059933407325,0.3,0.5
0.9459459459459438,0.03003003003003,0.0,0.0084725154800597,0.0,0.0,0.0,0.0
0.8648648648648631,0.043043043043043,0.1573282244902634,0.0119464205221363,0.0,0.0,0.0,0.0
0.9189189189189192,0.044044044044044,0.0,0.0238466635260304,0.5714285714285714,0.3290788013318535,0.184925,0.3571428571428571
0.7567567567567579,0.044044044044044,0.0,0.040669684162721,0.5314285714285714,0.4389567147613762,0.3157999999999999,0.3571428571428571
0.9189189189189192,0.0780780780780781,0.2235716874335322,0.0014548036481086,0.0,0.0,0.0,0.0
0.6486486486486527,0.0115115115115115,0.0,0.0211819241705839,0.3642857142857142,0.3310210876803551,0.16325,0.3571428571428571
0.8918918918918948,0.026026026026026,0.0,0.0254183937340919,0.0,0.0,0.0,0.0
0.621621621621621,0.009009009009009,0.0,0.0508372111151403,0.0,0.0,0.0,0.0
0.9459459459459438,0.0865865865865865,0.0,0.0042360459165516,0.0,0.0,0.0,0.0
0.9189189189189192,0.0306306306306306,0.0,0.0105907502618137,0.588095238095238,0.220865704772475,0.1182499999999999,0.3571428571428571
0.8918918918918948,0.029029029029029,0.0,0.0169454546070758,0.0,0.0,0.0,0.0
0.9459459459459438,0.1396396396396396,0.0,0.0063542806983056,0.3761904761904762,0.4414539400665926,0.30325,0.3571428571428571
0.9729729729729756,0.5145145145145146,0.0,0.0084725154800597,0.5326190476190477,0.6900665926748057,0.5364,0.3571428571428571
0.8108108108108141,0.0082882882882883,0.0,0.0105907502618137,0.0,0.0,0.0,0.0
0.9189189189189192,0.2892892892892893,0.0,0.0169454546070758,0.0,0.0,0.0,0.0
0.6486486486486527,0.0085085085085085,0.0,0.0338913328611081,0.0,0.0,0.0,0.0
0.9729729729729756,0.1116116116116116,0.0,0.0014823407002714,0.4321428571428571,0.2769145394006659,0.295875,0.3571428571428571
0.5405405405405403,0.006006006006006,0.0,0.0254183937340919,0.0,0.0,0.0,0.0
0.4324324324324351,0.006006006006006,0.0,0.0296548632976,0.0,0.0,0.0,0.0
0.8918918918918948,0.041041041041041,0.0,0.0466007415516323,0.4333333333333333,0.3462819089900111,0.18435,0.5
0.9189189189189192,0.1371371371371371,0.0,0.0211819241705839,0.419047619047619,0.6046059933407325,0.38465,0.5
0.8108108108108141,0.0470470470470471,0.0,0.0466007415516323,0.4945238095238095,0.3462819089900111,0.2219,0.5
0.9729729729729756,0.079079079079079,0.0,0.0042360459165516,0.6523809523809523,0.4156492785793563,0.246575,0.3571428571428571
0.7837837837837824,0.013013013013013,0.0,0.0508372111151403,0.5007142857142857,0.4053829078801332,0.1624999999999999,0.3571428571428571
0.8918918918918948,0.084084084084084,0.0,0.0148272198253218,0.5838095238095238,0.3462819089900111,0.22125,0.5
0.9189189189189192,0.094094094094094,0.0,0.0211819241705839,0.6071428571428571,0.4156492785793563,0.2465,0.3571428571428571
0.9189189189189192,0.0450449449449449,0.0,0.0296548632976,0.4499999999999999,0.3321309655937847,0.205,0.3571428571428571
0.8918918918918948,0.031031031031031,0.0,0.0338913328611081,0.5223809523809524,0.3318534961154273,0.15425,0.3571428571428571
0.9189189189189192,0.044044044044044,0.0,0.0063542806983056,0.0,0.0,0.0,0.0
0.8918918918918948,0.069069069069069,0.0,0.0466007415516323,0.5785714285714285,0.3462819089900111,0.22125,0.3571428571428571
0.8918918918918948,0.054054054054054,0.0,0.023933087505126,0.4333333333333333,0.3326859045504994,0.22175,0.3571428571428571
0.9189189189189192,0.0225225225225225,0.0,0.0105907502618137,0.5404761904761904,0.2216981132075471,0.1341,0.3571428571428571
0.9729729729729756,0.094094094094094,0.0,0.0084725154800597,0.5476190476190476,0.4156492785793563,0.2473999999999999,0.3571428571428571
0.8918918918918948,0.0415415415415415,0.0,0.0057188102637794,0.5676190476190476,0.3326859045504994,0.2099999999999999,0.3571428571428571
0.7297297297297334,0.0342342342342342,0.0,0.0305779900154885,0.0,0.0,0.0,0.0
0.7567567567567579,0.02002002002002,0.0,0.091083671968467,0.5,0.4053829078801332,0.16025,0.3571428571428571
0.9729729729729756,0.0650650650650651,0.0,0.0042360459165516,0.5095238095238095,0.3321309655937847,0.20775,0.3571428571428571
0.9729729729729756,0.1441441441441441,0.0,0.0093198093927613,0.3809523809523809,0.3795782463928968,0.4,0.3571428571428571
0.8918918918918948,0.079079079079079,0.0,0.0296548632976,0.5785714285714285,0.3462819089900111,0.22125,0.3571428571428571
0.9729729729729756,0.3193193193193193,0.0,0.0084725154800597,0.0,0.0,0.0,0.0
0.7837837837837824,0.023023023023023,0.0,0.0169454546070758,0.0,0.0,0.0,0.0
0.7567567567567579,0.031031031031031,0.0,0.0741377937144348,0.38,0.7000554938956715,0.1574999999999999,0.6428571428571428
0.9729729729729756,0.3793793793793794,0.0,0.0084725154800597,0.4285714285714285,0.5463374028856826,0.475,0.3571428571428571
0.9729729729729756,0.048048048048048,0.0,0.0143730702881137,0.5676190476190476,0.3326859045504994,0.2112,0.3571428571428571
0.8378378378378386,0.034034034034034,0.0,0.0359180599002904,0.5714285714285714,0.3107658157602663,0.175,0.3571428571428571
0.8648648648648631,0.0515515515515515,0.0,0.0254183937340919,0.65,0.4156492785793563,0.2465,0.3571428571428571
0.8918918918918948,0.029029029029029,0.0,0.0254183937340919,0.4257142857142856,0.3898446170921198,0.120525,0.3571428571428571
0.8108108108108141,0.023023023023023,0.0,0.0254183937340919,0.4980952380952381,0.2769145394006659,0.1677499999999999,0.3571428571428571
0.8108108108108141,0.044044044044044,0.0,0.0402460372063702,0.0,0.0,0.0,0.0
0.9189189189189192,0.039039039039039,0.0,0.0211819241705839,0.0,0.0,0.0,0.0
0.9189189189189192,0.049049049049049,0.0,0.0169454546070758,0.0,0.0,0.0,0.0
0.7837837837837824,0.048048048048048,0.0,0.0177927485197774,0.0,0.0,0.0,0.0
0.8918918918918948,0.0435435435435435,0.0,0.0266893346031444,0.3642857142857142,0.8201997780244173,0.2095,0.6428571428571428
0.8378378378378386,0.018018018018018,0.0,0.0169454546070758,0.0,0.0,0.0,0.0
0.9459459459459438,0.084084084084084,0.0,0.0127089850435678,0.0,0.0,0.0,0.0
0.8918918918918948,0.019019019019019,0.0,0.0224528650396363,0.0,0.0,0.0,0.0
0.7567567567567579,0.018018018018018,0.0,0.0391869198154932,0.4980952380952381,0.2769145394006659,0.1677499999999999,0.3571428571428571
0.9459459459459438,0.1491491491491491,0.0,0.0148272198253218,0.0,0.0,0.0,0.0
0.4324324324324351,0.003003003003003,0.0,0.0423642719881242,0.3833333333333333,0.220865704772475,0.0925,0.2857142857142857
0.8648648648648631,0.034034034034034,0.0,0.0196385783085979,0.4883333333333333,0.2769145394006659,0.1676,0.3571428571428571
0.8648648648648631,0.054054054054054,0.0,0.0211819241705839,0.6688095238095237,0.3462819089900111,0.22125,0.3571428571428571
0.7567567567567579,0.0215215215215215,0.0,0.0084725154800597,0.4499999999999999,0.2769145394006659,0.1677499999999999,0.3571428571428571
0.7837837837837824,0.034034034034034,0.0,0.0148272198253218,0.4166666666666666,0.3321309655937847,0.2145,0.3571428571428571
0.8378378378378386,0.059059059059059,0.0,0.0529554458968944,0.5314285714285714,0.4389567147613762,0.3157999999999999,0.3571428571428571
0.9459459459459438,0.2467467467467468,0.0,0.0008468702657452,0.4,0.5504994450610433,0.375,0.3571428571428571
0.8108108108108141,0.0400399399399399,0.0,0.0423642719881242,0.557142857142857,0.3462819089900111,0.185,0.3571428571428571
0.9729729729729756,0.1041041041041041,0.0,0.0084725154800597,0.6064285714285713,0.3462819089900111,0.22125,0.5
0.9729729729729756,0.044044044044044,0.0,0.0105907502618137,0.4833333333333333,0.3326859045504994,0.2099999999999999,0.3571428571428571
1.0,0.1021021021021021,0.0,0.0004274597789579,0.0,0.0,0.0,0.0
0.7567567567567579,0.027027027027027,0.0,0.0360095676428621,0.0,0.0,0.0,0.0
0.8648648648648631,0.0413413413413413,0.0,0.0254183937340919,0.3814285714285714,0.3809655937846837,0.23425,0.5
0.8648648648648631,0.0475474474474474,0.0,0.0423642719881242,0.38,0.7000554938956715,0.1574999999999999,0.6428571428571428
0.3783783783783789,0.029029029029029,0.0,0.0789622852533578,0.3523809523809524,0.3601553829078801,0.2,0.5714285714285714
0.9729729729729756,0.1261261261261261,0.0,0.0084725154800597,0.4047619047619047,0.4414539400665926,0.30325,0.3571428571428571
0.9189189189189192,0.0355355355355355,0.0,0.0330440389484065,0.0,0.0,0.0,0.0
0.7297297297297334,0.0305305305305305,0.0,0.0508372111151403,0.0,0.0,0.0,0.0
0.7837837837837824,0.032032032032032,0.0,0.0211819241705839,0.5452380952380952,0.3462819089900111,0.185,0.3571428571428571
0.621621621621621,0.0042042042042042,0.0,0.0508372111151403,0.0,0.0,0.0,0.0
0.9189189189189192,0.049049049049049,0.0,0.0169454546070758,0.0,0.0,0.0,0.0
0.6756756756756772,0.0055055055055055,0.0,0.0466007415516323,0.4095238095238094,0.3873473917869034,0.13375,0.3571428571428571
0.6486486486486527,0.0215215215215215,0.0,0.0508372111151403,0.0,0.0,0.0,0.0
0.9459459459459438,0.026026026026026,0.0,0.0084725154800597,0.588095238095238,0.220865704772475,0.1182499999999999,0.3571428571428571
0.5405405405405403,0.006006006006006,0.0,0.0508372111151403,0.0,0.0,0.0,0.0
0.7567567567567579,0.021021021021021,0.0,0.0508372111151403,0.5476190476190476,0.3873473917869034,0.2249999999999999,0.3571428571428571
0.8378378378378386,0.0705705705705705,0.0,0.0991329641391323,0.0,0.0,0.0,0.0
0.8378378378378386,0.031031031031031,0.0,0.0063542806983056,0.4847619047619047,0.3321309655937847,0.19725,0.3571428571428571
0.8108108108108141,0.049049049049049,0.0,0.0491866825731976,0.6142857142857143,0.4156492785793563,0.2465,0.3571428571428571
0.9459459459459438,0.0805805805805806,0.0,0.0177927485197774,0.0,0.0,0.0,0.0
0.9729729729729756,0.054054054054054,0.0,0.0042360459165516,0.4499999999999999,0.3321309655937847,0.20465,0.3571428571428571
0.6756756756756772,0.0112112112112112,0.0,0.0254183937340919,0.3047619047619048,0.5535516093229745,0.13,0.3571428571428571
0.8918918918918948,0.0252252252252252,0.0,0.0211819241705839,0.5414285714285714,0.220865704772475,0.1182499999999999,0.3571428571428571
0.9459459459459438,0.066066066066066,0.0,0.0393987432936686,0.6523809523809523,0.4156492785793563,0.246575,0.3571428571428571
0.8108108108108141,0.017017017017017,0.0,0.0254183937340919,0.5023809523809524,0.2258601553829078,0.138,0.3571428571428571
0.7837837837837824,0.027027027027027,0.0,0.0296548632976,0.4428571428571429,0.3321309655937847,0.2145,0.3571428571428571
0.8378378378378386,0.1956955955955956,0.0,0.0118616911308661,0.0,0.0,0.0,0.0
0.9189189189189192,0.079079079079079,0.0,0.0296548632976,0.6071428571428571,0.4156492785793563,0.2465,0.3571428571428571
0.8648648648648631,0.0425424424424424,0.0,0.0105907502618137,0.4964285714285714,0.3321309655937847,0.2078499999999999,0.3571428571428571
0.7027027027027017,0.014014014014014,0.0,0.0508372111151403,0.0,0.0,0.0,0.0
0.8108108108108141,0.018018018018018,0.0,0.0508372111151403,0.530952380952381,0.3462819089900111,0.185,0.3571428571428571
0.7567567567567579,0.0415415415415415,0.0,0.0508372111151403,0.4602380952380951,0.5460599334073252,0.34525,0.3571428571428571
0.9189189189189192,0.2392392392392393,0.0,0.0127089850435678,0.0,0.0,0.0,0.0
0.8378378378378386,0.0220219219219219,0.0,0.027536628515846,0.0,0.0,0.0,0.0
0.7837837837837824,0.039039039039039,0.0,0.0423642719881242,0.4595238095238095,0.3462819089900111,0.18475,0.3571428571428571
0.7837837837837824,0.0570570570570571,0.0,0.0296548632976,0.0,0.0,0.0,0.0
0.8648648648648631,0.0325325325325325,0.0,0.0508372111151403,0.4883333333333333,0.2769145394006659,0.1676,0.3571428571428571
0.9459459459459438,0.049049049049049,0.0,0.0127089850435678,0.0,0.0,0.0,0.0
0.7297297297297334,0.035035035035035,0.0,0.0677830893691726,0.0,0.0,0.0,0.0
0.8378378378378386,0.0125125125125125,0.0952249779809489,0.0069897511328319,0.0,0.0,0.0,0.0
0.8108108108108141,0.084084084084084,0.0,0.0847289676232049,0.2661904761904761,0.7480577136514983,0.46,0.5
0.9189189189189192,0.0870870870870871,0.0,0.0271129815594952,0.0,0.0,0.0,0.0
0.7297297297297334,0.024024024024024,0.0,0.0423642719881242,0.4166666666666666,0.5260821309655938,0.265,0.3571428571428571
0.9189189189189192,0.051051051051051,0.0,0.0044521058642905,0.0,0.0,0.0,0.0
0.8918918918918948,0.0635635635635635,0.0,0.0046596928729024,0.3404761904761905,0.4433962264150943,0.25875,0.3571428571428571
0.8378378378378386,0.0385385385385385,0.0,0.0220292180832855,0.0,0.0,0.0,0.0
0.8108108108108141,0.0325325325325325,0.0,0.0338913328611081,0.0,0.0,0.0,0.0
0.9459459459459438,0.079079079079079,0.0,0.0157427208979959,0.0,0.0,0.0,0.0
0.8378378378378386,0.061061061061061,0.0,0.0338913328611081,0.0,0.0,0.0,0.0
0.8648648648648631,0.029029029029029,0.0,0.0148272198253218,0.0,0.0,0.0,0.0
0.8108108108108141,0.1416416416416416,0.0,0.0249947467777412,0.0,0.0,0.0,0.0
0.9189189189189192,0.1141141141141141,0.0,0.0184392337751688,0.3809523809523809,0.6046059933407325,0.35,0.5
0.7837837837837824,0.0255255255255255,0.0,0.0552329719342363,0.5523809523809523,0.3462819089900111,0.1848499999999999,0.3571428571428571
0.8918918918918948,0.039039039039039,0.0,0.0593101502421565,0.3338095238095238,0.6046059933407325,0.29575,0.5
0.9189189189189192,0.036036036036036,0.0,0.0338913328611081,0.0,0.0,0.0,0.0
0.9459459459459438,0.0325325325325325,0.0,0.0127089850435678,0.5992857142857143,0.2216981132075471,0.1332499999999999,0.3571428571428571
0.8918918918918948,0.1991991991991992,0.0,0.0288452739640137,0.4561904761904761,0.6920088790233074,0.39425,0.3571428571428571
0.8918918918918948,0.041041041041041,0.0,0.0188264470932734,0.0,0.0,0.0,0.0
0.6756756756756772,0.034034034034034,0.0,0.0593101502421565,0.0,0.0,0.0,0.0
0.7567567567567579,0.029029029029029,0.0,0.0338913328611081,0.4761904761904761,0.3881798002219755,0.17,0.3571428571428571
0.9459459459459438,0.049049049049049,0.0,0.0211819241705839,0.588095238095238,0.2905105438401776,0.1725,0.3571428571428571
0.6756756756756772,0.0820820820820821,0.0,0.0254183937340919,0.2619047619047618,0.8304661487236404,0.5875,0.3571428571428571
0.7567567567567579,0.0217217217217217,0.0,0.0312816676099871,0.3580952380952381,0.4433962264150943,0.259,0.3571428571428571
0.7837837837837824,0.024024024024024,0.0,0.0381278024246162,0.4980952380952381,0.2769145394006659,0.1677499999999999,0.3571428571428571
0.7027027027027017,0.0115115115115115,0.0,0.0254183937340919,0.469047619047619,0.220865704772475,0.11575,0.3571428571428571
0.9459459459459438,0.074074074074074,0.0,0.0169454546070758,0.5976190476190476,0.3462819089900111,0.22125,0.3571428571428571
0.6756756756756772,0.004004004004004,0.0,0.0508372111151403,0.4166666666666666,0.3873473917869034,0.175,0.3571428571428571
0.6756756756756772,0.01001001001001,0.0,0.0206210156003754,0.469047619047619,0.220865704772475,0.0875,0.5714285714285714
0.8918918918918948,0.054054054054054,0.0,0.0190636893888299,0.5095238095238095,0.3321309655937847,0.20775,0.3571428571428571
0.5945945945945965,0.013013013013013,0.0,0.0338913328611081,0.0,0.0,0.0,0.0
0.9459459459459438,0.056056056056056,0.0,0.0084725154800597,0.4499999999999999,0.3321309655937847,0.20465,0.3571428571428571
0.9729729729729756,0.099099099099099,0.0,0.0063542806983056,0.0,0.0,0.0,0.0
0.9729729729729756,0.0967967967967968,0.0,0.0127089850435678,0.4119047619047619,0.4153718091009989,0.3025,0.5714285714285714
0.8648648648648631,0.042042042042042,0.0,0.0847289676232049,0.0,0.0,0.0,0.0
0.9459459459459438,0.0520520520520521,0.0,0.027536628515846,0.4528571428571428,0.332408435072142,0.167625,0.5
0.7567567567567579,0.011011011011011,0.0,0.0084725154800597,0.0,0.0,0.0,0.0
0.5135135135135158,0.0046046046046046,0.0,0.0254183937340919,0.0,0.0,0.0,0.0
0.9729729729729756,0.0415415415415415,0.0,0.0063542806983056,0.0,0.0,0.0,0.0
0.8378378378378386,0.1866866866866867,0.9925478864333112,0.0330440389484065,0.0,0.0,0.0,0.0
0.7297297297297334,0.009009009009009,0.0,0.0508372111151403,0.0,0.0,0.0,0.0
0.9189189189189192,0.064064064064064,0.0,0.0068626570459266,0.5785714285714285,0.3462819089900111,0.22125,0.3571428571428571
0.8378378378378386,0.034034034034034,0.0,0.0423642719881242,0.5714285714285714,0.3107658157602663,0.175,0.3571428571428571
0.567567567567572,0.008008008008008,0.0,0.042366390222906,0.0,0.0,0.0,0.0
0.9189189189189192,0.0355355355355355,0.0,0.0330440389484065,0.0,0.0,0.0,0.0
0.7837837837837824,0.0670670670670671,0.0,0.0393987432936686,0.3595238095238094,0.6046059933407325,0.35,0.5
0.8378378378378386,0.055055055055055,0.0,0.0381278024246162,0.4945238095238095,0.3462819089900111,0.2219999999999999,0.5
0.7837837837837824,0.032032032032032,0.0,0.0169454546070758,0.5476190476190476,0.3873473917869034,0.2249999999999999,0.3571428571428571
0.6756756756756772,0.039039039039039,0.0,0.0148272198253218,0.0,0.0,0.0,0.0
0.9189189189189192,0.079079079079079,0.0,0.0254183937340919,0.394047619047619,0.693118756936737,0.2625,0.4285714285714285
0.9729729729729756,0.064064064064064,0.0,0.0023808958946914,0.5238095238095237,0.3321309655937847,0.2045,0.3571428571428571
0.7297297297297334,0.029029029029029,0.0,0.0254183937340919,0.5102380952380952,0.3784683684794672,0.2179999999999999,0.3571428571428571
0.9189189189189192,0.099099099099099,0.0,0.0254183937340919,0.0,0.0,0.0,0.0
0.9189189189189192,0.021021021021021,0.0,0.0169454546070758,0.0,0.0,0.0,0.0
0.7567567567567579,0.0255255255255255,0.0,0.0254183937340919,0.4595238095238095,0.3462819089900111,0.18475,0.3571428571428571
0.8378378378378386,0.049049049049049,0.0,0.0326203919920556,0.6761904761904761,0.3462819089900111,0.185,0.3571428571428571
0.8378378378378386,0.049049049049049,0.0,0.0508372111151403,0.0,0.0,0.0,0.0
0.8918918918918948,0.049049049049049,0.0,0.0127089850435678,0.65,0.4156492785793563,0.2465,0.3571428571428571
0.7567567567567579,0.0445445445445445,0.0,0.0381278024246162,0.3238095238095237,0.7000554938956715,0.1574999999999999,0.5
0.8648648648648631,0.0515515515515515,0.0,0.1050640215280436,0.5904761904761905,0.3873473917869034,0.22175,0.3571428571428571
0.5945945945945965,0.009009009009009,0.0,0.0508372111151403,0.0,0.0,0.0,0.0
0.8108108108108141,0.0401401401401401,0.0,0.0262656876467936,0.5238095238095237,0.3321309655937847,0.2045,0.3571428571428571
0.8108108108108141,0.0465465465465465,0.0,0.0327474860789609,0.5033333333333333,0.4156492785793563,0.2588,0.3571428571428571
0.7567567567567579,0.017017017017017,0.0,0.0923546128375194,0.5,0.4053829078801332,0.16025,0.3571428571428571
0.8918918918918948,0.064064064064064,0.0,0.0042360459165516,0.5366666666666666,0.3873473917869034,0.221825,0.3571428571428571
0.7837837837837824,0.039039039039039,0.0,0.0247405586039307,0.4595238095238095,0.3462819089900111,0.18475,0.3571428571428571
0.8918918918918948,0.0565565565565565,0.0,0.0224528650396363,0.5366666666666666,0.3873473917869034,0.221825,0.3571428571428571
0.9189189189189192,0.029029029029029,0.0,0.00338875200385,0.5023809523809524,0.2258601553829078,0.138,0.3571428571428571
0.9459459459459438,0.042042042042042,0.0,0.0070274557119471,0.4883333333333333,0.2769145394006659,0.1676,0.3571428571428571
0.8108108108108141,0.0400399399399399,0.0,0.0381278024246162,0.5616666666666666,0.3784683684794672,0.1676,0.3571428571428571
0.8378378378378386,0.037037037037037,0.0,0.0296548632976,0.557142857142857,0.3462819089900111,0.185,0.3571428571428571
0.8918918918918948,0.1991991991991992,0.0,0.0288452739640137,0.4561904761904761,0.6920088790233074,0.39425,0.3571428571428571
0.9189189189189192,0.069069069069069,0.0,0.0254183937340919,0.5421428571428571,0.4156492785793563,0.246475,0.3571428571428571
0.9729729729729756,0.0515515515515515,0.0,0.0067779276546565,0.0,0.0,0.0,0.0
0.7297297297297334,0.0132132132132132,0.0,0.0208430066055033,0.4716666666666666,0.3013318534961154,0.1701249999999999,0.3571428571428571
0.6486486486486527,0.0002002002002002,0.0160085608635277,0.0224528650396363,0.0,0.0,0.0,0.0
0.3513513513513544,0.0032032032032032,0.0,0.0296548632976,0.3833333333333333,0.220865704772475,0.0925,0.2857142857142857
0.9189189189189192,0.059059059059059,0.0,0.0197021253520505,0.0,0.0,0.0,0.0
0.8918918918918948,0.051051051051051,0.0,0.0173691015634266,0.0,0.0,0.0,0.0
0.7837837837837824,0.009009009009009,0.0,0.0127089850435678,0.3833333333333333,0.220865704772475,0.0925,0.2857142857142857
0.9459459459459438,0.0265265265265265,0.0,0.0084725154800597,0.5476190476190476,0.2771920088790233,0.1674999999999999,0.3571428571428571
0.567567567567572,0.0095095095095095,0.0,0.040669684162721,0.469047619047619,0.220865704772475,0.11575,0.3571428571428571
0.7567567567567579,0.0119119119119119,0.0,0.0338913328611081,0.5023809523809524,0.2258601553829078,0.138,0.3571428571428571
0.8648648648648631,0.039039039039039,0.1600883687795663,0.0169551984870719,0.0,0.0,0.0,0.0
0.8918918918918948,0.044044044044044,0.0,0.0063542806983056,0.4321428571428571,0.332408435072142,0.205,0.4285714285714285
0.9729729729729756,0.3793793793793794,0.0,0.0084725154800597,0.4285714285714285,0.5463374028856826,0.475,0.3571428571428571
0.8108108108108141,0.036036036036036,0.0,0.0338913328611081,0.5214285714285714,0.3873473917869034,0.2219,0.3571428571428571
0.8108108108108141,0.032032032032032,0.0,0.0576155624167533,0.38,0.7000554938956715,0.15525,0.5
0.7567567567567579,0.039039039039039,0.0,0.0508372111151403,0.0,0.0,0.0,0.0
0.8918918918918948,0.03003003003003,0.0,0.0105907502618137,0.5023809523809524,0.2258601553829078,0.138,0.3571428571428571
0.7837837837837824,0.089089089089089,0.0,0.0457534476389307,0.4147619047619048,0.5460599334073252,0.4375,0.3571428571428571
0.7297297297297334,0.013013013013013,0.0,0.0254183937340919,0.4285714285714285,0.2760821309655938,0.155,0.3571428571428571
0.9729729729729756,0.0650650650650651,0.0,0.0148272198253218,0.5464285714285714,0.3462819089900111,0.185,0.3571428571428571
0.6486486486486527,0.0113113113113113,0.0,0.0211819241705839,0.0,0.0,0.0,0.0
0.9189189189189192,0.0725725725725726,0.0,0.0296548632976,0.3928571428571428,0.4142619311875694,0.175,0.5
0.8918918918918948,0.094094094094094,0.0,0.0381278024246162,0.0,0.0,0.0,0.0
0.8918918918918948,0.039039039039039,0.0,0.0148272198253218,0.6028571428571429,0.332408435072142,0.1925,0.4285714285714285
0.7567567567567579,0.029029029029029,0.0,0.0271129815594952,0.0,0.0,0.0,0.0
0.7567567567567579,0.025025025025025,0.0,0.0413898839885173,0.0,0.0,0.0,0.0
0.9459459459459438,0.035035035035035,0.0,0.0112262206963399,0.0,0.0,0.0,0.0
0.4594594594594596,0.007007007007007,0.0,0.0296548632976,0.3833333333333333,0.220865704772475,0.0925,0.2857142857142857
0.7297297297297334,0.026026026026026,0.0,0.0783742632779428,0.3523809523809524,0.6933962264150944,0.2,0.5
0.8648648648648631,0.0605605605605605,0.0,0.0305021572103016,0.5366666666666666,0.3873473917869034,0.221825,0.3571428571428571
0.8918918918918948,0.021021021021021,0.0,0.0148272198253218,0.4,0.220865704772475,0.0855,0.5714285714285714
0.8648648648648631,0.0225225225225225,0.0,0.0084725154800597,0.5414285714285714,0.220865704772475,0.1182499999999999,0.3571428571428571
0.8108108108108141,0.026026026026026,0.0,0.0338913328611081,0.7742857142857144,0.2769145394006659,0.1458249999999999,0.3571428571428571
0.9729729729729756,0.079079079079079,0.0,0.0063542806983056,0.0,0.0,0.0,0.0
0.8648648648648631,0.0493493493493493,0.0,0.0466007415516323,0.3357142857142857,0.6046059933407325,0.36985,0.5
0.8918918918918948,0.2272272272272272,0.0,0.0508372111151403,0.2597619047619047,0.8873473917869035,0.4925,0.5
0.8918918918918948,0.066066066066066,0.0,0.0030091643309597,0.0,0.0,0.0,0.0
0.7837837837837824,0.005005005005005,0.0,0.0190636893888299,0.6047619047619047,0.1731409544950055,0.0949999999999999,0.2857142857142857
0.9189189189189192,0.0810809809809809,0.0,0.0127089850435678,0.4166666666666666,0.3326859045504994,0.22175,0.3571428571428571
0.8648648648648631,0.064064064064064,0.0,0.0211819241705839,0.3559523809523809,0.6906215316315205,0.23425,0.6428571428571428
0.9459459459459438,0.0965965965965965,0.0,0.0152508667816726,0.6688095238095237,0.3462819089900111,0.22125,0.3571428571428571
0.8918918918918948,0.053053053053053,0.0,0.0169454546070758,0.5238095238095237,0.4156492785793563,0.2712375,0.3571428571428571
0.8108108108108141,0.035035035035035,0.0,0.0296548632976,0.557142857142857,0.3462819089900111,0.185,0.3571428571428571
0.6486486486486527,0.019019019019019,0.0,0.0338913328611081,0.0,0.0,0.0,0.0
0.7027027027027017,0.013013013013013,0.0,0.0423642719881242,0.0,0.0,0.0,0.0
0.7297297297297334,0.0089089089089089,0.0,0.0338913328611081,0.0,0.0,0.0,0.0
0.8378378378378386,0.015015015015015,0.0,0.0381278024246162,0.5952380952380952,0.3873473917869034,0.1725,0.3571428571428571
0.9729729729729756,0.0650650650650651,0.0,0.0029651050474992,0.0,0.0,0.0,0.0
0.9729729729729756,0.076976976976977,0.0,0.0029786617501024,0.4523809523809523,0.3326859045504994,0.2219,0.3571428571428571
0.8378378378378386,0.074074074074074,0.0,0.0211819241705839,0.3595238095238094,0.6046059933407325,0.35,0.5
0.6756756756756772,0.0085085085085085,0.0,0.0296548632976,0.469047619047619,0.220865704772475,0.11575,0.3571428571428571
0.7837837837837824,0.1741741741741742,0.0,0.0491392341140863,0.0,0.0,0.0,0.0
0.9189189189189192,0.0675675675675676,0.0,0.0305021572103016,0.0,0.0,0.0,0.0
0.9729729729729756,0.4494494494494495,0.0,0.0088961624364105,0.3054761904761904,0.554661487236404,0.370775,0.5
0.9729729729729756,0.5395395395395396,0.0,0.0031769285256746,0.3995238095238095,0.5535516093229745,0.475,0.3571428571428571
0.5945945945945965,0.009009009009009,0.0,0.0508372111151403,0.3095238095238095,0.4142619311875694,0.25,0.3571428571428571
0.8918918918918948,0.054054054054054,0.0,0.023933087505126,0.4333333333333333,0.3326859045504994,0.22175,0.3571428571428571
1.0,0.0255255255255255,0.0,0.0296548632976,0.5188095238095237,0.2769145394006659,0.167625,0.3571428571428571
0.9459459459459438,0.2992992992992993,0.0,0.0084725154800597,0.4852380952380952,0.5460599334073252,0.3575,0.3571428571428571
0.6486486486486527,0.0108108108108108,0.0,0.0466007415516323,0.469047619047619,0.220865704772475,0.11575,0.3571428571428571
0.9189189189189192,0.3193193193193193,0.0,0.0190636893888299,0.4602380952380951,0.554661487236404,0.4425,0.3571428571428571
0.8108108108108141,0.168168068068068,0.0,0.0211819241705839,0.4411904761904762,0.5460599334073252,0.46935,0.3571428571428571
1.0,0.1041041041041041,0.0,0.0042360459165516,0.0,0.0,0.0,0.0
0.6486486486486527,0.015015015015015,0.0,0.0508372111151403,0.0,0.0,0.0,0.0
0.9729729729729756,0.076976976976977,0.0,0.0029786617501024,0.4523809523809523,0.3326859045504994,0.2219,0.3571428571428571
0.9729729729729756,0.059059059059059,0.0,0.0338913328611081,0.0,0.0,0.0,0.0
0.8378378378378386,0.054054054054054,0.0,0.0211819241705839,0.4945238095238095,0.3462819089900111,0.2219,0.5
0.7027027027027017,0.0255255255255255,0.0,0.0508372111151403,0.0,0.0,0.0,0.0
0.8918918918918948,0.054054054054054,0.0,0.0105907502618137,0.0,0.0,0.0,0.0
0.9189189189189192,0.059059059059059,0.0,0.0224528650396363,0.0,0.0,0.0,0.0
0.9729729729729756,0.064064064064064,0.0,0.0023808958946914,0.5238095238095237,0.3321309655937847,0.2045,0.3571428571428571
0.9459459459459438,0.0520520520520521,0.0,0.0254183937340919,0.6047619047619047,0.3290788013318535,0.184925,0.3571428571428571
0.8108108108108141,0.016016016016016,0.0,0.0148272198253218,0.0,0.0,0.0,0.0
0.9459459459459438,0.0645645645645646,0.0,0.0105907502618137,0.0,0.0,0.0,0.0
0.8648648648648631,0.0493493493493493,0.0,0.0466007415516323,0.3357142857142857,0.6046059933407325,0.36985,0.5
0.7567567567567579,0.044044044044044,0.0,0.0423642719881242,0.3238095238095237,0.7000554938956715,0.1574999999999999,0.5
0.8648648648648631,0.0470470470470471,0.0,0.0127089850435678,0.633095238095238,0.3462819089900111,0.185,0.3571428571428571
0.9189189189189192,0.094094094094094,0.0,0.0101671033054629,0.0,0.0,0.0,0.0
0.7297297297297334,0.0078078078078078,0.0,0.0339976682471521,0.0,0.0,0.0,0.0
0.9189189189189192,0.0930930930930931,0.0,0.0245287351257553,0.5214285714285714,0.4156492785793563,0.2465,0.5
0.8648648648648631,0.054054054054054,0.0,0.0211819241705839,0.4964285714285714,0.3321309655937847,0.2078499999999999,0.3571428571428571
0.9459459459459438,0.061061061061061,0.0,0.0063542806983056,0.4973809523809523,0.3321309655937847,0.2045,0.3571428571428571
0.8648648648648631,0.0289289289289289,0.0,0.0069897511328319,0.4183333333333333,0.3310210876803551,0.22175,0.3571428571428571
0.7567567567567579,0.013013013013013,0.0,0.0254183937340919,0.0,0.0,0.0,0.0
0.8378378378378386,0.019019019019019,0.0,0.0423642719881242,0.0,0.0,0.0,0.0
0.9189189189189192,0.084084084084084,0.0,0.0322556319626377,0.5476190476190476,0.4156492785793563,0.2473999999999999,0.3571428571428571
0.9729729729729756,0.094094094094094,0.0,0.0067923316511724,0.5166666666666666,0.4156492785793563,0.2473999999999999,0.3571428571428571
0.6756756756756772,0.069069069069069,0.0,0.1101477850042533,0.3047619047619048,0.6920088790233074,0.255,0.5714285714285714
0.8918918918918948,0.025025025025025,0.0,0.0190636893888299,0.0,0.0,0.0,0.0
0.7567567567567579,0.039039039039039,0.0,0.0254183937340919,0.3857142857142857,0.4436736958934517,0.258,0.3571428571428571
0.7567567567567579,0.1066066066066066,0.0,0.0677830893691726,0.0,0.0,0.0,0.0
0.9729729729729756,0.3249249249249249,0.0,0.0072015746110072,0.0,0.0,0.0,0.0
0.9189189189189192,0.054054054054054,0.0,0.0160981606943742,0.0,0.0,0.0,0.0
0.9189189189189192,0.0615615615615615,0.0,0.0305021572103016,0.3316666666666666,0.6046059933407325,0.345075,0.5
0.7297297297297334,0.014014014014014,0.0,0.0953201415319751,0.3333333333333333,0.5405105438401776,0.2249999999999999,0.6428571428571428
0.8378378378378386,0.0470470470470471,0.0,0.0296548632976,0.3583333333333333,0.6046059933407325,0.36975,0.5
0.8918918918918948,0.0670670670670671,0.0,0.0423642719881242,0.5366666666666666,0.3873473917869034,0.221825,0.3571428571428571
0.8918918918918948,0.054054054054054,0.0,0.0508372111151403,0.38,0.7000554938956715,0.15525,0.5
0.5945945945945965,0.009009009009009,0.0,0.0127089850435678,0.0,0.0,0.0,0.0
1.0,0.024124024024024,0.0,0.0127089850435678,0.525,0.220865704772475,0.1182499999999999,0.3571428571428571
0.9459459459459438,0.3193193193193193,0.0,0.0211819241705839,0.339047619047619,0.7644284128745839,0.43625,0.5
0.7027027027027017,0.049049049049049,0.0,0.0338913328611081,0.3316666666666666,0.6046059933407325,0.345,0.5
0.9729729729729756,0.0315315315315315,0.0,0.0062271866114004,0.5992857142857143,0.2216981132075471,0.1332499999999999,0.3571428571428571
0.8108108108108141,0.024024024024024,0.0,0.0169454546070758,0.0,0.0,0.0,0.0
0.8378378378378386,0.029029029029029,0.0,0.0042360459165516,0.4883333333333333,0.2769145394006659,0.1676,0.3571428571428571
0.567567567567572,0.006006006006006,0.0,0.0381278024246162,0.0,0.0,0.0,0.0
0.7027027027027017,0.0165165165165165,0.0,0.0338913328611081,0.0,0.0,0.0,0.0
0.9189189189189192,0.1541541541541541,0.0,0.0370686850337391,0.4071428571428571,0.5427302996670367,0.425,0.3571428571428571
0.9459459459459438,0.0880880880880881,0.0,0.0233001589523379,0.4402380952380951,0.4142619311875694,0.25,0.5
0.6756756756756772,0.012012012012012,0.0,0.0508372111151403,0.0,0.0,0.0,0.0
0.9189189189189192,0.024024024024024,0.0,0.0127089850435678,0.0,0.0,0.0,0.0
0.3783783783783789,0.014014014014014,0.0,0.0508372111151403,0.0,0.0,0.0,0.0
0.9189189189189192,0.3193193193193193,0.0,0.0190636893888299,0.4602380952380951,0.554661487236404,0.4425,0.3571428571428571
0.8648648648648631,0.029029029029029,0.0,0.0282801289242417,0.0,0.0,0.0,0.0
0.7297297297297334,0.0115115115115115,0.0,0.0508372111151403,0.4047619047619047,0.3898446170921198,0.1775,0.3571428571428571
0.8378378378378386,0.074074074074074,0.0,0.0296548632976,0.3595238095238094,0.6046059933407325,0.35,0.5
0.9459459459459438,0.094094094094094,0.0,0.0117007052874528,0.0,0.0,0.0,0.0
0.9729729729729756,0.029029029029029,0.0,0.0508372111151403,0.0,0.0,0.0,0.0
0.7297297297297334,0.0215215215215215,0.0,0.0338913328611081,0.3333333333333333,0.4425638179800222,0.255,0.3571428571428571
0.3783783783783789,0.0047047047047047,0.0,0.0466007415516323,0.0,0.0,0.0,0.0
0.8108108108108141,0.054054054054054,0.0,0.0508372111151403,0.4945238095238095,0.3462819089900111,0.2219,0.5
0.6486486486486527,0.029029029029029,0.0,0.0508372111151403,0.3238095238095237,0.7000554938956715,0.1574999999999999,0.5
0.9189189189189192,0.028028028028028,0.0,0.0118616911308661,0.5992857142857143,0.2216981132075471,0.1332499999999999,0.3571428571428571
0.8378378378378386,0.074074074074074,0.0,0.0254183937340919,0.3595238095238094,0.6046059933407325,0.35,0.5
0.6756756756756772,0.029029029029029,0.0,0.0508372111151403,0.0,0.0,0.0,0.0
0.8918918918918948,0.0305305305305305,0.0,0.0254183937340919,0.5478571428571428,0.2771920088790233,0.1674999999999999,0.3571428571428571
0.5945945945945965,0.012012012012012,0.0,0.0508372111151403,0.3833333333333333,0.3601553829078801,0.2205,0.3571428571428571
0.5945945945945965,0.0115115115115115,0.0,0.0296548632976,0.469047619047619,0.220865704772475,0.11575,0.3571428571428571
0.7297297297297334,0.023023023023023,0.0,0.0254183937340919,0.4166666666666666,0.3601553829078801,0.2145,0.3571428571428571
0.8648648648648631,0.0365365365365365,0.0,0.0233001589523379,0.0,0.0,0.0,0.0
0.9729729729729756,0.1091091091091091,0.0,0.0169454546070758,0.0,0.0,0.0,0.0
0.8648648648648631,0.039039039039039,0.0,0.0254183937340919,0.55,0.2769145394006659,0.1676,0.3571428571428571
0.9459459459459438,0.041041041041041,0.0,0.0101671033054629,0.0,0.0,0.0,0.0
0.8918918918918948,0.069069069069069,0.0,0.0148272198253218,0.0,0.0,0.0,0.0
0.9189189189189192,0.0700700700700701,0.0,0.0296548632976,0.38,0.7000554938956715,0.15525,0.5
0.6486486486486527,0.0145145145145145,0.0,0.027536628515846,0.0,0.0,0.0,0.0
0.8918918918918948,0.0570570570570571,0.0,0.0135562789562694,0.0,0.0,0.0,0.0
0.7567567567567579,0.024024024024024,0.0,0.0338913328611081,0.0,0.0,0.0,0.0
0.9189189189189192,0.1241241241241241,0.0,0.0139799259126202,0.6095238095238096,0.4156492785793563,0.24475,0.3571428571428571
0.8918918918918948,0.0810809809809809,0.0,0.016521807650725,0.4683333333333333,0.4389567147613762,0.3155,0.3571428571428571
0.8108108108108141,0.079079079079079,0.0,0.0423642719881242,0.3092857142857143,0.6920088790233074,0.2515,0.5714285714285714
0.9729729729729756,0.079079079079079,0.0,0.0042360459165516,0.4657142857142856,0.3321309655937847,0.2045,0.3571428571428571
0.8918918918918948,0.06006006006006,0.0,0.0423642719881242,0.0,0.0,0.0,0.0
0.7567567567567579,0.028028028028028,0.0,0.0254183937340919,0.0,0.0,0.0,0.0
0.7297297297297334,0.0095095095095095,0.0,0.0508372111151403,0.4285714285714285,0.3462819089900111,0.1875,0.3571428571428571
0.8648648648648631,0.0305305305305305,0.0,0.0122853380872169,0.5702380952380952,0.2769145394006659,0.167625,0.3571428571428571
0.8918918918918948,0.099099099099099,0.0,0.0211819241705839,0.6190476190476191,0.4156492785793563,0.2465,0.3571428571428571
0.9189189189189192,0.027027027027027,0.0,0.0131326319999185,0.5023809523809524,0.2258601553829078,0.138,0.3571428571428571
0.9459459459459438,0.0615615615615615,0.0,0.0290015996909071,0.0,0.0,0.0,0.0
0.7297297297297334,0.037037037037037,0.0,0.0826107328414509,0.0,0.0,0.0,0.0
0.8108108108108141,0.0405405405405405,0.0,0.0436335182693513,0.557142857142857,0.3462819089900111,0.185,0.3571428571428571
0.7297297297297334,0.0400399399399399,0.0,0.0254183937340919,0.0,0.0,0.0,0.0
0.9729729729729756,0.0825825825825826,0.0,0.0042360459165516,0.3533333333333333,0.4433962264150943,0.258,0.3571428571428571
0.8108108108108141,0.054054054054054,0.0,0.0381278024246162,0.38,0.7000554938956715,0.15525,0.5
0.7837837837837824,0.032032032032032,0.0,0.0211819241705839,0.4428571428571429,0.3321309655937847,0.2145,0.3571428571428571
0.621621621621621,0.01001001001001,0.0,0.0508372111151403,0.0,0.0,0.0,0.0
0.7837837837837824,0.0275275275275275,0.0,0.0754087345834871,0.530952380952381,0.3462819089900111,0.185,0.3571428571428571
0.8918918918918948,0.074074074074074,0.0,0.0338913328611081,0.0,0.0,0.0,0.0
0.9729729729729756,0.5145145145145146,0.0,0.0084725154800597,0.5326190476190477,0.6900665926748057,0.5364,0.3571428571428571
0.7027027027027017,0.011011011011011,0.0,0.0296548632976,0.3142857142857142,0.4148168701442841,0.235,0.3571428571428571
0.9459459459459438,0.0173173173173173,0.0,0.0169454546070758,0.0,0.0,0.0,0.0
0.8648648648648631,0.099099099099099,0.0,0.0211819241705839,0.4683333333333333,0.4389567147613762,0.3155,0.3571428571428571
0.7027027027027017,0.041041041041041,0.0,0.1470427747858887,0.0,0.0,0.0,0.0
0.9459459459459438,0.059059059059059,0.0,0.0295612373202465,0.5238095238095237,0.3321309655937847,0.2045,0.3571428571428571
0.8918918918918948,0.056056056056056,0.0,0.0614283850239105,0.5616666666666666,0.3784683684794672,0.167625,0.3571428571428571
0.621621621621621,0.008008008008008,0.0,0.0169454546070758,0.0,0.0,0.0,0.0
0.7027027027027017,0.033033033033033,0.0,0.0906600250121162,0.3309523809523809,0.4436736958934517,0.258,0.3571428571428571
0.7837837837837824,0.033033033033033,0.0,0.0466007415516323,0.38,0.7000554938956715,0.1574999999999999,0.6428571428571428
